date,title,source
2025-01-02,Police report reveals value of jewelry stolen from Luka Doncic's home amid nationwide athlete burglaries - CBS News,CBS News
2025-01-02,Will Luka Doncic play tonight against the Houston Rockets tonight? Latest update on the Dallas Mavericks - The Times of India,The Times of India
2025-01-02,"Luka Doncic’s Takedown Sneaker, The Jordan Luka .77, Debuts Summer 2025 - Sole Retriever",Sole Retriever
2025-01-02,"Cavaliers 134-122 Mavericks (Jan 3, 2025) Game Recap - ESPN",ESPN
2025-01-02,"After 100 games, Victor Wembanyama's numbers are simply staggering - NBA.com",NBA.com
2025-01-02,Rockets beat the Mavericks 110-99 to snap a 2-game skid - Spectrum News,Spectrum News
2025-01-02,"Predicting NBA's next five years: Champions, MVPs, breakout players, trades, expansion, more for 2025-2029 - CBS Sports",CBS Sports
2025-01-02,Mavericks' Kyrie Irving out against NBA-leading Cavaliers with illness - Sportsnet.ca,Sportsnet.ca
2025-01-02,"LeBron James, Stephen Curry 3rd at positions in NBA All-Star voting - ESPN",ESPN
2025-01-02,Athletes are forced to play defense as burglars score big inside their homes - ESPN,ESPN
2025-01-03,"Cavaliers 134-122 Mavericks (Jan 3, 2025) Game Recap - ESPN",ESPN
2025-01-03,"After 100 games, Victor Wembanyama's numbers are simply staggering - NBA.com",NBA.com
2025-01-03,"'It's our time': Montana State hall of famer, Dallas Mavericks general manager Nico Harrison - MontanaSports.com",MontanaSports.com
2025-01-03,Mavericks' Kyrie Irving out against NBA-leading Cavaliers with illness - Sportsnet.ca,Sportsnet.ca
2025-01-03,Happy birthday Wemby! | How the Spurs center compares to other NBA greats at age 21 - kens5.com,kens5.com
2025-01-03,Athletes are forced to play defense as burglars score big inside their homes - ESPN,ESPN
2025-01-04,"'It's our time': Montana State hall of famer, Dallas Mavericks general manager Nico Harrison - MontanaSports.com",MontanaSports.com
2025-01-04,"Victor Wembanyama after 100 games: Set to turn 21, his numbers are staggering - Spectrum News",Spectrum News
2025-01-04,Happy birthday Wemby! | How the Spurs center compares to other NBA greats at age 21 - kens5.com,kens5.com
2025-01-05,"Kyrie Irving out 1-2 weeks, possibly longer, with bulging back disc - NBC 5 Dallas-Fort Worth",NBC 5 Dallas-Fort Worth
2025-01-05,Sources: Mavericks' Kyrie Irving (back) out at least 1-2 weeks - ESPN,ESPN
2025-01-05,"FBI issues warning to NFL, NBA about organized crime groups targeting pro athletes - Texas Public Radio | TPR",Texas Public Radio | TPR
2025-01-05,"Dallas Mavericks vs Memphis Grizzlies Jan 6, 2025 Game Summary - NBA.com",NBA.com
2025-01-06,"LeBron James, Lakers Ripped By NBA Fans for Loss vs. Mavs with Luka Dončić, Kyrie Out - Bleacher Report",Bleacher Report
2025-01-06,Are Youth Sports Too Stressful to Be Fun Anymore? (Published 2025) - The New York Times,The New York Times
2025-01-06,Mavericks end 5-game losing streak with a 118-97 victory over Lakers - Spectrum News,Spectrum News
2025-01-06,"FBI issues warning to NFL, NBA about organized crime groups targeting pro athletes - Texas Public Radio | TPR",Texas Public Radio | TPR
2025-01-06,Mavs' Kyrie Irving out at least 1-2 weeks with bulging disc in back - NBA.com,NBA.com
2025-01-06,"Top 10 highest-paid NBA players in 2025 worldwide, ranked - The Times of India",The Times of India
2025-01-07,"LeBron James, Lakers Ripped By NBA Fans for Loss vs. Mavs with Luka Dončić, Kyrie Out - Bleacher Report",Bleacher Report
2025-01-07,Are Youth Sports Too Stressful to Be Fun Anymore? (Published 2025) - The New York Times,The New York Times
2025-01-07,Mavericks end 5-game losing streak with a 118-97 victory over Lakers - Spectrum News,Spectrum News
2025-01-07,"Los Angeles Lakers vs Dallas Mavericks Jan 7, 2025 Game Summary - NBA.com",NBA.com
2025-01-07,"NBA Insiders: Luka Dončić, Mavs Are Biggest Threat to Thunder in Western Conference - Bleacher Report",Bleacher Report
2025-01-07,"No Luka, no Kyrie, no problem: Undermanned Mavericks stun Lakers with 21-point rout - Rappler",Rappler
2025-01-07,"Top 10 highest-paid NBA players in 2025 worldwide, ranked - The Times of India",The Times of India
2025-01-07,Kyrie Irving out with bulging disk in his back - Spectrum News,Spectrum News
2025-01-07,Lebron James turns back the clock with jaw-dropping lefty dunk that might rewrite the highlight reel - MARCA,MARCA
2025-01-08,"NBA Insiders: Luka Dončić, Mavs Are Biggest Threat to Thunder in Western Conference - Bleacher Report",Bleacher Report
2025-01-08,The Shorthanded Mavs Must Survive January. Here’s How They Can Do It. - D Magazine,D Magazine
2025-01-08,"Los Angeles Lakers vs Dallas Mavericks Jan 7, 2025 Game Summary - NBA.com",NBA.com
2025-01-08,"No Luka, no Kyrie, no problem: Undermanned Mavericks stun Lakers with 21-point rout - Rappler",Rappler
2025-01-08,Lebron James turns back the clock with jaw-dropping lefty dunk that might rewrite the highlight reel - MARCA,MARCA
2025-01-09,The Shorthanded Mavs Must Survive January. Here’s How They Can Do It. - D Magazine,D Magazine
2025-01-09,Hardy scores 25 and Mavericks use late 16-0 run to rally past Trail Blazers 117-111 - Spectrum News,Spectrum News
2025-01-09,"NBA All-Star Game: LeBron, Steph, KD among 24 projected picks - ESPN",ESPN
2025-01-10,"Mavericks' Luka Doncic to be ineligible for All-NBA, MVP this season - Dallas News",Dallas News
2025-01-10,Luka Doncic forces Los Angeles Lakers legend to U-turn - MARCA,MARCA
2025-01-10,Hardy scores 25 and Mavericks use late 16-0 run to rally past Trail Blazers 117-111 - Spectrum News,Spectrum News
2025-01-10,De Larrea follows in Doncic’s footsteps - Eurohoops,Eurohoops
2025-01-10,"NBA All-Star Game: LeBron, Steph, KD among 24 projected picks - ESPN",ESPN
2025-01-10,Luka Doncic and Kyrie Irving’s Behind the Scenes Footage Comforts Dallas Amid Injury Concerns - EssentiallySports,EssentiallySports
2025-01-11,Luka Doncic ineligible for MVP award - Yahoo Sports,Yahoo Sports
2025-01-11,Luka Doncic Sends Message to Cooper Flagg After Lakers vs Mavericks Game - beIN SPORTS,beIN SPORTS
2025-01-11,"Mavericks' Luka Doncic to be ineligible for All-NBA, MVP this season - Dallas News",Dallas News
2025-01-11,Will Luka Doncic play tonight against the Denver Nuggets? Latest update on the Dallas Mavericks star's in - The Times of India,The Times of India
2025-01-11,Luka Doncic forces Los Angeles Lakers legend to U-turn - MARCA,MARCA
2025-01-11,Luka Likely to Be Ineligible for MVP Due to NBA Rules; Can Still Get Max Contract - Bleacher Report,Bleacher Report
2025-01-11,"Denver Nuggets vs Dallas Mavericks Jan 12, 2025 Game Summary - NBA.com",NBA.com
2025-01-11,De Larrea follows in Doncic’s footsteps - Eurohoops,Eurohoops
2025-01-11,Luka Doncic and Kyrie Irving’s Behind the Scenes Footage Comforts Dallas Amid Injury Concerns - EssentiallySports,EssentiallySports
2025-01-12,Luka Doncic ineligible for MVP award - Yahoo Sports,Yahoo Sports
2025-01-12,Jalen Brunson Uses Mavs' Luka Doncic as Example to Criticize Nikola Jokic's MVP Case - Sports Illustrated,Sports Illustrated
2025-01-12,Luka Doncic Sends Message to Cooper Flagg After Lakers vs Mavericks Game - beIN SPORTS,beIN SPORTS
2025-01-12,Will Luka Doncic play tonight against the Denver Nuggets? Latest update on the Dallas Mavericks star's in - The Times of India,The Times of India
2025-01-12,Luka Likely to Be Ineligible for MVP Due to NBA Rules; Can Still Get Max Contract - Bleacher Report,Bleacher Report
2025-01-12,"Denver Nuggets vs Dallas Mavericks Jan 12, 2025 Game Summary - NBA.com",NBA.com
2025-01-12,"Jalen Brunson questions NBA MVP narratives surrounding Nikola Jokic, Luka Doncic - ClutchPoints",ClutchPoints
2025-01-13,Jalen Brunson Uses Mavs' Luka Doncic as Example to Criticize Nikola Jokic's MVP Case - Sports Illustrated,Sports Illustrated
2025-01-13,The Mavericks' Next Step Forward Starts with Their Centers - D Magazine,D Magazine
2025-01-13,"How long is Luka Doncic out? Calf injury timeline, return date, latest updates on Mavericks star - sportingnews.com",sportingnews.com
2025-01-13,"Kyrie Irving struggles in Mavs return, confirms bulging disk - ESPN",ESPN
2025-01-13,NBA: Mavericks' Luka Doncic Ruled Out Of MVP Race After Suffering Calf Injury - News18,News18
2025-01-13,Report: Three Stanley Cup rings missing from Malkin's home - ESPN,ESPN
2025-01-13,"Jalen Brunson questions NBA MVP narratives surrounding Nikola Jokic, Luka Doncic - ClutchPoints",ClutchPoints
2025-01-14,"Mavericks' Luka Doncic Now Ineligible For NBA Postseason Awards, Including MVP - Sports Illustrated",Sports Illustrated
2025-01-14,The Mavericks' Next Step Forward Starts with Their Centers - D Magazine,D Magazine
2025-01-14,"How long is Luka Doncic out? Calf injury timeline, return date, latest updates on Mavericks star - sportingnews.com",sportingnews.com
2025-01-14,Mavericks' Kyrie Irving (back) sidelined vs. Pelicans - ESPN,ESPN
2025-01-14,Kyrie Irving Gets Honest About His Friendship With Luka Doncic - Basketball Forever,Basketball Forever
2025-01-14,Jalen Williams claims there should be two DPOY awards - BasketNews.com,BasketNews.com
2025-01-14,NBA: Mavericks' Luka Doncic Ruled Out Of MVP Race After Suffering Calf Injury - News18,News18
2025-01-14,"Luka Doncic update is potentially good news for Dallas Mavericks, he’s been badly missed - NBA Analysis Network",NBA Analysis Network
2025-01-14,Mavericks ‘confident’ Luka Doncic injury return outlook - ClutchPoints,ClutchPoints
2025-01-14,"$8 million tennis star rallies for Luka Doncic & Kyrie Irving's All-Star votes, dubbing Mavericks duo as 'best backcourt' in NBA - Sportskeeda",Sportskeeda
2025-01-15,"Mavericks' Luka Doncic Now Ineligible For NBA Postseason Awards, Including MVP - Sports Illustrated",Sports Illustrated
2025-01-15,Luka Doncic injury update: Dallas Mavericks could have star player back sooner than expected - MARCA,MARCA
2025-01-15,Kyrie Irving Gets Honest About His Friendship With Luka Doncic - Basketball Forever,Basketball Forever
2025-01-15,"Dennis Smith Jr.: ""Coming to Real Madrid means a lot to me” - Real Madrid CF | Web Oficial",Real Madrid CF | Web Oficial
2025-01-15,Will a Kansas City Chiefs 3-Peat cement Patrick Mahomes GOAT status | Speak - FOX Sports,FOX Sports
2025-01-15,Luka Doncic Injury Report: Massive Update on Star Guard's Much-Anticipated Date of Return - SportsTak,SportsTak
2025-01-15,"Luka Doncic update is potentially good news for Dallas Mavericks, he’s been badly missed - NBA Analysis Network",NBA Analysis Network
2025-01-15,Mavericks ‘confident’ Luka Doncic injury return outlook - ClutchPoints,ClutchPoints
2025-01-16,Luka Doncic injury update: Dallas Mavericks could have star player back sooner than expected - MARCA,MARCA
2025-01-16,Mavericks beat Thunder 106-98 as OKC All-Star Shai Gilgeous-Alexander sits with wrist injury - WKMG,WKMG
2025-01-16,"Dennis Smith Jr.: ""Coming to Real Madrid means a lot to me” - Real Madrid CF | Web Oficial",Real Madrid CF | Web Oficial
2025-01-16,Will a Kansas City Chiefs 3-Peat cement Patrick Mahomes GOAT status | Speak - FOX Sports,FOX Sports
2025-01-16,Stephen Curry in Tight Race for Starting Backcourt Spot in Third All-Star Voting Returns - NBA.com,NBA.com
2025-01-16,Latest Injury Update on Kyrie Irving and Luka Doncic as Mavericks Gear Up for OKC Thunder Clash - EssentiallySports,EssentiallySports
2025-01-16,Luka Doncic Injury Report: Massive Update on Star Guard's Much-Anticipated Date of Return - SportsTak,SportsTak
2025-01-16,8 Mavericks Players Who Could Leave The Team In 2025 - Fadeaway World,Fadeaway World
2025-01-17,"Mavericks 106-98 Thunder (Jan 17, 2025) Game Recap - ESPN",ESPN
2025-01-17,Luka Doncic vs Ja Morant: Young Superstars and Their Rapidly Growing Net Worth - The Times of India,The Times of India
2025-01-17,Latest Injury Update on Kyrie Irving and Luka Doncic as Mavericks Gear Up for OKC Thunder Clash - EssentiallySports,EssentiallySports
2025-01-17,8 Mavericks Players Who Could Leave The Team In 2025 - Fadeaway World,Fadeaway World
2025-01-18,Mavericks beat Thunder 106-98 as OKC All-Star Shai Gilgeous-Alexander sits with wrist injury - WSLS,WSLS
2025-01-18,Luka Doncic vs Ja Morant: Young Superstars and Their Rapidly Growing Net Worth - The Times of India,The Times of India
2025-01-18,Rumors: Mavericks shockingly 'dangle' key piece in trade talks ahead of deadline - The Smoking Cuban,The Smoking Cuban
2025-01-19,Detroit Lions OC Ben Johnson takes over as Chicago Bears head coach | Speak - FOX Sports,FOX Sports
2025-01-19,"Dallas Mavericks vs Charlotte Hornets Jan 20, 2025 Game Summary - NBA.com",NBA.com
2025-01-19,Lakers trade rumors: How LeBron James and Co. can acquire Luka Doncic's 'perfect partner' from Mavericks in 3-team deal - Sportskeeda,Sportskeeda
2025-01-20,Detroit Lions OC Ben Johnson takes over as Chicago Bears head coach | Speak - FOX Sports,FOX Sports
2025-01-20,"Dallas Mavericks vs Charlotte Hornets Jan 20, 2025 Game Summary - NBA.com",NBA.com
2025-01-20,Lakers trade rumors: How LeBron James and Co. can acquire Luka Doncic's 'perfect partner' from Mavericks in 3-team deal - Sportskeeda,Sportskeeda
2025-01-21,Jason Kidd gives update on Luka Doncic's injury - BasketNews.com,BasketNews.com
2025-01-21,Rumors: Luka Doncic sets ambitious 'goal' return date from calf strain - The Smoking Cuban,The Smoking Cuban
2025-01-21,Sources: Mavs' Dereck Lively II out months with ankle fracture - ESPN,ESPN
2025-01-22,Jason Kidd gives update on Luka Doncic's injury - BasketNews.com,BasketNews.com
2025-01-22,Rumors: Luka Doncic sets ambitious 'goal' return date from calf strain - The Smoking Cuban,The Smoking Cuban
2025-01-22,2025 All-Star starters: 5 takeaways as generational legends secure their spots - NBA.com,NBA.com
2025-01-22,Jaden McDaniels goes for career-high 27 points as Wolves outlast Mavs 115-114 - Spectrum News,Spectrum News
2025-01-22,"OKC Thunder vs Dallas Mavericks: Prediction, picks, injury updates and odds - The Oklahoman",The Oklahoman
2025-01-22,Sources: Mavs' Dereck Lively II out months with ankle fracture - ESPN,ESPN
2025-01-22,Kyrie Irving admits he almost ‘dropped a tear’ after reaching career milestone - The Big Lead,The Big Lead
2025-01-22,"Luka Doncic Honors CHBL with Vibrant Jordan Luka 3 ""CHBL All-Star"" - HotNewHipHop",HotNewHipHop
2025-01-23,"Dallas Has Oklahoma City's Number, and without Superstar Luka Doncic - Sports Illustrated",Sports Illustrated
2025-01-23,2025 All-Star starters: 5 takeaways as generational legends secure their spots - NBA.com,NBA.com
2025-01-23,Re-grading the biggest 2024 NBA trades - Basketball Poetry,Basketball Poetry
2025-01-23,"eBay, Goldin January auctions feature rare NBA cards of Michael Jordan, LeBron James - Sports Collectors Digest",Sports Collectors Digest
2025-01-23,"OKC Thunder vs Dallas Mavericks: Prediction, picks, injury updates and odds - The Oklahoman",The Oklahoman
2025-01-23,"The ties between soccer and the NBA are real, and they're still growing - News4JAX",News4JAX
2025-01-23,PJ Washington listed as mayor of Oklahoma City on Wikipedia after Mavs win over Thunder - FOX 4 News Dallas-Fort Worth,FOX 4 News Dallas-Fort Worth
2025-01-23,Kyrie Irving admits he almost ‘dropped a tear’ after reaching career milestone - The Big Lead,The Big Lead
2025-01-23,Giannis Antetokounmpo and Nikola Jokic are officially in the All-Star Game - Eurohoops,Eurohoops
2025-01-23,"Luka Doncic Honors CHBL with Vibrant Jordan Luka 3 ""CHBL All-Star"" - HotNewHipHop",HotNewHipHop
2025-01-24,Report: 'Optimism' Luka Dončić Will Return to Mavs from Calf Injury Before NBA ASG - Bleacher Report,Bleacher Report
2025-01-24,"Dallas Has Oklahoma City's Number, and without Superstar Luka Doncic - Sports Illustrated",Sports Illustrated
2025-01-24,Will Luka Doncic play tonight against the Boston Celtics? Latest update on the Dallas Mavericks star's in - The Times of India,The Times of India
2025-01-24,Re-grading the biggest 2024 NBA trades - Basketball Poetry,Basketball Poetry
2025-01-24,"eBay, Goldin January auctions feature rare NBA cards of Michael Jordan, LeBron James - Sports Collectors Digest",Sports Collectors Digest
2025-01-24,Stein: Optimism Mavs’ Doncic Will Return Before ASG - Hoops Rumors,Hoops Rumors
2025-01-24,"The ties between soccer and the NBA are real, and they're still growing - News4JAX",News4JAX
2025-01-24,Caboclo helps send Brazil past Philippines into Riga Olympic Qualifying Tournament final - olympics.com,olympics.com
2025-01-25,Report: 'Optimism' Luka Dončić Will Return to Mavs from Calf Injury Before NBA ASG - Bleacher Report,Bleacher Report
2025-01-25,Will Luka Doncic play tonight against the Boston Celtics? Latest update on the Dallas Mavericks star's in - The Times of India,The Times of India
2025-01-25,1/25 Game Preview: Celtics at Mavericks - NBA.com,NBA.com
2025-01-25,Stein: Optimism Mavs’ Doncic Will Return Before ASG - Hoops Rumors,Hoops Rumors
2025-01-25,"Boston Celtics vs Dallas Mavericks Jan 25, 2025 Game Summary - NBA.com",NBA.com
2025-01-25,"Maxi Kleber suffers right foot fracture, added to Mavericks' frontcourt injury woes - NBA.com",NBA.com
2025-01-25,"Thunder vs. Trail Blazers prediction, odds, pick, spread – 1/26/2025 - ClutchPoints",ClutchPoints
2025-01-26,"Mavericks 130-108 Wizards (Jan 27, 2025) Game Recap - ESPN",ESPN
2025-01-26,Is it time to apologize to Jalen Hurts after his dominant NFC Championship performance? | Speak - FOX Sports,FOX Sports
2025-01-26,Michael Irvin expresses disappointment in Dallas Cowboys’ Brian Schottenheimer head coach hire | Speak - FOX Sports,FOX Sports
2025-01-26,"Thunder vs. Trail Blazers prediction, odds, pick, spread – 1/26/2025 - ClutchPoints",ClutchPoints
2025-01-27,Miami Heat trying to position themselves to acquire Luka Doncic - Sports Illustrated,Sports Illustrated
2025-01-27,Klay Thompson makes 7 3s in 1st quarter as Mavs breeze past NBA-worst Wizards 130-108 - Spectrum News,Spectrum News
2025-01-27,Klay Thompson knew Luka Doncic would be special because of Kobe Bryant - Sports Illustrated,Sports Illustrated
2025-01-27,Is it time to apologize to Jalen Hurts after his dominant NFC Championship performance? | Speak - FOX Sports,FOX Sports
2025-01-27,The heave-making fourth-quarter star the Boston Celtics need to make a repeat title run - ESPN,ESPN
2025-01-27,Michael Irvin expresses disappointment in Dallas Cowboys’ Brian Schottenheimer head coach hire | Speak - FOX Sports,FOX Sports
2025-01-28,Miami Heat trying to position themselves to acquire Luka Doncic - Sports Illustrated,Sports Illustrated
2025-01-28,Miami Heat dreaming of Luka Doncic - Diario AS,Diario AS
2025-01-28,Klay Thompson makes 7 3s in 1st quarter as Mavs breeze past NBA-worst Wizards 130-108 - Spectrum News,Spectrum News
2025-01-28,Klay Thompson knew Luka Doncic would be special because of Kobe Bryant - Sports Illustrated,Sports Illustrated
2025-01-28,The heave-making fourth-quarter star the Boston Celtics need to make a repeat title run - ESPN,ESPN
2025-01-28,"Mavericks vs. Pelicans prediction, odds, pick, spread – 1/29/2025 - ClutchPoints",ClutchPoints
2025-01-29,"Mavericks stars Kyrie Irving, Luka Doncic not selected to 2025 NBA All-Star Game - Sports Illustrated",Sports Illustrated
2025-01-29,Miami Heat dreaming of Luka Doncic - Diario AS,Diario AS
2025-01-29,2024-25 NBA odds: Bet on Mavericks to miss playoffs - FOX Sports,FOX Sports
2025-01-29,"9 biggest NBA All-Star snubs of 2025, ranked by the most shocking omissions - SB Nation",SB Nation
2025-01-29,Luka Doncic Injury Report: Will the Mavericks' star guard play tonight against the Pelicans? - SportsTak,SportsTak
2025-01-29,"Mavericks vs. Pistons prediction, odds, pick, spread – 1/31/2025 - ClutchPoints",ClutchPoints
2025-01-29,"Mavericks vs. Pelicans prediction, odds, pick, spread – 1/29/2025 - ClutchPoints",ClutchPoints
2025-01-30,"Mavericks stars Kyrie Irving, Luka Doncic not selected to 2025 NBA All-Star Game - Sports Illustrated",Sports Illustrated
2025-01-30,Will Luka Doncic play tonight against the Detroit Pistons? Latest update on the Dallas Mavericks star's i - The Times of India,The Times of India
2025-01-30,2024-25 NBA odds: Bet on Mavericks to miss playoffs - FOX Sports,FOX Sports
2025-01-30,"Dallas Mavericks vs Detroit Pistons Jan 31, 2025 Game Summary - NBA.com",NBA.com
2025-01-30,"Victor Wembanyama is an All-Star, 1 of 6 1st-time selections - Spectrum News",Spectrum News
2025-01-30,"9 biggest NBA All-Star snubs of 2025, ranked by the most shocking omissions - SB Nation",SB Nation
2025-01-30,"Luka Doncic, Jaden Ivey among 5 players out for Mavericks-Pistons - Sports Illustrated",Sports Illustrated
2025-01-30,Eric Bieniemy shares his thoughts on Coach Prime’s impact at Colorado | Speak - FOX Sports,FOX Sports
2025-01-30,Luka Doncic Injury Report: Will the Mavericks' star guard play tonight against the Pelicans? - SportsTak,SportsTak
2025-01-30,"Mavericks vs. Pistons prediction, odds, pick, spread – 1/31/2025 - ClutchPoints",ClutchPoints
2025-01-31,Luka Dončić to the Lakers: How the NBA All-Star Draft predicted another shocking trade - Yahoo Sports,Yahoo Sports
2025-01-31,"Dallas Mavericks trade Luka Doncic to the Lakers in exchange for Anthony Davis, team officially announces - WFAA",WFAA
2025-01-31,The Luka Doncic–Anthony Davis Trade Is an All-Time NBA Shocker - The Ringer,The Ringer
2025-01-31,Why Mavericks traded Luka Doncic? - BasketNews.com,BasketNews.com
2025-01-31,Did Luka get traded to the Lakers? Mavericks reportedly swap Doncic for Anthony Davis - El Paso Times,El Paso Times
2025-01-31,"Luka Doncic to the Lakers, Anthony Davis to the Mavs in blockbuster trade, AP source says - Sentinel Colorado",Sentinel Colorado
2025-01-31,Luka Doncic headed to Lakers in blockbuster NBA trade - OregonLive.com,OregonLive.com
2025-01-31,Luka Doncic traded to Lakers from Mavericks for Anthony Davis in blockbuster deal: Sources - The Spokesman-Review,The Spokesman-Review
2025-01-31,Utah Jazz a third team in shocking Luka Doncic for Anthony Davis deal - The Salt Lake Tribune,The Salt Lake Tribune
2025-01-31,"NBA shocker: Lakers, Mavs swap Anthony Davis and Luka Doncic in historic trade - NBC Los Angeles",NBC Los Angeles
2025-01-31,"Luka Doncic could be one player the Spurs would make young star available for, Brian Windhorst says - Sports Illustrated",Sports Illustrated
2025-01-31,Luka Doncic heads to the Lakers and Anthony Davis goes to the Mavs in blockbuster trade - The Seattle Times,The Seattle Times
2025-01-31,"Luka Doncic, Anthony Davis Traded In Blockbuster NBA Move - tmz.com",tmz.com
2025-01-31,Lakers acquire Luka Doncic from Mavericks for Anthony Davis in blockbuster trade - Yahoo Sports,Yahoo Sports
2025-01-31,Biggest trade in NBA history? Luka Doncic traded to the Lakers - BasketNews.com,BasketNews.com
2025-01-31,"Luka Doncic, Jaden Ivey among 5 players out for Mavericks-Pistons - Sports Illustrated",Sports Illustrated
2025-01-31,Why did Dallas trade Luka Doncic? Here's what the Mavs are saying - Yahoo Sports Australia,Yahoo Sports Australia
2025-01-31,LeBron James had no idea that Luka Doncic was going to get traded to the Lakers - Yahoo Sports,Yahoo Sports
2025-01-31,Sixers' Tyrese Maxey reacts to Mavericks sending Luka Doncic to Lakers - Yahoo Sports,Yahoo Sports
2025-01-31,Luka Dončić to the Los Angeles Lakers and Anthony Davis to the Dallas Mavericks in blockbuster trade - Chicago Tribune,Chicago Tribune
2025-01-31,Luka Doncic traded to Lakers for Anthony Davis in the wildest trade in NBA history - SB Nation,SB Nation
2025-01-31,Will Luka Doncic play tonight against the Detroit Pistons? Latest update on the Dallas Mavericks star's i - The Times of India,The Times of India
2025-01-31,NBA superstars swap teams in blockbuster trade - NZ Herald,NZ Herald
2025-01-31,Opinion: Blockbuster NBA Trade Shows Why NHL Should Limit No-Trade/No-Move Clauses - The Hockey News,The Hockey News
2025-01-31,NBA blockbuster trade: Luke Doncic traded for Anthony Davis in monster deal between LA Lakers and Dallas - The West Australian,The West Australian
2025-01-31,Hornets’ Josh Green explains why LaMelo Ball is similar to Luka Doncic - ClutchPoints,ClutchPoints
2025-02-01,Luka Doncic heads to the Lakers and Anthony Davis goes to the Mavs in blockbuster trade - AP News,AP News
2025-02-01,Los Angeles Lakers acquire Luka Doncic from Dallas Mavericks for Anthony Davis in blockbuster trade - CNN,CNN
2025-02-01,LUKA DONCIC/ANTHONY DAVIS TRADE GRADES - Basketball Poetry,Basketball Poetry
2025-02-01,The Luka Doncic Trade Is the Dumbest NBA Move I’ve Ever Seen - The Ringer,The Ringer
2025-02-01,"Luka Doncic to Lakers, Anthony Davis to Mavs in 3-team trade - ESPN",ESPN
2025-02-01,NBA world reacts to shocking trade that sends Luka Dončić to the Lakers - NBA.com,NBA.com
2025-02-01,Does shocking Luka Dončić trade signify a changing NBA landscape? - Yahoo Sports,Yahoo Sports
2025-02-01,Luka Doncic trade: When do Dallas Mavericks play the Los Angeles Lakers next? - WFAA,WFAA
2025-02-01,Lakers acquire Luka Doncic from Mavericks for Anthony Davis in blockbuster trade - Los Angeles Times,Los Angeles Times
2025-02-01,'Crazy': NBA stars and pundits shocked by Luka Dončić trade - NBC News,NBC News
2025-02-01,Luka Doncic Releases Heartfelt Statement for Mavericks Fans Following Trade - Sports Illustrated,Sports Illustrated
2025-02-01,Dallas Mavericks trade Luka Doncic to Los Angeles Lakers for Anthony Davis: ESPN - FOX8 WGHP,FOX8 WGHP
2025-02-01,"Luka Doncic contract: Lakers trade takes largest NBA deal ever off table, but he could eventually get $400M - CBS Sports",CBS Sports
2025-02-01,Luka Doncic Takes Large Financial Hit With Trade to Lakers - Sportico.com,Sportico.com
2025-02-01,"Luka Dončić, LeBron James and the biggest winners and losers of the Lakers-Mavericks trade - Yahoo Sports",Yahoo Sports
2025-02-01,Mavericks roster after Anthony Davis-Luka Dončić trade - NBA.com,NBA.com
2025-02-01,Doncic releases emotional farewell message to Dallas after trade sends him to Lakers - AP News,AP News
2025-02-01,Luka Doncic Dropped a Three-Word Message Into Mavericks’ Team Group Chat After Trade - Sports Illustrated,Sports Illustrated
2025-02-01,"Dallas Mavericks trade Luka Doncic to the Lakers in exchange for Anthony Davis, team officially announces - WFAA",WFAA
2025-02-01,Luka Dončić to the Lakers: How the NBA All-Star Draft predicted another shocking trade - Yahoo Sports,Yahoo Sports
2025-02-01,Reactions to the Luka Doncic-Anthony Davis blockbuster trade - AP News,AP News
2025-02-01,"Luka Doncic trade grades: Lakers get 'A+' as they solve future, why Mavs fail despite landing Anthony Davis - CBS Sports",CBS Sports
2025-02-01,Mavericks shockingly trade Luka Dončić to Lakers for Anthony Davis in 3-team deal - FOX Sports,FOX Sports
2025-02-01,"Luka Doncic Is a Los Angeles Laker, (Un)explained - The Ringer",The Ringer
2025-02-01,"Luka Doncic-Anthony Davis trade grades: Winners, losers, what's next - ESPN",ESPN
2025-02-01,Luka Dončić thanks Mavericks fans in heartfelt message - NBA.com,NBA.com
2025-02-01,Mavs Minority Owner Mark Cuban Reportedly Uninvolved in Luka Doncic Trade - Sports Illustrated,Sports Illustrated
2025-02-01,Luka Dončić says goodbye to Dallas: 'I wanted so badly to bring you a championship' - FOX Sports,FOX Sports
2025-02-01,Lakers roster after Luka Dončić-Anthony Davis trade - NBA.com,NBA.com
2025-02-01,Luka Doncic: The Most Stunning Trade in NBA History Just Went Down in the Dead of Night - WSJ,WSJ
2025-02-01,Luka Doncic-Anthony Davis Trade: Lakers and Mavs Made a Gamble - rg.org,rg.org
2025-02-01,Luka Doncic trade: Five teams that could have made better offers than Lakers if Mavs had shopped superstar - CBS Sports,CBS Sports
2025-02-01,"Grading Blockbuster Luka Dončić, Anthony Davis NBA Trade Between Lakers, Mavericks - Bleacher Report",Bleacher Report
2025-02-01,LeBron James surprised by Anthony Davis-Luka Dončić trade - NBA.com,NBA.com
2025-02-01,Luka Doncic Trade to Lakers Is Most Shocking in NBA History - Sports Illustrated,Sports Illustrated
2025-02-01,"Unthinkable, Mavs trade Luka to the Lakers in one of the most shocking deals in NBA history - NBC 5 Dallas-Fort Worth",NBC 5 Dallas-Fort Worth
2025-02-01,Chiefs' Patrick Mahomes 'sick' over Mavericks' Luka Doncic trade - Fox News,Fox News
2025-02-01,"The Luka Dončić-Anthony Davis trade is shocking, franchise-altering and bizarre - The Guardian",The Guardian
2025-02-01,"Why Mavericks' Luka Doncic trade is malpractice, no matter how GM Nico Harrison tries to explain it - CBS Sports",CBS Sports
2025-02-01,"The Luka Dončić-Anthony Davis trade stunned NBA players, Patrick Mahomes and everyone else: 'Holy s***' - Yahoo Sports",Yahoo Sports
2025-02-01,Inside the top-secret trade negotiations that made Luka Dončić a Laker - The Athletic - The New York Times,The New York Times
2025-02-01,'HUH!!!!': Social media reacts to Luka Doncic-Anthony Davis blockbuster - ESPN,ESPN
2025-02-01,Luka Doncic joins Los Angeles Lakers from Dallas Mavericks in huge NBA trade deal - BBC,BBC
2025-02-01,Luka Doncic trade: What factors led to Lakers and Mavericks making the most shocking deal in NBA history? - CBS Sports,CBS Sports
2025-02-01,The Mavericks traded Luka Doncic. Does that make any sense? - D Magazine,D Magazine
2025-02-01,Commentary: Why Mavericks grew frustrated with Luka Doncic and offered him to Lakers - Los Angeles Times,Los Angeles Times
2025-02-01,NBA Insider: Luka Dončić Ineligible for $345M Supermax Contract After Lakers Trade - Bleacher Report,Bleacher Report
2025-02-01,The Luka Doncic–Anthony Davis Trade Is an All-Time NBA Shocker - The Ringer,The Ringer
2025-02-01,Luka Doncic's shocking trade to Lakers comes with positive financial ramifications for Mavericks - Sports Illustrated,Sports Illustrated
2025-02-01,"Luka Doncic to the Lakers, Anthony Davis to the Mavs in blockbuster trade - KERA News",KERA News
2025-02-01,"Mavericks, Lakers Swap Luka Doncic, Anthony Davis in Stunning Late-Night Trade - Sports Illustrated",Sports Illustrated
2025-02-01,Lakers trade Anthony Davis to Mavericks for Luka Doncic in blockbuster mega deal - BasketballNews,BasketballNews
2025-02-01,Mavericks fans left stunned over Luka Doncic trade in NBA shake up - France 24,France 24
2025-02-01,Luka-AD blockbuster trade leaves NBA world stunned on social media - NBC Sports Bay Area & California,NBC Sports Bay Area & California
2025-02-01,Luka Doncic's Father Reacts to Unexpected Trade: 'Doesn't Deserve This' - Sports Illustrated,Sports Illustrated
2025-02-01,Grading the stunning Lakers-Mavs trade: Who won the Luka Dončić-Anthony Davis swap? - Yahoo Sports,Yahoo Sports
2025-02-01,"Luka Doncic to join Los Angeles Lakers, Anthony Davis heads to Dallas Mavericks in blockbuster NBA trade - Sky Sports",Sky Sports
2025-02-01,Why the Lakers couldn’t say no to Luka Dončić trade — and why the Mavs are taking a huge risk - The Athletic - The New York Times,The New York Times
2025-02-01,Luka Dončić has been traded ... really - The Stein Line | Substack,The Stein Line | Substack
2025-02-01,"Make No Mistake, The Boston Celtics Essentially Ended The Luka Doncic Era In Dallas - Barstool Sports",Barstool Sports
2025-02-01,Mavericks' concern about Luka Doncic's conditioning led to Lakers trade - Sports Illustrated,Sports Illustrated
2025-02-01,Luka Dončić-Anthony Davis trade: Best social media reactions to NBA blockbuster - FOX Sports,FOX Sports
2025-02-01,Lakers land Luka Dončić in blockbuster trade that sends Anthony Davis to Mavericks - CBS News,CBS News
2025-02-01,The biggest winners and losers of the Luka Doncic-Anthony Davis trade - The Spokesman-Review,The Spokesman-Review
2025-02-01,Dallas Mavericks make official Luka Doncic announcement after blockbuster trade - Sports Illustrated,Sports Illustrated
2025-02-01,Luka Doncic Trade Drawing Comparisons To Joe Thornton Trade - Yahoo Sports,Yahoo Sports
2025-02-01,Fantasy Basketball Trade Reaction: Winners and losers of shocking Luka Dončić for Anthony Davis swap - Yahoo Sports,Yahoo Sports
2025-02-01,Luka Doncic writes letter to Mavs fans after trade - FOX 4 News Dallas-Fort Worth,FOX 4 News Dallas-Fort Worth
2025-02-01,Basketball World Rocked by Luka Doncic Trade to Lakers: ‘WOWWWWW NO F WAY’ - Rolling Stone,Rolling Stone
2025-02-01,Rob Pelinka says Luka Doncic will lead Lakers ‘for years to come’ - Los Angeles Times,Los Angeles Times
2025-02-01,Is LeBron James next? Trading Anthony Davis for Luka Doncic is a great first step - Los Angeles Times,Los Angeles Times
2025-02-01,"Mavericks trading Luka Dončić fits team’s vision and culture, Nico Harrison says - The New York Times",The New York Times
2025-02-01,Giannis Antetokounmpo reacts to the stunning Luka Doncic trade to Lakers - Behind the Buck Pass,Behind the Buck Pass
2025-02-01,Devin Booker trolls Mavericks after Luka Doncic trade to Lakers - ESPN,ESPN
2025-02-01,Mavericks Deserve All the Blame for Failing Luka Doncic - Sports Illustrated,Sports Illustrated
2025-02-01,'Defense wins championships:' Why did the Mavericks trade Luka Doncic? Here's what their GM said - WFAA,WFAA
2025-02-01,Why did the Mavericks trade Luka Doncic to the Lakers? - Yahoo Sports,Yahoo Sports
2025-02-01,Mavericks Send Luka Doncic To The Lakers In Trade Best Described With Unhinged Obscenities - Defector,Defector
2025-02-01,"Why did Mavericks trade Luka Doncic? Mavs GM explains stunning deal for AD, says 'defense wins championships' - CBS Sports",CBS Sports
2025-02-01,Who is new Lakers star Luka Doncic's fiancée Anamaria Goltes? - Sports Illustrated,Sports Illustrated
2025-02-01,What LeBron James and Luka Doncic have said about each other through the years - Yahoo Sports,Yahoo Sports
2025-02-01,"Luka Dončić Traded to Lakers; Mavs Get Anthony Davis, More in 3-Team Trade with Jazz - Bleacher Report",Bleacher Report
2025-02-01,Why Trading Luka Doncic Doesn’t Make Sense For The Dallas Mavericks - Forbes,Forbes
2025-02-01,Mavericks GM's explanation for Luka Doncic trade is far from good enough - FanSided,FanSided
2025-02-01,Luka Dončić Thanks Mavs After Trade to Lakers: 'I Thought I'd Spend My Career Here' - Bleacher Report,Bleacher Report
2025-02-01,Here's how LeBron James learned Luka Doncic was being traded to LA Lakers - Sports Illustrated,Sports Illustrated
2025-02-01,The Luka Dončić Trade Latest - The Stein Line | Substack,The Stein Line | Substack
2025-02-01,Two Reasons Behind Mavericks' Shocking Decision to Trade Luka Doncic to Lakers - Sports Illustrated,Sports Illustrated
2025-02-01,Trade spin: How does the pairing of Luka and LeBron impact fantasy basketball? - The New York Times,The New York Times
2025-02-01,The jaw-dropping amount of money Luka Doncic is losing due to blockbuster Lakers trade - New York Post,New York Post
2025-02-01,Lakers trade Anthony Davis to Mavericks for Luka Doncic in major NBA shakeup - Reuters,Reuters
2025-02-01,Lakers fans get clear timeline of Luka Doncic's 1st game with the franchise - Lake Show Life,Lake Show Life
2025-02-01,LeBron James had no idea that Luka Doncic was going to get traded to the Lakers - Yahoo Sports,Yahoo Sports
2025-02-01,Luka Doncic Reportedly Didn't Ask Out of Dallas Before Trade to Lakers - Sports Illustrated,Sports Illustrated
2025-02-01,"Mavericks GM willing to accept burden of Luka Doncic trade: 'Ten years from now, they'll probably bury me' - CBS Sports",CBS Sports
2025-02-01,Why Mavericks traded Luka Doncic? - BasketNews.com,BasketNews.com
2025-02-01,Luka Doncic arrives in Los Angeles - ESPN,ESPN
2025-02-01,"Mavs, Lakers Swap Doncic for Davis in League-Shaking Trade - Front Office Sports",Front Office Sports
2025-02-01,Did Luka get traded to the Lakers? Mavericks reportedly swap Doncic for Anthony Davis - El Paso Times,El Paso Times
2025-02-01,Analysis | The biggest winners and losers of the Luka Doncic-Anthony Davis trade - The Washington Post,The Washington Post
2025-02-02,Luka Doncic heads to the Lakers and Anthony Davis goes to the Mavs in blockbuster trade - AP News,AP News
2025-02-02,LUKA DONCIC/ANTHONY DAVIS TRADE GRADES - Basketball Poetry,Basketball Poetry
2025-02-02,'Unfathomable': How this stunning Luka Doncic-Anthony Davis trade came together - ESPN,ESPN
2025-02-02,The Luka Doncic Trade Is the Dumbest NBA Move I’ve Ever Seen - The Ringer,The Ringer
2025-02-02,Processing the Luka Dončić trade as a lifelong Dallas Mavericks fan - Mavs Moneyball,Mavs Moneyball
2025-02-02,"Luka Dončić, LeBron James and the biggest winners and losers of the Lakers-Mavericks trade - Yahoo Sports",Yahoo Sports
2025-02-02,Trending Topics: What does Anthony Davis-for-Luka Dončić deal mean for Lakers? - NBA.com,NBA.com
2025-02-02,"No But Seriously, Why Did The Mavericks Trade Luka? - Defector",Defector
2025-02-02,Watch: Luka Doncic arrives in Los Angeles after shocking trade to the Lakers - WFAA,WFAA
2025-02-02,Luka Doncic Releases Heartfelt Statement for Mavericks Fans Following Trade - Sports Illustrated,Sports Illustrated
2025-02-02,Lakers News: Magic Johnson Reacts To Luka Doncic Trade - Lakers Nation,Lakers Nation
2025-02-02,‘Unprecedented’: Luka Dončić trade earthquake felt far beyond Dallas - Texas Standard,Texas Standard
2025-02-02,"Luka Doncic to Lakers, Anthony Davis to Mavs in 3-team trade - ESPN",ESPN
2025-02-02,Mavericks roster after Anthony Davis-Luka Dončić trade - NBA.com,NBA.com
2025-02-02,Doncic releases emotional farewell message to Dallas after trade sends him to Lakers - AP News,AP News
2025-02-02,Luka Doncic Dropped a Three-Word Message Into Mavericks’ Team Group Chat After Trade - Sports Illustrated,Sports Illustrated
2025-02-02,Is Luka Doncic 230 or 260 pounds? Magic Johnson says new Laker must take 'conditioning seriously' - Yahoo Sports,Yahoo Sports
2025-02-02,Reactions to the Luka Doncic-Anthony Davis blockbuster trade - AP News,AP News
2025-02-02,Luka Doncic's father calls out Mavericks after Lakers trade - ESPN,ESPN
2025-02-02,Trending Topics: What does Luka Dončić-for-Anthony Davis deal mean for Mavs? - NBA.com,NBA.com
2025-02-02,"Luka Doncic Is a Los Angeles Laker, (Un)explained - The Ringer",The Ringer
2025-02-02,Which is worse: the Luka Doncic trade or the Mookie Betts trade? - Over the Monster,Over the Monster
2025-02-02,Luka Dončić thanks Mavericks fans in heartfelt message - NBA.com,NBA.com
2025-02-02,Mavs Minority Owner Mark Cuban Reportedly Uninvolved in Luka Doncic Trade - Sports Illustrated,Sports Illustrated
2025-02-02,Luka Dončić says goodbye to Dallas: 'I wanted so badly to bring you a championship' - FOX Sports,FOX Sports
2025-02-02,Lakers roster after Luka Dončić-Anthony Davis trade - NBA.com,NBA.com
2025-02-02,Luka Doncic trade: Five teams that could have made better offers than Lakers if Mavs had shopped superstar - CBS Sports,CBS Sports
2025-02-02,The Luka Doncic Trade Baffles NBA Execs: “The Return Sucks” - The Ringer,The Ringer
2025-02-02,LeBron James surprised by Anthony Davis-Luka Dončić trade - NBA.com,NBA.com
2025-02-02,Luka Doncic net worth: How much is the Lakers' newest superstar worth? - Sports Illustrated,Sports Illustrated
2025-02-02,Chiefs' Patrick Mahomes 'sick' over Mavericks' Luka Doncic trade - Fox News,Fox News
2025-02-02,"Why Mavericks' Luka Doncic trade is malpractice, no matter how GM Nico Harrison tries to explain it - CBS Sports",CBS Sports
2025-02-02,Inside the top-secret trade negotiations that made Luka Dončić a Laker - The Athletic - The New York Times,The New York Times
2025-02-02,Mavs Axed Multiple Staffers Luka Doncic 'Liked' in Desperation for Conditioning Changes - Sports Illustrated,Sports Illustrated
2025-02-02,"Luka Doncic 'Just Bought a $15 Million House' in Dallas Days Before Surprise Trade to Lakers, Ex-NBA Player Claims - Realtor.com",Realtor.com
2025-02-02,"Luka Doncic, Anthony Davis are NBA’s latest chess board pieces - Andscape",Andscape
2025-02-02,The Real Estate Angle of That Luka Dončić Trade - CandysDirt.com,CandysDirt.com
2025-02-02,The Mavericks traded Luka Doncic. Does that make any sense? - D Magazine,D Magazine
2025-02-02,Commentary: Why Mavericks grew frustrated with Luka Doncic and offered him to Lakers - Los Angeles Times,Los Angeles Times
2025-02-02,Luka Doncic's shocking trade to Lakers comes with positive financial ramifications for Mavericks - Sports Illustrated,Sports Illustrated
2025-02-02,"Luka Doncic to the Lakers, Anthony Davis to the Mavs in blockbuster trade - KERA News",KERA News
2025-02-02,Lakers trade Anthony Davis to Mavericks for Luka Doncic in blockbuster mega deal - BasketballNews,BasketballNews
2025-02-02,Luka Doncic's Father Reacts to Unexpected Trade: 'Doesn't Deserve This' - Sports Illustrated,Sports Illustrated
2025-02-02,"Make No Mistake, The Boston Celtics Essentially Ended The Luka Doncic Era In Dallas - Barstool Sports",Barstool Sports
2025-02-02,Mavericks' concern about Luka Doncic's conditioning led to Lakers trade - Sports Illustrated,Sports Illustrated
2025-02-02,Luka Dončić Lands in La La Land: Lakers Pull Off Historic Trade - Sneaker Freaker,Sneaker Freaker
2025-02-02,"‘Luka Mania' comes to a sudden, unexpected end for Dallas Mavericks fans - NBC 5 Dallas-Fort Worth",NBC 5 Dallas-Fort Worth
2025-02-02,“We Had to Keep It Tight”: Mavericks GM Nico Harrison Breaks Down How Doncic Trade Came to be - rg.org,rg.org
2025-02-02,When is the first matchup between Luka Doncic's Lakers and Anthony Davis’ Mavericks? - FanSided,FanSided
2025-02-02,'Dallas will always be home' | Luka Doncic gives emotional goodbye after trade to Lakers - cbs19.tv,cbs19.tv
2025-02-02,The biggest winners and losers of the Luka Doncic-Anthony Davis trade - The Spokesman-Review,The Spokesman-Review
2025-02-02,Luka Doncic Issues Statement After Blockbuster Trade For Anthony Davis Between Mavericks And Lakers - VIBE.com,VIBE.com
2025-02-02,"Video NBA stunned by Luka Doncic trade to Lakers - ABC News - Breaking News, Latest News and Videos","Breaking News, Latest News and Videos"
2025-02-02,Dallas Mavericks make official Luka Doncic announcement after blockbuster trade - Sports Illustrated,Sports Illustrated
2025-02-02,Luka Doncic writes letter to Mavs fans after trade - FOX 4 News Dallas-Fort Worth,FOX 4 News Dallas-Fort Worth
2025-02-02,Miriam Adelson’s Luka trade - TrueHoop,TrueHoop
2025-02-02,Luka Dončić's father rips Mavericks' 'hypocrisy' and 'secrecy' in Lakers trade - FOX Sports,FOX Sports
2025-02-02,Rob Pelinka says Luka Doncic will lead Lakers ‘for years to come’ - Los Angeles Times,Los Angeles Times
2025-02-02,Inside the podcast relationship of Luka Doncic and JJ Redick - Los Angeles Times,Los Angeles Times
2025-02-02,"Mavericks trading Luka Dončić fits team’s vision and culture, Nico Harrison says - The New York Times",The New York Times
2025-02-02,Grade the trade: The Jazz were involved in the Luka-AD deal too - The J-Notes,The J-Notes
2025-02-02,How bad was Luka Dončić deal for Mavericks? Who really 'won' the trade? - FOX Sports,FOX Sports
2025-02-02,Devin Booker trolls Mavericks after Luka Doncic trade to Lakers - ESPN,ESPN
2025-02-02,"Lakers Rumors: 'Optimism' Luka Dončić Will Debut vs. Pacers After Trade, Calf Injury - Bleacher Report",Bleacher Report
2025-02-02,Mavericks Deserve All the Blame for Failing Luka Doncic - Sports Illustrated,Sports Illustrated
2025-02-02,Luka Doncic's Father Rips Dallas Mavericks Over 'Secrecy' Regarding Son's Trade - Yahoo Sports,Yahoo Sports
2025-02-02,Los Angeles Lakers: The Pursuit of Luka Doncic's Co-Star and How LeBron James Factors In - Third Apron,Third Apron
2025-02-02,FOCO Selling Luka Doncic ‘Welcome To Lakers’ Bobblehead - Lakers Nation,Lakers Nation
2025-02-02,ESPN: Mavs Were 'Terrified' of Luka Dončić Supermax Contract Commitment Before Trade - Bleacher Report,Bleacher Report
2025-02-02,Who is new Lakers star Luka Doncic's fiancée Anamaria Goltes? - Sports Illustrated,Sports Illustrated
2025-02-02,What LeBron James and Luka Doncic have said about each other through the years - Yahoo Sports,Yahoo Sports
2025-02-02,Luka Dončić Thanks Mavs After Trade to Lakers: 'I Thought I'd Spend My Career Here' - Bleacher Report,Bleacher Report
2025-02-02,Here's how LeBron James learned Luka Doncic was being traded to LA Lakers - Sports Illustrated,Sports Illustrated
2025-02-02,"Owner of Eddie's Euromart in Dallas heartbroken the Mavs traded favorite customer, Luka Doncic - NBC 5 Dallas-Fort Worth",NBC 5 Dallas-Fort Worth
2025-02-02,Why Jaylen Brown ‘wasn't shocked' by Luka-AD blockbuster - NBC Sports Boston,NBC Sports Boston
2025-02-02,Trade spin: How does the pairing of Luka and LeBron impact fantasy basketball? - The New York Times,The New York Times
2025-02-02,Lakers trade Anthony Davis to Mavericks for Luka Doncic in major NBA shakeup - Reuters,Reuters
2025-02-02,When will Luka Doncic debut for Lakers? Injury update on Los Angeles' newest star - Yahoo Sports,Yahoo Sports
2025-02-02,Luka Doncic Reportedly Didn't Ask Out of Dallas Before Trade to Lakers - Sports Illustrated,Sports Illustrated
2025-02-02,"Mavericks GM willing to accept burden of Luka Doncic trade: 'Ten years from now, they'll probably bury me' - CBS Sports",CBS Sports
2025-02-02,Luka Doncic arrives in Los Angeles - ESPN,ESPN
2025-02-02,"Kristaps Porziņģis, Celtics react to Luka Dončić trade to Lakers: ‘Unbelievable’ - The New York Times",The New York Times
2025-02-02,"Video: Chandler Parsons Says Mark Cuban 'Confused' by Mavs, Lakers' Luka Dončić Trade - Bleacher Report",Bleacher Report
2025-02-02,Luka Doncic's fiancée's worst nightmare realized in Lakers trade with sad new detail - Sports Illustrated,Sports Illustrated
2025-02-02,Luka Doncic's soon-to-be wife Anamaria Goltes sends a message to Mavericks fans after huge trade - Sports Illustrated,Sports Illustrated
2025-02-02,The Dallas Mavericks decision to trade Luka Doncic is malpractice - Deseret News,Deseret News
2025-02-02,How to buy the new Luka Doncic Los Angeles Lakers jersey - Yahoo Sports,Yahoo Sports
2025-02-02,When will Luka Doncic make his Lakers debut? - Yahoo Sports,Yahoo Sports
2025-02-02,The Luka Dončić Trade That Shook the NBA & the 2029 Draft Prospects Who Could Define Its Legacy - NBA Big Board | Rafael Barlowe,NBA Big Board | Rafael Barlowe
2025-02-02,Lakers Plan For Luka Doncic Debut Revealed: Report - Sports Illustrated,Sports Illustrated
2025-02-02,Rachel Nichols on Dallas Mavericks trading Luka Doncic to the Lakers | The Herd - FOX Sports,FOX Sports
2025-02-02,"NBA world, Lakers fans react to shocking Anthony Davis-Luka Doncic trade - FOX 11 Los Angeles",FOX 11 Los Angeles
2025-02-02,Luka Doncic is ghosting Dallas Mavericks after trade to LA Lakers - Sports Illustrated,Sports Illustrated
2025-02-02,Luka Doncic breaks silence following trade from Dallas Mavericks: ‘I wanted so badly to bring you a championship’ - CNN,CNN
2025-02-02,Fallout from shocking Lakers-Mavericks trade after L.A. acquires Luka Doncic from Dallas for Anthony Davis - CBS Sports,CBS Sports
2025-02-02,Luka Doncic Father Slams Mavs Following Trade to Lakers - Sports Illustrated,Sports Illustrated
2025-02-02,"10 Draft Picks Traded in Luka Doncic, De’Aaron Fox Deals - Sports Illustrated",Sports Illustrated
2025-02-02,Luka Doncic Had Reportedly Just Closed On A $15 Million Dollar House In Dallas And Cried When He Found Out About The Trade - Barstool Sports,Barstool Sports
2025-02-02,Mavericks fans protest Luka Doncic-Lakers trade outside of American Airlines Center - Sports Illustrated,Sports Illustrated
2025-02-02,Luka to the Lakers had celebrities talking: ‘I’m happy and miserable at the same time’ - The New York Times,The New York Times
2025-02-03,"Luka Doncic excited to join Lakers, says trade was a 'big shock' - ESPN",ESPN
2025-02-03,"Luka Dončić is now the Lakers' latest franchise player, but it's clear the superstar will need a bit to feel right at home - Yahoo Sports",Yahoo Sports
2025-02-03,Plaschke: Luka Doncic joins Lakers with bad baggage … and that’s a good thing - Los Angeles Times,Los Angeles Times
2025-02-03,"When will Luka Doncic debut with the Lakers? Soon, but not before his calf strain is totally healed - AP News",AP News
2025-02-03,Processing the Luka Dončić trade as a lifelong Dallas Mavericks fan - Mavs Moneyball,Mavs Moneyball
2025-02-03,"No But Seriously, Why Did The Mavericks Trade Luka? - Defector",Defector
2025-02-03,"Congrats on Joining the Lakers, Luka Doncic. You Just Lost $32 Million. - WSJ",WSJ
2025-02-03,Watch: Luka Doncic arrives in Los Angeles after shocking trade to the Lakers - WFAA,WFAA
2025-02-03,"Luka Doncic, blindsided by Mavericks trade, is now embracing life with the Lakers - FOX Sports",FOX Sports
2025-02-03,Is Luka Doncic playing tonight against the Clippers? - FOX 11 Los Angeles,FOX 11 Los Angeles
2025-02-03,'Unfathomable': How this stunning Luka Doncic-Anthony Davis trade came together - ESPN,ESPN
2025-02-03,"Lakers' Luka Dončić wants to 'take the high road,' says playing with LeBron James is a 'dream come true' after Mavs trade - Yahoo Sports",Yahoo Sports
2025-02-03,‘Imagine how I felt’: Luka Doncic surprised he was traded to Lakers - Los Angeles Times,Los Angeles Times
2025-02-03,Trending Topics: What does Anthony Davis-for-Luka Dončić deal mean for Lakers? - NBA.com,NBA.com
2025-02-03,'[Dallas] was home' | Luka Doncic speaks at first press conference as a Los Angeles Laker - WFAA,WFAA
2025-02-03,Luka Doncic's father calls out Mavericks after Lakers trade - ESPN,ESPN
2025-02-03,Trending Topics: What does Luka Dončić-for-Anthony Davis deal mean for Mavs? - NBA.com,NBA.com
2025-02-03,Is Luka Doncic 230 or 260 pounds? Magic Johnson says new Laker must take 'conditioning seriously' - Yahoo Sports,Yahoo Sports
2025-02-03,Luka Doncic at Lakers press conference: Trade from Mavs 'a big shock' - FOX 4 News Dallas-Fort Worth,FOX 4 News Dallas-Fort Worth
2025-02-03,Lakers News: Magic Johnson Reacts To Luka Doncic Trade - Lakers Nation,Lakers Nation
2025-02-03,‘Unprecedented’: Luka Dončić trade earthquake felt far beyond Dallas - Texas Standard,Texas Standard
2025-02-03,Which is worse: the Luka Doncic trade or the Mookie Betts trade? - Over the Monster,Over the Monster
2025-02-03,When will Luka Dončić make his Lakers debut? J.J. Redick provides new update - NBC Los Angeles,NBC Los Angeles
2025-02-03,"Luka Dončić says Lakers trade from Mavericks was ""big shock"": ""I had to check if it was April 1st"" - CBS News",CBS News
2025-02-03,NBA Executives Reportedly 'Furious' Luka Doncic Was Only Offered to Lakers in Trade: Report - Sports Illustrated,Sports Illustrated
2025-02-03,The Luka Doncic Trade Baffles NBA Execs: “The Return Sucks” - The Ringer,The Ringer
2025-02-03,Luka Dončić Is a Laker - NBA.com,NBA.com
2025-02-03,Luka Doncic net worth: How much is the Lakers' newest superstar worth? - Sports Illustrated,Sports Illustrated
2025-02-03,Mavs Axed Multiple Staffers Luka Doncic 'Liked' in Desperation for Conditioning Changes - Sports Illustrated,Sports Illustrated
2025-02-03,Does the Luka Dončić deal signal the end of the player empowerment era? - The New York Times,The New York Times
2025-02-03,Kyrie Irving 'grieving' after Doncic trade: 'Miss my hermano' - ESPN,ESPN
2025-02-03,Luka Dončić Press Conference | Los Angeles Lakers - NBA.com,NBA.com
2025-02-03,"Luka Doncic 'Just Bought a $15 Million House' in Dallas Days Before Surprise Trade to Lakers, Ex-NBA Player Claims - Realtor.com",Realtor.com
2025-02-03,"Luka Doncic, Anthony Davis are NBA’s latest chess board pieces - Andscape",Andscape
2025-02-03,The Real Estate Angle of That Luka Dončić Trade - CandysDirt.com,CandysDirt.com
2025-02-03,New Lakers star Luka Doncic calls trade from Mavericks 'a big shock' - NBC News,NBC News
2025-02-03,Luka Doncic speaks to Mavs fans during Lakers introductory press conference - WFAA,WFAA
2025-02-03,Eerie 2022 Tweet Predicting Luka Doncic Trade Goes Viral - FOX Sports Radio,FOX Sports Radio
2025-02-03,Mavericks reportedly refund season ticket holders after Luka Dončić trade - Yahoo Sports,Yahoo Sports
2025-02-03,Luka Doncic introduced by Lakers: 'I wish Kobe and Gigi were here to see this moment' - FOX 11 Los Angeles,FOX 11 Los Angeles
2025-02-03,"Anthony Davis 'shocked' upon hearing of Luka Doncic trade, ready to play with Mavericks - Yahoo Sports",Yahoo Sports
2025-02-03,T'Wolves' Anthony Edwards on shocking Luka Dončić trade: 'You don't just trade him at 25' - Yahoo Sports,Yahoo Sports
2025-02-03,Luka Dončić Lands in La La Land: Lakers Pull Off Historic Trade - Sneaker Freaker,Sneaker Freaker
2025-02-03,"‘Luka Mania' comes to a sudden, unexpected end for Dallas Mavericks fans - NBC 5 Dallas-Fort Worth",NBC 5 Dallas-Fort Worth
2025-02-03,“We Had to Keep It Tight”: Mavericks GM Nico Harrison Breaks Down How Doncic Trade Came to be - rg.org,rg.org
2025-02-03,When is the first matchup between Luka Doncic's Lakers and Anthony Davis’ Mavericks? - FanSided,FanSided
2025-02-03,Mass Exit: Mavericks feeling consequences from fanbase over baffling Luka Doncic trade - Sports Illustrated,Sports Illustrated
2025-02-03,'Dallas will always be home' | Luka Doncic gives emotional goodbye after trade to Lakers - cbs19.tv,cbs19.tv
2025-02-03,Doncic releases emotional farewell message to Dallas after trade sends him to Lakers - KBTX News 3,KBTX News 3
2025-02-03,Luka Doncic Issues Statement After Blockbuster Trade For Anthony Davis Between Mavericks And Lakers - VIBE.com,VIBE.com
2025-02-03,Mavericks Lowered Their Asking Price for Luka Doncic Trade After Lakers Pushed Back - Sports Illustrated,Sports Illustrated
2025-02-03,Luka Doncic is excited to join the Lakers after the shock of his stunning trade away from Dallas - Spectrum News,Spectrum News
2025-02-03,"Video NBA stunned by Luka Doncic trade to Lakers - ABC News - Breaking News, Latest News and Videos","Breaking News, Latest News and Videos"
2025-02-03,Miriam Adelson’s Luka trade - TrueHoop,TrueHoop
2025-02-03,Luka Dončić's father rips Mavericks' 'hypocrisy' and 'secrecy' in Lakers trade - FOX Sports,FOX Sports
2025-02-03,Inside the podcast relationship of Luka Doncic and JJ Redick - Los Angeles Times,Los Angeles Times
2025-02-03,Luka Dončić Starts His Lakers Career With a Bananas Royal Oak - GQ,GQ
2025-02-03,Grade the trade: The Jazz were involved in the Luka-AD deal too - The J-Notes,The J-Notes
2025-02-03,The Secret Culprit in the Luka-A.D. Trade - Puck,Puck
2025-02-03,How bad was Luka Dončić deal for Mavericks? Who really 'won' the trade? - FOX Sports,FOX Sports
2025-02-03,"Lakers Rumors: 'Optimism' Luka Dončić Will Debut vs. Pacers After Trade, Calf Injury - Bleacher Report",Bleacher Report
2025-02-03,Luka Doncic's Father Rips Dallas Mavericks Over 'Secrecy' Regarding Son's Trade - Yahoo Sports,Yahoo Sports
2025-02-03,Los Angeles Lakers: The Pursuit of Luka Doncic's Co-Star and How LeBron James Factors In - Third Apron,Third Apron
2025-02-03,FOCO Selling Luka Doncic ‘Welcome To Lakers’ Bobblehead - Lakers Nation,Lakers Nation
2025-02-03,"Luka Doncic makes first appearance with Los Angeles Lakers, says transition was ""emotionally really hard"" - CBS News",CBS News
2025-02-03,ESPN: Mavs Were 'Terrified' of Luka Dončić Supermax Contract Commitment Before Trade - Bleacher Report,Bleacher Report
2025-02-03,ESPN report details growing frustration between Mavs and Luka | 5 things we learned - WFAA,WFAA
2025-02-03,"Owner of Eddie's Euromart in Dallas heartbroken the Mavs traded favorite customer, Luka Doncic - NBC 5 Dallas-Fort Worth",NBC 5 Dallas-Fort Worth
2025-02-03,Why Jaylen Brown ‘wasn't shocked' by Luka-AD blockbuster - NBC Sports Boston,NBC Sports Boston
2025-02-03,Mark Cuban Says He Did Not Know About Luka Dončić Trade - Front Office Sports,Front Office Sports
2025-02-03,Dallas Mavericks lose nearly 1 million Instagram followers after trading Luka Dončić to Lakers - FOX 4 News Dallas-Fort Worth,FOX 4 News Dallas-Fort Worth
2025-02-03,"Luka Dončić ‘ecstatic’ to join Lakers, ready for ‘long-term future’ in Los Angeles - Silver Screen and Roll",Silver Screen and Roll
2025-02-03,When will Luka Doncic debut for Lakers? Injury update on Los Angeles' newest star - Yahoo Sports,Yahoo Sports
2025-02-03,Luka Dončić on shock of trade to Los Angeles Lakers: ‘Imagine how surprised I was’ - CNN,CNN
2025-02-03,Luka Doncic Had Saddest Line About How He Felt After Being Traded to Lakers - Sports Illustrated,Sports Illustrated
2025-02-03,Luka Doncic: 'Excited for this new journey' with Lakers - Reuters,Reuters
2025-02-03,Luka Dončić pens emotional farewell to Dallas after shocking trade to Lakers - KXXV,KXXV
2025-02-03,"Kristaps Porziņģis, Celtics react to Luka Dončić trade to Lakers: ‘Unbelievable’ - The New York Times",The New York Times
2025-02-03,“LA is amazing for me” – Luka Doncic on Los Angeles after visiting the city as a teenager - Basketball Network,Basketball Network
2025-02-03,"Video: Chandler Parsons Says Mark Cuban 'Confused' by Mavs, Lakers' Luka Dončić Trade - Bleacher Report",Bleacher Report
2025-02-03,Luka Doncic's fiancée's worst nightmare realized in Lakers trade with sad new detail - Sports Illustrated,Sports Illustrated
2025-02-03,Luka Doncic's first comments on Lakers trade - Lakers Nation,Lakers Nation
2025-02-03,Luka Doncic's soon-to-be wife Anamaria Goltes sends a message to Mavericks fans after huge trade - Sports Illustrated,Sports Illustrated
2025-02-03,Lakers Welcome Luka Doncic to L.A. After Blockbuster Trade With Electrifying Hype Video - Sports Illustrated,Sports Illustrated
2025-02-03,"Swanson: Luka Doncic will love L.A., eventually - Orange County Register",Orange County Register
2025-02-03,'Dream come true'... Luka Doncic reacts to playing with LeBron James on Lakers - Sports Illustrated,Sports Illustrated
2025-02-03,How to buy the new Luka Doncic Los Angeles Lakers jersey - Yahoo Sports,Yahoo Sports
2025-02-03,"Mavericks offering refunds after Luka Doncic trade, fans say - NBC 5 Dallas-Fort Worth",NBC 5 Dallas-Fort Worth
2025-02-03,New Lakers star Luka Doncic is not overweight in light-gray sweater for LA intro fit - Sports Illustrated,Sports Illustrated
2025-02-03,Some Dallas Mavericks season ticket holders offered refunds after Luka Doncic trade - FOX 4 News Dallas-Fort Worth,FOX 4 News Dallas-Fort Worth
2025-02-03,Anthony Davis comments for first time after blockbuster trade from Lakers to Mavericks in exchange for Luka Dončić - CNN,CNN
2025-02-03,Rob Pelinka Details Lakers Opening Plan for Luka Doncic Injury Return - Sports Illustrated,Sports Illustrated
2025-02-03,When will Luka Doncic make his Lakers debut? - Yahoo Sports,Yahoo Sports
2025-02-03,The Luka Dončić Trade That Shook the NBA & the 2029 Draft Prospects Who Could Define Its Legacy - NBA Big Board | Rafael Barlowe,NBA Big Board | Rafael Barlowe
2025-02-03,Rachel Nichols on Dallas Mavericks trading Luka Doncic to the Lakers | The Herd - FOX Sports,FOX Sports
2025-02-03,"NBA world, Lakers fans react to shocking Anthony Davis-Luka Doncic trade - FOX 11 Los Angeles",FOX 11 Los Angeles
2025-02-03,'That's not true' ... Luka Doncic shuts down Mavericks rumors about conditioning after Lakers trade - Sports Illustrated,Sports Illustrated
2025-02-03,Fallout from shocking Lakers-Mavericks trade after L.A. acquires Luka Doncic from Dallas for Anthony Davis - CBS Sports,CBS Sports
2025-02-03,"10 Draft Picks Traded in Luka Doncic, De’Aaron Fox Deals - Sports Illustrated",Sports Illustrated
2025-02-03,Luka Doncic Had Reportedly Just Closed On A $15 Million Dollar House In Dallas And Cried When He Found Out About The Trade - Barstool Sports,Barstool Sports
2025-02-04,"Luka Doncic excited to join Lakers, says trade was a 'big shock' - ESPN",ESPN
2025-02-04,Luka Doncic 'excited' to join the Lakers after ‘big shock’ trade away from Mavericks - olympics.com,olympics.com
2025-02-04,"Luka Dončić is now the Lakers' latest franchise player, but it's clear the superstar will need a bit to feel right at home - Yahoo Sports",Yahoo Sports
2025-02-04,"When will Luka Doncic debut with the Lakers? Soon, but not before his calf strain is totally healed - AP News",AP News
2025-02-04,"The Luka Dončić trade controversy, explained for people who simply love mess - vox.com",vox.com
2025-02-04,‘Imagine how I felt’: Luka Doncic surprised he was traded to Lakers - Los Angeles Times,Los Angeles Times
2025-02-04,"When will Luka Doncic make his debut? Lakers star to play Indiana Pacers Saturday, Feb. 8 on ESPN and Disney+ - 6abc Philadelphia",6abc Philadelphia
2025-02-04,"Luka Doncic arrives in L.A., and the Lakers have championship dreams again - The Washington Post",The Washington Post
2025-02-04,"Congrats on Joining the Lakers, Luka Doncic. You Just Lost $32 Million. - WSJ",WSJ
2025-02-04,'[Dallas] was home' | Luka Doncic speaks at first press conference as a Los Angeles Laker - WFAA,WFAA
2025-02-04,Dallas Mavericks confirm Luka Doncic to Lakers in shocking NBA blockbuster - CBS News,CBS News
2025-02-04,"Luka Doncic, blindsided by Mavericks trade, is now embracing life with the Lakers - FOX Sports",FOX Sports
2025-02-04,Is Luka Doncic playing tonight against the Clippers? - FOX 11 Los Angeles,FOX 11 Los Angeles
2025-02-04,"Lakers' Luka Dončić wants to 'take the high road,' says playing with LeBron James is a 'dream come true' after Mavs trade - Yahoo Sports",Yahoo Sports
2025-02-04,"LeBron James stunned by trade of Anthony Davis, but calls Luka Dončić his 'favorite player' - NBA.com",NBA.com
2025-02-04,Dorian Finney-Smith jokes about saving No. 77 for Luka Doncic - ESPN,ESPN
2025-02-04,"Luka Doncic fan launches billboard campaign for Mavericks' management: ""Dallas deserves better"" - CBS News",CBS News
2025-02-04,"5 takeaways: Luka Dončić to L.A., Anthony Davis to Dallas in stunning trade - NBA.com",NBA.com
2025-02-04,LeBron James Had Two-Word Message About New Partnership With Luka Doncic - Sports Illustrated,Sports Illustrated
2025-02-04,LeBron James on hearing of Lakers' Luka Dončić trade: 'I thought it was a hoax' - Yahoo Sports,Yahoo Sports
2025-02-04,Luka Doncic at Lakers press conference: Trade from Mavs 'a big shock' - FOX 4 News Dallas-Fort Worth,FOX 4 News Dallas-Fort Worth
2025-02-04,"Business of Luka: How Luka Dončić's trade to the Lakers has impacted ticket pricing, jersey sales and collectibles - Yahoo Sports",Yahoo Sports
2025-02-04,"How will Luka trade to Lakers impact hobby, Doncic trading cards? - Sports Collectors Digest",Sports Collectors Digest
2025-02-04,When will Luka Dončić make his Lakers debut? J.J. Redick provides new update - NBC Los Angeles,NBC Los Angeles
2025-02-04,Does the Luka Dončić deal signal the end of the player empowerment era? - The New York Times,The New York Times
2025-02-04,Fans say Mavericks offering refunds after Luka Doncic trade - ESPN,ESPN
2025-02-04,"Luka Dončić says Lakers trade from Mavericks was ""big shock"": ""I had to check if it was April 1st"" - CBS News",CBS News
2025-02-04,NBA Executives Reportedly 'Furious' Luka Doncic Was Only Offered to Lakers in Trade: Report - Sports Illustrated,Sports Illustrated
2025-02-04,Luka Dončić Is a Laker - NBA.com,NBA.com
2025-02-04,Kings captain Anze Kopitar welcomes fellow Slovenian Luka Doncic to L.A. - Yahoo Sports,Yahoo Sports
2025-02-04,Kyrie Irving 'grieving' after Doncic trade: 'Miss my hermano' - ESPN,ESPN
2025-02-04,Luka Dončić Press Conference | Los Angeles Lakers - NBA.com,NBA.com
2025-02-04,Meet Luka Doncic’s dad Sasa Doncic – who’s furious with the Dallas Mavericks - South China Morning Post,South China Morning Post
2025-02-04,ESPN To Air Lakers-Pacers Game To Accommodate Potential Luka Doncic Debut - Lakers Nation,Lakers Nation
2025-02-04,New Lakers star Luka Doncic calls trade from Mavericks 'a big shock' - NBC News,NBC News
2025-02-04,Luka Doncic speaks to Mavs fans during Lakers introductory press conference - WFAA,WFAA
2025-02-04,"LeBron James, shocked by Doncic trade, sees 'seamless transition' - ESPN",ESPN
2025-02-04,Luka Doncic introduced by Lakers: 'I wish Kobe and Gigi were here to see this moment' - FOX 11 Los Angeles,FOX 11 Los Angeles
2025-02-04,Mavericks reportedly refund season ticket holders after Luka Dončić trade - Yahoo Sports,Yahoo Sports
2025-02-04,"Anthony Davis 'shocked' upon hearing of Luka Doncic trade, ready to play with Mavericks - Yahoo Sports",Yahoo Sports
2025-02-04,Daniel Gafford hurt emotionally after Mavericks traded Luka Doncic to Lakers - Sports Illustrated,Sports Illustrated
2025-02-04,T'Wolves' Anthony Edwards on shocking Luka Dončić trade: 'You don't just trade him at 25' - Yahoo Sports,Yahoo Sports
2025-02-04,Mass Exit: Mavericks feeling consequences from fanbase over baffling Luka Doncic trade - Sports Illustrated,Sports Illustrated
2025-02-04,Mavericks Lowered Their Asking Price for Luka Doncic Trade After Lakers Pushed Back - Sports Illustrated,Sports Illustrated
2025-02-04,LeBron James excited by 'special' Luka Doncic link up at LA Lakers - BBC,BBC
2025-02-04,Lakers HC JJ Redick Hints at Major Starting Lineup Changes Around Luka Doncic - Sports Illustrated,Sports Illustrated
2025-02-04,Lakers Center Calls Out Mavericks for 'Disrespectful' Luka Doncic Criticism - Sports Illustrated,Sports Illustrated
2025-02-04,Luka Dončić Starts His Lakers Career With a Bananas Royal Oak - GQ,GQ
2025-02-04,The Secret Culprit in the Luka-A.D. Trade - Puck,Puck
2025-02-04,"Luka Doncic could make his Lakers debut as early as Saturday, coach JJ Redick says - Spectrum News",Spectrum News
2025-02-04,"Luka Doncic makes first appearance with Los Angeles Lakers, says transition was ""emotionally really hard"" - CBS News",CBS News
2025-02-04,What did Luka Doncic's body language tell us during his press conference? We asked an expert - WFAA,WFAA
2025-02-04,Luka Doncic: 'Excited for this new journey' with Lakers - Reuters,Reuters
2025-02-04,Luka Doncic could debut with Lakers on Saturday - Los Angeles Times,Los Angeles Times
2025-02-04,ESPN report details growing frustration between Mavs and Luka | 5 things we learned - WFAA,WFAA
2025-02-04,Why Draymond believes Mavericks won stunning Luka-AD trade - NBC Sports Bay Area & California,NBC Sports Bay Area & California
2025-02-04,Mark Cuban Says He Did Not Know About Luka Dončić Trade - Front Office Sports,Front Office Sports
2025-02-04,Dallas Mavericks lose nearly 1 million Instagram followers after trading Luka Dončić to Lakers - FOX 4 News Dallas-Fort Worth,FOX 4 News Dallas-Fort Worth
2025-02-04,Luka Dončić on shock of trade to Los Angeles Lakers: ‘Imagine how surprised I was’ - CNN,CNN
2025-02-04,Luka Doncic Had Saddest Line About How He Felt After Being Traded to Lakers - Sports Illustrated,Sports Illustrated
2025-02-04,"Mavericks offering refunds after Luka Doncic trade, fans say - NBC 5 Dallas-Fort Worth",NBC 5 Dallas-Fort Worth
2025-02-04,LeBron James says he initially thought Luka Dončić’s Lakers trade was a hoax - The Guardian,The Guardian
2025-02-04,Luka Dončić pens emotional farewell to Dallas after shocking trade to Lakers - KXXV,KXXV
2025-02-04,“LA is amazing for me” – Luka Doncic on Los Angeles after visiting the city as a teenager - Basketball Network,Basketball Network
2025-02-04,Watch: Luka Dončić practices for first time with Lakers. When is his first game? - NBC Los Angeles,NBC Los Angeles
2025-02-04,Luka Doncic's first comments on Lakers trade - Lakers Nation,Lakers Nation
2025-02-04,Kings captain Anze Kopitar welcomes fellow Slovenian Luka Doncic to L.A. - Los Angeles Times,Los Angeles Times
2025-02-04,Lakers Welcome Luka Doncic to L.A. After Blockbuster Trade With Electrifying Hype Video - Sports Illustrated,Sports Illustrated
2025-02-04,"Swanson: Luka Doncic will love L.A., eventually - Orange County Register",Orange County Register
2025-02-04,'Dream come true'... Luka Doncic reacts to playing with LeBron James on Lakers - Sports Illustrated,Sports Illustrated
2025-02-04,New Lakers star Luka Doncic is not overweight in light-gray sweater for LA intro fit - Sports Illustrated,Sports Illustrated
2025-02-04,Some Dallas Mavericks season ticket holders offered refunds after Luka Doncic trade - FOX 4 News Dallas-Fort Worth,FOX 4 News Dallas-Fort Worth
2025-02-04,Anthony Davis comments for first time after blockbuster trade from Lakers to Mavericks in exchange for Luka Dončić - CNN,CNN
2025-02-04,Rob Pelinka Details Lakers Opening Plan for Luka Doncic Injury Return - Sports Illustrated,Sports Illustrated
2025-02-04,'Unfathomable': How this stunning Luka Doncic-Anthony Davis trade came together - ESPN,ESPN
2025-02-04,'That's not true' ... Luka Doncic shuts down Mavericks rumors about conditioning after Lakers trade - Sports Illustrated,Sports Illustrated
2025-02-04,Anthony Davis-for-Luka Dončić deal headlines 15 stunning trades in NBA history - NBA.com,NBA.com
2025-02-04,Windhorst: 'Not a Guarantee' Luka Dončić Signs New Lakers Contract in NBA Free Agency - Bleacher Report,Bleacher Report
2025-02-04,JJ Redick Explains Relationship With Luka Doncic: 'It Gives Us Both a Head Start' - Sports Illustrated,Sports Illustrated
2025-02-04,Luka Dončić admits learning of shock trade to Lakers was ‘really hard’ - The Guardian,The Guardian
2025-02-04,Mavericks receive abysmal grade for trading Luka Doncic to Los Angeles Lakers - Sports Illustrated,Sports Illustrated
2025-02-04,Timberwolves star Anthony Edwards feels bad for Luka Doncic after Mavericks-Lakers trade - Sports Illustrated,Sports Illustrated
2025-02-04,Lakers News: Markieff Morris Pushes Back Against Luka Doncic Disrespect - Lakers Nation,Lakers Nation
2025-02-04,LeBron James Called Luka Doncic Shortly After Trade To Lakers - Lakers Nation,Lakers Nation
2025-02-04,Dwyane Wade Floats Back Channel Theory for NBA in Luka Doncic Trade to Lakers - Sports Illustrated,Sports Illustrated
2025-02-04,Luka Doncic Had Hilarious Line About Being Teammates With His New Coach JJ Redick - Sports Illustrated,Sports Illustrated
2025-02-04,Heartbroken by Luka Doncic trade? Here's how to cope - Dallas News,Dallas News
2025-02-04,ESPN NBA Schedule Update: Los Angeles Lakers Host Indiana Pacers on February 8 in Luka Dončić's Expected Lakers Debut - ESPN Press Room,ESPN Press Room
2025-02-04,Lakers News: Luka Doncic’s Father Unhappy With Treatment From Mavericks - Lakers Nation,Lakers Nation
2025-02-04,Luka Doncic's teammate defended the superstar amid reports of conditioning issues - WFAA,WFAA
2025-02-04,Mark Cuban Reveals Exactly When He Learned Mavericks Were Trading Luka Doncic - Sports Illustrated,Sports Illustrated
2025-02-04,"Mavericks offering refunds after Luka Doncic trade, fans say - Yahoo Sports",Yahoo Sports
2025-02-04,Hernández: How committed is LeBron James to the Lakers after Luka Doncic trade? - Los Angeles Times,Los Angeles Times
2025-02-04,LeBron James called Luka Doncic ‘right away’ to welcome him to Lakers after trade - Lakers Daily,Lakers Daily
2025-02-04,"Lakers introduce Luka Doncic as new face of franchise, saying a lot about team's future and LeBron's present - CBS Sports",CBS Sports
2025-02-04,"Luka Doncic 'Doesn't Know Why' Nico Harrison, Mavericks Dealt him to LA Lakers - Sports Illustrated",Sports Illustrated
2025-02-04,Luka Doncic is excited to join the Lakers after the shock of his stunning trade away from Dallas - The Seattle Times,The Seattle Times
2025-02-04,Luka Doncic heads to the Lakers and Anthony Davis goes to the Mavs in blockbuster trade - The Durango Herald,The Durango Herald
2025-02-04,What does Luka Dončić’s trade to the Lakers do for his basketball cards? - The New York Times,The New York Times
2025-02-04,How Much Will Luka Doncic Earn With the Lakers? - beIN SPORTS,beIN SPORTS
2025-02-05,Luka Doncic 'excited' to join the Lakers after ‘big shock’ trade away from Mavericks - olympics.com,olympics.com
2025-02-05,"The Luka Dončić trade controversy, explained for people who simply love mess - vox.com",vox.com
2025-02-05,Why did Luka Dončić get traded? Rating the top 5 theories based on believability - Yahoo Sports,Yahoo Sports
2025-02-05,"When will Luka Doncic make his debut? Lakers star to play Indiana Pacers Saturday, Feb. 8 on ESPN and Disney+ - 6abc Philadelphia",6abc Philadelphia
2025-02-05,"LeBron James stunned by trade of Anthony Davis, but calls Luka Dončić his 'favorite player' - NBA.com",NBA.com
2025-02-05,Dorian Finney-Smith jokes about saving No. 77 for Luka Doncic - ESPN,ESPN
2025-02-05,"Luka Doncic arrives in L.A., and the Lakers have championship dreams again - The Washington Post",The Washington Post
2025-02-05,"Luka Doncic fan launches billboard campaign for Mavericks' management: ""Dallas deserves better"" - CBS News",CBS News
2025-02-05,"How will Luka trade to Lakers impact hobby, Doncic trading cards? - Sports Collectors Digest",Sports Collectors Digest
2025-02-05,NBA superstar Luka Doncic will miss out on a $345 million contract due to being traded—how he could get some of that money back - CNBC,CNBC
2025-02-05,Slovenia reacts to the shocking Luka Doncic trade - WFAA,WFAA
2025-02-05,How did Mavs go from NBA Finals to trading Luka Dončić in under a year? - The New York Times,The New York Times
2025-02-05,Luka Doncic's love of playing with Mavericks' centers influenced latest Lakers trade - Sports Illustrated,Sports Illustrated
2025-02-05,Meet Luka Doncic’s dad Sasa Doncic – who’s furious with the Dallas Mavericks - South China Morning Post,South China Morning Post
2025-02-05,ESPN To Air Lakers-Pacers Game To Accommodate Potential Luka Doncic Debut - Lakers Nation,Lakers Nation
2025-02-05,"5 takeaways: Luka Dončić to L.A., Anthony Davis to Dallas in stunning trade - NBA.com",NBA.com
2025-02-05,Source: Lakers targeting Monday for Luka Doncic's debut - ESPN,ESPN
2025-02-05,LeBron James on hearing of Lakers' Luka Dončić trade: 'I thought it was a hoax' - Yahoo Sports,Yahoo Sports
2025-02-05,"Luka Doncic's move highlights luxury market gap between Dallas, LA - WFAA",WFAA
2025-02-05,Kings captain Anze Kopitar welcomes fellow Slovenian Luka Doncic to L.A. - Yahoo Sports,Yahoo Sports
2025-02-05,COLUMN: Luka Doncic trade to Lakers is slap in face to Mavericks fans - The Daily Targum,The Daily Targum
2025-02-05,Austin Reaves Excited To See What Lakers Look Like With Luka Doncic On Court - Lakers Nation,Lakers Nation
2025-02-05,"LeBron James, shocked by Doncic trade, sees 'seamless transition' - ESPN",ESPN
2025-02-05,Daniel Gafford hurt emotionally after Mavericks traded Luka Doncic to Lakers - Sports Illustrated,Sports Illustrated
2025-02-05,Why Draymond believes Mavericks won stunning Luka-AD trade - NBC Sports Bay Area & California,NBC Sports Bay Area & California
2025-02-05,LeBron James excited by 'special' Luka Doncic link up at LA Lakers - BBC,BBC
2025-02-05,Lakers Center Calls Out Mavericks for 'Disrespectful' Luka Doncic Criticism - Sports Illustrated,Sports Illustrated
2025-02-05,"Luka Doncic could make his Lakers debut as early as Saturday, coach JJ Redick says - Spectrum News",Spectrum News
2025-02-05,What did Luka Doncic's body language tell us during his press conference? We asked an expert - WFAA,WFAA
2025-02-05,'I love our fans. I love our team. I love Luka': Former Mavs CEO reflects on Luka Doncic's career with the team - WFAA,WFAA
2025-02-05,Luka Doncic could debut with Lakers on Saturday - Los Angeles Times,Los Angeles Times
2025-02-05,‘Puka Doncic’ Says Luka Trade a Win for Jordan Brand - Sportico.com,Sportico.com
2025-02-05,Dallas steakhouse Nick & Sam's to keep steak named after former Dallas Mavericks star Luka Doncic on the menu - CBS News,CBS News
2025-02-05,L.A. native upset Luka Doncic is a Laker. He's raising money to protest trade with billboards in Dallas - Los Angeles Times,Los Angeles Times
2025-02-05,Anthony Davis-for-Luka Dončić deal headlines 15 stunning trades in NBA history - NBA.com,NBA.com
2025-02-05,Heartbroken by Luka Doncic trade? Here's how to cope - Dallas News,Dallas News
2025-02-05,Luka Doncic's teammate defended the superstar amid reports of conditioning issues - WFAA,WFAA
2025-02-05,Luka Doncic is excited to join the Lakers after the shock of his trade - timesleaderonline.com,timesleaderonline.com
2025-02-05,Hernández: How committed is LeBron James to the Lakers after Luka Doncic trade? - Los Angeles Times,Los Angeles Times
2025-02-05,"The Rondo, sport crossover edition: What's the Luka Doncic trade equivalent in football? What's a soccer comparison of Philadelphia Eagles vs Kansas City Chiefs in Super Bowl? - Goal.com",Goal.com
2025-02-05,Lakers News: Tyronn Lue Laughs At Idea That LeBron James & Luka Doncic Won’t Work - Lakers Nation,Lakers Nation
2025-02-05,Fans say Mavericks offering refunds after Luka Doncic trade - ESPN,ESPN
2025-02-05,Making sense of how Austin Reaves fits with Luka Doncic's Lakers—if he still does - Lake Show Life,Lake Show Life
2025-02-05,"Luka Doncic is now more likely to make his Lakers debut on Monday, JJ Redick says - CBS News",CBS News
2025-02-05,Luka to the Lakers or Malott brunch to Pomona: NBA trades in 5C terms - The Student Life,The Student Life
2025-02-05,Here's what Kyrie Irving said about the Luka Doncic trade in his first comments since the move - WFAA,WFAA
2025-02-05,The huge amount of money Luka Doncic loses in taxes by trading Mavericks for Lakers - MARCA,MARCA
2025-02-05,LeBron James shares reaction to Lakers acquiring Luka Doncic from Mavericks - USA Today,USA Today
2025-02-05,3 things that should excite Lakers fans from Luka Doncic's introductory press conference - FanSided,FanSided
2025-02-05,One of Luka's favorite Dallas restaurants is keeping his signature dish on the menu - WFAA,WFAA
2025-02-05,When will Luka Doncic play his next game? Latest injury report on the Lakers’ newest star player’s return - Diario AS,Diario AS
2025-02-05,'Optimism' Luka Doncic Could Play First Lakers Game vs Pacers - Sports Illustrated,Sports Illustrated
2025-02-05,Mavericks' Kyrie Irving on Luka Doncic trade: 'It's still a grieving process right now' - USA Today,USA Today
2025-02-05,"""Fat Luka is better than 99.9% of all guards in the league"" - Shaq thinks trading a generational talent because of weight is lame - Basketball Network",Basketball Network
2025-02-05,Why Luka Dončić trade is considered 'a seismic event in NBA history' - Australian Broadcasting Corporation,Australian Broadcasting Corporation
2025-02-05,Luka Doncic and LeBron James share court for first time together as they move past NBA-altering trade - MARCA,MARCA
2025-02-05,ESPN in major broadcasting change for Luka Doncic's LA Lakers debut with key college basketball game moved - the-sun.com,the-sun.com
2025-02-05,Bronny James displays out of place behavior amid Luka Doncic trade drama on the Lakers' bench - MARCA,MARCA
2025-02-05,‘Utterly embarrassed’ - Bronny James gets into it with fan next to bemused Luka Doncic before hitting NBA first - talkSPORT,talkSPORT
2025-02-05,When will Luka Doncic make his debut for the Lakers? What we know about his injury. - USA Today,USA Today
2025-02-05,"Ex-Michigan State guard, part of Lakers’ Luka Doncic trade, impresses Mavs - MLive.com",MLive.com
2025-02-05,"Nike releases its first Luka Doncic Los Angeles Lakers jersey, here's how to buy - USA Today",USA Today
2025-02-05,Luka Doncic hungry for titles after shock Los Angeles Lakers trade - The Straits Times,The Straits Times
2025-02-05,LeBron James had 1 message to Luka Doncic as he attended his first game as a Laker - USA Today,USA Today
2025-02-05,Who is Luka Doncic's Fiancée? Exploring the Personal Life of Los Angeles Lakers' Star Player - The Times of India,The Times of India
2025-02-05,"‘It’s not true’: Luka slams explosive trade claim, reveals LeBron’s phone call - Fox Sports",Fox Sports
2025-02-05,How bombshell trade exposed NBA ‘double standard’... and could spark radical ‘new era’ - Fox Sports,Fox Sports
2025-02-05,LeBron James’ 2-word Luka Doncic post sends scary message to rest of NBA - ClutchPoints,ClutchPoints
2025-02-05,Luka Doncic Will Use 'Fitness Concerns' From Mavericks As Motivation To Dominate On The Lakers - Fadeaway World,Fadeaway World
2025-02-05,"Will These Things Change in Dallas, Texas Named After Luka Doncic? - 106.3 The Buzz",106.3 The Buzz
2025-02-06,Why did Luka Dončić get traded? Rating the top 5 theories based on believability - Yahoo Sports,Yahoo Sports
2025-02-06,NBA Trade Deadline: What The Luka Doncic Trade Means For Player Evaluation Moving Forward - No Ceilings | Substack,No Ceilings | Substack
2025-02-06,Lakers are going all-in around LeBron James and Luka Dončić pairing - The New York Times,The New York Times
2025-02-06,Source: Lakers targeting Monday for Luka Doncic's debut - ESPN,ESPN
2025-02-06,NBA superstar Luka Doncic will miss out on a $345 million contract due to being traded—how he could get some of that money back - CNBC,CNBC
2025-02-06,Slovenia reacts to the shocking Luka Doncic trade - WFAA,WFAA
2025-02-06,Luka Doncic's love of playing with Mavericks' centers influenced latest Lakers trade - Sports Illustrated,Sports Illustrated
2025-02-06,COLUMN: Luka Doncic trade to Lakers is slap in face to Mavericks fans - The Daily Targum,The Daily Targum
2025-02-06,Austin Reaves Excited To See What Lakers Look Like With Luka Doncic On Court - Lakers Nation,Lakers Nation
2025-02-06,Dallas steakhouse will keep Luka’s signature dish despite trade - Spectrum News,Spectrum News
2025-02-06,Full Force of ESPN’s Newsgathering on Display for Blockbuster Dončić/Davis Trade - ESPN Front Row,ESPN Front Row
2025-02-06,‘Puka Doncic’ Says Luka Trade a Win for Jordan Brand - Sportico.com,Sportico.com
2025-02-06,Dallas steakhouse Nick & Sam's to keep steak named after former Dallas Mavericks star Luka Doncic on the menu - CBS News,CBS News
2025-02-06,"Luka Doncic's move highlights luxury market gap between Dallas, LA - WFAA",WFAA
2025-02-06,How did Mavs go from NBA Finals to trading Luka Dončić in under a year? - The New York Times,The New York Times
2025-02-06,Luka Dončić reportedly targeting Monday vs. Jazz for Lakers debut - Yahoo Sports,Yahoo Sports
2025-02-06,"Luka Dončić-Anthony Davis trade grades: How will Lakers, Mavericks, Jazz fare after blockbuster? - The Athletic - The New York Times",The New York Times
2025-02-06,'I love our fans. I love our team. I love Luka': Former Mavs CEO reflects on Luka Doncic's career with the team - WFAA,WFAA
2025-02-06,NBA Rewind: Luka Dončić trade is just the latest superstar coup by the Lakers - The New York Times,The New York Times
2025-02-06,"Will Kevin Durant be dealt by NBA trade deadline? Plus, Luka Dončić & Anthony Davis speak - The New York Times",The New York Times
2025-02-06,Ex-Maverick Luka Doncic's debut with Lakers expected to be delayed - Sports Illustrated,Sports Illustrated
2025-02-06,L.A. native upset Luka Doncic is a Laker. He's raising money to protest trade with billboards in Dallas - Los Angeles Times,Los Angeles Times
2025-02-06,"Who is Luka Doncic’s Slovenian model fiancée, Anamaria Goltes? - South China Morning Post",South China Morning Post
2025-02-06,Anthony Davis set for Mavericks debut and understands ire of fans who lost Luka Dončić - NBA.com,NBA.com
2025-02-06,Mavericks reportedly beef up security after death threats against GM Nico Harrison in wake of Luka Dončić trade - Yahoo Sports,Yahoo Sports
2025-02-06,When will Luka Doncic make his Lakers debut? - KTLA,KTLA
2025-02-06,"Nico Harrison didn't 'act alone' in Luka Doncic trade, ESPN reporter says on new podcast episode - WFAA",WFAA
2025-02-06,Dorian Finney-Smith jokes about saving No. 77 for Luka Doncic - ESPN Philippines,ESPN Philippines
2025-02-06,DFW coffee chain breaks silence after Luka trade went down in their café - WFAA,WFAA
2025-02-06,"Mavericks GM Nico Harrison receiving death threats in aftermath of Luka Doncic trade, per report - CBS Sports",CBS Sports
2025-02-06,Hardball politics? The not-so-crazy theory behind Mavs' trade of Luka Doncic - Houston Chronicle,Houston Chronicle
2025-02-06,"Lakers land Mark Williams in trade with Hornets to give LeBron James, Luka Doncic their center, per report - CBS Sports",CBS Sports
2025-02-06,"Luka Doncic is now more likely to make his Lakers debut on Monday, JJ Redick says - CBS News",CBS News
2025-02-06,Luka Doncic trade has NFL stars dumbfounded at Super Bowl LIX: 'It's like trading Lamar' - Fox News,Fox News
2025-02-06,Doncic Trade Has Mavericks Fans Feeling They ‘Lost a Family Member’ (Published 2025) - The New York Times,The New York Times
2025-02-06,Luka to the Lakers or Malott brunch to Pomona: NBA trades in 5C terms - The Student Life,The Student Life
2025-02-06,Luka Doncic Lakers debut: key date is set - BasketNews.com,BasketNews.com
2025-02-06,LeBron James Can’t Wait To Share Court With Luka Doncic On Lakers - Lakers Nation,Lakers Nation
2025-02-06,The trade deadline in the NBA has come and gone. Time for the dust to settle - Spectrum News,Spectrum News
2025-02-06,"Luka Dončić Shocks NBA by Joining Lakers, Anthony Davis Lands in Dallas - South Philly Review",South Philly Review
2025-02-06,Luka Dončić Trade: Why Its Impact Is So Far-Reaching - Esquire Australia,Esquire Australia
2025-02-06,One Camera Caught Luka Doncic Laughing After Draymond Green Blew a Wide-Open Layup - Sports Illustrated,Sports Illustrated
2025-02-06,"Luka Doncic ruled out for Lakers vs. Pacers on Saturday; LeBron James doubtful, too. - IndyStar",IndyStar
2025-02-06,Dallas coffee shop meet-up where Luka Doncic trade talks started caught on camera - WFAA,WFAA
2025-02-06,Stephen A. Smith explains why the Mavericks decided to trade Luka Doncic - USA Today,USA Today
2025-02-06,FLASHBACK: Luka Doncic's mom says he wants to spend career with one team (2020) - WFAA,WFAA
2025-02-06,"Boardroom CEO Rich Kleiman on the Super Bowl, Luka Doncic trade and NBA competitor league - CNBC",CNBC
2025-02-06,"Luka Doncic moves 'excessive' $200,000 ‘apocalypse-proof’ Jeep to LA - the-sun.com",the-sun.com
2025-02-06,"How the Luka Dončić-Anthony Davis trade materialized and how it will impact the Lakers, Mavericks and the NBA for decades - The Collegiate Live",The Collegiate Live
2025-02-06,"Lakers' Updated 2025 NBA Title Odds Revealed After Luka Dončić, Mark Williams Trades - Bleacher Report",Bleacher Report
2025-02-06,Mavericks GM Nico Harrison Reportedly Receives Death Threats After Luka Dončić Trade - Complex,Complex
2025-02-06,LA Lakers fans love Luka Doncic’s reaction to embarrassing Draymond Green moment - The Big Lead,The Big Lead
2025-02-06,Are Youth Sports Too Stressful? Teenagers Weigh In. (Published 2025) - The New York Times,The New York Times
2025-02-06,Mavs' Anthony Davis says he's going to 'give the city life back' after stunning Luka Doncic trade to Lakers - CBS Sports,CBS Sports
2025-02-06,Luka Doncic and Anamaria Goltes' Combined Net Worth: The Power Couple’s Wealth in 2025 - The Times of India,The Times of India
2025-02-06,Luka Doncic and LeBron James share court for first time together as they move past NBA-altering trade - MARCA,MARCA
2025-02-06,ESPN in major broadcasting change for Luka Doncic's LA Lakers debut with key college basketball game moved - the-sun.com,the-sun.com
2025-02-06,Anthony Davis aiming to do well with Dallas Mavericks following Luka Doncic trade - Flashscore.com,Flashscore.com
2025-02-06,"Looking good in purple and gold! 😎💜💛 The Los Angeles Lakers shared photos of newly-traded player Luka Doncic wearing the team's jersey. The Lakers received Doncic in a surprise trade with the Dallas Mavericks on Wednesday, February 5. (📸: Lakers/Inst - facebook.com",facebook.com
2025-02-06,"""Please stop this character assassination"" - Reggie Miller slams the Dallas Mavericks for criticizing Luka Doncic's weight and conditioning - Basketball Network",Basketball Network
2025-02-06,Luka Doncic breaks silence on skepticism around his conditioning and competitiveness: “I’m used to it” - Basketball Network,Basketball Network
2025-02-06,Luka Doncic drains half-court shot in first Lakers practice - Diario AS,Diario AS
2025-02-06,When will Luka Doncic make his debut for the Lakers? What we know about his injury. - USA Today,USA Today
2025-02-06,"LeBron James scores 42 points, grabs 17 rebounds in Lakers 120-112 victory over Warriors, Luka Dončić introduced to crowd - NBC Los Angeles",NBC Los Angeles
2025-02-06,"Ex-Michigan State guard, part of Lakers’ Luka Doncic trade, impresses Mavs - MLive.com",MLive.com
2025-02-06,"Fresh Off Luka Doncic’s Trade to the Lakers, Nike’s Jordan Brand Luka 3 Signature Sneakers Are On Sale - The Hollywood Reporter",The Hollywood Reporter
2025-02-06,Luka Doncic caught laughing at Draymond's missed layup - MARCA,MARCA
2025-02-06,"""This is how Bron is going to play with Bryce"" – Paul Pierce and Kevin Garnett think Luka Doncic trade will extend LeBron James' career - Basketball Network",Basketball Network
2025-02-06,Jayden Daniels weighs in on Luka Doncic to Lakers - Commanders Wire,Commanders Wire
2025-02-06,Who is Luka Doncic's Fiancée? Exploring the Personal Life of Los Angeles Lakers' Star Player - The Times of India,The Times of India
2025-02-06,Luka Doncic Debuts His Lakers Jersey! - YouTube,YouTube
2025-02-06,"Luka Doncic, les Pistons et Giannis Antetokounmpo – Les 3 infos NBA de la semaine - BasketSession.com",BasketSession.com
2025-02-06,Los Angeles Lakers General Manager Rob Pelinka reveals big secret behind acquiring former Charlotte Horne - The Times of India,The Times of India
2025-02-06,Why OKC Thunder's 2028 pick swap with Mavericks looks even better after Luka Doncic trade - The Oklahoman,The Oklahoman
2025-02-06,How will the Lakers look post Luka Doncic trade? - VAVEL.com,VAVEL.com
2025-02-06,"NBA Fans Explode Over Los Angeles Lakers' LeBron James, Bronny James, Luka Doncic Trio Nickname - The Times of India",The Times of India
2025-02-06,Nike Drops Heat on Luka Doncic’s Jordan Luka 3 Sneakers After His Los Angeles Lakers Trade: What's the Pl - The Times of India,The Times of India
2025-02-06,Luka Doncic is excited to join the Lakers after the shock of his stunning trade away from Dallas - Marianas Variety,Marianas Variety
2025-02-06,Revenge of the dad bods: The average-looking athletes conquering the world - SMH.com.au,SMH.com.au
2025-02-06,'Special' team-up with Doncic excites LeBron - The Standard (HK),The Standard (HK)
2025-02-06,NBA star declares Mavs winners of the Luka Doncic trade - CODE Sports,CODE Sports
2025-02-06,"Luka Doncic made Rui Hachimura prediction in 2020, and there’s already been change since Davis trade - NBA Analysis Network",NBA Analysis Network
2025-02-06,NBA rumors: The Luka Doncic influence on Lakers’ Mark Williams trade - ClutchPoints,ClutchPoints
2025-02-06,LeBron James’ 2-word Luka Doncic post sends scary message to rest of NBA - ClutchPoints,ClutchPoints
2025-02-06,Draymond Green points out completely overlooked fact in Luka Doncic trade - The Mirror US,The Mirror US
2025-02-06,Cowboys’ Micah Parsons reveals why he was ‘destroyed’ by Mavericks’ Luka Doncic trade - ClutchPoints,ClutchPoints
2025-02-06,Mavericks’ Klay Thompson ready for boos in first home game after Luka Doncic trade - ClutchPoints,ClutchPoints
2025-02-06,"2025 NBA trade deadline: Tracking all trades after Luka Doncic, Anthony Davis blockbuster - ClutchPoints",ClutchPoints
2025-02-06,"Coco Gauff's friend Jalen Sera reacts to seeing $75,000,000-worth Luka Doncic in Lakers jersey for the first time after shock Mavericks trade - Sportskeeda",Sportskeeda
2025-02-07,NBA Trade Deadline: What The Luka Doncic Trade Means For Player Evaluation Moving Forward - No Ceilings | Substack,No Ceilings | Substack
2025-02-07,Lakers are going all-in around LeBron James and Luka Dončić pairing - The New York Times,The New York Times
2025-02-07,Hundreds of Dallas Mavericks fans protest Luka Doncic trade to Los Angeles Lakers - KERA News,KERA News
2025-02-07,Dallas Mavericks fans protest Luka Doncic trade ahead of Anthony Davis' debut home game - CBS News,CBS News
2025-02-07,Mavs fans protest at first home game since Luka Doncic trade - FOX 4 News Dallas-Fort Worth,FOX 4 News Dallas-Fort Worth
2025-02-07,When is Luka Doncic playing? Here's what we know about debut of new Lakers star - Yahoo Sports,Yahoo Sports
2025-02-07,Are Luka Doncic and LeBron James playing today? Full Injury report for Pacers-Lakers - 8 Points 9 Seconds,8 Points 9 Seconds
2025-02-07,Ex-Maverick Luka Doncic's debut with Lakers expected to be delayed - Sports Illustrated,Sports Illustrated
2025-02-07,"Who is Luka Doncic’s Slovenian model fiancée, Anamaria Goltes? - South China Morning Post",South China Morning Post
2025-02-07,Anthony Davis set for Mavericks debut and understands ire of fans who lost Luka Dončić - NBA.com,NBA.com
2025-02-07,When will Luka Doncic make his Lakers debut? - KTLA,KTLA
2025-02-07,"Nico Harrison didn't 'act alone' in Luka Doncic trade, ESPN reporter says on new podcast episode - WFAA",WFAA
2025-02-07,"Mavericks GM Nico Harrison receiving death threats in aftermath of Luka Doncic trade, per report - CBS Sports",CBS Sports
2025-02-07,Mavs fans protest at first home game post Luka trade - NBC 5 Dallas-Fort Worth,NBC 5 Dallas-Fort Worth
2025-02-07,Luka Doncic trade has NFL stars dumbfounded at Super Bowl LIX: 'It's like trading Lamar' - Fox News,Fox News
2025-02-07,Luka Doncic Lakers debut: key date is set - BasketNews.com,BasketNews.com
2025-02-07,"Fans protest Luka Dončić trade outside Mavericks arena, as Anthony Davis makes debut in Dallas - Yahoo Sports",Yahoo Sports
2025-02-07,Here's how much tickets are going for to see Luka Doncic take on the Mavs in Dallas as a Laker - WFAA,WFAA
2025-02-07,Doncic Trade Has Mavericks Fans Feeling They ‘Lost a Family Member’ (Published 2025) - The New York Times,The New York Times
2025-02-07,Mavericks reportedly beef up security after death threats against GM Nico Harrison in wake of Luka Dončić trade - Yahoo Sports,Yahoo Sports
2025-02-07,LeBron James Can’t Wait To Share Court With Luka Doncic On Lakers - Lakers Nation,Lakers Nation
2025-02-07,"'He was supposed to have a statue' | Mavs fans voting on which anti-Nico Harrison, anti-Adelson billboard designs will go up - WFAA",WFAA
2025-02-07,Luka Dončić Trade: Why Its Impact Is So Far-Reaching - Esquire Australia,Esquire Australia
2025-02-07,"Luka Doncic ruled out for Lakers vs. Pacers on Saturday; LeBron James doubtful, too. - IndyStar",IndyStar
2025-02-07,Dallas coffee shop meet-up where Luka Doncic trade talks started caught on camera - WFAA,WFAA
2025-02-07,Dallas Mavericks GM Nico Harrison Is Reportedly Getting Death Threats After Shocking Decision to Trade Luka Dončić - People.com,People.com
2025-02-07,Rick Carlisle: 'Don't See Any World' Where LeBron James-Luka Dončić Duo Isn't 'Great' - Bleacher Report,Bleacher Report
2025-02-07,Mavericks coach Jason Kidd says he was unaware of shocking Luka Dončić trade until 'eleventh hour' - Fox News,Fox News
2025-02-07,"Luka Doncic moves 'excessive' $200,000 ‘apocalypse-proof’ Jeep to LA - the-sun.com",the-sun.com
2025-02-07,"How the Luka Dončić-Anthony Davis trade materialized and how it will impact the Lakers, Mavericks and the NBA for decades - The Collegiate Live",The Collegiate Live
2025-02-07,Is Luka Doncic playing today? When Lakers star could debut with new team after trade - USA Today,USA Today
2025-02-07,‘Don’t ever compare a GOAT to a cat': Ron Harper takes issue with unique Luka-M.J. trade comparison - Ahn Fire Digital,Ahn Fire Digital
2025-02-07,Mavericks GM Nico Harrison Reportedly Receives Death Threats After Luka Dončić Trade - Complex,Complex
2025-02-07,Anthony Davis leaves his Dallas debut with an injury after seismic Luka Doncic trade - NBC 5 Dallas-Fort Worth,NBC 5 Dallas-Fort Worth
2025-02-07,LA Lakers fans love Luka Doncic’s reaction to embarrassing Draymond Green moment - The Big Lead,The Big Lead
2025-02-07,"Baron Davis feels Luka Doncic will extend LeBron James' career: ""It's no pressure on him now"" - Basketball Network",Basketball Network
2025-02-07,Mavs' Anthony Davis says he's going to 'give the city life back' after stunning Luka Doncic trade to Lakers - CBS Sports,CBS Sports
2025-02-07,Jason Kidd makes startling admission about Luka Doncic trade - Larry Brown Sports,Larry Brown Sports
2025-02-07,Mark Cuban jokes with Bill Gates about Luka Doncic trade: 'I've had a rough week' - Dallas News,Dallas News
2025-02-07,Mark Cuban Makes First Public Comment on Luka Doncic Trade at Bill Gates Event - heavy.com,heavy.com
2025-02-07,Luka Doncic and Anamaria Goltes' Combined Net Worth: The Power Couple’s Wealth in 2025 - The Times of India,The Times of India
2025-02-07,"Rich Paul is not shocked that Anthony Davis is in Dallas: ""Who he was traded for was a shock"" - Basketball Network",Basketball Network
2025-02-07,Angry fans protest at Mavericks’ first home game since Luka Doncic trade - The Washington Post,The Washington Post
2025-02-07,Anthony Davis aiming to do well with Dallas Mavericks following Luka Doncic trade - Flashscore.com,Flashscore.com
2025-02-07,"Austin Reaves scores a career-high 45, and the Lakers shock the Pacers 124-117 without LeBron, Luka - CBS News",CBS News
2025-02-07,"""Please stop this character assassination"" - Reggie Miller slams the Dallas Mavericks for criticizing Luka Doncic's weight and conditioning - Basketball Network",Basketball Network
2025-02-07,Luka Doncic breaks silence on skepticism around his conditioning and competitiveness: “I’m used to it” - Basketball Network,Basketball Network
2025-02-07,Luka Doncic caught laughing at Draymond's missed layup - MARCA,MARCA
2025-02-07,‘Luka Magic’ grips Los Angeles further as Lakers look to debut Doncic against Jazz - Rappler,Rappler
2025-02-07,Anthony Davis leaves Dallas Mavericks NBA debut with injury - Australian Broadcasting Corporation,Australian Broadcasting Corporation
2025-02-07,"Weary Mavericks return home after Luka Doncic trade, beef up security ahead of Rockets game - Rappler",Rappler
2025-02-07,"""This is how Bron is going to play with Bryce"" – Paul Pierce and Kevin Garnett think Luka Doncic trade will extend LeBron James' career - Basketball Network",Basketball Network
2025-02-07,"PTI’s Tony Kornheiser, Pablo Torre go outside the box with Luka Dončić debate - Awful Announcing",Awful Announcing
2025-02-07,"Fans fume, Anthony Davis shines (but leaves injured) as Mavericks win first home game after Luka Doncic trade - The Boston Globe",The Boston Globe
2025-02-07,"Luka Doncic, les Pistons et Giannis Antetokounmpo – Les 3 infos NBA de la semaine - BasketSession.com",BasketSession.com
2025-02-07,Los Angeles Lakers General Manager Rob Pelinka reveals big secret behind acquiring former Charlotte Horne - The Times of India,The Times of India
2025-02-07,"NBA Fans Explode Over Los Angeles Lakers' LeBron James, Bronny James, Luka Doncic Trio Nickname - The Times of India",The Times of India
2025-02-07,Nike Drops Heat on Luka Doncic’s Jordan Luka 3 Sneakers After His Los Angeles Lakers Trade: What's the Pl - The Times of India,The Times of India
2025-02-07,Revenge of the dad bods: The average-looking athletes conquering the world - SMH.com.au,SMH.com.au
2025-02-07,Dallas ramp up security after manager received death threats after Doncic trade - the-sun.com,the-sun.com
2025-02-07,NBA star declares Mavs winners of the Luka Doncic trade - CODE Sports,CODE Sports
2025-02-07,Lakers Issue Concerning Update on LeBron James After Wait Over Luka Doncic’s Debut Extends - EssentiallySports,EssentiallySports
2025-02-07,"Luka Doncic made Rui Hachimura prediction in 2020, and there’s already been change since Davis trade - NBA Analysis Network",NBA Analysis Network
2025-02-07,Mark Cuban breaks silence on Luka Doncic trade - ClutchPoints,ClutchPoints
2025-02-07,Draymond Green points out completely overlooked fact in Luka Doncic trade - The Mirror US,The Mirror US
2025-02-07,"""They called him fat"" - Lakers fans rally behind Luka Doncic as star trashes weight concerns amid injury rehab - Sportskeeda",Sportskeeda
2025-02-07,Mavericks’ Klay Thompson ready for boos in first home game after Luka Doncic trade - ClutchPoints,ClutchPoints
2025-02-07,Mark Cuban's son Jake Cuban drops 1-word reaction to Luka Doncic's first pictures in Lakers gear - Sportskeeda,Sportskeeda
2025-02-08,Luka Dončić traded ... one week later - The Stein Line | Substack,The Stein Line | Substack
2025-02-08,Hundreds of Dallas Mavericks fans protest Luka Doncic trade to Los Angeles Lakers - KERA News,KERA News
2025-02-08,Dallas Mavericks fans protest Luka Doncic trade ahead of Anthony Davis' debut home game - CBS News,CBS News
2025-02-08,"Mavericks owner Patrick Dumont cites 'character,' 'culture' for Luka Dončić trade, says team is not moving to Las Vegas - Yahoo Sports",Yahoo Sports
2025-02-08,Mavs fans protest at first home game since Luka Doncic trade - FOX 4 News Dallas-Fort Worth,FOX 4 News Dallas-Fort Worth
2025-02-08,Mavericks Abruptly Lose Assistant Coach Following Luka Doncic Trade - Sports Illustrated,Sports Illustrated
2025-02-08,Luka Dončić's Expected Lakers Debut On Monday To Air On ESPN - Update - Deadline,Deadline
2025-02-08,Are Luka Doncic and LeBron James playing today? Full Injury report for Pacers-Lakers - 8 Points 9 Seconds,8 Points 9 Seconds
2025-02-08,Luka Doncic's departure leaves Dallas in disbelief - Spectrum News,Spectrum News
2025-02-08,Will Luka Doncic make his debut for the Lakers against the Utah Jazz? - USA Today,USA Today
2025-02-08,Here's how much tickets are going for to see Luka Doncic take on the Mavs in Dallas as a Laker - WFAA,WFAA
2025-02-08,Mavs fans protest at first home game post Luka trade - NBC 5 Dallas-Fort Worth,NBC 5 Dallas-Fort Worth
2025-02-08,Anthony Davis leaves his Dallas debut with an injury after seismic Luka Doncic trade - KBTX News 3,KBTX News 3
2025-02-08,Mavericks owner calls out Luka Doncic ‘character’ problem in stunning interview - New York Post,New York Post
2025-02-08,Mavericks governor Patrick Dumont makes first public comments after Luka Doncic trade - Dallas News,Dallas News
2025-02-08,"Mavericks owner backs Doncic trade, says team isn't relocating - ESPN",ESPN
2025-02-08,When is Luka Doncic playing? Here's what we know about debut of new Lakers star - Yahoo Sports,Yahoo Sports
2025-02-08,Mavericks ownership embarrassingly breaks silence on Luka Doncic-Lakers trade - Sports Illustrated,Sports Illustrated
2025-02-08,"Fans protest Luka Dončić trade outside Mavericks arena, as Anthony Davis makes debut in Dallas - Yahoo Sports",Yahoo Sports
2025-02-08,Kim Kardashian Insists on Meeting Lakers’ Superstar Luka Doncic - Sports Illustrated,Sports Illustrated
2025-02-08,"""You don't want to be holding the beer when you're doing these interviews"" - Mark Cuban explained why Luka Doncic got his beer taken away after securing a Finals appearance - Basketball Network",Basketball Network
2025-02-08,Mavericks owner Patrick Dumont defends Luka Doncic trade - Sportsnet.ca,Sportsnet.ca
2025-02-08,"'He was supposed to have a statue' | Mavs fans voting on which anti-Nico Harrison, anti-Adelson billboard designs will go up - WFAA",WFAA
2025-02-08,Mavs owner implied that Luka Doncic is not a hard worker - Basketball Network,Basketball Network
2025-02-08,Dallas Mavericks GM Nico Harrison Is Reportedly Getting Death Threats After Shocking Decision to Trade Luka Dončić - People.com,People.com
2025-02-08,Rick Carlisle: 'Don't See Any World' Where LeBron James-Luka Dončić Duo Isn't 'Great' - Bleacher Report,Bleacher Report
2025-02-08,Mavericks coach Jason Kidd says he was unaware of shocking Luka Dončić trade until 'eleventh hour' - Fox News,Fox News
2025-02-08,Is Luka Doncic playing today? When Lakers star could debut with new team after trade - USA Today,USA Today
2025-02-08,‘Don’t ever compare a GOAT to a cat': Ron Harper takes issue with unique Luka-M.J. trade comparison - Ahn Fire Digital,Ahn Fire Digital
2025-02-08,Anthony Davis leaves his Dallas debut with an injury after seismic Luka Doncic trade - NBC 5 Dallas-Fort Worth,NBC 5 Dallas-Fort Worth
2025-02-08,"Baron Davis feels Luka Doncic will extend LeBron James' career: ""It's no pressure on him now"" - Basketball Network",Basketball Network
2025-02-08,Jason Kidd makes startling admission about Luka Doncic trade - Larry Brown Sports,Larry Brown Sports
2025-02-08,Mavs fans protest Doncic trade before Davis' debut - Sports Business Journal,Sports Business Journal
2025-02-08,Mark Cuban jokes with Bill Gates about Luka Doncic trade: 'I've had a rough week' - Dallas News,Dallas News
2025-02-08,Mark Cuban Makes First Public Comment on Luka Doncic Trade at Bill Gates Event - heavy.com,heavy.com
2025-02-08,"Meet NBA star Dennis Schröder, critic of the Luka Doncic-Anthony Davis trade - South China Morning Post",South China Morning Post
2025-02-08,Mavericks Governor Patrick Dumont Reveals Real Reason Behind Luka Doncic Trade - heavy.com,heavy.com
2025-02-08,"Rich Paul is not shocked that Anthony Davis is in Dallas: ""Who he was traded for was a shock"" - Basketball Network",Basketball Network
2025-02-08,Angry fans protest at Mavericks’ first home game since Luka Doncic trade - The Washington Post,The Washington Post
2025-02-08,"Austin Reaves scores a career-high 45, and the Lakers shock the Pacers 124-117 without LeBron, Luka - CBS News",CBS News
2025-02-08,Max Christie is secretly shifting the Luka Doncic trade in Mavericks' favor - The Smoking Cuban,The Smoking Cuban
2025-02-08,Dallas Mavericks Governor With Shocking Comments On Luka Doncic Trade - Yardbarker,Yardbarker
2025-02-08,‘Luka Magic’ grips Los Angeles further as Lakers look to debut Doncic against Jazz - Rappler,Rappler
2025-02-08,Anthony Davis leaves Dallas Mavericks NBA debut with injury - Australian Broadcasting Corporation,Australian Broadcasting Corporation
2025-02-08,"Weary Mavericks return home after Luka Doncic trade, beef up security ahead of Rockets game - Rappler",Rappler
2025-02-08,"Lakers Linked to $40 Million Lob Threat, Rim Protector to Pair With Doncic - heavy.com",heavy.com
2025-02-08,"PTI’s Tony Kornheiser, Pablo Torre go outside the box with Luka Dončić debate - Awful Announcing",Awful Announcing
2025-02-08,"Fans fume, Anthony Davis shines (but leaves injured) as Mavericks win first home game after Luka Doncic trade - The Boston Globe",The Boston Globe
2025-02-08,Mavs Owner Patrick Dumont Shades Luka Doncic Whilst Backing Trade - Basketball Forever,Basketball Forever
2025-02-08,Dallas ramp up security after manager received death threats after Doncic trade - the-sun.com,the-sun.com
2025-02-08,ESPN makes move in preparation for Luka Doncic’s debut with Lakers - ClutchPoints,ClutchPoints
2025-02-08,Lakers Issue Concerning Update on LeBron James After Wait Over Luka Doncic’s Debut Extends - EssentiallySports,EssentiallySports
2025-02-08,Mavericks governor implies Luka Doncic didn’t fit desired ‘culture’ - ClutchPoints,ClutchPoints
2025-02-08,"LeBron James, Luka Doncic get massive injury update for Jazz clash - ClutchPoints",ClutchPoints
2025-02-08,"Luka Doncic trade has just unlocked Bryce James door for LeBron James, says Kevin Garnett - NBA Analysis Network",NBA Analysis Network
2025-02-08,Mark Cuban breaks silence on Luka Doncic trade - ClutchPoints,ClutchPoints
2025-02-08,Clippers’ Kawhi Leonard reacts to Luka Doncic-Anthony Davis Lakers-Mavs trade - ClutchPoints,ClutchPoints
2025-02-08,"""They called him fat"" - Lakers fans rally behind Luka Doncic as star trashes weight concerns amid injury rehab - Sportskeeda",Sportskeeda
2025-02-08,Mavericks governor put on blast for Shaq reference in Luka Doncic criticism - ClutchPoints,ClutchPoints
2025-02-08,Mark Cuban's son Jake Cuban drops 1-word reaction to Luka Doncic's first pictures in Lakers gear - Sportskeeda,Sportskeeda
2025-02-08,Mavericks Governor Patrick Dumont Takes Subtle Shot At Luka Doncic After Trade - Fadeaway World,Fadeaway World
2025-02-09,Luka Dončić stat sheet: 15 key numbers before his Lakers debut - NBA.com,NBA.com
2025-02-09,Luka Doncic expected to make Lakers debut Monday. Here's how to watch - FOX 4 News Dallas-Fort Worth,FOX 4 News Dallas-Fort Worth
2025-02-09,Luka Dončić traded ... one week later - The Stein Line | Substack,The Stein Line | Substack
2025-02-09,Team Luka: A look at the people who are part of Doncic's inner circle - Yahoo Sports,Yahoo Sports
2025-02-09,Trying to make sense of the Luka Doncic trade - Mavs Moneyball,Mavs Moneyball
2025-02-09,"Luka Doncic makes Lakers debut shortly after giving a $500,000 fire relief donation - Los Angeles Times",Los Angeles Times
2025-02-09,Luka Doncic trade may present the Nuggets with dream scenario in 2026 - Nugg Love,Nugg Love
2025-02-09,When will Luka Doncic debut for the Lakers? Everything we know so far - FOX Sports,FOX Sports
2025-02-09,Mavericks Abruptly Lose Assistant Coach Following Luka Doncic Trade - Sports Illustrated,Sports Illustrated
2025-02-09,When is Luka Doncic's Lakers debut? How to watch on ESPN - ESPN,ESPN
2025-02-09,Luka Dončić's Expected Lakers Debut On Monday To Air On ESPN - Update - Deadline,Deadline
2025-02-09,Where is Luka Doncic from and how many languages can he speak? - Diario AS,Diario AS
2025-02-09,"Dirk Nowitzki attends Luka Dončić's Lakers debut, marking new chapter in Mavs history - NBC 5 Dallas-Fort Worth",NBC 5 Dallas-Fort Worth
2025-02-09,"Doncic a winner in Lakers debut, 132-113 over Jazz - AP News",AP News
2025-02-09,Dirk Nowitzki to Attend Luka Doncic's Debut with Lakers: 'Had to Come Support My Guy' - Bleacher Report,Bleacher Report
2025-02-09,History Day in Photos: Luka's First Game | Los Angeles Lakers - NBA.com,NBA.com
2025-02-09,"Mavericks owner Patrick Dumont cites 'character,' 'culture' for Luka Dončić trade, says team is not moving to Las Vegas - Yahoo Sports",Yahoo Sports
2025-02-09,Mavericks ownership embarrassingly breaks silence on Luka Doncic-Lakers trade - Sports Illustrated,Sports Illustrated
2025-02-09,Luka Dončić makes Lakers debut and quickly gets in flow with LeBron James - NBA.com,NBA.com
2025-02-09,Mavs Legend Dirk Nowitzki Explains Decision to Attend Luka Doncic's Lakers Debut - Sports Illustrated,Sports Illustrated
2025-02-09,Betting Luka Doncic's Lakers debut: Two props that stand out - ESPN,ESPN
2025-02-09,Luka Doncic's departure leaves Dallas in disbelief - Spectrum News,Spectrum News
2025-02-09,"Inside the most chaotic, transformational NBA trade deadline in Lakers history - ESPN",ESPN
2025-02-09,Where is Luka Doncic from? Facts to know about newest member of Los Angeles Lakers - Yahoo Sports,Yahoo Sports
2025-02-09,LeBron James' camp noticed how quickly Lakers acted to appease Luka Doncic after Mavericks trade - Sports Illustrated,Sports Illustrated
2025-02-09,Luka Dončić trade: Fans with 'Fire Nico' signs ejected by security at Mavericks home game - Yahoo Sports,Yahoo Sports
2025-02-09,Lakers' Luka Doncic donating $500K to help fire recovery efforts in Los Angeles - ABC7 Los Angeles,ABC7 Los Angeles
2025-02-09,Is Luka Doncic Playing Tonight? Here’s How to Watch His Lakers Debut - Yahoo Sports,Yahoo Sports
2025-02-09,Will Luka Doncic make his debut for the Lakers against the Utah Jazz? - USA Today,USA Today
2025-02-09,Luka Doncic embraced by LeBron James and L.A. in his memorable Lakers debut - Yahoo Sports,Yahoo Sports
2025-02-09,Is Luka Doncic really fat? Inside the conspiracy theory rabbit hole. - SFGATE,SFGATE
2025-02-09,Kim Kardashian Insists on Meeting Lakers’ Superstar Luka Doncic - Sports Illustrated,Sports Illustrated
2025-02-09,Luka Dončić odds: What kinds of numbers can he put up with the Lakers? - FOX Sports,FOX Sports
2025-02-09,It took Luka Doncic 56 seconds to make one underrated thing clear - Lake Show Life,Lake Show Life
2025-02-09,Lakers to give away Luka Doncic T-shirts ahead of anticipated debut - ESPN,ESPN
2025-02-09,The reason why Luka Doncic wears number 77 revealed: It’s in honour of this European basketball legend - Diario AS,Diario AS
2025-02-09,What channel is Lakers game on tonight? ESPN set to stream debut of Luka Doncic vs Jazz - El Paso Times,El Paso Times
2025-02-09,JJ Redick Hopes All Slovenians Become Lakers Fans After Luka Doncic Trade - Lakers Nation,Lakers Nation
2025-02-09,Will Luka Doncic play for Lakers tonight? Latest injury status ahead of star's debut - USA Today,USA Today
2025-02-09,"Lakers, Luka Dončić Seize Super Bowl Spotlight With Star’s Monday Debut - Front Office Sports",Front Office Sports
2025-02-09,Luka Doncic’s multi million-dollar Lakers salary revealed: how much he’ll earn per season - Diario AS,Diario AS
2025-02-09,DePaul community shocked after Luka Doncic-Anthony Davis swap - The DePaulia,The DePaulia
2025-02-09,Photo: Lakers Give Away Luka Dončić Shirts to Every Fan Attending Debut vs. Jazz - Bleacher Report,Bleacher Report
2025-02-09,Anthony Davis leaves his Dallas debut with an injury after seismic Luka Doncic trade - KBTX News 3,KBTX News 3
2025-02-09,Mavericks owner calls out Luka Doncic ‘character’ problem in stunning interview - New York Post,New York Post
2025-02-09,Gatorade Celebrates Luka Doncic's Lakers Debut With New Hollywood-Themed Ad - Sports Illustrated,Sports Illustrated
2025-02-09,Mavericks governor Patrick Dumont makes first public comments after Luka Doncic trade - Dallas News,Dallas News
2025-02-09,"Mavericks owner backs Doncic trade, says team isn't relocating - ESPN",ESPN
2025-02-09,Three Things We’re Watching For In Luka Doncic’s Lakers Debut - UPROXX,UPROXX
2025-02-09,"Doncic makes Lakers debut, scores 14 in big win over Jazz - ESPN",ESPN
2025-02-09,"""You don't want to be holding the beer when you're doing these interviews"" - Mark Cuban explained why Luka Doncic got his beer taken away after securing a Finals appearance - Basketball Network",Basketball Network
2025-02-09,Mavericks owner Patrick Dumont defends Luka Doncic trade - Sportsnet.ca,Sportsnet.ca
2025-02-09,Gatorade nails Luka Doncic’s Lakers debut with ‘new’ Hollywood sign - Sports Illustrated,Sports Illustrated
2025-02-09,"Lakers' duo of LeBron James, Luka Doncic silenced doubt about key concern in debut - Lake Show Life",Lake Show Life
2025-02-09,LeBron James fires back at Mavs owner after verbal attack on Luka Doncic - BasketNews.com,BasketNews.com
2025-02-09,NBA roundup: Lakers rout Jazz in Luka Doncic's debut - Reuters,Reuters
2025-02-09,"Villalobos: “If Doncic was a star, now he will be the entire galaxy” - Diario AS",Diario AS
2025-02-09,Lakers giving away thousands of Luka Doncic jersey shirts in his debut - WFAA,WFAA
2025-02-09,Lakers' Luka Doncic donates $500K to wildfire relief - Sportsnet.ca,Sportsnet.ca
2025-02-09,Mavs owner implied that Luka Doncic is not a hard worker - Basketball Network,Basketball Network
2025-02-09,"""The deal had already been sealed"" – Mark Cuban told Nico Harrison to stop the trade but it was too late - Basketball Network",Basketball Network
2025-02-09,Luka Doncic wears $100K Royal Oak - Professional Watches,Professional Watches
2025-02-09,Mavericks chief justifies Doncic trade by hinting that Luka is lazy - MARCA,MARCA
2025-02-09,Luka Doncic Makes Lakers Debut and Quickly Connects with LeBron in Win Over Utah - Bloomberg.com,Bloomberg.com
2025-02-09,Mavs fans protest Doncic trade before Davis' debut - Sports Business Journal,Sports Business Journal
2025-02-09,"Meet NBA star Dennis Schröder, critic of the Luka Doncic-Anthony Davis trade - South China Morning Post",South China Morning Post
2025-02-09,Mavericks Governor Patrick Dumont Reveals Real Reason Behind Luka Doncic Trade - heavy.com,heavy.com
2025-02-09,Mavericks Legend Dirk Nowitzki to Attend Luka Doncic's Lakers Debut - FanBuzz,FanBuzz
2025-02-09,How many points did Luka Doncic score in Lakers debut: Highlights - LeBron Wire,LeBron Wire
2025-02-09,What was Luka Doncic’s salary with the Mavericks? New contract details with the Lakers - Diario AS,Diario AS
2025-02-09,Everything You Need To Know Ahead Of Luka Doncic’s Lakers Debut - Secret Los Angeles,Secret Los Angeles
2025-02-09,Mark Cuban tried to stop the Mavericks’ shocking Luka Doncic trade - New York Post,New York Post
2025-02-09,No way Kim Kardashian dropped a lip-biting emoji on the Lakers’ IG post about Luka Dončić - Mundo Deportivo,Mundo Deportivo
2025-02-09,Is Luka Doncic Starting for Lakers? - Yardbarker,Yardbarker
2025-02-09,Dallas Mavericks owner Patrick Dumont backs Luka Doncic trade despite intense criticism: “I’m unwavering - The Times of India,The Times of India
2025-02-09,Kim Kardashian asks to meet Luka Doncic and doesn't know when he debuts with the Lakers - MARCA,MARCA
2025-02-09,"Luka Doncic is now acting for the city of Los Angeles! He will donate $500,000 to help with the recovery after the fires - Blog de Basket",Blog de Basket
2025-02-09,Dallas Mavericks Governor With Shocking Comments On Luka Doncic Trade - Yardbarker,Yardbarker
2025-02-09,"Luka Doncic wildfire donation, explained: Lakers fans' 'new neighbor' gives $500k to recovery efforts - sportingnews.com",sportingnews.com
2025-02-09,"Lakers Linked to $40 Million Lob Threat, Rim Protector to Pair With Doncic - heavy.com",heavy.com
2025-02-09,Mavs owner’s ‘unwavering’ view on Doncic as star called out in stunning ‘culture’ drive-by - Fox Sports,Fox Sports
2025-02-09,Luka Dončić makes Los Angeles Lakers debut after trade - Australian Broadcasting Corporation,Australian Broadcasting Corporation
2025-02-09,Luka Doncic scores 14 in debut as Los Angeles Lakers rout Utah Jazz - TSN,TSN
2025-02-09,Luka Dončić scored his first Lakers points on this beautiful step-back 3-pointer - USA Today,USA Today
2025-02-09,Mavs Owner Patrick Dumont Shades Luka Doncic Whilst Backing Trade - Basketball Forever,Basketball Forever
2025-02-09,Luka Doncic makes quiet debut as Lakers sail past Jazz - Marianas Variety,Marianas Variety
2025-02-09,Failed Lakers trade opens old wound and risks beef between LeBron James and Luka Doncic - talkSPORT,talkSPORT
2025-02-09,Mavs governor denies conspiracy theory regarding Doncic trade - Basketball Network,Basketball Network
2025-02-09,Blockbuster trade goes from bad to worse - Daily Telegraph Sydney,Daily Telegraph Sydney
2025-02-09,ESPN makes move in preparation for Luka Doncic’s debut with Lakers - ClutchPoints,ClutchPoints
2025-02-09,Fact-Checking Viral Kim Kardashian Crave About Luka Doncic as NBA Community Panics Over Kardashian Curse - EssentiallySports,EssentiallySports
2025-02-09,Mavericks governor implies Luka Doncic didn’t fit desired ‘culture’ - ClutchPoints,ClutchPoints
2025-02-09,"LeBron James, Luka Doncic get massive injury update for Jazz clash - ClutchPoints",ClutchPoints
2025-02-09,"What Jaxson Hayes told Luka Doncic years before LA Lakers move, drops 'they keep trying to trade for me' revelation - NBA Analysis Network",NBA Analysis Network
2025-02-09,"Luka Doncic trade has just unlocked Bryce James door for LeBron James, says Kevin Garnett - NBA Analysis Network",NBA Analysis Network
2025-02-09,Lakers make sure Luka Doncic feels at home before LA debut with nod to Slovenia - The Mirror US,The Mirror US
2025-02-09,NBA rumors: LeBron James’ camp took note of Lakers following Luka Doncic’s trade advice - ClutchPoints,ClutchPoints
2025-02-09,Gilbert Arenas gives verdict on how Luka Doncic really needs to make LeBron James succession work - NBA Analysis Network,NBA Analysis Network
2025-02-09,Lakers superstar LeBron James gets injury upgrade for Luka Doncic’s debut - ClutchPoints,ClutchPoints
2025-02-09,Clippers’ Kawhi Leonard reacts to Luka Doncic-Anthony Davis Lakers-Mavs trade - ClutchPoints,ClutchPoints
2025-02-10,Luka Doncic makes his Lakers debut and quickly connects with LeBron James in a 132-113 win over Utah - AP News,AP News
2025-02-10,Luka Doncic scores 14 in 24 minutes in debut win with Lakers - ESPN,ESPN
2025-02-10,Luka Dončić stat sheet: 15 key numbers before his Lakers debut - NBA.com,NBA.com
2025-02-10,Trying to make sense of the Luka Doncic trade - Mavs Moneyball,Mavs Moneyball
2025-02-10,Team Luka: A look at the people who are part of Doncic’s inner circle - Los Angeles Times,Los Angeles Times
2025-02-10,When will Luka Doncic debut for the Lakers? Everything we know so far - FOX Sports,FOX Sports
2025-02-10,How Luka Doncic's Lakers debut ranks in recent NBA history - ESPN,ESPN
2025-02-10,How Nico Harrison ruined my life - FanSided,FanSided
2025-02-10,Mavs Legend Dirk Nowitzki Explains Decision to Attend Luka Doncic's Lakers Debut - Sports Illustrated,Sports Illustrated
2025-02-10,Luka Doncic looked so happy during his first game playing for the Lakers - Yahoo Sports,Yahoo Sports
2025-02-10,Luka Doncic scores 14 in debut game with L.A. Lakers - FOX 4 News Dallas-Fort Worth,FOX 4 News Dallas-Fort Worth
2025-02-10,Luka Doncic feels Lakers fans' love in debut. 'It felt amazing' - USA Today,USA Today
2025-02-10,"Luka Doncic drops 14 points in ""special"" Lakers debut - olympics.com",olympics.com
2025-02-10,LeBron James references iconic post with Luka Doncic in pregame huddle - ESPN,ESPN
2025-02-10,"Mavs fans protesting Luka Doncic trade ejected for mouthing off, holding signs and wearing shirts with 'Fire Nico' - Los Angeles Times",Los Angeles Times
2025-02-10,Luka Doncic donates $500K for wildfire relief ahead of likely Lakers debut - FOX Sports,FOX Sports
2025-02-10,Luka Dončić makes Lakers debut and quickly gets in flow with LeBron James - NBA.com,NBA.com
2025-02-10,Is Luka Doncic Playing Tonight? Here’s How to Watch His Lakers Debut - Yahoo Sports,Yahoo Sports
2025-02-10,When is Luka Doncic's Lakers debut? How to watch on ESPN - ESPN,ESPN
2025-02-10,Betting Luka Doncic's Lakers debut: Two props that stand out - ESPN,ESPN
2025-02-10,Lakers to give away Luka Doncic T-shirts ahead of anticipated debut - ESPN,ESPN
2025-02-10,Watch Luka Doncic First Basket as Member of Lakers - Sports Illustrated,Sports Illustrated
2025-02-10,'A special moment' - Doncic debuts in Lakers win - BBC,BBC
2025-02-11,Luka Doncic makes his Lakers debut and quickly connects with LeBron James in a 132-113 win over Utah - AP News,AP News
2025-02-11,Luka Doncic scores 14 in 24 minutes in debut win with Lakers - ESPN,ESPN
2025-02-11,Luka Magic: Best of Dončić | Los Angeles Lakers - NBA.com,NBA.com
2025-02-11,Luka Dončić drops 14 points in Lakers debut vs. Jazz as Dirk Nowitzki watches in support - Yahoo Sports,Yahoo Sports
2025-02-11,Plaschke: The Los Angeles Lukas! Newly acquired Doncic dazzles in his Lakers debut - Los Angeles Times,Los Angeles Times
2025-02-11,"Sydney Colson to Join Luka Dončić for ""Future of Sports"" Summit - Athletes Unlimited",Athletes Unlimited
2025-02-11,Luka Dončić makes highly anticipated debut with Lakers in win over Utah Jazz - CBS News,CBS News
2025-02-11,"Luka Doncic's Lakers debut: L.A. cruises to victory, but LeBron James and Jaxson Hayes were the real winners - CBS Sports",CBS Sports
2025-02-11,Dwyane Wade strongly advises J.J. Redick to cut Luka Doncic’s minutes - Heat Nation,Heat Nation
2025-02-11,The Mavericks Got Rid Of The Luka Dončić ‘Problem’ But Now Have Another - Forbes,Forbes
2025-02-11,Luka Doncic: Lakers Will Introduce LeBron James Last Going Forward - Lakers Nation,Lakers Nation
2025-02-11,Takeaways: Luka Doncic's Lakers debut beckons shades of showtime - Sportsnet.ca,Sportsnet.ca
2025-02-11,"Mavericks Attempted to Trade Giannis Antetokounmpo for Luka Doncic, Bucks Refused: Report - Sports Illustrated",Sports Illustrated
2025-02-11,Dwyane Wade slams narrative that Luka Doncic is out of shape - Lakers Daily,Lakers Daily
2025-02-11,5 Takeaways: Luka Dončić's Lakers debut lights up Los Angeles - NBA.com,NBA.com
2025-02-11,Luka Doncic's Lakers debut a ratings smash despite blowout - ESPN,ESPN
2025-02-11,"Mavs fans protesting Luka Doncic trade ejected for mouthing off, holding signs and wearing shirts with 'Fire Nico' - Los Angeles Times",Los Angeles Times
2025-02-11,LeBron James references iconic post with Luka Doncic in pregame huddle - ESPN,ESPN
2025-02-11,Full Focus: Luka Dončić makes his debut with the Lakers - NBA.com,NBA.com
2025-02-11,How Luka Doncic's Lakers debut ranks in recent NBA history - ESPN,ESPN
2025-02-11,How Nico Harrison ruined my life - FanSided,FanSided
2025-02-11,Luka Doncic makes Lakers debut after blockbuster trade - Fox News,Fox News
2025-02-11,Luka Doncic looked so happy during his first game playing for the Lakers - Yahoo Sports,Yahoo Sports
2025-02-11,Luka Doncic scores 14 in debut game with L.A. Lakers - FOX 4 News Dallas-Fort Worth,FOX 4 News Dallas-Fort Worth
2025-02-11,Luka Doncic Makes a Winning Impression in Lakers Debut - GV Wire,GV Wire
2025-02-11,Lakers newsletter: Luka Doncic and the center of attention - Los Angeles Times,Los Angeles Times
2025-02-11,Luka Doncic feels Lakers fans' love in debut. 'It felt amazing' - USA Today,USA Today
2025-02-11,Lakers to give away Luka Doncic T-shirts ahead of anticipated debut - ESPN,ESPN
2025-02-11,Luka Doncic’s Family Left Starstruck by LeBron James at First Lakers Game - Sports Illustrated,Sports Illustrated
2025-02-11,It's official: The Luka Dončić trade could not have gone worse for the Mavs in the first week - Yahoo Sports,Yahoo Sports
2025-02-11,Doncic’s Lakers Debut Scuttles at Least One NBA Conspiracy Theory - Sportico.com,Sportico.com
2025-02-11,NBA Twitter reacts to Luka Doncic's debut with the Lakers - Yahoo Sports,Yahoo Sports
2025-02-11,The Lakers Are Already Winning the Luka Doncic Trade. It Only Took One Game. - WSJ,WSJ
2025-02-11,12 Luka Dončić photos from his highly anticipated Lakers debut - Yahoo Sports,Yahoo Sports
2025-02-11,"Luka Doncic drops 14 points in ""special"" Lakers debut - olympics.com",olympics.com
2025-02-11,"Luka Doncic trade to Lakers couldn't be vetoed, NBA commish says - Fox News",Fox News
2025-02-11,Luka Doncic's net worth: How much money does the Los Angeles Lakers star have? - bolavip.com,bolavip.com
2025-02-11,Can Luka Dončić follow the Lakers’ standard set by Kobe Bryant and LeBron James? - The Athletic - The New York Times,The New York Times
2025-02-11,Luka Doncic Appreciates Dirk Nowitzki Attending Lakers Debut - Lakers Nation,Lakers Nation
2025-02-11,Luka Doncic's fiancée shares reaction to Lakers debut with daughter by her side - Sports Illustrated,Sports Illustrated
2025-02-11,Lakers begin Luka Doncic era with 132-113 win over Jazz - FOX Sports,FOX Sports
2025-02-11,Luka Dončić sees familiar face in L.A. in former Mavericks teammate Dirk Nowitzki - The New York Times,The New York Times
2025-02-11,"Lakers lose first game since Luka Dončić trade, 131–119 to Utah Jazz - NBC Los Angeles",NBC Los Angeles
2025-02-11,Luka Doncic’s Dallas Mavericks salary vs his new Los Angeles Lakers deal: A complete breakdown - The Times of India,The Times of India
2025-02-11,Luka Doncic gives fans a preview of what’s to come in Lakers debut - Straight Arrow News - SAN - Unbiased. Straight Facts.,Unbiased. Straight Facts.
2025-02-11,"Lakers' LeBron James Hypes Luka Doncic, Austin Reaves in IG Photo: '🥶 as 🗣️F!!!!!!' - Bleacher Report",Bleacher Report
2025-02-11,Mavericks Reportedly Contacted Bucks About Giannis Before Trading Luka Doncic to Lakers - Sports Illustrated,Sports Illustrated
2025-02-11,Lakers G Luka Doncic (calf) questionable to play against Jazz - Reuters,Reuters
2025-02-11,Luka Dončić gets superstar treatment in Lakers debut as L.A. downs Jazz for sixth straight win - The Athletic - The New York Times,The New York Times
2025-02-11,Luka Dončić Lakers Debut Peaked at 2.55M Viewers - Front Office Sports,Front Office Sports
2025-02-11,Dirk Nowitzki Explains Decision to Attend Luka Doncic Lakers Debut - Sports Illustrated,Sports Illustrated
2025-02-11,Luka Doncic Plays His Part as Los Angeles Lakers Clinch Win His Debut Game - Lakers Nation,Lakers Nation
2025-02-11,The Sports Report: Luka Doncic’s debut with Lakers is a success - Los Angeles Times,Los Angeles Times
2025-02-11,Austin Reaves: Sharing Floor With LeBron James & Luka Doncic Is ‘A Thing Of Beauty’ - Lakers Nation,Lakers Nation
2025-02-11,Luka Doncic & LeBron James showing instant chemistry for Lakers | The Kevin O'Connor Show - Yahoo Sports,Yahoo Sports
2025-02-11,Dallas Mavs eject fans protesting Luka Doncic trade - FOX 4 News Dallas-Fort Worth,FOX 4 News Dallas-Fort Worth
2025-02-11,LeBron James & Luka Doncic top Colin Cowherd's Top 10 NBA Duos | The Herd - FOX Sports,FOX Sports
2025-02-11,"Doncic makes Lakers debut, scores 14 in big win over Jazz - ESPN Philippines",ESPN Philippines
2025-02-11,How did ex-Maverick Luka Doncic perform in his Lakers debut? - Sports Illustrated,Sports Illustrated
2025-02-11,Report: Mavs Engaged Timberwolves in Luka Doncic Trade Talks - Minnesota Sports Fan,Minnesota Sports Fan
2025-02-11,Luka Doncic Injury Update Ahead of Jazz-Lakers - Sports Illustrated,Sports Illustrated
2025-02-11,Why Doncic isn't playing in All-Star Game this weekend as Lakers star left out - talkSPORT,talkSPORT
2025-02-11,Lakers coach JJ Redick explains viral clip of him and Luka Doncic - Orange County Register,Orange County Register
2025-02-11,Timberwolves reportedly almost ended up with Luka Doncic - Dunking with Wolves,Dunking with Wolves
2025-02-11,Markieff Morris Had Hilarious Question After Being Part of Luka Doncic Trade - Sports Illustrated,Sports Illustrated
2025-02-11,Watch Luka Doncic First Basket as Member of Lakers - Sports Illustrated,Sports Illustrated
2025-02-11,NBA stars Luka Doncic and Anthony Davis in blockbuster trade - eatonredink.com,eatonredink.com
2025-02-11,"""I will always be a Mav for life, but…"" – Dirk Nowitzki explains why he attended Luka Doncic's Lakers debut - Basketball Network",Basketball Network
2025-02-11,NBA Rumors: 2 Superstars Mavs tried to trade Luka Doncic for before AD - Sir Charles In Charge,Sir Charles In Charge
2025-02-11,Sasa Doncic reflects on Luka's trade: 'Feels like it happened a year ago' - BasketNews.com,BasketNews.com
2025-02-11,"How to Watch Luka Doncic Lakers Games: Live Stream Los Angeles Lakers NBA Basketball, TV Channel, Free Trial - The Big Lead",The Big Lead
2025-02-11,Luka Doncic embraced by LeBron James and L.A. in his memorable Lakers debut - Los Angeles Times,Los Angeles Times
2025-02-11,Luka Dončić shines on LA Lakers debut in blowout win over Utah Jazz - The Guardian,The Guardian
2025-02-11,Former lottery pick has most to gain from Luka Doncic trade - Sports Illustrated,Sports Illustrated
2025-02-11,Luka Doncic Net Worth: How much will he earn with the LA Lakers? - MARCA,MARCA
2025-02-11,Luka Doncic makes Lakers debut | Full postgame press conference - WFAA,WFAA
2025-02-11,Luka Doncic Makes his Lakers Debut and quickly Connects with LeBron James in a 132-113 Win over Utah - The National Herald,The National Herald
2025-02-11,Luka Doncic felt ‘amazing’ making Lakers debut - Orlando Sentinel,Orlando Sentinel
2025-02-11,"2024-25 NBA odds: Bet on Luka, LeBron's Lakers to win the West - FOX Sports",FOX Sports
2025-02-11,Doncic makes memorable debut for Lakers in L.A. - Sports Business Journal,Sports Business Journal
2025-02-11,LeBron James had an explicit message for Luka Doncic before LA Lakers debut - Sports Illustrated,Sports Illustrated
2025-02-11,Luka Doncic makes LA Lakers debut with win against Utah Jazz - Al Jazeera,Al Jazeera
2025-02-11,'End of an error': Here's everything went wrong for the Mavericks in the year after they traded Luka - WFAA,WFAA
2025-02-11,LeBron James’ expletive-ridden order to Luka Doncic before Lakers debut - Diario AS,Diario AS
2025-02-11,How many points did Luka Doncic score tonight in Lakers debut vs Jazz - USA Today,USA Today
2025-02-11,SI:AM | Luka Doncic’s Quiet Lakers Debut Was Still a Great Appetizer - Sports Illustrated,Sports Illustrated
2025-02-11,"Luka Doncic Feeling The Love After Lakers Debut, While Mavs Fans Melt Down - FanBuzz",FanBuzz
2025-02-11,Luka Doncic makes his Lakers debut: Top photos from star's first game - USA Today,USA Today
2025-02-11,"Luka Doncic, and other NBA players on new teams we're excited to see - USA Today",USA Today
2025-02-11,NBA Rumors: Lakers Confident Luka Doncic's 'Best Is Yet to Come' After Trade - Bleacher Report,Bleacher Report
2025-02-11,Sports media rips Mavericks for ejecting fans protesting Luka Dončić trade - Awful Announcing,Awful Announcing
2025-02-11,Luka Doncic Responds to Mavericks Fans' Angry Reaction to Blockbuster Trade - Sports Illustrated,Sports Illustrated
2025-02-11,Luka Doncic makes his Lakers debut and quickly connects with LeBron James in a 132-113 win over Utah - Rocky Mountain Outlook,Rocky Mountain Outlook
2025-02-11,Lakers welcome Luka Magic to Los Angeles on memorable night - Silver Screen and Roll,Silver Screen and Roll
2025-02-11,Luka Doncic Makes Defiant Statement on Potential of New-Look Lakers - heavy.com,heavy.com
2025-02-11,Luka Doncic Debut Jersey Could Be Worth $1 Million! - tmz.com,tmz.com
2025-02-11,"Luka Doncic Lakers Debut Draws Adele, Floyd Mayweather, Celebs - tmz.com",tmz.com
2025-02-11,Luka Doncic makes his Lakers debut and quickly connects with LeBron James in a 132-113 win over Utah - Airdrie City View,Airdrie City View
2025-02-11,"Luka Dončić’s Lakers’ debut saw Gatorade, Nike, the team, and the fans go all-out - Awful Announcing",Awful Announcing
2025-02-11,Alex Len to join Luka Dončić in Los Angeles Lakers - Eurohoops,Eurohoops
2025-02-12,5 Takeaways: Luka Dončić's Lakers debut lights up Los Angeles - NBA.com,NBA.com
2025-02-12,Luka Doncic's Lakers debut a ratings smash despite blowout - ESPN,ESPN
2025-02-12,The Revolution Against Oligarchy Has to Start Somewhere—Why Not the Luka Doncic Trade? - The Nation,The Nation
2025-02-12,Luka Doncic scores 14 in 24 minutes in debut win with Lakers - ABC7 Los Angeles,ABC7 Los Angeles
2025-02-12,The Mavericks Got Rid Of The Luka Dončić ‘Problem’ But Now Have Another - Forbes,Forbes
2025-02-12,Luka Doncic: Lakers Will Introduce LeBron James Last Going Forward - Lakers Nation,Lakers Nation
2025-02-12,'Saying all the wrong things at all the wrong times': PR experts react to Dallas Mavericks' handling of Luka trade - WFAA,WFAA
2025-02-12,'The vibes are not good:' Mavericks fans still in disbelief over Luka Doncic trade - NBC News,NBC News
2025-02-12,"Video: Luka Doncic Reacts to Lakers' Loss to Jazz, Talks Plan for NBA All-Star Break - Bleacher Report",Bleacher Report
2025-02-12,Lakers newsletter: Luka Doncic and the center of attention - Los Angeles Times,Los Angeles Times
2025-02-12,How Many Points Did Luka Doncic Score in Second Game With Lakers? - Sports Illustrated,Sports Illustrated
2025-02-12,Doncic’s Lakers Debut Scuttles at Least One NBA Conspiracy Theory - Sportico.com,Sportico.com
2025-02-12,Luka Doncic injury history: Every ailment that has caused him to miss games in his career - FanSided,FanSided
2025-02-12,"Luka Doncic trade to Lakers couldn't be vetoed, NBA commish says - Fox News",Fox News
2025-02-12,"Lakers lose first game since Luka Dončić trade, 131–119 to Utah Jazz - NBC Los Angeles",NBC Los Angeles
2025-02-12,Luka Doncic’s Dallas Mavericks salary vs his new Los Angeles Lakers deal: A complete breakdown - The Times of India,The Times of India
2025-02-12,Lakers G Luka Doncic (calf) questionable to play against Jazz - Reuters,Reuters
2025-02-12,Nice dish from Luka Dončić - NBA.com,NBA.com
2025-02-12,Mavericks Reportedly Contacted Bucks About Giannis Before Trading Luka Doncic to Lakers - Sports Illustrated,Sports Illustrated
2025-02-12,Luka Dončić Lakers Debut Peaked at 2.55M Viewers - Front Office Sports,Front Office Sports
2025-02-12,Luka Doncic Injury Update Ahead of Jazz-Lakers - Sports Illustrated,Sports Illustrated
2025-02-12,Why Doncic isn't playing in All-Star Game this weekend as Lakers star left out - talkSPORT,talkSPORT
2025-02-12,Lakers coach JJ Redick explains viral clip of him and Luka Doncic - Orange County Register,Orange County Register
2025-02-12,Markieff Morris Had Hilarious Question After Being Part of Luka Doncic Trade - Sports Illustrated,Sports Illustrated
2025-02-12,NBA stars Luka Doncic and Anthony Davis in blockbuster trade - eatonredink.com,eatonredink.com
2025-02-12,NBA Rumors: 2 Superstars Mavs tried to trade Luka Doncic for before AD - Sir Charles In Charge,Sir Charles In Charge
2025-02-12,Sasa Doncic reflects on Luka's trade: 'Feels like it happened a year ago' - BasketNews.com,BasketNews.com
2025-02-12,"How to Watch Luka Doncic Lakers Games: Live Stream Los Angeles Lakers NBA Basketball, TV Channel, Free Trial - The Big Lead",The Big Lead
2025-02-12,"2024-25 NBA odds: Bet on Luka, LeBron's Lakers to win the West - FOX Sports",FOX Sports
2025-02-12,Los Angeles Lakers star Luka Doncic reveals his plans for the NBA All-Star break - bolavip.com,bolavip.com
2025-02-12,'End of an error': Here's everything went wrong for the Mavericks in the year after they traded Luka - WFAA,WFAA
2025-02-12,Luka Doncic off to uneven Lakers beginning as ‘out of shape’ talk festers - New York Post,New York Post
2025-02-12,Lakers Get More Bad News on Luka Doncic Ahead of Last Game Before All-Star Break - heavy.com,heavy.com
2025-02-12,"Luka Doncic is already making magic, but the Lakers have bigger problems - SB Nation",SB Nation
2025-02-12,"""Start eating salad, my boy"" - Shaquille O'Neal tells Luka Doncic to get in shape and shut up his critics - Basketball Network",Basketball Network
2025-02-12,Shaq wants the Mavs to honestly say why they traded Doncic - Basketball Network,Basketball Network
2025-02-12,The Mavs are on fire after the Dončić trade. Don’t expect them to put it out | Dallas Mavericks - The Guardian,The Guardian
2025-02-12,Brian Windhorst suggests Mavs should reach out to Kyrie Irving for guidance amid Luka Doncic drama - Ahn Fire Digital,Ahn Fire Digital
2025-02-12,Lakers Star Luka Doncic Responds to Fans Calling for Mavs GM’s Firing - heavy.com,heavy.com
2025-02-12,Luka Doncic takes over Los Angeles while JJ Redick gets caught talking to himself overwhelmed by excitement - MARCA,MARCA
2025-02-12,"""Oh, he's pissed off"" – Shaq explains why Luka Doncic has a big chip on his shoulders now with the Lakers - Basketball Network",Basketball Network
2025-02-12,"Lakers trade for Luka Doncic called a ""gift"" by high-profile GM who echoes sentiments of colleagues in NBA circle - MARCA",MARCA
2025-02-12,Will Los Angeles Lakers' Luka Doncic be Kim Kardashian's Next Boyfriend? Exploring Possibilities - The Times of India,The Times of India
2025-02-12,Markieff Morris’ First Thought On Trade Was ’Who The Hell Want Me?’ - UPROXX,UPROXX
2025-02-12,"""This is the guy who stabbed Brooklyn in the back so he could get to Milwaukee"" - Bill Simmons thinks it's impossible J-Kidd didn't know about the Doncic trade - Basketball Network",Basketball Network
2025-02-12,Lakers G Luka Doncic (calf) questionable to play against Jazz - Yardbarker,Yardbarker
2025-02-12,Doncic makes winning Lakers debut - China Daily,China Daily
2025-02-12,Luka Doncic's Los Angeles Lakers Debut Jersey: A $1 Million Treasure? - The Times of India,The Times of India
2025-02-12,"""We've already forgot about it"" – Luka Doncic’s father claims they've moved on from Dallas Mavericks trade - Basketball Network",Basketball Network
2025-02-12,Luka Doncic isn't even thinking about the Mavericks anymore - USA Today,USA Today
2025-02-12,Shaquille O’Neal calls out Dallas Mavericks asking for truth behind Luka Doncic's trade: “All of Dallas w - The Times of India,The Times of India
2025-02-12,NBA Buyout Rumors: Los Angeles Lakers eyeing 4x All-Star for playoff push alongside Luka Doncic and LeBro - The Times of India,The Times of India
2025-02-12,Bronny steps out of LeBron’s shadow as he smokes Jazz - The Nightly,The Nightly
2025-02-12,Luka Doncic talks about how he will benefit from the All-Star break - LeBron Wire,LeBron Wire
2025-02-12,"NBA Lakers Sign Ukraine 7-Footer Alex Len To Join Luka Doncic, LeBron James - NDTV Sports",NDTV Sports
2025-02-12,Renowned Health and Fitness Journalist Reveals the Science Behind Luka Doncic’s NBA Superstardom - The SportsRush,The SportsRush
2025-02-12,LeBron James showed true colors in text to Luka Doncic over Lakers introduction order - The Mirror US,The Mirror US
2025-02-12,Luka Doncic’s Lakers debut becomes one of the most viewed games of the NBA season - ClutchPoints,ClutchPoints
2025-02-12,'To have him on your team is...': Austin Reaves Makes Major Claim About Luka Doncic Following His Lakers Debut - SportsTak,SportsTak
2025-02-12,"'After that speech, it was...': Luka Doncic Opens Up About LeBron James' Powerful Pre-Game Speech That Fired Him Up Ahead of His Lakers Debut - SportsTak",SportsTak
2025-02-12,Luka Doncic Trade Ignites Cameron Brink’s Urgent Plea to End the Turmoil Around $41.2M NBA Star - EssentiallySports,EssentiallySports
2025-02-12,"Why Adam Silver, NBA couldn’t veto Luka Doncic trade like past Chris Paul deal - ClutchPoints",ClutchPoints
2025-02-12,Luka Doncic gets 100% real about JJ Redick as a coach - ClutchPoints,ClutchPoints
2025-02-12,"Timberwolves Star Anthony Edwards' 'Fun' Reaction To Luka Doncic, Lakers Trade - ClutchPoints",ClutchPoints
2025-02-12,Mavericks Overreacted By Trading Luka Doncic: Most Legends Didn’t Win By Age 25 - Fadeaway World,Fadeaway World
2025-02-12,"Former Mavericks front office staffer slams Patrick Dumont for post-trade Luka Doncic comments, 'tone-deaf' - NBA Analysis Network",NBA Analysis Network
2025-02-12,Luka Doncic And His Father Feel Lakers-Mavericks Trade Happened A Year Ago - Fadeaway World,Fadeaway World
2025-02-12,Utah Jazz GM Calls Luka Doncic Joining The Lakers ‘A Gift’ - Fadeaway World,Fadeaway World
2025-02-12,Markieff Morris’ hilarious reaction to being traded with Luka Doncic to Lakers - ClutchPoints,ClutchPoints
2025-02-12,"""Trading Destiny's Child for TLC"" - Cameron Brink hilariously breaks down Luka Doncic-Anthony Davis trade in 'girl terms' - Sportskeeda",Sportskeeda
2025-02-12,Former Mavericks Executive Destroys Patrick Dumont For His Luka Doncic Comments - Fadeaway World,Fadeaway World
2025-02-13,The Revolution Against Oligarchy Has to Start Somewhere—Why Not the Luka Doncic Trade? - The Nation,The Nation
2025-02-13,How the Mavericks Betrayed Their Past With the Luka Trade - The Ringer,The Ringer
2025-02-13,'The vibes are not good:' Mavericks fans still in disbelief over Luka Doncic trade - NBC News,NBC News
2025-02-13,'Saying all the wrong things at all the wrong times': PR experts react to Dallas Mavericks' handling of Luka trade - WFAA,WFAA
2025-02-13,"Lakers Great Kareem Abdul-Jabbar Weighs in on Luka Doncic, Anthony Davis Trade - Sports Illustrated",Sports Illustrated
2025-02-13,"Video: Luka Doncic Reacts to Lakers' Loss to Jazz, Talks Plan for NBA All-Star Break - Bleacher Report",Bleacher Report
2025-02-13,Luka Doncic injury history: Every ailment that has caused him to miss games in his career - FanSided,FanSided
2025-02-13,Shock in the NBA: The Unexpected Trade of Luka Dončić to the Los Angeles Lakers - The Colgate Maroon-News,The Colgate Maroon-News
2025-02-13,Los Angeles Lakers star Luka Doncic reveals his plans for the NBA All-Star break - bolavip.com,bolavip.com
2025-02-13,Luka Doncic's Lakers debut a ratings smash despite blowout - ESPN,ESPN
2025-02-13,Luka Doncic off to uneven Lakers beginning as ‘out of shape’ talk festers - New York Post,New York Post
2025-02-13,"Why is Luka Doncic not an All-Star? How injuries, voting results impacted Lakers star's case for 2025 game - sportingnews.com",sportingnews.com
2025-02-13,The Mavs are on fire after the Dončić trade. Don’t expect them to put it out | Dallas Mavericks - The Guardian,The Guardian
2025-02-13,Shaq wants the Mavs to honestly say why they traded Doncic - Basketball Network,Basketball Network
2025-02-13,"Luka Doncic is already making magic, but the Lakers have bigger problems - SB Nation",SB Nation
2025-02-13,Luka Doncic takes over Los Angeles while JJ Redick gets caught talking to himself overwhelmed by excitement - MARCA,MARCA
2025-02-13,Will Los Angeles Lakers' Luka Doncic be Kim Kardashian's Next Boyfriend? Exploring Possibilities - The Times of India,The Times of India
2025-02-13,How Many Points Did Luka Doncic Score in Second Game With Lakers? - Sports Illustrated,Sports Illustrated
2025-02-13,"""Start eating salad, my boy"" - Shaquille O'Neal tells Luka Doncic to get in shape and shut up his critics - Basketball Network",Basketball Network
2025-02-13,Former Mavericks executive goes off on Patrick Dumont over Luka Doncic remarks - Sports Illustrated,Sports Illustrated
2025-02-13,"""We've already forgot about it"" – Luka Doncic’s father claims they've moved on from Dallas Mavericks trade - Basketball Network",Basketball Network
2025-02-13,“It’s crazy”: Los Angeles Lakers rookie Dalton Knecht clears the air about Luka Doncic’s presence on cour - The Times of India,The Times of India
2025-02-13,Lakers coach JJ Redick explains viral clip of him and Luka Doncic - The Mercury News,The Mercury News
2025-02-13,Shaquille O’Neal calls out Dallas Mavericks asking for truth behind Luka Doncic's trade: “All of Dallas w - The Times of India,The Times of India
2025-02-13,Max Christie will be Mavericks' saving grace from Luka Doncic trade disaster - The Smoking Cuban,The Smoking Cuban
2025-02-13,Examining the Luka Doncic-LeBron James fit - all-starmagazine.com,all-starmagazine.com
2025-02-13,NBA news: Luka Doncic to the LA Lakers - A game-changing move or billionaire greed? - Sports News Blitz,Sports News Blitz
2025-02-13,Bronny steps out of LeBron’s shadow as he smokes Jazz - The Nightly,The Nightly
2025-02-13,Luka Doncic talks about how he will benefit from the All-Star break - LeBron Wire,LeBron Wire
2025-02-13,Tim Legler claims 'short-sighted' Dallas Mavericks can't justify Luka Doncic trade even if they win a title - NBA Analysis Network,NBA Analysis Network
2025-02-13,"Why Adam Silver, NBA couldn’t veto Luka Doncic trade like past Chris Paul deal - ClutchPoints",ClutchPoints
2025-02-13,Luka Doncic gets 100% real about JJ Redick as a coach - ClutchPoints,ClutchPoints
2025-02-13,Mavericks Overreacted By Trading Luka Doncic: Most Legends Didn’t Win By Age 25 - Fadeaway World,Fadeaway World
2025-02-13,"Timberwolves Star Anthony Edwards' 'Fun' Reaction To Luka Doncic, Lakers Trade - ClutchPoints",ClutchPoints
2025-02-13,"Former Mavericks front office staffer slams Patrick Dumont for post-trade Luka Doncic comments, 'tone-deaf' - NBA Analysis Network",NBA Analysis Network
2025-02-13,Utah Jazz GM Calls Luka Doncic Joining The Lakers ‘A Gift’ - Fadeaway World,Fadeaway World
2025-02-13,Paul Pierce begins Bryce James Lakers buzz thanks to Luka Doncic trade - ClutchPoints,ClutchPoints
2025-02-13,Former Mavericks Executive Destroys Patrick Dumont For His Luka Doncic Comments - Fadeaway World,Fadeaway World
2025-02-14,How Luka Dončić went pro at 13 years old and never looked back - Yahoo Sports,Yahoo Sports
2025-02-14,Jeanie Buss Makes First Public Comments Since Lakers’ Trade For Luka Doncic - Lakers Nation,Lakers Nation
2025-02-14,How the Mavericks Betrayed Their Past With the Luka Trade - The Ringer,The Ringer
2025-02-14,"Adam Silver denies Luka Doncic trade conspiracies, has 'no doubt' Mavericks owners plan to keep team in Dallas - CBS Sports",CBS Sports
2025-02-14,"Lakers Great Kareem Abdul-Jabbar Weighs in on Luka Doncic, Anthony Davis Trade - Sports Illustrated",Sports Illustrated
2025-02-14,Why wasn’t Luka Doncic selected for the 2025 NBA All-Star Game? - Diario AS,Diario AS
2025-02-14,"Silver understands anger at Doncic trade, says 'time will tell' - ESPN",ESPN
2025-02-14,NBA Commissioner Adam Silver Weighs In on Luka Doncic Trade - The Topeka Capital-Journal,The Topeka Capital-Journal
2025-02-14,Shock in the NBA: The Unexpected Trade of Luka Dončić to the Los Angeles Lakers - The Colgate Maroon-News,The Colgate Maroon-News
2025-02-14,NBA Commissioner Adam Silver Weighs In on Luka Doncic Trade - The Detroit News,The Detroit News
2025-02-14,"Why is Luka Doncic not an All-Star? How injuries, voting results impacted Lakers star's case for 2025 game - sportingnews.com",sportingnews.com
2025-02-14,"Nikola Jokic: Luka Doncic 'Hurt' by Lakers Trade, Was 'Building Something' with Mavs - Bleacher Report",Bleacher Report
2025-02-14,Knicks star Jalen Brunson names four ‘untouchable’ NBA players following Doncic’s trade to Lakers - bolavip.com,bolavip.com
2025-02-14,"NBA All-Star 2025: Two weeks later, the league and its stars still can't comprehend Luka Dončić trade - Yahoo Sports",Yahoo Sports
2025-02-14,Jazz GM believes Mavericks gave Lakers a 'gift' in Luka Doncic - Sports Illustrated,Sports Illustrated
2025-02-14,"Adam Silver was 'surprised' by Luka Dončić trade, says he's 'empathetic' with angry Mavericks fans - Yahoo Sports",Yahoo Sports
2025-02-14,Nikola Jokic's Statement on Luka Doncic Trade to Lakers - Sports Illustrated,Sports Illustrated
2025-02-14,Former Mavericks executive goes off on Patrick Dumont over Luka Doncic remarks - Sports Illustrated,Sports Illustrated
2025-02-14,Victor Wembanyama's Strong Reaction to Major Lakers Trade for Luka Doncic - Sports Illustrated,Sports Illustrated
2025-02-14,Dalton Knecht’s disorienting two weeks ends at All-Star Sunday; Nikola Jokic says Luka Doncic “was hurt” by trade - Daily Camera,Daily Camera
2025-02-14,“It’s crazy”: Los Angeles Lakers rookie Dalton Knecht clears the air about Luka Doncic’s presence on cour - The Times of India,The Times of India
2025-02-14,Luka Doncic looking to splash $1.25m of luxury cars collection and add to LA Lakers star's 'apocalypse-proof' Jeep - the-sun.com,the-sun.com
2025-02-14,Renck & File: Luka-LeBron as top NBA duo is nonsense. That title belongs to Murray-Jokic - The Denver Post,The Denver Post
2025-02-14,Max Christie will be Mavericks' saving grace from Luka Doncic trade disaster - The Smoking Cuban,The Smoking Cuban
2025-02-14,Examining the Luka Doncic-LeBron James fit - all-starmagazine.com,all-starmagazine.com
2025-02-14,NBA news: Luka Doncic to the LA Lakers - A game-changing move or billionaire greed? - Sports News Blitz,Sports News Blitz
2025-02-14,Tim Legler claims 'short-sighted' Dallas Mavericks can't justify Luka Doncic trade even if they win a title - NBA Analysis Network,NBA Analysis Network
2025-02-14,'He's never going to be 100%': Lakers Insider Delivers Concerning Update About Luka Doncic - SportsTak,SportsTak
2025-02-14,Nico Harrison response in 2022 when asked to name 'something annoying about Luka Doncic' - NBA Analysis Network,NBA Analysis Network
2025-02-14,Nikola Jokic admits it’s ‘weird’ not having Luka Doncic at All-Star Weekend - ClutchPoints,ClutchPoints
2025-02-14,Paul Pierce begins Bryce James Lakers buzz thanks to Luka Doncic trade - ClutchPoints,ClutchPoints
2025-02-14,NBA Trade News: Lakers Set to Bolster Squad with Two Exciting Prospects After Luka Doncic Deal - SportsTak,SportsTak
2025-02-15,How Luka Dončić went pro at 13 years old and never looked back - Yahoo Sports,Yahoo Sports
2025-02-15,The business of Luka Dončić: How the Lakers newest superstar has changed the franchise's economics - NBC Los Angeles,NBC Los Angeles
2025-02-15,The Tragedy and Farce of Luka Dončić’s Trade - newyorker.com,newyorker.com
2025-02-15,Jeanie Buss Makes First Public Comments Since Lakers’ Trade For Luka Doncic - Lakers Nation,Lakers Nation
2025-02-15,"Adam Silver denies Luka Doncic trade conspiracies, has 'no doubt' Mavericks owners plan to keep team in Dallas - CBS Sports",CBS Sports
2025-02-15,Why wasn’t Luka Doncic selected for the 2025 NBA All-Star Game? - Diario AS,Diario AS
2025-02-15,"Silver understands anger at Doncic trade, says 'time will tell' - ESPN",ESPN
2025-02-15,Jazz GM believes Mavericks gave Lakers a 'gift' in Luka Doncic - Sports Illustrated,Sports Illustrated
2025-02-15,NBA Commissioner Adam Silver Weighs In on Luka Doncic Trade - The Topeka Capital-Journal,The Topeka Capital-Journal
2025-02-15,Adam Silver shoots down Luka Dončić trade conspiracy theory - Awful Announcing,Awful Announcing
2025-02-15,NBA Commissioner Adam Silver Weighs In on Luka Doncic Trade - The Detroit News,The Detroit News
2025-02-15,"Nikola Jokic: Luka Doncic 'Hurt' by Lakers Trade, Was 'Building Something' with Mavs - Bleacher Report",Bleacher Report
2025-02-15,"NBA All-Star 2025: Two weeks later, the league and its stars still can't comprehend Luka Dončić trade - Yahoo Sports",Yahoo Sports
2025-02-15,Victor Wembanyama: Lakers & Mavericks Luka Doncic Trade Is ‘Craziest I’ve Ever Seen’ - Lakers Nation,Lakers Nation
2025-02-15,NBA Stars Are Still Shocked by Luka Doncic Trade to Lakers - Sports Illustrated,Sports Illustrated
2025-02-15,"Adam Silver was 'surprised' by Luka Dončić trade, says he's 'empathetic' with angry Mavericks fans - Yahoo Sports",Yahoo Sports
2025-02-15,Nikola Jokic's Statement on Luka Doncic Trade to Lakers - Sports Illustrated,Sports Illustrated
2025-02-15,Lakers News: Luka Doncic Appears to Be Making the Most of His All-Star Break - Sports Illustrated,Sports Illustrated
2025-02-15,Victor Wembanyama's Strong Reaction to Major Lakers Trade for Luka Doncic - Sports Illustrated,Sports Illustrated
2025-02-15,Knicks star Jalen Brunson names four ‘untouchable’ NBA players following Doncic’s trade to Lakers - bolavip.com,bolavip.com
2025-02-15,Dalton Knecht’s disorienting two weeks ends at All-Star Sunday; Nikola Jokic says Luka Doncic “was hurt” by trade - Daily Camera,Daily Camera
2025-02-15,Luka Doncic looking to splash $1.25m of luxury cars collection and add to LA Lakers star's 'apocalypse-proof' Jeep - the-sun.com,the-sun.com
2025-02-15,Renck & File: Luka-LeBron as top NBA duo is nonsense. That title belongs to Murray-Jokic - The Denver Post,The Denver Post
2025-02-15,'He's never going to be 100%': Lakers Insider Delivers Concerning Update About Luka Doncic - SportsTak,SportsTak
2025-02-15,Nico Harrison response in 2022 when asked to name 'something annoying about Luka Doncic' - NBA Analysis Network,NBA Analysis Network
2025-02-15,Nikola Jokic admits it’s ‘weird’ not having Luka Doncic at All-Star Weekend - ClutchPoints,ClutchPoints
2025-02-15,Victor Wembanyama and Nikola Jokic are in total agreement over Dallas Mavericks' Luka Doncic trade - NBA Analysis Network,NBA Analysis Network
2025-02-15,NBA Trade News: Lakers Set to Bolster Squad with Two Exciting Prospects After Luka Doncic Deal - SportsTak,SportsTak
