date,title,source,compound,bert_label,bert_score
2025-01-25,Report: 'Optimism' Luka Dončić Will Return to Mavs from Calf Injury Before NBA ASG - Bleacher Report,Bleacher Report,0.1779,POSITIVE,0.9972162246704102
2025-01-25,Will Luka Doncic play tonight against the Boston Celtics? Latest update on the Dallas Mavericks star's in - The Times of India,The Times of India,0.34,NEGATIVE,-0.9213576912879944
2025-01-25,1/25 Game Preview: Celtics at Mavericks - NBA.com,NBA.com,0.0,POSITIVE,0.8130659461021423
2025-01-25,"Celtics 122-107 Mavericks (Jan 25, 2025) Game Recap - ESPN",ESPN,0.0,POSITIVE,0.647362470626831
2025-01-25,Stein: Optimism Mavs’ Doncic Will Return Before ASG - Hoops Rumors,Hoops Rumors,0.5423,POSITIVE,0.9660426378250122
2025-01-25,"Thunder vs. Trail Blazers prediction, odds, pick, spread – 1/26/2025 - ClutchPoints",ClutchPoints,0.0,POSITIVE,0.8639825582504272
2025-01-26,"Mavericks 130-108 Wizards (Jan 27, 2025) Game Recap - ESPN",ESPN,0.0,POSITIVE,0.5705484747886658
2025-01-26,Is it time to apologize to Jalen Hurts after his dominant NFC Championship performance? | Speak - FOX Sports,FOX Sports,-0.6408,NEGATIVE,-0.994765043258667
2025-01-26,Michael Irvin expresses disappointment in Dallas Cowboys’ Brian Schottenheimer head coach hire | Speak - FOX Sports,FOX Sports,-0.5106,NEGATIVE,-0.9991336464881897
2025-01-26,"Thunder vs. Trail Blazers prediction, odds, pick, spread – 1/26/2025 - ClutchPoints",ClutchPoints,0.0,POSITIVE,0.8639825582504272
2025-01-27,Miami Heat trying to position themselves to acquire Luka Doncic - Sports Illustrated,Sports Illustrated,0.0,NEGATIVE,-0.9947046637535095
2025-01-27,"""Kobe doesn't give that love to those who don’t earn it"" – Klay Thompson on when he knew Luka Doncic was a special player - Basketball Network",Basketball Network,-0.17,NEGATIVE,-0.9509128332138062
2025-01-27,Klay Thompson knew Luka Doncic would be special because of Kobe Bryant - Sports Illustrated,Sports Illustrated,0.4019,POSITIVE,0.9819896221160889
2025-01-27,Klay Thompson makes 7 3s in 1st quarter as Mavs breeze past NBA-worst Wizards 130-108 - ESPN,ESPN,0.0,NEGATIVE,-0.8932889103889465
2025-01-27,Is it time to apologize to Jalen Hurts after his dominant NFC Championship performance? | Speak - FOX Sports,FOX Sports,-0.6408,NEGATIVE,-0.994765043258667
2025-01-27,Michael Irvin expresses disappointment in Dallas Cowboys’ Brian Schottenheimer head coach hire | Speak - FOX Sports,FOX Sports,-0.5106,NEGATIVE,-0.9991336464881897
2025-01-28,Miami Heat trying to position themselves to acquire Luka Doncic - Sports Illustrated,Sports Illustrated,0.0,NEGATIVE,-0.9947046637535095
2025-01-28,"""Kobe doesn't give that love to those who don’t earn it"" – Klay Thompson on when he knew Luka Doncic was a special player - Basketball Network",Basketball Network,-0.17,NEGATIVE,-0.9509128332138062
2025-01-28,Miami Heat dreaming of Luka Doncic - Diario AS,Diario AS,0.0,POSITIVE,0.9951339364051819
2025-01-28,Klay Thompson knew Luka Doncic would be special because of Kobe Bryant - Sports Illustrated,Sports Illustrated,0.4019,POSITIVE,0.9819896221160889
2025-01-28,Klay Thompson makes 7 3s in 1st quarter as Mavs breeze past NBA-worst Wizards 130-108 - Spectrum News,Spectrum News,0.0,NEGATIVE,-0.9423636198043823
2025-01-29,"Mavericks stars Kyrie Irving, Luka Doncic not selected to 2025 NBA All-Star Game - Sports Illustrated",Sports Illustrated,0.0,NEGATIVE,-0.9903231859207153
2025-01-29,Miami Heat dreaming of Luka Doncic - Diario AS,Diario AS,0.0,POSITIVE,0.9951339364051819
2025-01-29,2024-25 NBA odds: Bet on Mavericks to miss playoffs - FOX Sports,FOX Sports,-0.1531,NEGATIVE,-0.9523540735244751
2025-01-29,"9 biggest NBA All-Star snubs of 2025, ranked by the most shocking omissions - SB Nation",SB Nation,-0.7264,NEGATIVE,-0.9903283715248108
2025-01-29,Luka Doncic Injury Report: Will the Mavericks' star guard play tonight against the Pelicans? - SportsTak,SportsTak,-0.1027,NEGATIVE,-0.9949407577514648
2025-01-29,"Mavericks vs. Pistons prediction, odds, pick, spread – 1/31/2025 - ClutchPoints",ClutchPoints,0.0,NEGATIVE,-0.753754734992981
2025-01-30,"Mavericks stars Kyrie Irving, Luka Doncic not selected to 2025 NBA All-Star Game - Sports Illustrated",Sports Illustrated,0.0,NEGATIVE,-0.9903231859207153
2025-01-30,Will Luka Doncic play tonight against the Detroit Pistons? Latest update on the Dallas Mavericks star's i - The Times of India,The Times of India,0.34,NEGATIVE,-0.9416018128395081
2025-01-30,2024-25 NBA odds: Bet on Mavericks to miss playoffs - FOX Sports,FOX Sports,-0.1531,NEGATIVE,-0.9523540735244751
2025-01-30,"Mark Cuban blasts NBA for leaving Luka Doncic, Kyrie Irving out of 2025 All-Star Game - Sports Illustrated",Sports Illustrated,0.0,NEGATIVE,-0.9328601956367493
2025-01-30,"9 biggest NBA All-Star snubs of 2025, ranked by the most shocking omissions - SB Nation",SB Nation,-0.7264,NEGATIVE,-0.9903283715248108
2025-01-30,"Victor Wembanyama is an All-Star, 1 of 6 1st-time selections - Spectrum News",Spectrum News,0.0,POSITIVE,0.9983741044998169
2025-01-30,Eric Bieniemy shares his thoughts on Coach Prime’s impact at Colorado | Speak - FOX Sports,FOX Sports,0.296,POSITIVE,0.9990832805633545
2025-01-30,Luka Doncic Injury Report: Will the Mavericks' star guard play tonight against the Pelicans? - SportsTak,SportsTak,-0.1027,NEGATIVE,-0.9949407577514648
2025-01-30,"Mavericks vs. Pistons prediction, odds, pick, spread – 1/31/2025 - ClutchPoints",ClutchPoints,0.0,NEGATIVE,-0.7537538409233093
2025-01-31,"Dallas Mavericks trade Luka Doncic to the Lakers in exchange for Anthony Davis, team officially announces - WFAA",WFAA,0.0,POSITIVE,0.9662313461303711
2025-01-31,The Luka Doncic–Anthony Davis Trade Is an All-Time NBA Shocker - The Ringer,The Ringer,-0.1531,POSITIVE,0.9988705515861511
2025-01-31,Mavericks Trade Luka Doncic: Report - WBZ NewsRadio 1030,WBZ NewsRadio 1030,0.0,NEGATIVE,-0.5942530632019043
2025-01-31,Lakers acquire Luka Doncic from Mavericks for Anthony Davis in blockbuster trade - Yahoo Sports,Yahoo Sports,0.5994,POSITIVE,0.8873386979103088
2025-01-31,Luka Dončić Trade Backlash Immediate After Stunning Deal - KSL Sports,KSL Sports,0.3818,NEGATIVE,-0.977665901184082
2025-01-31,"Luka Doncic to the Lakers, Anthony Davis to the Mavs in blockbuster trade, AP source says - Sentinel Colorado",Sentinel Colorado,0.5994,NEGATIVE,-0.7173497080802917
2025-01-31,"Luka Doncic to the Lakers, Anthony Davis to the Mavs in blockbuster trade, AP source says - KCBD",KCBD,0.5994,POSITIVE,0.5030606389045715
2025-01-31,NBA Rumors: Mavericks Approached Lakers About Luka Doncic For Anthony Davis Trade - Lakers Nation,Lakers Nation,0.0,NEGATIVE,-0.9689182043075562
2025-01-31,Why Mavericks traded Luka Doncic? - BasketNews.com,BasketNews.com,0.0,NEGATIVE,-0.9927248954772949
2025-01-31,"Luka Doncic headed to Lakers, Anthony Davis to Mavericks in blockbuster three-team trade - Chicago Sun-Times",Chicago Sun-Times,0.5994,POSITIVE,0.9128512144088745
2025-01-31,Did Luka get traded to the Lakers? Mavericks reportedly swap Doncic for Anthony Davis - El Paso Times,El Paso Times,0.0,NEGATIVE,-0.9960774779319763
2025-01-31,"Mark Cuban blasts NBA for leaving Luka Doncic, Kyrie Irving out of 2025 All-Star Game - Sports Illustrated",Sports Illustrated,0.0,NEGATIVE,-0.932860255241394
2025-01-31,Utah Jazz a third team in shocking Luka Doncic for Anthony Davis deal - The Salt Lake Tribune,The Salt Lake Tribune,-0.4019,NEGATIVE,-0.54021155834198
2025-01-31,Luka Doncic headed to Lakers in blockbuster NBA trade - OregonLive.com,OregonLive.com,0.5994,NEGATIVE,-0.915193498134613
2025-01-31,"NBA shocker: Lakers, Mavs swap Anthony Davis and Luka Doncic in historic trade - NBC Los Angeles",NBC Los Angeles,-0.1531,POSITIVE,0.9972051978111267
2025-01-31,Luka Doncic heads to the Lakers and Anthony Davis goes to the Mavs in blockbuster trade - The Seattle Times,The Seattle Times,0.5994,POSITIVE,0.7733778357505798
2025-01-31,LeBron James had no idea that Luka Doncic was going to get traded to the Lakers - Yahoo Sports,Yahoo Sports,-0.296,NEGATIVE,-0.9842223525047302
2025-01-31,Biggest trade in NBA history? Luka Doncic traded to the Lakers - BasketNews.com,BasketNews.com,0.0,POSITIVE,0.8506524562835693
2025-01-31,Sixers' Tyrese Maxey reacts to Mavericks sending Luka Doncic to Lakers - Yahoo Sports,Yahoo Sports,0.0,NEGATIVE,-0.8981608152389526
2025-01-31,Luka Doncic no longer eligible for Supermax contract after trade - BasketNews.com,BasketNews.com,-0.296,NEGATIVE,-0.9989559650421143
2025-01-31,Luka Doncic trade ensures Lakers remain marquee destination in post-LeBron era - Lake Show Life,Lake Show Life,0.0,POSITIVE,0.9981227517127991
2025-01-31,"Luka Doncic, Anthony Davis Traded In Blockbuster NBA Move - TMZ",TMZ,0.5994,NEGATIVE,-0.7578335404396057
2025-01-31,NBA and NFL players lose their minds as Lakers trade Anthony Davis in stunning Luka Doncic trade - Lakers Daily,Lakers Daily,-0.0258,NEGATIVE,-0.9995229244232178
2025-01-31,Luka Doncic traded to Lakers for Anthony Davis in the wildest trade in NBA history - SB Nation,SB Nation,0.0,POSITIVE,0.9941997528076172
2025-01-31,Will Luka Doncic play tonight against the Detroit Pistons? Latest update on the Dallas Mavericks star's i - The Times of India,The Times of India,0.34,NEGATIVE,-0.9416018128395081
2025-01-31,Lakers Rumors: Anthony Davis Waives Trade Kicker & Is ‘Good’ With Trade To Mavericks - Lakers Nation,Lakers Nation,0.0,POSITIVE,0.9984390139579773
2025-01-31,NBA superstars swap teams in blockbuster trade - NZ Herald,NZ Herald,0.5994,NEGATIVE,-0.9474263787269592
2025-01-31,NBA blockbuster trade: Luke Doncic traded for Anthony Davis in monster deal between LA Lakers and Dallas - The West Australian,The West Australian,0.5994,NEGATIVE,-0.6822541952133179
2025-02-01,Lakers trade Anthony Davis for Luka Dončić in one of the most shocking deals in NBA history - Yahoo Sports,Yahoo Sports,-0.4576,NEGATIVE,-0.8890203833580017
2025-02-01,Luka Doncic and the market for lemons - Silver Bulletin,Silver Bulletin,0.0,POSITIVE,0.8473799228668213
2025-02-01,Luka Doncic heads to the Lakers and Anthony Davis goes to the Mavs in blockbuster trade - AP News,AP News,0.5994,POSITIVE,0.6849814057350159
2025-02-01,Los Angeles Lakers acquire Luka Doncic from Dallas Mavericks for Anthony Davis in blockbuster trade - CNN,CNN,0.5994,POSITIVE,0.6882312297821045
2025-02-01,Luka Dončić traded to Lakers from Mavericks for Anthony Davis in NBA blockbuster - The New York Times,The New York Times,0.5994,POSITIVE,0.6814851760864258
2025-02-01,LUKA DONCIC/ANTHONY DAVIS TRADE GRADES - Basketball Poetry,Basketball Poetry,0.0,POSITIVE,0.872322142124176
2025-02-01,"Luka Doncic to Lakers, Anthony Davis to Mavs in 3-team trade - ESPN",ESPN,0.0,POSITIVE,0.5009682178497314
2025-02-01,The Luka Doncic Trade Is the Dumbest NBA Move I’ve Ever Seen - The Ringer,The Ringer,-0.5106,NEGATIVE,-0.9992708563804626
2025-02-01,NBA world reacts to shocking trade that sends Luka Dončić to the Lakers - NBA.com,NBA.com,-0.4019,NEGATIVE,-0.7376596927642822
2025-02-01,Lakers acquire Luka Doncic from Mavericks for Anthony Davis in blockbuster trade - Los Angeles Times,Los Angeles Times,0.5994,POSITIVE,0.986249566078186
2025-02-01,'Crazy': NBA stars and pundits shocked by Luka Dončić trade - NBC News,NBC News,-0.5719,NEGATIVE,-0.9308094382286072
2025-02-01,Luka Doncic trade: When do Dallas Mavericks play the Los Angeles Lakers next? - WFAA,WFAA,0.34,NEGATIVE,-0.9913454055786133
2025-02-01,"Luka Doncic contract: Lakers trade takes largest NBA deal ever off table, but he could eventually get $400M - CBS Sports",CBS Sports,0.0,NEGATIVE,-0.9925270080566406
2025-02-01,Luka Doncic Takes Large Financial Hit With Trade to Lakers - Sportico.com,Sportico.com,0.0,POSITIVE,0.9275770783424377
2025-02-01,"Los Angeles Lakers Acquire Luka Dončić, Maxi Kleber and Markieff Morris from Dallas Mavericks - NBA.com",NBA.com,0.0,POSITIVE,0.9910900592803955
2025-02-01,Does shocking Luka Dončić trade signify a changing NBA landscape? - Yahoo Sports,Yahoo Sports,-0.4019,NEGATIVE,-0.9841307997703552
2025-02-01,Doncic releases emotional farewell message to Dallas after trade sends him to Lakers - AP News,AP News,0.1531,POSITIVE,0.9561753869056702
2025-02-01,"Luka Doncic-Anthony Davis trade grades: Winners, losers, what's next - ESPN",ESPN,-0.0772,POSITIVE,0.9382466673851013
2025-02-01,"Luka Dončić, LeBron James and the biggest winners and losers of the Lakers-Mavericks trade - Yahoo Sports",Yahoo Sports,-0.0772,POSITIVE,0.7704819440841675
2025-02-01,Mavericks roster after Anthony Davis-Luka Dončić trade - NBA.com,NBA.com,0.0,NEGATIVE,-0.5097439885139465
2025-02-01,"Dallas Mavericks trade Luka Doncic to the Lakers in exchange for Anthony Davis, team officially announces - WFAA",WFAA,0.0,POSITIVE,0.9662313461303711
2025-02-01,Dallas Mavericks trade Luka Doncic to Los Angeles Lakers for Anthony Davis: ESPN - FOX8 WGHP,FOX8 WGHP,0.0,POSITIVE,0.8641399145126343
2025-02-01,Mavericks shockingly trade Luka Dončić to Lakers for Anthony Davis in 3-team deal - FOX Sports,FOX Sports,-0.1779,NEGATIVE,-0.9251567125320435
2025-02-01,"Luka Doncic trade grades: Lakers get 'A+' as they solve future, why Mavs fail despite landing Anthony Davis - CBS Sports",CBS Sports,-0.4019,NEGATIVE,-0.9978572726249695
2025-02-01,Reactions to the Luka Doncic-Anthony Davis blockbuster trade - AP News,AP News,0.5994,POSITIVE,0.61985182762146
2025-02-01,Lakers roster after Luka Dončić-Anthony Davis trade - NBA.com,NBA.com,0.0,POSITIVE,0.8050472140312195
2025-02-01,Luka Dončić thanks Mavericks fans in heartfelt message - NBA.com,NBA.com,0.7506,POSITIVE,0.9997072815895081
2025-02-01,Luka Dončić says goodbye to Dallas: 'I wanted so badly to bring you a championship' - FOX Sports,FOX Sports,-0.2712,NEGATIVE,-0.9568082690238953
2025-02-01,"Luka Doncic Is a Los Angeles Laker, (Un)explained - The Ringer",The Ringer,0.0,POSITIVE,0.9965408444404602
2025-02-01,Mavs Minority Owner Mark Cuban Reportedly Uninvolved in Luka Doncic Trade - Sports Illustrated,Sports Illustrated,-0.4939,NEGATIVE,-0.9970946311950684
2025-02-01,Luka Doncic trade: Five teams that could have made better offers than Lakers if Mavs had shopped superstar - CBS Sports,CBS Sports,0.4404,NEGATIVE,-0.9953327775001526
2025-02-01,Luka Doncic: The Most Stunning Trade in NBA History Just Went Down in the Dead of Night - WSJ,WSJ,-0.3415,POSITIVE,0.9898843765258789
2025-02-01,Luka Doncic-Anthony Davis Trade: Lakers and Mavs Made a Gamble - rg.org,rg.org,0.0,POSITIVE,0.7575693726539612
2025-02-01,"Grading Blockbuster Luka Dončić, Anthony Davis NBA Trade Between Lakers, Mavericks - Bleacher Report",Bleacher Report,0.5994,POSITIVE,0.6033026576042175
2025-02-01,LeBron James surprised by Anthony Davis-Luka Dončić trade - NBA.com,NBA.com,0.2263,POSITIVE,0.9987486600875854
2025-02-01,'HUH!!!!': Social media reacts to Luka Doncic-Anthony Davis blockbuster - ESPN,ESPN,0.7243,POSITIVE,0.7332445979118347
2025-02-01,"Why Mavericks' Luka Doncic trade is malpractice, no matter how GM Nico Harrison tries to explain it - CBS Sports",CBS Sports,-0.0191,NEGATIVE,-0.9985711574554443
2025-02-01,"The Luka Dončić-Anthony Davis trade is shocking, franchise-altering and bizarre - The Guardian",The Guardian,-0.6124,NEGATIVE,-0.5352417230606079
2025-02-01,Luka Doncic Trade to Lakers Is Most Shocking in NBA History - Sports Illustrated,Sports Illustrated,-0.4576,NEGATIVE,-0.6531697511672974
2025-02-01,Luka Doncic's shocking trade to Lakers comes with positive financial ramifications for Mavericks - Sports Illustrated,Sports Illustrated,0.2263,POSITIVE,0.9973978996276855
2025-02-01,Magic should be ecstatic about Luka Doncic trade for surprise reason - Orlando Magic Daily,Orlando Magic Daily,0.6597,POSITIVE,0.9959009289741516
2025-02-01,How did Mavs go from NBA Finals to trading Luka Dončić in under a year? - The New York Times,The New York Times,0.0,NEGATIVE,-0.9986829161643982
2025-02-01,Luka Doncic joins Los Angeles Lakers from Dallas Mavericks in huge NBA trade deal - BBC,BBC,0.3182,NEGATIVE,-0.6457162499427795
2025-02-01,Luka Doncic trade: What factors led to Lakers and Mavericks making the most shocking deal in NBA history? - CBS Sports,CBS Sports,-0.4576,NEGATIVE,-0.963969349861145
2025-02-01,"Unthinkable, Mavs trade Luka to the Lakers in one of the most shocking deals in NBA history - NBC 5 Dallas-Fort Worth",NBC 5 Dallas-Fort Worth,-0.2716,NEGATIVE,-0.8939179182052612
2025-02-01,"The Luka Dončić-Anthony Davis trade stunned NBA players, Patrick Mahomes and everyone else: 'Holy s***' - Yahoo Sports",Yahoo Sports,-0.1027,POSITIVE,0.9383529424667358
2025-02-01,The Luka Doncic–Anthony Davis Trade Is an All-Time NBA Shocker - The Ringer,The Ringer,-0.1531,POSITIVE,0.9988705515861511
2025-02-01,Commentary: Why Mavericks grew frustrated with Luka Doncic and offered him to Lakers - Los Angeles Times,Los Angeles Times,-0.5267,NEGATIVE,-0.9811807870864868
2025-02-01,Mavericks Trade Luka Doncic: Report - WBZ NewsRadio 1030,WBZ NewsRadio 1030,0.0,NEGATIVE,-0.5942534804344177
2025-02-01,NBA Insider: Luka Dončić Ineligible for $345M Supermax Contract After Lakers Trade - Bleacher Report,Bleacher Report,0.0,NEGATIVE,-0.9940233826637268
2025-02-01,Luka Dončić-Anthony Davis trade: Best social media reactions to NBA blockbuster - FOX Sports,FOX Sports,0.8442,POSITIVE,0.9961085915565491
2025-02-01,Chiefs' Patrick Mahomes 'sick' over Mavericks' Luka Doncic trade - Fox News,Fox News,-0.5106,NEGATIVE,-0.9986948370933533
2025-02-01,Mavericks' concern about Luka Doncic's conditioning led to Lakers trade - Sports Illustrated,Sports Illustrated,0.0,NEGATIVE,-0.9827720522880554
2025-02-01,Lakers make stunning trade for Luka Doncic - Sports Business Journal,Sports Business Journal,0.3818,POSITIVE,0.99928218126297
2025-02-01,"Luka Doncic to join Los Angeles Lakers, Anthony Davis heads to Dallas Mavericks in blockbuster NBA trade - Sky Sports",Sky Sports,0.7269,POSITIVE,0.5165047645568848
2025-02-01,"Make No Mistake, The Boston Celtics Essentially Ended The Luka Doncic Era In Dallas - Barstool Sports",Barstool Sports,0.2584,POSITIVE,0.750114917755127
2025-02-01,Luka Dončić has been traded ... really - The Stein Line,The Stein Line,0.0,NEGATIVE,-0.7582202553749084
2025-02-01,Lakers trade Anthony Davis to Mavericks for Luka Doncic in blockbuster mega deal - BasketballNews,BasketballNews,0.5994,POSITIVE,0.9496845006942749
2025-02-01,Mavericks fans left stunned over Luka Doncic trade in NBA shake up - France 24,France 24,-0.2732,NEGATIVE,-0.9419639110565186
2025-02-01,"Mavericks trading Luka Dončić fits team’s vision and culture, Nico Harrison says - The New York Times",The New York Times,0.25,POSITIVE,0.9962828755378723
2025-02-01,"Mavericks, Lakers Swap Luka Doncic, Anthony Davis in Stunning Late-Night Trade - Sports Illustrated",Sports Illustrated,0.3818,POSITIVE,0.9984285235404968
2025-02-01,Rob Pelinka says Luka Doncic will lead Lakers ‘for years to come’ - Los Angeles Times,Los Angeles Times,-0.5574,POSITIVE,0.9991902709007263
2025-02-01,Devin Booker trolls Mavericks after Luka Doncic trade to Lakers - ESPN,ESPN,0.0,NEGATIVE,-0.932993471622467
2025-02-01,Luka Doncic writes letter to Mavs fans after trade - FOX 4 News Dallas-Fort Worth,FOX 4 News Dallas-Fort Worth,0.2263,POSITIVE,0.887035608291626
2025-02-01,Grading the stunning Lakers-Mavs trade: Who won the Luka Dončić-Anthony Davis swap? - Yahoo Sports,Yahoo Sports,0.743,POSITIVE,0.9741339087486267
2025-02-01,Fantasy Basketball Trade Reaction: Winners and losers of shocking Luka Dončić for Anthony Davis swap - Yahoo Sports,Yahoo Sports,-0.4588,NEGATIVE,-0.9542813301086426
2025-02-01,Dallas Mavericks make official Luka Doncic announcement after blockbuster trade - Sports Illustrated,Sports Illustrated,0.5994,POSITIVE,0.9671908617019653
2025-02-01,"Why did Mavericks trade Luka Doncic? Mavs GM explains stunning deal for AD, says 'defense wins championships' - CBS Sports",CBS Sports,0.875,NEGATIVE,-0.6770788431167603
2025-02-01,What LeBron James and Luka Doncic have said about each other through the years - Yahoo Sports,Yahoo Sports,0.0,POSITIVE,0.9695363640785217
2025-02-01,The biggest winners and losers of the Luka Doncic-Anthony Davis trade - The Spokesman-Review,The Spokesman-Review,-0.0772,POSITIVE,0.9660695791244507
2025-02-01,Lakers land Luka Dončić in blockbuster trade that sends Anthony Davis to Mavericks - CBS News,CBS News,0.5994,POSITIVE,0.9968738555908203
2025-02-01,"Luka Doncic, Anthony Davis trade: What’s next for Lakers, Mavericks, NBA? - HoopsHype",HoopsHype,0.0,NEGATIVE,-0.839444100856781
2025-02-01,Mavericks Deserve All the Blame for Failing Luka Doncic - Sports Illustrated,Sports Illustrated,-0.6908,NEGATIVE,-0.9990906715393066
2025-02-01,"Lakers’ Luka Trade Shakes NBA, While Mavericks Face Fallout - Front Office Sports",Front Office Sports,0.0,NEGATIVE,-0.9847993850708008
2025-02-01,'Defense wins championships:' Why did the Mavericks trade Luka Doncic? Here's what their GM said - WFAA,WFAA,0.8126,NEGATIVE,-0.9914114475250244
2025-02-01,Luka Dončić Trade Backlash Immediate After Stunning Deal - KSL Sports,KSL Sports,0.3818,NEGATIVE,-0.977665901184082
2025-02-01,Mavericks Send Luka Doncic To The Lakers In Trade Best Described With Unhinged Obscenities - Defector,Defector,0.3182,NEGATIVE,-0.9967408776283264
2025-02-01,The team against which Luka Doncic could make his debut for the Los Angeles Lakers: this is the expected date - Diario AS,Diario AS,0.0,NEGATIVE,-0.8622183799743652
2025-02-01,Who is new Lakers star Luka Doncic's fiancée Anamaria Goltes? - Sports Illustrated,Sports Illustrated,0.0,NEGATIVE,-0.7862076163291931
2025-02-01,"Luka Dončić Traded to Lakers; Mavs Get Anthony Davis, More in 3-Team Trade with Jazz - Bleacher Report",Bleacher Report,0.0,NEGATIVE,-0.7410289645195007
2025-02-01,Luka Doncic's Father Reacts to Unexpected Trade: 'Doesn't Deserve This' - Sports Illustrated,Sports Illustrated,0.0,NEGATIVE,-0.953875720500946
2025-02-01,Why Trading Luka Doncic Doesn’t Make Sense For The Dallas Mavericks - Forbes,Forbes,0.0,NEGATIVE,-0.9991293549537659
2025-02-01,The jaw-dropping amount of money Luka Doncic is losing due to blockbuster Lakers trade - New York Post,New York Post,0.3182,NEGATIVE,-0.9853780269622803
2025-02-01,Mavericks GM's explanation for Luka Doncic trade is far from good enough - FanSided,FanSided,0.4404,NEGATIVE,-0.9997380375862122
2025-02-01,Shifting title odds and fantasy values: The wide-ranging impact of the Luka Doncic for Anthony Davis trade - ESPN,ESPN,0.4019,POSITIVE,0.9995946288108826
2025-02-01,Analysis | The biggest winners and losers of the Luka Doncic-Anthony Davis trade - The Washington Post,The Washington Post,-0.0772,POSITIVE,0.9627448916435242
2025-02-01,Is LeBron James next? Trading Anthony Davis for Luka Doncic is a great first step - Los Angeles Times,Los Angeles Times,0.6249,POSITIVE,0.9928770661354065
2025-02-01,The Luka Dončić Trade Latest - The Stein Line,The Stein Line,0.0,NEGATIVE,-0.8840473890304565
2025-02-01,"Mavericks GM willing to accept burden of Luka Doncic trade: 'Ten years from now, they'll probably bury me' - CBS Sports",CBS Sports,-0.0772,NEGATIVE,-0.9873234629631042
2025-02-01,Lakers trade Anthony Davis to Mavericks for Luka Doncic in major NBA shakeup - Reuters,Reuters,-0.2212,NEGATIVE,-0.9622848033905029
2025-02-01,NBA Rumors: Mavericks Approached Lakers About Luka Doncic For Anthony Davis Trade - Lakers Nation,Lakers Nation,0.0,NEGATIVE,-0.9689182043075562
2025-02-01,LeBron James had no idea that Luka Doncic was going to get traded to the Lakers - Yahoo Sports,Yahoo Sports,-0.296,NEGATIVE,-0.9842223525047302
2025-02-01,Why Mavericks traded Luka Doncic? - BasketNews.com,BasketNews.com,0.0,NEGATIVE,-0.9927248954772949
2025-02-01,NBA star Trae Young trolls Mavericks over Luka Doncic-Lakers trade - Sports Illustrated,Sports Illustrated,0.0,POSITIVE,0.7936685085296631
2025-02-01,"Luka Doncic headed to Lakers, Anthony Davis to Mavericks in blockbuster three-team trade - Chicago Sun-Times",Chicago Sun-Times,0.5994,POSITIVE,0.9128512144088745
2025-02-01,Did Luka get traded to the Lakers? Mavericks reportedly swap Doncic for Anthony Davis - El Paso Times,El Paso Times,0.0,NEGATIVE,-0.9960774779319763
2025-02-01,Luka Dončić Thanks Mavs After Trade to Lakers: 'I Thought I'd Spend My Career Here' - Bleacher Report,Bleacher Report,0.4404,POSITIVE,0.99861741065979
2025-02-01,The Mavericks traded Luka Doncic. Does that make any sense? - D Magazine,D Magazine,0.0,NEGATIVE,-0.9926779270172119
2025-02-01,Two Reasons Behind Mavericks' Shocking Decision to Trade Luka Doncic to Lakers - Sports Illustrated,Sports Illustrated,-0.4019,NEGATIVE,-0.9603961706161499
2025-02-01,Basketball World Rocked by Luka Doncic Trade to Lakers: ‘WOWWWWW NO F WAY’ - Rolling Stone,Rolling Stone,-0.4466,POSITIVE,0.9888153672218323
2025-02-02,Luka Doncic and the market for lemons - Silver Bulletin,Silver Bulletin,0.0,POSITIVE,0.8473799228668213
2025-02-02,Luka Doncic heads to the Lakers and Anthony Davis goes to the Mavs in blockbuster trade - AP News,AP News,0.5994,POSITIVE,0.6849814057350159
2025-02-02,LUKA DONCIC/ANTHONY DAVIS TRADE GRADES - Basketball Poetry,Basketball Poetry,0.0,POSITIVE,0.872322142124176
2025-02-02,"Luka Doncic to Lakers, Anthony Davis to Mavs in 3-team trade - ESPN",ESPN,0.0,POSITIVE,0.5009682178497314
2025-02-02,The Luka Doncic Trade Is the Dumbest NBA Move I’ve Ever Seen - The Ringer,The Ringer,-0.5106,NEGATIVE,-0.9992708563804626
2025-02-02,Processing the Luka Dončić trade as a lifelong Dallas Mavericks fan - Mavs Moneyball,Mavs Moneyball,0.3182,NEGATIVE,-0.9587942361831665
2025-02-02,"Los Angeles Lakers Acquire Luka Dončić, Maxi Kleber and Markieff Morris from Dallas Mavericks - NBA.com",NBA.com,0.0,POSITIVE,0.9910900592803955
2025-02-02,"Luka Dončić, LeBron James and the biggest winners and losers of the Lakers-Mavericks trade - Yahoo Sports",Yahoo Sports,-0.0772,POSITIVE,0.7704819440841675
2025-02-02,"No But Seriously, Why Did The Mavericks Trade Luka? - Defector",Defector,-0.568,NEGATIVE,-0.9977496266365051
2025-02-02,Watch: Luka Doncic arrives in Los Angeles after shocking trade to the Lakers - WFAA,WFAA,-0.4019,POSITIVE,0.9924579858779907
2025-02-02,"Luka Doncic trade shocks NBA fans, seems to ensure Lakers' future - NPR",NPR,0.0,POSITIVE,0.9989925026893616
2025-02-02,'Unfathomable': How this stunning Luka Doncic-Anthony Davis trade came together - ESPN,ESPN,0.4588,POSITIVE,0.9882336854934692
2025-02-02,Trending Topics: What does Anthony Davis-for-Luka Dončić deal mean for Lakers? - NBA.com,NBA.com,0.0,NEGATIVE,-0.9914884567260742
2025-02-02,Doncic releases emotional farewell message to Dallas after trade sends him to Lakers - AP News,AP News,0.1531,POSITIVE,0.9561753869056702
2025-02-02,The Luka Doncic Trade Baffles NBA Execs: “The Return Sucks” - The Ringer,The Ringer,0.0,NEGATIVE,-0.9980471134185791
2025-02-02,Is Luka Doncic 230 or 260 pounds? Magic Johnson says new Laker must take 'conditioning seriously' - Yahoo Sports,Yahoo Sports,-0.1779,POSITIVE,0.683250904083252
2025-02-02,Mavericks roster after Anthony Davis-Luka Dončić trade - NBA.com,NBA.com,0.0,NEGATIVE,-0.5097439885139465
2025-02-02,Luka Doncic's father calls out Mavericks after Lakers trade - ESPN,ESPN,0.0,NEGATIVE,-0.7494961023330688
2025-02-02,Reactions to the Luka Doncic-Anthony Davis blockbuster trade - AP News,AP News,0.5994,POSITIVE,0.61985182762146
2025-02-02,Trending Topics: What does Luka Dončić-for-Anthony Davis deal mean for Mavs? - NBA.com,NBA.com,0.0,NEGATIVE,-0.9904049634933472
2025-02-02,‘Unprecedented’: Luka Dončić trade earthquake felt far beyond Dallas - Texas Standard,Texas Standard,0.0,NEGATIVE,-0.9522600173950195
2025-02-02,Lakers roster after Luka Dončić-Anthony Davis trade - NBA.com,NBA.com,0.0,POSITIVE,0.8050472140312195
2025-02-02,Luka Dončić thanks Mavericks fans in heartfelt message - NBA.com,NBA.com,0.7506,POSITIVE,0.9997072815895081
2025-02-02,Which is worse: the Luka Doncic trade or the Mookie Betts trade? - Over the Monster,Over the Monster,-0.4767,NEGATIVE,-0.9997102618217468
2025-02-02,Luka Dončić says goodbye to Dallas: 'I wanted so badly to bring you a championship' - FOX Sports,FOX Sports,-0.2712,NEGATIVE,-0.9568082690238953
2025-02-02,"Luka Doncic Is a Los Angeles Laker, (Un)explained - The Ringer",The Ringer,0.0,POSITIVE,0.9965408444404602
2025-02-02,Mavs Minority Owner Mark Cuban Reportedly Uninvolved in Luka Doncic Trade - Sports Illustrated,Sports Illustrated,-0.4939,NEGATIVE,-0.9970946311950684
2025-02-02,Luka Doncic trade: Five teams that could have made better offers than Lakers if Mavs had shopped superstar - CBS Sports,CBS Sports,0.4404,NEGATIVE,-0.9953327775001526
2025-02-02,LeBron James surprised by Anthony Davis-Luka Dončić trade - NBA.com,NBA.com,0.2263,POSITIVE,0.9987486600875854
2025-02-02,Mavs Axed Multiple Staffers Luka Doncic 'Liked' in Desperation for Conditioning Changes - Sports Illustrated,Sports Illustrated,-0.3612,NEGATIVE,-0.9981397390365601
2025-02-02,Luka Doncic net worth: How much is the Lakers' newest superstar worth? - Sports Illustrated,Sports Illustrated,0.4215,NEGATIVE,-0.7199647426605225
2025-02-02,"Why Mavericks' Luka Doncic trade is malpractice, no matter how GM Nico Harrison tries to explain it - CBS Sports",CBS Sports,-0.0191,NEGATIVE,-0.9985711574554443
2025-02-02,Luka Doncic's shocking trade to Lakers comes with positive financial ramifications for Mavericks - Sports Illustrated,Sports Illustrated,0.2263,POSITIVE,0.9973978996276855
2025-02-02,"Luka Doncic 'Just Bought a $15 Million House' in Dallas Days Before Surprise Trade to Lakers, Ex-NBA Player Claims - Realtor.com",Realtor.com,0.2732,NEGATIVE,-0.9921199083328247
2025-02-02,The Real Estate Angle of That Luka Dončić Trade - CandysDirt.com,CandysDirt.com,0.0,POSITIVE,0.8791653513908386
2025-02-02,Commentary: Why Mavericks grew frustrated with Luka Doncic and offered him to Lakers - Los Angeles Times,Los Angeles Times,-0.5267,NEGATIVE,-0.9811807870864868
2025-02-02,"Luka Doncic cried after hearing news of blockbuster trade to the Lakers, former Mavs player says - WFAA",WFAA,0.3182,NEGATIVE,-0.9803537726402283
2025-02-02,"Luka Doncic to the Lakers, Anthony Davis to the Mavs in blockbuster trade - KERA News",KERA News,0.5994,POSITIVE,0.9471278190612793
2025-02-02,Chiefs' Patrick Mahomes 'sick' over Mavericks' Luka Doncic trade - Fox News,Fox News,-0.5106,NEGATIVE,-0.9986948370933533
2025-02-02,Mavericks' concern about Luka Doncic's conditioning led to Lakers trade - Sports Illustrated,Sports Illustrated,0.0,NEGATIVE,-0.9827720522880554
2025-02-02,Lakers make stunning trade for Luka Doncic - Sports Business Journal,Sports Business Journal,0.3818,POSITIVE,0.99928218126297
2025-02-02,"Dallas Mavericks boss defends stunning trade, as Doncic says emotional goodbye - South China Morning Post",South China Morning Post,0.4939,POSITIVE,0.9976128339767456
2025-02-02,"Make No Mistake, The Boston Celtics Essentially Ended The Luka Doncic Era In Dallas - Barstool Sports",Barstool Sports,0.2584,POSITIVE,0.750114917755127
2025-02-02,Lakers trade Anthony Davis to Mavericks for Luka Doncic in blockbuster mega deal - BasketballNews,BasketballNews,0.5994,POSITIVE,0.9496845006942749
2025-02-02,"Mavericks trading Luka Dončić fits team’s vision and culture, Nico Harrison says - The New York Times",The New York Times,0.25,POSITIVE,0.9962828755378723
2025-02-02,“We Had to Keep It Tight”: Mavericks GM Nico Harrison Breaks Down How Doncic Trade Came to be - rg.org,rg.org,0.0,NEGATIVE,-0.9960392713546753
2025-02-02,Luka Dončić Lands in La La Land: Lakers Pull Off Historic Trade - Sneaker Freaker,Sneaker Freaker,0.0,POSITIVE,0.9753212928771973
2025-02-02,'Dallas will always be home' | Luka Doncic gives emotional goodbye after trade to Lakers - cbs19.tv,cbs19.tv,0.1531,POSITIVE,0.997734546661377
2025-02-02,Rob Pelinka says Luka Doncic will lead Lakers ‘for years to come’ - Los Angeles Times,Los Angeles Times,-0.5574,POSITIVE,0.9991902709007263
2025-02-02,How bad was Luka Dončić deal for Mavericks? Who really 'won' the trade? - FOX Sports,FOX Sports,0.2151,NEGATIVE,-0.9997500777244568
2025-02-02,Devin Booker trolls Mavericks after Luka Doncic trade to Lakers - ESPN,ESPN,0.0,NEGATIVE,-0.932993471622467
2025-02-02,When is the first matchup between Luka Doncic's Lakers and Anthony Davis’ Mavericks? - FanSided,FanSided,0.0,NEGATIVE,-0.9789183735847473
2025-02-02,Luka Doncic writes letter to Mavs fans after trade - FOX 4 News Dallas-Fort Worth,FOX 4 News Dallas-Fort Worth,0.2263,POSITIVE,0.887035608291626
2025-02-02,Dallas Mavericks make official Luka Doncic announcement after blockbuster trade - Sports Illustrated,Sports Illustrated,0.5994,POSITIVE,0.9671909809112549
2025-02-02,Miriam Adelson’s Luka trade - TrueHoop,TrueHoop,0.0,POSITIVE,0.9780217409133911
2025-02-02,What LeBron James and Luka Doncic have said about each other through the years - Yahoo Sports,Yahoo Sports,0.0,POSITIVE,0.9695364832878113
2025-02-02,Luka Doncic Issues Statement After Blockbuster Trade For Anthony Davis Between Mavericks And Lakers - VIBE.com,VIBE.com,0.5994,NEGATIVE,-0.7941982746124268
2025-02-02,The biggest winners and losers of the Luka Doncic-Anthony Davis trade - The Spokesman-Review,The Spokesman-Review,-0.0772,POSITIVE,0.9660701155662537
2025-02-02,Mazz: How the Luka Doncic trade might change the power structure in the entire NBA (including Boston) - 98.5 The Sports Hub,98.5 The Sports Hub,0.0,NEGATIVE,-0.9748650193214417
2025-02-02,NBA Analyst Begins Luka Doncic-Heat Speculation Following Blockbuster Lakers Trade - Sports Illustrated,Sports Illustrated,0.5994,NEGATIVE,-0.9495851993560791
2025-02-02,Luka Doncic's Father Rips Dallas Mavericks Over 'Secrecy' Regarding Son's Trade - Yahoo Sports,Yahoo Sports,0.0,NEGATIVE,-0.9985779523849487
2025-02-02,Grade the trade: The Jazz were involved in the Luka-AD deal too - The J-Notes,The J-Notes,0.0,NEGATIVE,-0.9950689077377319
2025-02-02,"Luka Doncic, Anthony Davis trade: What’s next for Lakers, Mavericks, NBA? - HoopsHype",HoopsHype,0.0,NEGATIVE,-0.8394429683685303
2025-02-02,Luka Dončić's father rips Mavericks' 'hypocrisy' and 'secrecy' in Lakers trade - FOX Sports,FOX Sports,0.0,NEGATIVE,-0.9979481101036072
2025-02-02,Mavericks Deserve All the Blame for Failing Luka Doncic - Sports Illustrated,Sports Illustrated,-0.6908,NEGATIVE,-0.9990906715393066
2025-02-02,"Lakers’ Luka Trade Shakes NBA, While Mavericks Face Fallout - Front Office Sports",Front Office Sports,0.0,NEGATIVE,-0.9847993850708008
2025-02-02,Los Angeles Lakers: The Pursuit of Luka Doncic's Co-Star and How LeBron James Factors In - Third Apron,Third Apron,0.0,POSITIVE,0.8876294493675232
2025-02-02,The team against which Luka Doncic could make his debut for the Los Angeles Lakers: this is the expected date - Diario AS,Diario AS,0.0,NEGATIVE,-0.8622172474861145
2025-02-02,Who is new Lakers star Luka Doncic's fiancée Anamaria Goltes? - Sports Illustrated,Sports Illustrated,0.0,NEGATIVE,-0.7862080335617065
2025-02-02,FOCO Selling Luka Doncic ‘Welcome To Lakers’ Bobblehead - Lakers Nation,Lakers Nation,0.0,POSITIVE,0.984491765499115
2025-02-02,Luka Doncic's Father Reacts to Unexpected Trade: 'Doesn't Deserve This' - Sports Illustrated,Sports Illustrated,0.0,NEGATIVE,-0.9538757801055908
2025-02-02,Phoenix Suns Devin Booker trolls Dallas Mavericks for Luka Doncic meme after Lakers deal - Yahoo Sports,Yahoo Sports,0.0,NEGATIVE,-0.9759036302566528
2025-02-02,"Video NBA stunned by Luka Doncic trade to Lakers - ABC News - Breaking News, Latest News and Videos","Breaking News, Latest News and Videos",-0.1027,NEGATIVE,-0.9642435908317566
2025-02-02,Luka Doncic recalls first meeting with LeBron James - Diario AS,Diario AS,0.0,POSITIVE,0.9879453182220459
2025-02-02,The jaw-dropping amount of money Luka Doncic is losing due to blockbuster Lakers trade - New York Post,New York Post,0.3182,NEGATIVE,-0.9853781461715698
2025-02-02,Inside the podcast relationship of Luka Doncic and JJ Redick - Los Angeles Times,Los Angeles Times,0.4084,POSITIVE,0.9239048361778259
2025-02-02,"Owner of Eddie's Euromart in Dallas heartbroken the Mavs traded favorite customer, Luka Doncic - NBC 5 Dallas-Fort Worth",NBC 5 Dallas-Fort Worth,-0.1027,NEGATIVE,-0.98664790391922
2025-02-02,Why Jaylen Brown ‘wasn't shocked' by Luka-AD blockbuster - NBC Sports Boston,NBC Sports Boston,0.7061,NEGATIVE,-0.9412769079208374
2025-02-02,"Luka Dončić thanks Mavericks fans amid protests, vandalism toward GM Nico Harrison outside arena - Yahoo Sports",Yahoo Sports,0.25,POSITIVE,0.9957590699195862
2025-02-02,"Mavericks GM willing to accept burden of Luka Doncic trade: 'Ten years from now, they'll probably bury me' - CBS Sports",CBS Sports,-0.0772,NEGATIVE,-0.9873234629631042
2025-02-02,Lakers trade Anthony Davis to Mavericks for Luka Doncic in major NBA shakeup - Reuters,Reuters,-0.2212,NEGATIVE,-0.9622849225997925
2025-02-02,Chandler Parsons: Luka Dončić Bought $15M Dallas House Prior to Lakers-Mavs Trade - Bleacher Report,Bleacher Report,0.0,NEGATIVE,-0.9690236449241638
2025-02-02,NBA star Trae Young trolls Mavericks over Luka Doncic-Lakers trade - Sports Illustrated,Sports Illustrated,0.0,POSITIVE,0.7936689853668213
2025-02-02,"Kristaps Porziņģis, Celtics react to Luka Dončić trade to Lakers: ‘Unbelievable’ - The New York Times",The New York Times,0.0,NEGATIVE,-0.9351673126220703
2025-02-02,Luka Dončić Thanks Mavs After Trade to Lakers: 'I Thought I'd Spend My Career Here' - Bleacher Report,Bleacher Report,0.4404,POSITIVE,0.99861741065979
2025-02-02,The Mavericks traded Luka Doncic. Does that make any sense? - D Magazine,D Magazine,0.0,NEGATIVE,-0.9926779270172119
2025-02-02,"NBA world, Lakers fans react to shocking Anthony Davis-Luka Doncic trade - FOX 11 Los Angeles",FOX 11 Los Angeles,-0.4019,POSITIVE,0.9729750156402588
2025-02-02,Luka Doncic's soon-to-be wife Anamaria Goltes sends a message to Mavericks fans after huge trade - Sports Illustrated,Sports Illustrated,0.3182,POSITIVE,0.9942317605018616
2025-02-02,"Luka Dončić's Group Text to Mavericks After Anthony Davis, Lakers Trade Revealed - Bleacher Report",Bleacher Report,0.0,NEGATIVE,-0.734609842300415
2025-02-02,When will Luka Doncic make his Lakers debut? - Yahoo Sports,Yahoo Sports,0.0,NEGATIVE,-0.9949427247047424
2025-02-02,Luka Doncic 'stunned' over Mavericks trading him to LA Lakers - Sports Illustrated,Sports Illustrated,-0.1027,POSITIVE,0.9054022431373596
2025-02-02,Luka Doncic is ghosting Dallas Mavericks after trade to LA Lakers - Sports Illustrated,Sports Illustrated,0.0,NEGATIVE,-0.9942726492881775
2025-02-02,Lakers Plan For Luka Doncic Debut Revealed: Report - Sports Illustrated,Sports Illustrated,0.0,NEGATIVE,-0.9534741044044495
2025-02-02,Mavs fans react to shocking Luka Doncic trade with protest outside AAC - NBC 5 Dallas-Fort Worth,NBC 5 Dallas-Fort Worth,-0.4215,NEGATIVE,-0.9587589502334595
2025-02-02,Here's how LeBron James learned Luka Doncic was being traded to LA Lakers - Sports Illustrated,Sports Illustrated,0.0,NEGATIVE,-0.8946657776832581
2025-02-02,"10 Draft Picks Traded in Luka Doncic, De’Aaron Fox Deals - Sports Illustrated",Sports Illustrated,0.0,POSITIVE,0.7351919412612915
2025-02-02,Luka Doncic breaks silence following trade from Dallas Mavericks: ‘I wanted so badly to bring you a championship’ - CNN,CNN,-0.6113,NEGATIVE,-0.9914275407791138
2025-02-02,Luka Doncic Releases Heartfelt Statement for Mavericks Fans Following Trade - Sports Illustrated,Sports Illustrated,0.5423,POSITIVE,0.9992314577102661
2025-02-02,Luka Doncic's fiancée's worst nightmare realized in Lakers trade with sad new detail - Sports Illustrated,Sports Illustrated,-0.802,NEGATIVE,-0.9973656535148621
2025-02-02,"Timberwolves players shocked by Luka Doncic, Anthony Davis trade - FOX 9 Minneapolis-St. Paul",FOX 9 Minneapolis-St. Paul,-0.3182,NEGATIVE,-0.9942611455917358
2025-02-03,"Luka Dončić is now the Lakers' latest franchise player, but it's clear the superstar will need a bit to feel right at home - Yahoo Sports",Yahoo Sports,0.5267,NEGATIVE,-0.9669920802116394
2025-02-03,"Luka Doncic excited to join Lakers, says trade was a 'big shock' - ESPN",ESPN,0.25,POSITIVE,0.9963825941085815
2025-02-03,Processing the Luka Dončić trade as a lifelong Dallas Mavericks fan - Mavs Moneyball,Mavs Moneyball,0.3182,NEGATIVE,-0.9587940573692322
2025-02-03,Plaschke: Luka Doncic joins Lakers with bad baggage … and that’s a good thing - Los Angeles Times,Los Angeles Times,-0.1531,POSITIVE,0.9990851879119873
2025-02-03,"No But Seriously, Why Did The Mavericks Trade Luka? - Defector",Defector,-0.568,NEGATIVE,-0.9977496266365051
2025-02-03,Watch: Luka Doncic arrives in Los Angeles after shocking trade to the Lakers - WFAA,WFAA,-0.4019,POSITIVE,0.9924579858779907
2025-02-03,"Congrats on Joining the Lakers, Luka Doncic. You Just Lost $32 Million. - WSJ",WSJ,0.2732,NEGATIVE,-0.9992902278900146
2025-02-03,"Luka Dončić on injury status, shock at Lakers trade: ‘I had to check if it was April 1’ - The New York Times",The New York Times,-0.6597,NEGATIVE,-0.8904459476470947
2025-02-03,"Luka Doncic trade shocks NBA fans, seems to ensure Lakers' future - NPR",NPR,0.0,POSITIVE,0.9989925026893616
2025-02-03,"Luka Doncic, blindsided by Mavericks trade, is now embracing life with the Lakers - FOX Sports",FOX Sports,0.0,POSITIVE,0.9990377426147461
2025-02-03,'Unfathomable': How this stunning Luka Doncic-Anthony Davis trade came together - ESPN,ESPN,0.4588,POSITIVE,0.9882336854934692
2025-02-03,"When will Luka Doncic debut with the Lakers? Soon, but not before his calf strain is totally healed - AP News",AP News,-0.0772,POSITIVE,0.7046440243721008
2025-02-03,‘Imagine how I felt’: Luka Doncic surprised he was traded to Lakers - Los Angeles Times,Los Angeles Times,0.2263,POSITIVE,0.9872056245803833
2025-02-03,Trending Topics: What does Anthony Davis-for-Luka Dončić deal mean for Lakers? - NBA.com,NBA.com,0.0,NEGATIVE,-0.9914884567260742
2025-02-03,"Lakers' Luka Dončić wants to 'take the high road,' says playing with LeBron James is a 'dream come true' after Mavs trade - Yahoo Sports",Yahoo Sports,0.6808,POSITIVE,0.9979519248008728
2025-02-03,'[Dallas] was home' | Luka Doncic speaks at first press conference as a Los Angeles Laker - WFAA,WFAA,0.0,POSITIVE,0.9878489971160889
2025-02-03,Luka Doncic's father calls out Mavericks after Lakers trade - ESPN,ESPN,0.0,NEGATIVE,-0.7494947910308838
2025-02-03,Luka Dončić Is a Laker - NBA.com,NBA.com,0.0,POSITIVE,0.9929821491241455
2025-02-03,The Luka Doncic Trade Baffles NBA Execs: “The Return Sucks” - The Ringer,The Ringer,0.0,NEGATIVE,-0.9980471134185791
2025-02-03,Trending Topics: What does Luka Dončić-for-Anthony Davis deal mean for Mavs? - NBA.com,NBA.com,0.0,NEGATIVE,-0.9904050827026367
2025-02-03,Luka Doncic at Lakers press conference: Trade from Mavs 'a big shock' - FOX 4 News Dallas-Fort Worth,FOX 4 News Dallas-Fort Worth,-0.1779,POSITIVE,0.9395074248313904
2025-02-03,Is Luka Doncic 230 or 260 pounds? Magic Johnson says new Laker must take 'conditioning seriously' - Yahoo Sports,Yahoo Sports,-0.1779,POSITIVE,0.6832497119903564
2025-02-03,Fans say Mavericks offering refunds after Luka Doncic trade - ESPN,ESPN,0.0,NEGATIVE,-0.970475435256958
2025-02-03,‘Unprecedented’: Luka Dončić trade earthquake felt far beyond Dallas - Texas Standard,Texas Standard,0.0,NEGATIVE,-0.9522600173950195
2025-02-03,Which is worse: the Luka Doncic trade or the Mookie Betts trade? - Over the Monster,Over the Monster,-0.4767,NEGATIVE,-0.9997102618217468
2025-02-03,Does the Luka Dončić deal signal the end of the player empowerment era? - The New York Times,The New York Times,0.0,NEGATIVE,-0.9847951531410217
2025-02-03,Is Luka Doncic playing tonight against the Clippers? - FOX 11 Los Angeles,FOX 11 Los Angeles,0.2023,NEGATIVE,-0.9943317174911499
2025-02-03,"Luka Dončić says Lakers trade from Mavericks was ""big shock"": ""I had to check if it was April 1st"" - CBS News",CBS News,-0.3818,NEGATIVE,-0.6639034748077393
2025-02-03,Luka Doncic introduced by Lakers: 'I wish Kobe and Gigi were here to see this moment' - FOX 11 Los Angeles,FOX 11 Los Angeles,0.4019,POSITIVE,0.9953445792198181
2025-02-03,When will Luka Dončić make his Lakers debut? J.J. Redick provides new update - NBC Los Angeles,NBC Los Angeles,0.0,NEGATIVE,-0.9965732097625732
2025-02-03,Mavs Axed Multiple Staffers Luka Doncic 'Liked' in Desperation for Conditioning Changes - Sports Illustrated,Sports Illustrated,-0.3612,NEGATIVE,-0.9981397390365601
2025-02-03,Luka Doncic net worth: How much is the Lakers' newest superstar worth? - Sports Illustrated,Sports Illustrated,0.4215,NEGATIVE,-0.7199647426605225
2025-02-03,"Luka Doncic 'Just Bought a $15 Million House' in Dallas Days Before Surprise Trade to Lakers, Ex-NBA Player Claims - Realtor.com",Realtor.com,0.2732,NEGATIVE,-0.9921199083328247
2025-02-03,The Real Estate Angle of That Luka Dončić Trade - CandysDirt.com,CandysDirt.com,0.0,POSITIVE,0.8791653513908386
2025-02-03,Mavericks reportedly refund season ticket holders after Luka Dončić trade - Yahoo Sports,Yahoo Sports,0.0,NEGATIVE,-0.9865474700927734
2025-02-03,Luka Doncic speaks to Mavs fans during Lakers introductory press conference - WFAA,WFAA,0.0,POSITIVE,0.9923000335693359
2025-02-03,"Luka Doncic cried after hearing news of blockbuster trade to the Lakers, former Mavs player says - WFAA",WFAA,0.3182,NEGATIVE,-0.9803537726402283
2025-02-03,New Lakers star Luka Doncic calls trade from Mavericks 'a big shock' - NBC News,NBC News,-0.3818,POSITIVE,0.9978335499763489
2025-02-03,Eerie 2022 Tweet Predicting Luka Doncic Trade Goes Viral - FOX Sports Radio,FOX Sports Radio,-0.3612,NEGATIVE,-0.9223372936248779
2025-02-03,"Anthony Davis 'shocked' upon hearing of Luka Doncic trade, ready to play with Mavericks - Yahoo Sports",Yahoo Sports,0.3818,POSITIVE,0.7685273885726929
2025-02-03,"Dallas Mavericks boss defends stunning trade, as Doncic says emotional goodbye - South China Morning Post",South China Morning Post,0.4939,POSITIVE,0.9976128339767456
2025-02-03,T'Wolves' Anthony Edwards on shocking Luka Dončić trade: 'You don't just trade him at 25' - Yahoo Sports,Yahoo Sports,-0.4019,NEGATIVE,-0.9839040040969849
2025-02-03,“We Had to Keep It Tight”: Mavericks GM Nico Harrison Breaks Down How Doncic Trade Came to be - rg.org,rg.org,0.0,NEGATIVE,-0.9960392713546753
2025-02-03,Mass Exit: Mavericks feeling consequences from fanbase over baffling Luka Doncic trade - Sports Illustrated,Sports Illustrated,0.128,NEGATIVE,-0.999279797077179
2025-02-03,'Dallas will always be home' | Luka Doncic gives emotional goodbye after trade to Lakers - cbs19.tv,cbs19.tv,0.1531,POSITIVE,0.997734546661377
2025-02-03,How bad was Luka Dončić deal for Mavericks? Who really 'won' the trade? - FOX Sports,FOX Sports,0.2151,NEGATIVE,-0.9997500777244568
2025-02-03,When is the first matchup between Luka Doncic's Lakers and Anthony Davis’ Mavericks? - FanSided,FanSided,0.0,NEGATIVE,-0.9789183735847473
2025-02-03,Miriam Adelson’s Luka trade - TrueHoop,TrueHoop,0.0,POSITIVE,0.9780217409133911
2025-02-03,Luka Doncic Issues Statement After Blockbuster Trade For Anthony Davis Between Mavericks And Lakers - VIBE.com,VIBE.com,0.5994,NEGATIVE,-0.7941982746124268
2025-02-03,Mazz: How the Luka Doncic trade might change the power structure in the entire NBA (including Boston) - 98.5 The Sports Hub,98.5 The Sports Hub,0.0,NEGATIVE,-0.9748650193214417
2025-02-03,NBA Analyst Begins Luka Doncic-Heat Speculation Following Blockbuster Lakers Trade - Sports Illustrated,Sports Illustrated,0.5994,NEGATIVE,-0.9495851993560791
2025-02-03,Luka Doncic's Father Rips Dallas Mavericks Over 'Secrecy' Regarding Son's Trade - Yahoo Sports,Yahoo Sports,0.0,NEGATIVE,-0.9985779523849487
2025-02-03,Grade the trade: The Jazz were involved in the Luka-AD deal too - The J-Notes,The J-Notes,0.0,NEGATIVE,-0.9950689077377319
2025-02-03,Luka Dončić's father rips Mavericks' 'hypocrisy' and 'secrecy' in Lakers trade - FOX Sports,FOX Sports,0.0,NEGATIVE,-0.9979481101036072
2025-02-03,Windhorst: 'Not a Guarantee' Luka Dončić Signs New Lakers Contract in NBA Free Agency - Bleacher Report,Bleacher Report,0.3736,NEGATIVE,-0.9954647421836853
2025-02-03,The Secret Culprit in the Luka-A.D. Trade - Puck,Puck,0.0,NEGATIVE,-0.9786335229873657
2025-02-03,Los Angeles Lakers: The Pursuit of Luka Doncic's Co-Star and How LeBron James Factors In - Third Apron,Third Apron,0.0,POSITIVE,0.8876294493675232
2025-02-03,FOCO Selling Luka Doncic ‘Welcome To Lakers’ Bobblehead - Lakers Nation,Lakers Nation,0.0,POSITIVE,0.984491765499115
2025-02-03,"Luka Doncic makes first appearance with Los Angeles Lakers, says transition was ""emotionally really hard"" - CBS News",CBS News,-0.1761,NEGATIVE,-0.9975758194923401
2025-02-03,Phoenix Suns Devin Booker trolls Dallas Mavericks for Luka Doncic meme after Lakers deal - Yahoo Sports,Yahoo Sports,0.0,NEGATIVE,-0.9759036302566528
2025-02-03,"Video NBA stunned by Luka Doncic trade to Lakers - ABC News - Breaking News, Latest News and Videos","Breaking News, Latest News and Videos",-0.1027,NEGATIVE,-0.9642435908317566
2025-02-03,Luka Doncic recalls first meeting with LeBron James - Diario AS,Diario AS,0.0,POSITIVE,0.9879453182220459
2025-02-03,Inside the podcast relationship of Luka Doncic and JJ Redick - Los Angeles Times,Los Angeles Times,0.4084,POSITIVE,0.9239048361778259
2025-02-03,"Owner of Eddie's Euromart in Dallas heartbroken the Mavs traded favorite customer, Luka Doncic - NBC 5 Dallas-Fort Worth",NBC 5 Dallas-Fort Worth,-0.1027,NEGATIVE,-0.98664790391922
2025-02-03,Why Jaylen Brown ‘wasn't shocked' by Luka-AD blockbuster - NBC Sports Boston,NBC Sports Boston,0.7061,NEGATIVE,-0.9412769079208374
2025-02-03,"LeBron scores 26, and the Lakers thrash the Clippers 122-97 with Luka Doncic watching on the bench - AP News",AP News,0.0,POSITIVE,0.9981454610824585
2025-02-03,ESPN report details growing frustration between Mavs and Luka | 5 things we learned - WFAA,WFAA,-0.34,NEGATIVE,-0.9874594211578369
2025-02-03,Luka Dončić Starts His Lakers Career With a Bananas Royal Oak - GQ,GQ,0.0,NEGATIVE,-0.5242772698402405
2025-02-03,Dallas Mavericks lose nearly 1 million Instagram followers after trading Luka Dončić to Lakers - FOX 4 News Dallas-Fort Worth,FOX 4 News Dallas-Fort Worth,-0.2023,NEGATIVE,-0.9996695518493652
2025-02-03,Luka Doncic Had Saddest Line About How He Felt After Being Traded to Lakers - Sports Illustrated,Sports Illustrated,-0.6124,NEGATIVE,-0.9991663694381714
2025-02-03,Luka Dončić on shock of trade to Los Angeles Lakers: ‘Imagine how surprised I was’ - CNN,CNN,-0.1779,POSITIVE,0.9903524518013
2025-02-03,Lakers set to introduce Luka Dončić to Los Angeles - KTLA,KTLA,0.0,POSITIVE,0.9986456036567688
2025-02-03,Chandler Parsons: Luka Dončić Bought $15M Dallas House Prior to Lakers-Mavs Trade - Bleacher Report,Bleacher Report,0.0,NEGATIVE,-0.9690236449241638
2025-02-03,“LA is amazing for me” – Luka Doncic on Los Angeles after visiting the city as a teenager - Basketball Network,Basketball Network,0.5859,POSITIVE,0.9996722936630249
2025-02-03,Luka Dončić pens emotional farewell to Dallas after shocking trade to Lakers - KXXV,KXXV,-0.2732,NEGATIVE,-0.8350325226783752
2025-02-03,"Kristaps Porziņģis, Celtics react to Luka Dončić trade to Lakers: ‘Unbelievable’ - The New York Times",The New York Times,0.0,NEGATIVE,-0.9351673126220703
2025-02-03,New Lakers star Luka Doncic is not overweight in light-gray sweater for LA intro fit - Sports Illustrated,Sports Illustrated,0.5588,POSITIVE,0.9500141739845276
2025-02-03,Lakers Welcome Luka Doncic to L.A. After Blockbuster Trade With Electrifying Hype Video - Sports Illustrated,Sports Illustrated,0.7845,POSITIVE,0.9989506006240845
2025-02-03,Luka Doncic's first comments on Lakers trade - Lakers Nation,Lakers Nation,0.0,POSITIVE,0.9844180345535278
2025-02-03,Mark Cuban Says He Did Not Know About Luka Dončić Trade - Front Office Sports,Front Office Sports,0.0,NEGATIVE,-0.9994117021560669
2025-02-03,Luka Doncic: 'Excited for this new journey' with Lakers - Reuters,Reuters,0.34,POSITIVE,0.9992080330848694
2025-02-03,"NBA world, Lakers fans react to shocking Anthony Davis-Luka Doncic trade - FOX 11 Los Angeles",FOX 11 Los Angeles,-0.4019,POSITIVE,0.9729750156402588
2025-02-03,Luka Doncic's soon-to-be wife Anamaria Goltes sends a message to Mavericks fans after huge trade - Sports Illustrated,Sports Illustrated,0.3182,POSITIVE,0.9942317605018616
2025-02-03,'Dream come true'... Luka Doncic reacts to playing with LeBron James on Lakers - Sports Illustrated,Sports Illustrated,0.6808,POSITIVE,0.9993401169776917
2025-02-03,Luka Dončić addresses being traded by Mavericks: 'Emotionally it was really hard' - The Business Journals,The Business Journals,-0.1761,NEGATIVE,-0.9988090991973877
2025-02-03,"Mavericks offering refunds after Luka Doncic trade, fans say - NBC 5 Dallas-Fort Worth",NBC 5 Dallas-Fort Worth,0.2263,NEGATIVE,-0.8864942789077759
2025-02-03,Some Dallas Mavericks season ticket holders offered refunds after Luka Doncic trade - FOX 4 News Dallas-Fort Worth,FOX 4 News Dallas-Fort Worth,0.2263,NEGATIVE,-0.979981005191803
2025-02-03,"Nikola Jokic, Nuggets react after Mavericks trade Luka Doncic to Lakers: “Nobody is safe in the league” - The Denver Post",The Denver Post,0.4404,NEGATIVE,-0.9814174771308899
2025-02-03,When will Luka Doncic make his Lakers debut? - Yahoo Sports,Yahoo Sports,0.0,NEGATIVE,-0.9949427247047424
2025-02-03,"Swanson: Luka Doncic will love L.A., eventually - Orange County Register",Orange County Register,0.6369,POSITIVE,0.9990434050559998
2025-02-03,Anthony Davis comments for first time after blockbuster trade from Lakers to Mavericks in exchange for Luka Dončić - CNN,CNN,0.5994,POSITIVE,0.9735486507415771
2025-02-03,"10 Draft Picks Traded in Luka Doncic, De’Aaron Fox Deals - Sports Illustrated",Sports Illustrated,0.0,POSITIVE,0.7351919412612915
2025-02-03,Luka Doncic details Lakers trade 'shock' at introductory press conference - Fox News,Fox News,-0.3818,POSITIVE,0.986034095287323
2025-02-03,"Luka Dončić, De’Aaron Fox trades show tough decisions NBA teams face in new CBA realm - The New York Times",The New York Times,-0.128,NEGATIVE,-0.8952887654304504
2025-02-03,Luka Doncic's fiancée's worst nightmare realized in Lakers trade with sad new detail - Sports Illustrated,Sports Illustrated,-0.802,NEGATIVE,-0.9973656535148621
2025-02-03,"Timberwolves players shocked by Luka Doncic, Anthony Davis trade - FOX 9 Minneapolis-St. Paul",FOX 9 Minneapolis-St. Paul,-0.3182,NEGATIVE,-0.9942611455917358
2025-02-03,Luka Dončić admits learning of shock trade to Lakers was ‘really hard’ - The Guardian,The Guardian,-0.1027,NEGATIVE,-0.9954357743263245
2025-02-03,"With Luka Dončić and De’Aaron Fox on the move, it’s time for big-trade FAQs - The New York Times",The New York Times,0.0,POSITIVE,0.9834877848625183
2025-02-03,How to buy the new Luka Doncic Los Angeles Lakers jersey - Yahoo Sports,Yahoo Sports,0.0,NEGATIVE,-0.9355475902557373
2025-02-03,Rachel Nichols on Dallas Mavericks trading Luka Doncic to the Lakers | The Herd - FOX Sports,FOX Sports,0.0,POSITIVE,0.972324013710022
2025-02-04,Luka Doncic 'excited' to join the Lakers after ‘big shock’ trade away from Mavericks - olympics.com,olympics.com,0.5574,POSITIVE,0.9983538389205933
2025-02-04,"Luka Dončić is now the Lakers' latest franchise player, but it's clear the superstar will need a bit to feel right at home - Yahoo Sports",Yahoo Sports,0.5267,NEGATIVE,-0.9669920802116394
2025-02-04,"Luka Doncic excited to join Lakers, says trade was a 'big shock' - ESPN",ESPN,0.25,POSITIVE,0.9963825941085815
2025-02-04,Plaschke: Luka Doncic joins Lakers with bad baggage … and that’s a good thing - Los Angeles Times,Los Angeles Times,-0.1531,POSITIVE,0.9990851879119873
2025-02-04,"The Luka Dončić trade controversy, explained for people who simply love mess - vox.com",vox.com,0.4019,NEGATIVE,-0.9984739422798157
2025-02-04,"Sources: Lakers Pursuing Trade for Center to Pair with Luka Doncic, LeBron James - rg.org",rg.org,0.0,POSITIVE,0.8467962145805359
2025-02-04,"Luka Doncic arrives in L.A., and the Lakers have championship dreams again - The Washington Post",The Washington Post,0.6808,POSITIVE,0.9986640214920044
2025-02-04,"Congrats on Joining the Lakers, Luka Doncic. You Just Lost $32 Million. - WSJ",WSJ,0.2732,NEGATIVE,-0.9992902278900146
2025-02-04,"Luka Dončić on injury status, shock at Lakers trade: ‘I had to check if it was April 1’ - The New York Times",The New York Times,-0.6597,NEGATIVE,-0.8904459476470947
2025-02-04,"When will Luka Doncic debut with the Lakers? Soon, but not before his calf strain is totally healed - AP News",AP News,-0.0772,POSITIVE,0.7046440243721008
2025-02-04,Why did Luka Dončić get traded? Rating the top 5 theories based on believability - Yahoo Sports,Yahoo Sports,0.2023,NEGATIVE,-0.9075813889503479
2025-02-04,‘Imagine how I felt’: Luka Doncic surprised he was traded to Lakers - Los Angeles Times,Los Angeles Times,0.2263,POSITIVE,0.9872056245803833
2025-02-04,Dorian Finney-Smith jokes about saving No. 77 for Luka Doncic - ESPN,ESPN,0.25,POSITIVE,0.9746691584587097
2025-02-04,"LeBron James stunned by trade of Anthony Davis, but calls Luka Dončić his 'favorite player' - NBA.com",NBA.com,0.5859,POSITIVE,0.9978625178337097
2025-02-04,"Lakers' Luka Dončić wants to 'take the high road,' says playing with LeBron James is a 'dream come true' after Mavs trade - Yahoo Sports",Yahoo Sports,0.6808,POSITIVE,0.9979519248008728
2025-02-04,"5 takeaways: Luka Dončić to L.A., Anthony Davis to Dallas in stunning trade - NBA.com",NBA.com,0.3818,POSITIVE,0.9981982111930847
2025-02-04,Luka Dončić Is a Laker - NBA.com,NBA.com,0.0,POSITIVE,0.9929821491241455
2025-02-04,"Business of Luka: How Luka Dončić's trade to the Lakers has impacted ticket pricing, jersey sales and collectibles - Yahoo Sports",Yahoo Sports,0.0,POSITIVE,0.8719951510429382
2025-02-04,"Luka Doncic fan launches billboard campaign for Mavericks' management: ""Dallas deserves better"" - CBS News",CBS News,0.6369,NEGATIVE,-0.9782458543777466
2025-02-04,Dallas Mavericks confirm Luka Doncic to Lakers in shocking NBA blockbuster - CBS News,CBS News,0.296,POSITIVE,0.950866162776947
2025-02-04,"Luka Doncic, blindsided by Mavericks trade, is now embracing life with the Lakers - FOX Sports",FOX Sports,0.0,POSITIVE,0.9990377426147461
2025-02-04,'[Dallas] was home' | Luka Doncic speaks at first press conference as a Los Angeles Laker - WFAA,WFAA,0.0,POSITIVE,0.9878489971160889
2025-02-04,Luka Doncic at Lakers press conference: Trade from Mavs 'a big shock' - FOX 4 News Dallas-Fort Worth,FOX 4 News Dallas-Fort Worth,-0.1779,POSITIVE,0.9395074248313904
2025-02-04,Fans say Mavericks offering refunds after Luka Doncic trade - ESPN,ESPN,0.0,NEGATIVE,-0.970475435256958
2025-02-04,Does the Luka Dončić deal signal the end of the player empowerment era? - The New York Times,The New York Times,0.0,NEGATIVE,-0.9847951531410217
2025-02-04,Is Luka Doncic playing tonight against the Clippers? - FOX 11 Los Angeles,FOX 11 Los Angeles,0.2023,NEGATIVE,-0.9943317174911499
2025-02-04,"How will Luka trade to Lakers impact hobby, Doncic trading cards? - Sports Collectors Digest",Sports Collectors Digest,0.0,NEGATIVE,-0.9824568033218384
2025-02-04,"Luka Dončić says Lakers trade from Mavericks was ""big shock"": ""I had to check if it was April 1st"" - CBS News",CBS News,-0.3818,NEGATIVE,-0.6639034748077393
2025-02-04,Kyrie Irving 'grieving' after Doncic trade: 'Miss my hermano' - ESPN,ESPN,-0.5994,NEGATIVE,-0.9946351647377014
2025-02-04,LeBron James on hearing of Lakers' Luka Dončić trade: 'I thought it was a hoax' - Yahoo Sports,Yahoo Sports,-0.2732,NEGATIVE,-0.9922182559967041
2025-02-04,Luka Doncic introduced by Lakers: 'I wish Kobe and Gigi were here to see this moment' - FOX 11 Los Angeles,FOX 11 Los Angeles,0.4019,POSITIVE,0.9953445792198181
2025-02-04,When will Luka Dončić make his Lakers debut? J.J. Redick provides new update - NBC Los Angeles,NBC Los Angeles,0.0,NEGATIVE,-0.9965732097625732
2025-02-04,Kings captain Anze Kopitar welcomes fellow Slovenian Luka Doncic to L.A. - Yahoo Sports,Yahoo Sports,0.4019,POSITIVE,0.9984499216079712
2025-02-04,"LeBron James, shocked by Doncic trade, sees 'seamless transition' - ESPN",ESPN,-0.3182,POSITIVE,0.9720752835273743
2025-02-04,Meet Luka Doncic’s dad Sasa Doncic – who’s furious with the Dallas Mavericks - South China Morning Post,South China Morning Post,-0.5719,POSITIVE,0.9971317052841187
2025-02-04,'Unfathomable': How this stunning Luka Doncic-Anthony Davis trade came together - ESPN Singapore,ESPN Singapore,0.4588,POSITIVE,0.991007387638092
2025-02-04,"Luka Dončić could make Lakers debut as early as Saturday, with ESPN flexing game vs. Pacers - Yahoo Sports",Yahoo Sports,0.0,NEGATIVE,-0.8752538561820984
2025-02-04,Mavericks reportedly refund season ticket holders after Luka Dončić trade - Yahoo Sports,Yahoo Sports,0.0,NEGATIVE,-0.9865474700927734
2025-02-04,Luka Doncic speaks to Mavs fans during Lakers introductory press conference - WFAA,WFAA,0.0,POSITIVE,0.9923000335693359
2025-02-04,Daniel Gafford hurt emotionally after Mavericks traded Luka Doncic to Lakers - Sports Illustrated,Sports Illustrated,-0.5267,NEGATIVE,-0.9960727691650391
2025-02-04,New Lakers star Luka Doncic calls trade from Mavericks 'a big shock' - NBC News,NBC News,-0.3818,POSITIVE,0.9978335499763489
2025-02-04,T'Wolves' Anthony Edwards on shocking Luka Dončić trade: 'You don't just trade him at 25' - Yahoo Sports,Yahoo Sports,-0.4019,NEGATIVE,-0.9839040040969849
2025-02-04,"Anthony Davis 'shocked' upon hearing of Luka Doncic trade, ready to play with Mavericks - Yahoo Sports",Yahoo Sports,0.3818,POSITIVE,0.7685273885726929
2025-02-04,"Luka Doncic could make his Lakers debut as early as Saturday, coach JJ Redick says - Spectrum News",Spectrum News,0.4084,POSITIVE,0.6466182470321655
2025-02-04,Mass Exit: Mavericks feeling consequences from fanbase over baffling Luka Doncic trade - Sports Illustrated,Sports Illustrated,0.128,NEGATIVE,-0.999279797077179
2025-02-04,"When will Luka Doncic make his debut? Lakers star to play Indiana Pacers Saturday, Feb. 8 on ESPN and Disney+ - ABC7 Los Angeles",ABC7 Los Angeles,0.34,NEGATIVE,-0.9893607497215271
2025-02-04,LeBron James excited by 'special' Luka Doncic link up at LA Lakers - BBC,BBC,0.6249,POSITIVE,0.9988600015640259
2025-02-04,Luka Dončić trade resulted in fake funerals and blunt fan responses: ‘It’s soulless’ - The New York Times,The New York Times,-0.5267,NEGATIVE,-0.9961666464805603
2025-02-04,Windhorst: 'Not a Guarantee' Luka Dončić Signs New Lakers Contract in NBA Free Agency - Bleacher Report,Bleacher Report,0.3736,NEGATIVE,-0.9954647421836853
2025-02-04,The Secret Culprit in the Luka-A.D. Trade - Puck,Puck,0.0,NEGATIVE,-0.9786335229873657
2025-02-04,Lakers Center Calls Out Mavericks for 'Disrespectful' Luka Doncic Criticism - Sports Illustrated,Sports Illustrated,-0.4404,NEGATIVE,-0.9957411289215088
2025-02-04,"Luka Doncic makes first appearance with Los Angeles Lakers, says transition was ""emotionally really hard"" - CBS News",CBS News,-0.1761,NEGATIVE,-0.9975758194923401
2025-02-04,"LeBron scores 26, and the Lakers thrash the Clippers 122-97 with Luka Doncic watching on the bench - AP News",AP News,0.0,POSITIVE,0.9981454610824585
2025-02-04,ESPN report details growing frustration between Mavs and Luka | 5 things we learned - WFAA,WFAA,-0.34,NEGATIVE,-0.9874594211578369
2025-02-04,Luka Dončić Starts His Lakers Career With a Bananas Royal Oak - GQ,GQ,0.0,NEGATIVE,-0.5242772698402405
2025-02-04,Dallas Mavericks lose nearly 1 million Instagram followers after trading Luka Dončić to Lakers - FOX 4 News Dallas-Fort Worth,FOX 4 News Dallas-Fort Worth,-0.2023,NEGATIVE,-0.9996695518493652
2025-02-04,Luka Doncic Had Saddest Line About How He Felt After Being Traded to Lakers - Sports Illustrated,Sports Illustrated,-0.6124,NEGATIVE,-0.9991663694381714
2025-02-04,Luka Dončić on shock of trade to Los Angeles Lakers: ‘Imagine how surprised I was’ - CNN,CNN,-0.1779,POSITIVE,0.9903524518013
2025-02-04,LeBron James says he initially thought Luka Dončić’s Lakers trade was a hoax - The Guardian,The Guardian,-0.2732,NEGATIVE,-0.9920480847358704
2025-02-04,Lakers set to introduce Luka Dončić to Los Angeles - KTLA,KTLA,0.0,POSITIVE,0.9986456036567688
2025-02-04,“LA is amazing for me” – Luka Doncic on Los Angeles after visiting the city as a teenager - Basketball Network,Basketball Network,0.5859,POSITIVE,0.9996722936630249
2025-02-04,Luka Dončić pens emotional farewell to Dallas after shocking trade to Lakers - KXXV,KXXV,-0.2732,NEGATIVE,-0.8350325226783752
2025-02-04,New Lakers star Luka Doncic is not overweight in light-gray sweater for LA intro fit - Sports Illustrated,Sports Illustrated,0.5588,POSITIVE,0.9500141739845276
2025-02-04,Lakers Welcome Luka Doncic to L.A. After Blockbuster Trade With Electrifying Hype Video - Sports Illustrated,Sports Illustrated,0.7845,POSITIVE,0.9989506006240845
2025-02-04,Luka Doncic introduced by Los Angeles Lakers - Spectrum News,Spectrum News,0.0,POSITIVE,0.9899247884750366
2025-02-04,Luka Doncic's first comments on Lakers trade - Lakers Nation,Lakers Nation,0.0,POSITIVE,0.9844180345535278
2025-02-04,Lakers welcome Luka Doncic: 'This is a fresh start' as star comments on trade - USA Today,USA Today,0.6486,POSITIVE,0.9998106360435486
2025-02-04,Mark Cuban Says He Did Not Know About Luka Dončić Trade - Front Office Sports,Front Office Sports,0.0,NEGATIVE,-0.9994117021560669
2025-02-04,Luka Doncic: 'Excited for this new journey' with Lakers - Reuters,Reuters,0.34,POSITIVE,0.9992080330848694
2025-02-04,'Dream come true'... Luka Doncic reacts to playing with LeBron James on Lakers - Sports Illustrated,Sports Illustrated,0.6808,POSITIVE,0.9993401169776917
2025-02-04,Luka Dončić addresses being traded by Mavericks: 'Emotionally it was really hard' - The Business Journals,The Business Journals,-0.1761,NEGATIVE,-0.9988090991973877
2025-02-04,"Mavericks offering refunds after Luka Doncic trade, fans say - NBC 5 Dallas-Fort Worth",NBC 5 Dallas-Fort Worth,0.2263,NEGATIVE,-0.8864942789077759
2025-02-04,Some Dallas Mavericks season ticket holders offered refunds after Luka Doncic trade - FOX 4 News Dallas-Fort Worth,FOX 4 News Dallas-Fort Worth,0.2263,NEGATIVE,-0.979981005191803
2025-02-04,Kings captain Anze Kopitar welcomes fellow Slovenian Luka Doncic to L.A. - Los Angeles Times,Los Angeles Times,0.4019,POSITIVE,0.9995031356811523
2025-02-04,"Nikola Jokic, Nuggets react after Mavericks trade Luka Doncic to Lakers: “Nobody is safe in the league” - The Denver Post",The Denver Post,0.4404,NEGATIVE,-0.9814174771308899
2025-02-04,"Swanson: Luka Doncic will love L.A., eventually - Orange County Register",Orange County Register,0.6369,POSITIVE,0.9990434050559998
2025-02-04,Anthony Davis comments for first time after blockbuster trade from Lakers to Mavericks in exchange for Luka Dončić - CNN,CNN,0.5994,POSITIVE,0.9735486507415771
2025-02-04,Watch: Luka Dončić practices for first time with Lakers. When is his first game? - NBC Los Angeles,NBC Los Angeles,0.0,NEGATIVE,-0.9656868577003479
2025-02-04,Luka Doncic details Lakers trade 'shock' at introductory press conference - Fox News,Fox News,-0.3818,POSITIVE,0.986034095287323
2025-02-04,"Luka Dončić, De’Aaron Fox trades show tough decisions NBA teams face in new CBA realm - The New York Times",The New York Times,-0.128,NEGATIVE,-0.8952887654304504
2025-02-04,Luka Dončić admits learning of shock trade to Lakers was ‘really hard’ - The Guardian,The Guardian,-0.1027,NEGATIVE,-0.9954357743263245
2025-02-04,Anthony Edwards makes plea to team after Luka Doncic trade: 'Let me know' - FOX Sports,FOX Sports,0.0,NEGATIVE,-0.8301147818565369
2025-02-04,Lakers HC JJ Redick Hints at Major Starting Lineup Changes Around Luka Doncic - Sports Illustrated,Sports Illustrated,0.4084,POSITIVE,0.9545263051986694
2025-02-04,Anthony Davis-for-Luka Dončić deal headlines 15 stunning trades in NBA history - NBA.com,NBA.com,0.3818,POSITIVE,0.9962472319602966
2025-02-04,Mavericks receive abysmal grade for trading Luka Doncic to Los Angeles Lakers - Sports Illustrated,Sports Illustrated,0.0,NEGATIVE,-0.9911153316497803
2025-02-04,Hernández: How committed is LeBron James to the Lakers after Luka Doncic trade? - Los Angeles Times,Los Angeles Times,0.2732,NEGATIVE,-0.9877546429634094
2025-02-04,Lakers News: Markieff Morris Pushes Back Against Luka Doncic Disrespect - Lakers Nation,Lakers Nation,-0.4215,NEGATIVE,-0.9739393591880798
2025-02-04,Luka Doncic flexes insanely expensive watch for Lakers game at Clippers - Sports Illustrated,Sports Illustrated,0.0,NEGATIVE,-0.820932924747467
2025-02-04,'That's not true' ... Luka Doncic shuts down Mavericks rumors about conditioning after Lakers trade - Sports Illustrated,Sports Illustrated,-0.3252,NEGATIVE,-0.9995412826538086
2025-02-04,LeBron James called Luka Doncic ‘right away’ to welcome him to Lakers after trade - Lakers Daily,Lakers Daily,0.4588,POSITIVE,0.9967232346534729
2025-02-04,ESPN NBA Schedule Update: Los Angeles Lakers Host Indiana Pacers on February 8 in Luka Dončić's Expected Lakers Debut - ESPN Press Room,ESPN Press Room,0.0,NEGATIVE,-0.9233943223953247
2025-02-04,Lakers News: Luka Doncic’s Father Unhappy With Treatment From Mavericks - Lakers Nation,Lakers Nation,-0.4215,NEGATIVE,-0.9953635931015015
2025-02-04,Luka Doncic Had Hilarious Line About Being Teammates With His New Coach JJ Redick - Sports Illustrated,Sports Illustrated,0.6633,POSITIVE,0.9996786117553711
2025-02-04,Luka Doncic's teammate defended the superstar amid reports of conditioning issues - WFAA,WFAA,0.0,NEGATIVE,-0.9942159056663513
2025-02-04,What does Luka Dončić’s trade to the Lakers do for his basketball cards? - The New York Times,The New York Times,0.0,NEGATIVE,-0.9934425354003906
2025-02-04,"Mavericks offering refunds after Luka Doncic trade, fans say - Yahoo Sports",Yahoo Sports,0.0,NEGATIVE,-0.9658159613609314
2025-02-04,Lifelong Mavericks fan Patrick Mahomes reacts to Luka Doncic trade: 'It hurts me' - FOX Sports,FOX Sports,-0.2023,NEGATIVE,-0.9640969038009644
2025-02-04,Luka Doncic’s trade vexes fans and his real estate agent - The Real Deal,The Real Deal,0.0,POSITIVE,0.9991874098777771
2025-02-04,"Luka Doncic 'Doesn't Know Why' Nico Harrison, Mavericks Dealt him to LA Lakers - Sports Illustrated",Sports Illustrated,0.0,NEGATIVE,-0.9986525774002075
2025-02-04,What are the Dallas Mavericks not telling us about Luka Doncic? | Golden - Austin American-Statesman,Austin American-Statesman,0.0,NEGATIVE,-0.9952656030654907
2025-02-05,Luka Doncic 'excited' to join the Lakers after ‘big shock’ trade away from Mavericks - olympics.com,olympics.com,0.5574,POSITIVE,0.9983538389205933
2025-02-05,Why did Luka Dončić get traded? Rating the top 5 theories based on believability - Yahoo Sports,Yahoo Sports,0.2023,NEGATIVE,-0.9075813889503479
2025-02-05,"The Luka Dončić trade controversy, explained for people who simply love mess - vox.com",vox.com,0.4019,NEGATIVE,-0.9984739422798157
2025-02-05,Dorian Finney-Smith jokes about saving No. 77 for Luka Doncic - ESPN,ESPN,0.25,POSITIVE,0.9746691584587097
2025-02-05,"LeBron James stunned by trade of Anthony Davis, but calls Luka Dončić his 'favorite player' - NBA.com",NBA.com,0.5859,POSITIVE,0.9978625178337097
2025-02-05,"Sources: Lakers Pursuing Trade for Center to Pair with Luka Doncic, LeBron James - rg.org",rg.org,0.0,POSITIVE,0.8467962145805359
2025-02-05,"Luka Doncic arrives in L.A., and the Lakers have championship dreams again - The Washington Post",The Washington Post,0.6808,POSITIVE,0.9986640214920044
2025-02-05,"Luka Doncic fan launches billboard campaign for Mavericks' management: ""Dallas deserves better"" - CBS News",CBS News,0.6369,NEGATIVE,-0.9782458543777466
2025-02-05,NBA superstar Luka Doncic will miss out on a $345 million contract due to being traded—how he could get some of that money back - CNBC,CNBC,-0.1531,NEGATIVE,-0.9994856119155884
2025-02-05,Slovenia reacts to the shocking Luka Doncic trade - WFAA,WFAA,-0.4019,NEGATIVE,-0.9126523733139038
2025-02-05,Luka Doncic's love of playing with Mavericks' centers influenced latest Lakers trade - Sports Illustrated,Sports Illustrated,0.7184,POSITIVE,0.993489146232605
2025-02-05,COLUMN: Luka Doncic trade to Lakers is slap in face to Mavericks fans - The Daily Targum,The Daily Targum,0.1531,NEGATIVE,-0.9538760185241699
2025-02-05,Meet Luka Doncic’s dad Sasa Doncic – who’s furious with the Dallas Mavericks - South China Morning Post,South China Morning Post,-0.5719,POSITIVE,0.9971317052841187
2025-02-05,"5 takeaways: Luka Dončić to L.A., Anthony Davis to Dallas in stunning trade - NBA.com",NBA.com,0.3818,POSITIVE,0.9981982111930847
2025-02-05,Source: Lakers targeting Monday for Luka Doncic's debut - ESPN,ESPN,0.0,NEGATIVE,-0.7223993539810181
2025-02-05,LeBron James on hearing of Lakers' Luka Dončić trade: 'I thought it was a hoax' - Yahoo Sports,Yahoo Sports,-0.2732,NEGATIVE,-0.9922182559967041
2025-02-05,"Luka Doncic's move highlights luxury market gap between Dallas, LA - WFAA",WFAA,0.0,POSITIVE,0.9943115711212158
2025-02-05,Daniel Gafford hurt emotionally after Mavericks traded Luka Doncic to Lakers - Sports Illustrated,Sports Illustrated,-0.5267,NEGATIVE,-0.9960727691650391
2025-02-05,Kings captain Anze Kopitar welcomes fellow Slovenian Luka Doncic to L.A. - Yahoo Sports,Yahoo Sports,0.4019,POSITIVE,0.9984499216079712
2025-02-05,"LeBron James, shocked by Doncic trade, sees 'seamless transition' - ESPN",ESPN,-0.3182,POSITIVE,0.9720752835273743
2025-02-05,"Luka Doncic could make his Lakers debut as early as Saturday, coach JJ Redick says - Spectrum News",Spectrum News,0.4084,POSITIVE,0.6466182470321655
2025-02-05,"When will Luka Doncic make his debut? Lakers star to play Indiana Pacers Saturday, Feb. 8 on ESPN and Disney+ - ABC7 Los Angeles",ABC7 Los Angeles,0.34,NEGATIVE,-0.9893607497215271
2025-02-05,LeBron James excited by 'special' Luka Doncic link up at LA Lakers - BBC,BBC,0.6249,POSITIVE,0.9988600015640259
2025-02-05,Luka Dončić trade resulted in fake funerals and blunt fan responses: ‘It’s soulless’ - The New York Times,The New York Times,-0.5267,NEGATIVE,-0.9961666464805603
2025-02-05,Lakers Center Calls Out Mavericks for 'Disrespectful' Luka Doncic Criticism - Sports Illustrated,Sports Illustrated,-0.4404,NEGATIVE,-0.9957411289215088
2025-02-05,'I love our fans. I love our team. I love Luka': Former Mavs CEO reflects on Luka Doncic's career with the team - WFAA,WFAA,0.9274,POSITIVE,0.9998250603675842
2025-02-05,‘Puka Doncic’ Says Luka Trade a Win for Jordan Brand - Sportico.com,Sportico.com,0.5859,POSITIVE,0.9796303510665894
2025-02-05,The Mavs Tried To Slander Luka Doncic For Reportedly Being 270 Pounds Only For Him To Immediately Look Skinny As Hell As A Laker - Barstool Sports,Barstool Sports,-0.6808,NEGATIVE,-0.9996752738952637
2025-02-05,Luka Doncic introduced by Los Angeles Lakers - Spectrum News,Spectrum News,0.0,POSITIVE,0.9899247884750366
2025-02-05,Lakers welcome Luka Doncic: 'This is a fresh start' as star comments on trade - USA Today,USA Today,0.6486,POSITIVE,0.9998106360435486
2025-02-05,Hernández: Trade deadline deals transform Lakers from sideshow to NBA title contenders - Los Angeles Times,Los Angeles Times,0.0,POSITIVE,0.9969602227210999
2025-02-05,Dallas steakhouse Nick & Sam's to keep steak named after former Dallas Mavericks star Luka Doncic on the menu - CBS News,CBS News,0.0,POSITIVE,0.804006040096283
2025-02-05,L.A. native upset Luka Doncic is a Laker. He's raising money to protest trade with billboards in Dallas - Los Angeles Times,Los Angeles Times,-0.5574,POSITIVE,0.9733151197433472
2025-02-05,Anthony Davis-for-Luka Dončić deal headlines 15 stunning trades in NBA history - NBA.com,NBA.com,0.3818,POSITIVE,0.9962472319602966
2025-02-05,Hernández: How committed is LeBron James to the Lakers after Luka Doncic trade? - Los Angeles Times,Los Angeles Times,0.2732,NEGATIVE,-0.9877546429634094
2025-02-05,Reggie Miller Rips Mavericks for ‘Character Assassination’ of Luka Doncic After Trade - Sports Illustrated,Sports Illustrated,0.0,NEGATIVE,-0.9944255352020264
2025-02-05,Luka Doncic's teammate defended the superstar amid reports of conditioning issues - WFAA,WFAA,0.0,NEGATIVE,-0.9942159056663513
2025-02-05,Hardball politics? The not-so-crazy theory behind Mavs' trade of Luka Doncic - Houston Chronicle,Houston Chronicle,0.0,NEGATIVE,-0.9962185025215149
2025-02-05,Here's what Kyrie Irving said about the Luka Doncic trade in his first comments since the move - WFAA,WFAA,0.0,POSITIVE,0.8285876512527466
2025-02-05,Luka Doncic is excited to join the Lakers after the shock of his trade - timesleaderonline.com,timesleaderonline.com,0.25,POSITIVE,0.9993993043899536
2025-02-05,'Luka was the heart to our city' | Fans react to Luka Doncic's influence on and off the court - WFAA,WFAA,0.6369,POSITIVE,0.9994028806686401
2025-02-05,4-year-old named after Luka Doncic heartbroken by the trade - WFAA,WFAA,-0.6486,NEGATIVE,-0.9835936427116394
2025-02-05,"Luka Dončić Might Be Gone, But The Luka Steak Lives On - Local Profile",Local Profile,0.0,NEGATIVE,-0.7176923155784607
2025-02-05,Fans say Mavericks offering refunds after Luka Doncic trade - ESPN,ESPN,0.0,NEGATIVE,-0.970475435256958
2025-02-05,Luka to the Lakers or Malott brunch to Pomona: NBA trades in 5C terms - The Student Life,The Student Life,0.0,NEGATIVE,-0.9910010695457458
2025-02-05,"Luka Doncic is now more likely to make his Lakers debut on Monday, JJ Redick says - CBS News",CBS News,0.4084,NEGATIVE,-0.7815296053886414
2025-02-05,Mavericks' Kyrie Irving on Luka Doncic trade: 'It's still a grieving process right now' - USA Today,USA Today,-0.5106,NEGATIVE,-0.5514677166938782
2025-02-05,Making sense of how Austin Reaves fits with Luka Doncic's Lakers—if he still does - Lake Show Life,Lake Show Life,0.0,POSITIVE,0.9918131828308105
2025-02-05,LeBron James shares reaction to Lakers acquiring Luka Doncic from Mavericks - USA Today,USA Today,0.296,POSITIVE,0.901421844959259
2025-02-05,Luka Doncic debut with Lakers will likely feature Pacers — with national TV spotlight - IndyStar,IndyStar,0.0,POSITIVE,0.9412899017333984
2025-02-05,Luka Doncic could make Lakers debut against Indiana Pacers or Utah Jazz - KUTV,KUTV,0.0,POSITIVE,0.5789138078689575
2025-02-05,3 Luka Doncic-style trades that could break the NHL landscape as we know it - FanSided,FanSided,0.0,POSITIVE,0.998778760433197
2025-02-05,The huge amount of money Luka Doncic loses in taxes by trading Mavericks for Lakers - MARCA,MARCA,0.0,NEGATIVE,-0.9909932017326355
2025-02-05,Rumors: Luka Doncic's uncut thoughts about Mavericks trading him finally revealed - The Smoking Cuban,The Smoking Cuban,0.0,NEGATIVE,-0.9933799505233765
2025-02-05,One of Luka's favorite Dallas restaurants is keeping his signature dish on the menu - WFAA,WFAA,0.4588,POSITIVE,0.9991356730461121
2025-02-05,"Santi Aldama reacts to Luka Doncic trade, admits anxiety ahead of own free agency - BasketNews.com",BasketNews.com,0.5859,NEGATIVE,-0.6236631274223328
2025-02-05,When will Luka Doncic play his next game? Latest injury report on the Lakers’ newest star player’s return - Diario AS,Diario AS,-0.1027,NEGATIVE,-0.9912776947021484
2025-02-05,LOOK: Rob Pelinka with new Laker Luka Doncic and other pictures of the day in the NBA - HoopsHype,HoopsHype,-0.5574,POSITIVE,0.9961217045783997
2025-02-05,Why Luka Dončić trade is considered 'a seismic event in NBA history' - Australian Broadcasting Corporation,Australian Broadcasting Corporation,0.0,POSITIVE,0.576941728591919
2025-02-05,"""Fat Luka is better than 99.9% of all guards in the league"" - Shaq thinks trading a generational talent because of weight is lame - Basketball Network",Basketball Network,0.4404,NEGATIVE,-0.9993355870246887
2025-02-05,Luka Doncic and LeBron James share court for first time together as they move past NBA-altering trade - MARCA,MARCA,0.296,POSITIVE,0.999383807182312
2025-02-05,Luka Doncic shocked by trade to Lakers but excited for new journey - Rappler,Rappler,0.3506,POSITIVE,0.9954537153244019
2025-02-05,ESPN in major broadcasting change for Luka Doncic's LA Lakers debut with key college basketball game moved - the-sun.com,the-sun.com,0.0,POSITIVE,0.5256645679473877
2025-02-05,‘Utterly embarrassed’ - Bronny James gets into it with fan next to bemused Luka Doncic before hitting NBA first - talkSPORT,talkSPORT,0.3182,NEGATIVE,-0.733096182346344
2025-02-05,When will Luka Doncic make his debut for the Lakers? What we know about his injury. - USA Today,USA Today,-0.4215,NEGATIVE,-0.9971641898155212
2025-02-05,Luka Doncic hungry for titles after shock Los Angeles Lakers trade - The Straits Times,The Straits Times,-0.3818,NEGATIVE,-0.9694299101829529
2025-02-05,"Nike releases its first Luka Doncic Los Angeles Lakers jersey, here's how to buy - USA Today",USA Today,0.0,POSITIVE,0.959495484828949
2025-02-05,LeBron James had 1 message to Luka Doncic as he attended his first game as a Laker - USA Today,USA Today,0.0,POSITIVE,0.9583383798599243
2025-02-05,Jayden Daniels weighs in on Luka Doncic to Lakers - Commanders Wire,Commanders Wire,0.0,POSITIVE,0.9885414838790894
2025-02-05,"‘It’s not true’: Luka slams explosive trade claim, reveals LeBron’s phone call - Fox Sports",Fox Sports,0.0,NEGATIVE,-0.9932659864425659
2025-02-05,How bombshell trade exposed NBA ‘double standard’... and could spark radical ‘new era’ - Fox Sports,Fox Sports,0.1531,POSITIVE,0.7448157668113708
2025-02-05,When Will Luka Doncic Make His Debut with the Lakers? - Kompas.id,Kompas.id,0.0,NEGATIVE,-0.9908203482627869
2025-02-05,"Will These Things Change in Dallas, Texas Named After Luka Doncic? - 106.3 The Buzz",106.3 The Buzz,0.0,NEGATIVE,-0.844723105430603
2025-02-05,Luka Doncic Is Seething At The Mavericks Over Blockbuster Trade - Fadeaway World,Fadeaway World,0.5994,POSITIVE,0.8981180787086487
2025-02-05,Lakers finally release photos of Luka Doncic in team uniform - ClutchPoints,ClutchPoints,0.0,POSITIVE,0.8987592458724976
2025-02-06,Source: Lakers targeting Monday for Luka Doncic's debut - ESPN,ESPN,0.0,NEGATIVE,-0.7223993539810181
2025-02-06,NBA Trade Deadline: What The Luka Doncic Trade Means For Player Evaluation Moving Forward - No Ceilings | Substack,No Ceilings | Substack,-0.296,NEGATIVE,-0.9940739274024963
2025-02-06,NBA superstar Luka Doncic will miss out on a $345 million contract due to being traded—how he could get some of that money back - CNBC,CNBC,-0.1531,NEGATIVE,-0.9994856119155884
2025-02-06,Slovenia reacts to the shocking Luka Doncic trade - WFAA,WFAA,-0.4019,NEGATIVE,-0.9126523733139038
2025-02-06,Luka Doncic's love of playing with Mavericks' centers influenced latest Lakers trade - Sports Illustrated,Sports Illustrated,0.7184,POSITIVE,0.993489146232605
2025-02-06,COLUMN: Luka Doncic trade to Lakers is slap in face to Mavericks fans - The Daily Targum,The Daily Targum,0.1531,NEGATIVE,-0.9538760185241699
2025-02-06,"NBA Trade Deadline: Luka Doncic Loses Supermax, Heat Offload Jimmy Butler And The Lakers Ace It - Forbes",Forbes,-0.3182,NEGATIVE,-0.9993065595626831
2025-02-06,Why the Lakers couldn’t say no to Luka Dončić trade — and why the Mavs are taking a huge risk - The Athletic - The New York Times,The New York Times,-0.25,NEGATIVE,-0.9685313701629639
2025-02-06,‘Puka Doncic’ Says Luka Trade a Win for Jordan Brand - Sportico.com,Sportico.com,0.5859,POSITIVE,0.9796303510665894
2025-02-06,Full Force of ESPN’s Newsgathering on Display for Blockbuster Dončić/Davis Trade - ESPN Front Row,ESPN Front Row,0.5994,POSITIVE,0.9969196319580078
2025-02-06,The Mavs Tried To Slander Luka Doncic For Reportedly Being 270 Pounds Only For Him To Immediately Look Skinny As Hell As A Laker - Barstool Sports,Barstool Sports,-0.6808,NEGATIVE,-0.9996752738952637
2025-02-06,Hernández: Trade deadline deals transform Lakers from sideshow to NBA title contenders - Los Angeles Times,Los Angeles Times,0.0,POSITIVE,0.9969602227210999
2025-02-06,Dallas steakhouse Nick & Sam's to keep steak named after former Dallas Mavericks star Luka Doncic on the menu - CBS News,CBS News,0.0,POSITIVE,0.804006040096283
2025-02-06,"Who is Luka Doncic’s Slovenian model fiancée, Anamaria Goltes? - South China Morning Post",South China Morning Post,0.0,NEGATIVE,-0.9886325001716614
2025-02-06,Mavericks reportedly beef up security after death threats against GM Nico Harrison in wake of Luka Dončić trade - Yahoo Sports,Yahoo Sports,-0.6486,NEGATIVE,-0.9774590134620667
2025-02-06,"Luka Doncic's move highlights luxury market gap between Dallas, LA - WFAA",WFAA,0.0,POSITIVE,0.9943115711212158
2025-02-06,"Will Kevin Durant be dealt by NBA trade deadline? Plus, Luka Dončić & Anthony Davis speak - The New York Times",The New York Times,0.0,NEGATIVE,-0.9686058163642883
2025-02-06,Ex-Maverick Luka Doncic's debut with Lakers expected to be delayed - Sports Illustrated,Sports Illustrated,-0.2263,NEGATIVE,-0.9983750581741333
2025-02-06,'I love our fans. I love our team. I love Luka': Former Mavs CEO reflects on Luka Doncic's career with the team - WFAA,WFAA,0.9274,POSITIVE,0.9998250603675842
2025-02-06,"Nico Harrison didn't 'act alone' in Luka Doncic trade, ESPN reporter says on new podcast episode - WFAA",WFAA,0.1877,NEGATIVE,-0.9976438879966736
2025-02-06,When will Luka Doncic make his Lakers debut? - Yahoo Sports,Yahoo Sports,0.0,NEGATIVE,-0.9949427247047424
2025-02-06,NBA Rewind: Luka Dončić trade is just the latest superstar coup by the Lakers - The New York Times,The New York Times,0.0,NEGATIVE,-0.9969323873519897
2025-02-06,L.A. native upset Luka Doncic is a Laker. He's raising money to protest trade with billboards in Dallas - Los Angeles Times,Los Angeles Times,-0.5574,POSITIVE,0.9733151197433472
2025-02-06,Doncic Trade Has Mavericks Fans Feeling They ‘Lost a Family Member’ (Published 2025) - The New York Times,The New York Times,0.128,NEGATIVE,-0.9637197256088257
2025-02-06,Anthony Davis set for Mavericks debut and understands ire of fans who lost Luka Dončić - NBA.com,NBA.com,-0.3182,POSITIVE,0.9981507658958435
2025-02-06,Dallas steakhouse will keep Luka’s signature dish despite trade - Spectrum News,Spectrum News,0.0,POSITIVE,0.9718201756477356
2025-02-06,Reggie Miller Rips Mavericks for ‘Character Assassination’ of Luka Doncic After Trade - Sports Illustrated,Sports Illustrated,0.0,NEGATIVE,-0.9944255352020264
2025-02-06,Hardball politics? The not-so-crazy theory behind Mavs' trade of Luka Doncic - Houston Chronicle,Houston Chronicle,0.0,NEGATIVE,-0.9962185025215149
2025-02-06,Dorian Finney-Smith jokes about saving No. 77 for Luka Doncic - ESPN Philippines,ESPN Philippines,0.25,POSITIVE,0.9755621552467346
2025-02-06,'Luka was the heart to our city' | Fans react to Luka Doncic's influence on and off the court - WFAA,WFAA,0.6369,POSITIVE,0.9994028806686401
2025-02-06,DFW coffee chain breaks silence after Luka trade went down in their café - WFAA,WFAA,0.0,NEGATIVE,-0.9975209832191467
2025-02-06,4-year-old named after Luka Doncic heartbroken by the trade - WFAA,WFAA,-0.6486,NEGATIVE,-0.9835936427116394
2025-02-06,"Mavericks GM Nico Harrison receiving death threats in aftermath of Luka Doncic trade, per report - CBS Sports",CBS Sports,-0.7717,NEGATIVE,-0.9958429932594299
2025-02-06,Luka Doncic trade has NFL stars dumbfounded at Super Bowl LIX: 'It's like trading Lamar' - Fox News,Fox News,0.5859,NEGATIVE,-0.9974714517593384
2025-02-06,"Lakers land Mark Williams in trade with Hornets to give LeBron James, Luka Doncic their center, per report - CBS Sports",CBS Sports,0.0,POSITIVE,0.8790385127067566
2025-02-06,"Luka Dončić Shocks NBA by Joining Lakers, Anthony Davis Lands in Dallas - South Philly Review",South Philly Review,-0.3818,POSITIVE,0.9845097661018372
2025-02-06,Luka to the Lakers or Malott brunch to Pomona: NBA trades in 5C terms - The Student Life,The Student Life,0.0,NEGATIVE,-0.9910010695457458
2025-02-06,"Luka Doncic is now more likely to make his Lakers debut on Monday, JJ Redick says - CBS News",CBS News,0.4084,NEGATIVE,-0.7815296053886414
2025-02-06,Luka Doncic Lakers debut: key date is set - BasketNews.com,BasketNews.com,0.0,POSITIVE,0.8346990942955017
2025-02-06,Luka Dončić Trade: Why Its Impact Is So Far-Reaching - Esquire Australia,Esquire Australia,0.0,POSITIVE,0.9976152181625366
2025-02-06,LeBron James Can’t Wait To Share Court With Luka Doncic On Lakers - Lakers Nation,Lakers Nation,0.296,POSITIVE,0.9993058443069458
2025-02-06,'He's supposed to be a Maverick' | Dallas artist creates Luka portrait out of cereal boxes - WFAA,WFAA,0.2732,POSITIVE,0.5192345380783081
2025-02-06,One Camera Caught Luka Doncic Laughing After Draymond Green Blew a Wide-Open Layup - Sports Illustrated,Sports Illustrated,0.4939,NEGATIVE,-0.9809243679046631
2025-02-06,"Luka Doncic ruled out for Lakers vs. Pacers on Saturday; LeBron James doubtful, too. - IndyStar",IndyStar,-0.34,NEGATIVE,-0.9530248045921326
2025-02-06,"How the Luka Dončić-Anthony Davis trade materialized and how it will impact the Lakers, Mavericks and the NBA for decades - The Collegiate Live",The Collegiate Live,0.0,POSITIVE,0.9993293285369873
2025-02-06,Dallas coffee shop meet-up where Luka Doncic trade talks started caught on camera - WFAA,WFAA,0.0,NEGATIVE,-0.9613768458366394
2025-02-06,FLASHBACK: Luka Doncic's mom says he wants to spend career with one team (2020) - WFAA,WFAA,0.0,NEGATIVE,-0.7348707318305969
2025-02-06,"Santi Aldama reacts to Luka Doncic trade, admits anxiety ahead of own free agency - BasketNews.com",BasketNews.com,0.5859,NEGATIVE,-0.6236631274223328
2025-02-06,Luka Doncic and LeBron James sink buckets together in Lakers practice - Diario AS,Diario AS,0.0,NEGATIVE,-0.9986392855644226
2025-02-06,Mavs' Anthony Davis says he's going to 'give the city life back' after stunning Luka Doncic trade to Lakers - CBS Sports,CBS Sports,0.3818,POSITIVE,0.9898114800453186
2025-02-06,Luka Doncic and Anamaria Goltes' Combined Net Worth: The Power Couple’s Wealth in 2025 - The Times of India,The Times of India,0.6249,POSITIVE,0.9997572302818298
2025-02-06,"Luka Doncic moves 'excessive' $200,000 ‘apocalypse-proof’ Jeep to LA - the-sun.com",the-sun.com,0.0,NEGATIVE,-0.9972720742225647
2025-02-06,Luka Doncic and LeBron James share court for first time together as they move past NBA-altering trade - MARCA,MARCA,0.296,POSITIVE,0.999383807182312
2025-02-06,"Fresh Off Luka Doncic’s Trade to the Lakers, Nike’s Jordan Brand Luka 3 Signature Sneakers Are On Sale - The Hollywood Reporter",The Hollywood Reporter,0.3182,POSITIVE,0.9915903210639954
2025-02-06,"Looking good in purple and gold! 😎💜💛 The Los Angeles Lakers shared photos of newly-traded player Luka Doncic wearing the team's jersey. The Lakers received Doncic in a surprise trade with the Dallas Mavericks on Wednesday, February 5. (📸: Lakers/Inst - facebook.com",facebook.com,0.9589,POSITIVE,0.9506672620773315
2025-02-06,ESPN in major broadcasting change for Luka Doncic's LA Lakers debut with key college basketball game moved - the-sun.com,the-sun.com,0.0,POSITIVE,0.5256645679473877
2025-02-06,Luka Doncic’s Feedback Fueled Lakers’ Mark Williams Trade: Report - heavy.com,heavy.com,0.0,NEGATIVE,-0.8483335375785828
2025-02-06,Luka Doncic breaks silence on skepticism around his conditioning and competitiveness: “I’m used to it” - Basketball Network,Basketball Network,-0.25,NEGATIVE,-0.9485443830490112
2025-02-06,Anthony Davis aiming to do well with Dallas Mavericks following Luka Doncic trade - Flashscore.com,Flashscore.com,0.2732,POSITIVE,0.775730550289154
2025-02-06,When will Luka Doncic make his debut for the Lakers? What we know about his injury. - USA Today,USA Today,-0.4215,NEGATIVE,-0.9971641898155212
2025-02-06,Former Duke basketball player joins LeBron James after trade to the Los Angeles Lakers - Duke Wire,Duke Wire,0.0,POSITIVE,0.7706227898597717
2025-02-06,Luka Doncic caught laughing at Draymond's missed layup - MARCA,MARCA,0.25,NEGATIVE,-0.9896674156188965
2025-02-06,Jayden Daniels weighs in on Luka Doncic to Lakers - Commanders Wire,Commanders Wire,0.0,POSITIVE,0.9885414838790894
2025-02-06,Luka Doncic Debuts His Lakers Jersey! - YouTube,YouTube,0.0,POSITIVE,0.8907008171081543
2025-02-06,"Luka Doncic, les Pistons et Giannis Antetokounmpo – Les 3 infos NBA de la semaine - BasketSession.com",BasketSession.com,0.0,NEGATIVE,-0.6706982254981995
2025-02-06,Who is Luka Doncic's Fiancée? Exploring the Personal Life of Los Angeles Lakers' Star Player - The Times of India,The Times of India,0.0,POSITIVE,0.996916651725769
2025-02-06,Why OKC Thunder's 2028 pick swap with Mavericks looks even better after Luka Doncic trade - The Oklahoman,The Oklahoman,0.4404,NEGATIVE,-0.9846922159194946
2025-02-06,"Lakers starting lineup projection: How Luka Doncic, Mark Williams fit in with LeBron James - sportingnews.com",sportingnews.com,0.3612,POSITIVE,0.9954674243927002
2025-02-06,"NBA Fans Explode Over Los Angeles Lakers' LeBron James, Bronny James, Luka Doncic Trio Nickname - The Times of India",The Times of India,0.0,POSITIVE,0.9928385615348816
2025-02-06,How will the Lakers look post Luka Doncic Trade? What can they do to win the Championship? - VAVEL.com,VAVEL.com,0.7941,NEGATIVE,-0.9970621466636658
2025-02-06,Nike Drops Heat on Luka Doncic’s Jordan Luka 3 Sneakers After His Los Angeles Lakers Trade: What's the Pl - The Times of India,The Times of India,0.0,NEGATIVE,-0.9441860914230347
2025-02-06,Luka Doncic is excited to join the Lakers after the shock of his stunning trade away from Dallas - Marianas Variety,Marianas Variety,0.5574,POSITIVE,0.999613344669342
2025-02-06,Revenge of the dad bods: The average-looking athletes conquering the world - SMH.com.au,SMH.com.au,-0.5267,NEGATIVE,-0.9762392640113831
2025-02-06,The transfer of Luka Doncic could lead to the departure of Kyrie Irving - Blog de Basket,Blog de Basket,0.0,NEGATIVE,-0.9988278746604919
2025-02-06,NBA star declares Mavs winners of the Luka Doncic trade - The Australian,The Australian,0.4767,POSITIVE,0.9850788116455078
2025-02-06,Is Luka Dončić Playing Today? Examining Whether the Superstar Will Make His Lakers Debut on Thursday vs. Warriors - PFSN,PFSN,0.2023,NEGATIVE,-0.9902014136314392
2025-02-06,"Luka Doncic made Rui Hachimura prediction in 2020, and there’s already been change since Davis trade - NBA Analysis Network",NBA Analysis Network,0.0,NEGATIVE,-0.9788500666618347
2025-02-06,Draymond Green points out completely overlooked fact in Luka Doncic trade - The Mirror US,The Mirror US,-0.101,NEGATIVE,-0.9702087044715881
2025-02-06,Lakers’ LeBron James couldn’t be more excited to play with Luka Doncic - ClutchPoints,ClutchPoints,0.6549,POSITIVE,0.9947654008865356
2025-02-06,"Sources: Lakers remain ‘active’ after Luka Doncic, Mark Williams trades - ClutchPoints",ClutchPoints,0.0,POSITIVE,0.9892417788505554
2025-02-06,"2025 NBA trade deadline: Tracking all trades after Luka Doncic, Anthony Davis blockbuster - ClutchPoints",ClutchPoints,0.5994,POSITIVE,0.5205395221710205
2025-02-06,Mavericks’ Klay Thompson ready for boos in first home game after Luka Doncic trade - ClutchPoints,ClutchPoints,0.3612,NEGATIVE,-0.6872634887695312
2025-02-06,Lakers finally release photos of Luka Doncic in team uniform - ClutchPoints,ClutchPoints,0.0,POSITIVE,0.8987592458724976
2025-02-06,Max Christie gets brutally honest on being included in Mavericks-Lakers Luka Doncic-Anthony Davis trade - ClutchPoints,ClutchPoints,-0.1779,POSITIVE,0.9978571534156799
2025-02-06,"Coco Gauff's friend Jalen Sera reacts to seeing $75,000,000-worth Luka Doncic in Lakers jersey for the first time after shock Mavericks trade - Sportskeeda",Sportskeeda,0.1531,POSITIVE,0.995448887348175
2025-02-07,Hundreds of Dallas Mavericks fans protest Luka Doncic trade to Los Angeles Lakers - KERA News,KERA News,-0.25,NEGATIVE,-0.8868717551231384
2025-02-07,NBA Trade Deadline: What The Luka Doncic Trade Means For Player Evaluation Moving Forward - No Ceilings | Substack,No Ceilings | Substack,-0.296,NEGATIVE,-0.9940739274024963
2025-02-07,Dallas Mavericks fans protest Luka Doncic trade ahead of Anthony Davis' debut home game - CBS News,CBS News,-0.25,NEGATIVE,-0.9487693905830383
2025-02-07,Mavs fans protest at first home game since Luka Doncic trade - FOX 4 News Dallas-Fort Worth,FOX 4 News Dallas-Fort Worth,-0.0258,NEGATIVE,-0.9914802312850952
2025-02-07,Are Luka Doncic and LeBron James playing today? Full Injury report for Pacers-Lakers - 8 Points 9 Seconds,8 Points 9 Seconds,-0.25,NEGATIVE,-0.951506495475769
2025-02-07,Ex-Maverick Luka Doncic's debut with Lakers expected to be delayed - Sports Illustrated,Sports Illustrated,-0.2263,NEGATIVE,-0.9983750581741333
2025-02-07,When is Luka Doncic playing? Here's what we know about debut of new Lakers star - Yahoo Sports,Yahoo Sports,0.2023,NEGATIVE,-0.9959254264831543
2025-02-07,"Who is Luka Doncic’s Slovenian model fiancée, Anamaria Goltes? - South China Morning Post",South China Morning Post,0.0,NEGATIVE,-0.9886325001716614
2025-02-07,Lakers News: Austin Reaves Addresses Fit Concerns With LeBron James & Luka Doncic - Lakers Nation,Lakers Nation,0.3612,POSITIVE,0.980560302734375
2025-02-07,"Nico Harrison didn't 'act alone' in Luka Doncic trade, ESPN reporter says on new podcast episode - WFAA",WFAA,0.1877,NEGATIVE,-0.9976438879966736
2025-02-07,Doncic Trade Has Mavericks Fans Feeling They ‘Lost a Family Member’ (Published 2025) - The New York Times,The New York Times,0.128,NEGATIVE,-0.9637197256088257
2025-02-07,Anthony Davis set for Mavericks debut and understands ire of fans who lost Luka Dončić - NBA.com,NBA.com,-0.3182,POSITIVE,0.9981507658958435
2025-02-07,"Without LeBron James and Luka Dončić, Austin Reaves scores career-high 45 points in Lakers 124-117 win over Pacers - NBC Los Angeles",NBC Los Angeles,0.5859,POSITIVE,0.9965848922729492
2025-02-07,Cowboys' Dak Prescott reacts to Luka Doncic trade - Fox News,Fox News,0.0,POSITIVE,0.757064700126648
2025-02-07,"Mavericks GM Nico Harrison receiving death threats in aftermath of Luka Doncic trade, per report - CBS Sports",CBS Sports,-0.7717,NEGATIVE,-0.9958429932594299
2025-02-07,Rick Carlisle on LeBron James and Luka Doncic: ‘Don’t see any world … it doesn’t work great’ - Orange County Register,Orange County Register,0.0,NEGATIVE,-0.9984412789344788
2025-02-07,Mavericks reportedly beef up security after death threats against GM Nico Harrison in wake of Luka Dončić trade - Yahoo Sports,Yahoo Sports,-0.6486,NEGATIVE,-0.9774590134620667
2025-02-07,"'He was supposed to have a statue' | Mavs fans voting on which anti-Nico Harrison, anti-Adelson billboard designs will go up - WFAA",WFAA,0.0,NEGATIVE,-0.9951926469802856
2025-02-07,Luka Doncic trade has NFL stars dumbfounded at Super Bowl LIX: 'It's like trading Lamar' - Fox News,Fox News,0.5859,NEGATIVE,-0.9974714517593384
2025-02-07,When will Luka Doncic make his Lakers debut? - Yahoo Sports,Yahoo Sports,0.0,NEGATIVE,-0.9949427247047424
2025-02-07,Mavs fans protest at first home game post Luka trade - NBC 5 Dallas-Fort Worth,NBC 5 Dallas-Fort Worth,-0.0258,NEGATIVE,-0.9932361245155334
2025-02-07,Luka Doncic Lakers debut: key date is set - BasketNews.com,BasketNews.com,0.0,POSITIVE,0.8346990942955017
2025-02-07,Luka Dončić Trade: Why Its Impact Is So Far-Reaching - Esquire Australia,Esquire Australia,0.0,POSITIVE,0.9976152181625366
2025-02-07,LeBron James Can’t Wait To Share Court With Luka Doncic On Lakers - Lakers Nation,Lakers Nation,0.296,POSITIVE,0.9993058443069458
2025-02-07,Seth Rollins Says No One in AEW Is on Luka Doncic's Trade Level - TheSportster,TheSportster,-0.296,NEGATIVE,-0.9984244108200073
2025-02-07,Jason Kidd: 'It Was Weird' Playing Without Luka Dončić After Mavs' Trade with Lakers - Bleacher Report,Bleacher Report,0.0258,NEGATIVE,-0.9945765733718872
2025-02-07,Dallas Mavericks GM Nico Harrison Is Reportedly Getting Death Threats After Shocking Decision to Trade Luka Dončić - People.com,People.com,-0.8555,NEGATIVE,-0.9920358061790466
2025-02-07,"Luka Doncic ruled out for Lakers vs. Pacers on Saturday; LeBron James doubtful, too. - IndyStar",IndyStar,-0.34,NEGATIVE,-0.9530248045921326
2025-02-07,"How the Luka Dončić-Anthony Davis trade materialized and how it will impact the Lakers, Mavericks and the NBA for decades - The Collegiate Live",The Collegiate Live,0.0,POSITIVE,0.9993293285369873
2025-02-07,Dallas coffee shop meet-up where Luka Doncic trade talks started caught on camera - WFAA,WFAA,0.0,NEGATIVE,-0.9613768458366394
2025-02-07,Rick Carlisle: 'Don't See Any World' Where LeBron James-Luka Dončić Duo Isn't 'Great' - Bleacher Report,Bleacher Report,-0.5096,NEGATIVE,-0.9973624348640442
2025-02-07,‘Don’t ever compare a GOAT to a cat': Ron Harper takes issue with unique Luka-M.J. trade comparison - Ahn Fire Digital,Ahn Fire Digital,-0.34,NEGATIVE,-0.7695518732070923
2025-02-07,Mavericks coach Jason Kidd says he was unaware of shocking Luka Dončić trade until 'eleventh hour' - Fox News,Fox News,-0.5423,NEGATIVE,-0.9752830862998962
2025-02-07,Mavericks GM Nico Harrison Reportedly Receives Death Threats After Luka Dončić Trade - Complex,Complex,-0.7717,NEGATIVE,-0.9976309537887573
2025-02-07,Mavs' Anthony Davis says he's going to 'give the city life back' after stunning Luka Doncic trade to Lakers - CBS Sports,CBS Sports,0.3818,POSITIVE,0.9898114800453186
2025-02-07,Mark Cuban jokes with Bill Gates about Luka Doncic trade: 'I've had a rough week' - Dallas News,Dallas News,0.25,NEGATIVE,-0.9108715653419495
2025-02-07,Luka Doncic and Anamaria Goltes' Combined Net Worth: The Power Couple’s Wealth in 2025 - The Times of India,The Times of India,0.6249,POSITIVE,0.9997572302818298
2025-02-07,"Luka Doncic moves 'excessive' $200,000 ‘apocalypse-proof’ Jeep to LA - the-sun.com",the-sun.com,0.0,NEGATIVE,-0.9972720742225647
2025-02-07,Is Luka Doncic playing today? When Lakers star could debut with new team after trade - USA Today,USA Today,0.2023,NEGATIVE,-0.985691487789154
2025-02-07,Mark Cuban Makes First Public Comment on Luka Doncic Trade at Bill Gates Event - heavy.com,heavy.com,0.0,NEGATIVE,-0.933555543422699
2025-02-07,"Rams' Puka Nacua on Luka Doncic trade, Cooper Kupp - Fox News",Fox News,0.0,NEGATIVE,-0.9950364232063293
2025-02-07,Luka Doncic breaks silence on skepticism around his conditioning and competitiveness: “I’m used to it” - Basketball Network,Basketball Network,-0.25,NEGATIVE,-0.9485443830490112
2025-02-07,Anthony Davis aiming to do well with Dallas Mavericks following Luka Doncic trade - Flashscore.com,Flashscore.com,0.2732,POSITIVE,0.775730550289154
2025-02-07,Luka Doncic caught laughing at Draymond's missed layup - MARCA,MARCA,0.25,NEGATIVE,-0.9896674156188965
2025-02-07,"Weary Mavericks return home after Luka Doncic trade, beef up security ahead of Rockets game - Rappler",Rappler,0.0772,NEGATIVE,-0.9869242310523987
2025-02-07,"PTI’s Tony Kornheiser, Pablo Torre go outside the box with Luka Dončić debate - Awful Announcing",Awful Announcing,-0.4588,NEGATIVE,-0.9951454997062683
2025-02-07,Anthony Davis leaves Dallas Mavericks NBA debut with injury - Australian Broadcasting Corporation,Australian Broadcasting Corporation,-0.4215,NEGATIVE,-0.9947589039802551
2025-02-07,"Luka Doncic, les Pistons et Giannis Antetokounmpo – Les 3 infos NBA de la semaine - BasketSession.com",BasketSession.com,0.0,NEGATIVE,-0.6706982851028442
2025-02-07,"NBA Fans Explode Over Los Angeles Lakers' LeBron James, Bronny James, Luka Doncic Trio Nickname - The Times of India",The Times of India,0.0,POSITIVE,0.9928385615348816
2025-02-07,Nike Drops Heat on Luka Doncic’s Jordan Luka 3 Sneakers After His Los Angeles Lakers Trade: What's the Pl - The Times of India,The Times of India,0.0,NEGATIVE,-0.9441860914230347
2025-02-07,Revenge of the dad bods: The average-looking athletes conquering the world - SMH.com.au,SMH.com.au,-0.5267,NEGATIVE,-0.9762392640113831
2025-02-07,Dallas ramp up security after manager received death threats after Doncic trade - the-sun.com,the-sun.com,-0.6486,POSITIVE,0.7364035248756409
2025-02-07,The transfer of Luka Doncic could lead to the departure of Kyrie Irving - Blog de Basket,Blog de Basket,0.0,NEGATIVE,-0.9988278746604919
2025-02-07,NBA star declares Mavs winners of the Luka Doncic trade - The Australian,The Australian,0.4767,POSITIVE,0.9850788116455078
2025-02-07,"Luka Doncic made Rui Hachimura prediction in 2020, and there’s already been change since Davis trade - NBA Analysis Network",NBA Analysis Network,0.0,NEGATIVE,-0.9788500666618347
2025-02-07,Draymond Green points out completely overlooked fact in Luka Doncic trade - The Mirror US,The Mirror US,-0.101,NEGATIVE,-0.9702087044715881
2025-02-07,Mark Cuban breaks silence on Luka Doncic trade - ClutchPoints,ClutchPoints,0.0,NEGATIVE,-0.9320226311683655
2025-02-07,"""They called him fat"" - Lakers fans rally behind Luka Doncic as star trashes weight concerns amid injury rehab - Sportskeeda",Sportskeeda,-0.4215,NEGATIVE,-0.9905502796173096
2025-02-07,Lakers’ LeBron James couldn’t be more excited to play with Luka Doncic - ClutchPoints,ClutchPoints,0.6549,POSITIVE,0.9947654008865356
2025-02-07,Mavericks’ Klay Thompson ready for boos in first home game after Luka Doncic trade - ClutchPoints,ClutchPoints,0.3612,NEGATIVE,-0.6872634887695312
2025-02-07,Max Christie gets brutally honest on being included in Mavericks-Lakers Luka Doncic-Anthony Davis trade - ClutchPoints,ClutchPoints,-0.1779,POSITIVE,0.9978571534156799
2025-02-07,Mark Cuban's son Jake Cuban drops 1-word reaction to Luka Doncic's first pictures in Lakers gear - Sportskeeda,Sportskeeda,0.0,NEGATIVE,-0.9875286817550659
2025-02-08,Luka Dončić traded ... one week later - The Stein Line,The Stein Line,0.0,NEGATIVE,-0.9797784090042114
2025-02-08,Hundreds of Dallas Mavericks fans protest Luka Doncic trade to Los Angeles Lakers - KERA News,KERA News,-0.25,NEGATIVE,-0.8868717551231384
2025-02-08,Dallas Mavericks fans protest Luka Doncic trade ahead of Anthony Davis' debut home game - CBS News,CBS News,-0.25,NEGATIVE,-0.9487693905830383
2025-02-08,"Mavericks owner Patrick Dumont cites 'character,' 'culture' for Luka Dončić trade, says team is not moving to Las Vegas - Yahoo Sports",Yahoo Sports,0.0,NEGATIVE,-0.9938031435012817
2025-02-08,Mavericks Abruptly Lose Assistant Coach Following Luka Doncic Trade - Sports Illustrated,Sports Illustrated,-0.4019,NEGATIVE,-0.9992514252662659
2025-02-08,Luka Dončić's Expected Lakers Debut On Monday To Air On ESPN - Update - Deadline,Deadline,0.0,NEGATIVE,-0.8191716074943542
2025-02-08,Mavs fans protest at first home game since Luka Doncic trade - FOX 4 News Dallas-Fort Worth,FOX 4 News Dallas-Fort Worth,-0.0258,NEGATIVE,-0.9914802312850952
2025-02-08,Are Luka Doncic and LeBron James playing today? Full Injury report for Pacers-Lakers - 8 Points 9 Seconds,8 Points 9 Seconds,-0.25,NEGATIVE,-0.951506495475769
2025-02-08,Luka Doncic's departure leaves Dallas in disbelief - Spectrum News,Spectrum News,0.0,NEGATIVE,-0.9946954846382141
2025-02-08,NBA Rumors: Mark Cuban 'urged' Mavs GM Not to Trade Luka Dončić Before Lakers Deal - Bleacher Report,Bleacher Report,0.0,NEGATIVE,-0.9906414151191711
2025-02-08,Will Luka Doncic make his debut for the Lakers against the Utah Jazz? - USA Today,USA Today,0.0,POSITIVE,0.9783974885940552
2025-02-08,Lakers News: Austin Reaves Addresses Fit Concerns With LeBron James & Luka Doncic - Lakers Nation,Lakers Nation,0.3612,POSITIVE,0.980560302734375
2025-02-08,"Without LeBron James and Luka Dončić, Austin Reaves scores career-high 45 points in Lakers 124-117 win over Pacers - NBC Los Angeles",NBC Los Angeles,0.5859,POSITIVE,0.9965848922729492
2025-02-08,"Mavericks owner backs Doncic trade, says team isn't relocating - ESPN",ESPN,-0.0516,NEGATIVE,-0.9931765198707581
2025-02-08,Cowboys' Dak Prescott reacts to Luka Doncic trade - Fox News,Fox News,0.0,POSITIVE,0.757064700126648
2025-02-08,"'He was supposed to have a statue' | Mavs fans voting on which anti-Nico Harrison, anti-Adelson billboard designs will go up - WFAA",WFAA,0.0,NEGATIVE,-0.9951926469802856
2025-02-08,Mavericks ownership embarrassingly breaks silence on Luka Doncic-Lakers trade - Sports Illustrated,Sports Illustrated,-0.4019,NEGATIVE,-0.9963860511779785
2025-02-08,When is Luka Doncic playing? Here's what we know about debut of new Lakers star - Yahoo Sports,Yahoo Sports,0.2023,NEGATIVE,-0.9959254264831543
2025-02-08,"Report: Marko Milić Leaves Mavericks' Coaching Staff After Luka Dončić, Lakers Trade - Bleacher Report",Bleacher Report,0.0,NEGATIVE,-0.9988964796066284
2025-02-08,Kim Kardashian Insists on Meeting Lakers’ Superstar Luka Doncic - Sports Illustrated,Sports Illustrated,0.0,NEGATIVE,-0.9904435276985168
2025-02-08,Mavericks owner calls out Luka Doncic ‘character’ problem in stunning interview - New York Post,New York Post,-0.0258,POSITIVE,0.6632656455039978
2025-02-08,Rick Carlisle on LeBron James and Luka Doncic: ‘Don’t see any world … it doesn’t work great’ - Orange County Register,Orange County Register,0.0,NEGATIVE,-0.9984412789344788
2025-02-08,Mavs fans protest at first home game post Luka trade - NBC 5 Dallas-Fort Worth,NBC 5 Dallas-Fort Worth,-0.0258,NEGATIVE,-0.9932361245155334
2025-02-08,Mavericks governor Patrick Dumont makes first public comments after Luka Doncic trade - Dallas News,Dallas News,0.0,POSITIVE,0.9720416069030762
2025-02-08,"""You don't want to be holding the beer when you're doing these interviews"" - Mark Cuban explained why Luka Doncic got his beer taken away after securing a Finals appearance - Basketball Network",Basketball Network,0.2681,NEGATIVE,-0.9992653727531433
2025-02-08,Seth Rollins Says No One in AEW Is on Luka Doncic's Trade Level - TheSportster,TheSportster,-0.296,NEGATIVE,-0.9984244108200073
2025-02-08,Mavericks owner Patrick Dumont defends Luka Doncic trade - Sportsnet.ca,Sportsnet.ca,0.0,NEGATIVE,-0.964991569519043
2025-02-08,Anthony Davis leaves his Dallas debut with an injury after seismic Luka Doncic trade - KSLA,KSLA,-0.4215,NEGATIVE,-0.9981076717376709
2025-02-08,Jason Kidd: 'It Was Weird' Playing Without Luka Dončić After Mavs' Trade with Lakers - Bleacher Report,Bleacher Report,0.0258,NEGATIVE,-0.9945765733718872
2025-02-08,"Meet NBA star Dennis Schröder, critic of the Luka Doncic-Anthony Davis trade - South China Morning Post",South China Morning Post,-0.2732,POSITIVE,0.9969552755355835
2025-02-08,Dallas Mavericks GM Nico Harrison Is Reportedly Getting Death Threats After Shocking Decision to Trade Luka Dončić - People.com,People.com,-0.8555,NEGATIVE,-0.9920358061790466
2025-02-08,The Dallas Mavericks traded their soul when they traded Luka Doncic - Mavs Moneyball,Mavs Moneyball,0.0,NEGATIVE,-0.7266311049461365
2025-02-08,Mavs owner implied that Luka Doncic is not a hard worker - Basketball Network,Basketball Network,0.0762,POSITIVE,0.6500774025917053
2025-02-08,Rick Carlisle: 'Don't See Any World' Where LeBron James-Luka Dončić Duo Isn't 'Great' - Bleacher Report,Bleacher Report,-0.5096,NEGATIVE,-0.9973624348640442
2025-02-08,‘Don’t ever compare a GOAT to a cat': Ron Harper takes issue with unique Luka-M.J. trade comparison - Ahn Fire Digital,Ahn Fire Digital,-0.34,NEGATIVE,-0.7695518732070923
2025-02-08,Mavericks Governor Patrick Dumont Reveals Real Reason Behind Luka Doncic Trade - heavy.com,heavy.com,0.0,NEGATIVE,-0.8996582627296448
2025-02-08,Mavericks coach Jason Kidd says he was unaware of shocking Luka Dončić trade until 'eleventh hour' - Fox News,Fox News,-0.5423,NEGATIVE,-0.9752830862998962
2025-02-08,Mavericks GM Nico Harrison Reportedly Receives Death Threats After Luka Dončić Trade - Complex,Complex,-0.7717,NEGATIVE,-0.9976309537887573
2025-02-08,Mavs fans protest Doncic trade before Davis' debut - Sports Business Journal,Sports Business Journal,-0.25,NEGATIVE,-0.983231782913208
2025-02-08,Mark Cuban jokes with Bill Gates about Luka Doncic trade: 'I've had a rough week' - Dallas News,Dallas News,0.25,NEGATIVE,-0.9108715653419495
2025-02-08,Magic Johnson Compares Lakers Trading For Luka Doncic To Dodgers Signing Shohei Ohtani - Dodger Blue,Dodger Blue,0.0,NEGATIVE,-0.9563613533973694
2025-02-08,Is Luka Doncic playing today? When Lakers star could debut with new team after trade - USA Today,USA Today,0.2023,NEGATIVE,-0.985691487789154
2025-02-08,Mark Cuban Makes First Public Comment on Luka Doncic Trade at Bill Gates Event - heavy.com,heavy.com,0.0,NEGATIVE,-0.933555543422699
2025-02-08,"Rams' Puka Nacua on Luka Doncic trade, Cooper Kupp - Fox News",Fox News,0.0,NEGATIVE,-0.9950364232063293
2025-02-08,Anthony Davis' Injury Makes Luka Doncic Trade Look Worse For Dallas Mavericks - Fox News,Fox News,-0.7096,NEGATIVE,-0.9993970394134521
2025-02-08,Ex-Mavericks owner Mark Cuban jokes about blockbuster Doncic trade - Sportsnet.ca,Sportsnet.ca,0.7096,NEGATIVE,-0.9685303568840027
2025-02-08,"Weary Mavericks return home after Luka Doncic trade, beef up security ahead of Rockets game - Rappler",Rappler,0.0772,NEGATIVE,-0.9869242310523987
2025-02-08,"PTI’s Tony Kornheiser, Pablo Torre go outside the box with Luka Dončić debate - Awful Announcing",Awful Announcing,-0.4588,NEGATIVE,-0.9951454997062683
2025-02-08,Anthony Davis leaves Dallas Mavericks NBA debut with injury - Australian Broadcasting Corporation,Australian Broadcasting Corporation,-0.4215,NEGATIVE,-0.9947589039802551
2025-02-08,Mavs Owner Patrick Dumont Shades Luka Doncic Whilst Backing Trade - Basketball Forever,Basketball Forever,0.0258,NEGATIVE,-0.5294354557991028
2025-02-08,Dallas ramp up security after manager received death threats after Doncic trade - the-sun.com,the-sun.com,-0.6486,POSITIVE,0.7364035248756409
2025-02-08,ESPN makes move in preparation for Luka Doncic’s debut with Lakers - ClutchPoints,ClutchPoints,0.0,POSITIVE,0.9972284436225891
2025-02-08,Mavericks governor implies Luka Doncic didn’t fit desired ‘culture’ - ClutchPoints,ClutchPoints,0.5574,NEGATIVE,-0.999607503414154
2025-02-08,"LeBron James, Luka Doncic get massive injury update for Jazz clash - ClutchPoints",ClutchPoints,-0.4215,POSITIVE,0.9651601314544678
2025-02-08,Mark Cuban breaks silence on Luka Doncic trade - ClutchPoints,ClutchPoints,0.0,NEGATIVE,-0.9320226311683655
2025-02-08,"""They called him fat"" - Lakers fans rally behind Luka Doncic as star trashes weight concerns amid injury rehab - Sportskeeda",Sportskeeda,-0.4215,NEGATIVE,-0.9905502796173096
2025-02-08,Mark Cuban's son Jake Cuban drops 1-word reaction to Luka Doncic's first pictures in Lakers gear - Sportskeeda,Sportskeeda,0.0,NEGATIVE,-0.9875286817550659
2025-02-08,Mavericks Governor Patrick Dumont Takes Subtle Shot At Luka Doncic After Trade - Fadeaway World,Fadeaway World,0.0,POSITIVE,0.9917253255844116
2025-02-08,Dallas Mavericks Governor With Shocking Comments On Luka Doncic Trade - Total Apex Sports,Total Apex Sports,-0.4019,NEGATIVE,-0.9432240128517151
2025-02-09,Luka Dončić stat sheet: 15 key numbers before his Lakers debut - NBA.com,NBA.com,0.0,NEGATIVE,-0.9840189218521118
2025-02-09,Luka Doncic expected to make Lakers debut Monday. Here's how to watch - FOX 4 News Dallas-Fort Worth,FOX 4 News Dallas-Fort Worth,0.2263,POSITIVE,0.9927120208740234
2025-02-09,Luka Dončić traded ... one week later - The Stein Line,The Stein Line,0.0,NEGATIVE,-0.9797784090042114
2025-02-09,Trying to make sense of the Luka Doncic trade - Mavs Moneyball,Mavs Moneyball,0.0,NEGATIVE,-0.9996787309646606
2025-02-09,Team Luka: A look at the people who are part of Doncic's inner circle - Yahoo Sports,Yahoo Sports,0.0,POSITIVE,0.9990794658660889
2025-02-09,When is Luka Doncic's Lakers debut? How to watch on ESPN - ESPN,ESPN,0.0,NEGATIVE,-0.9917114973068237
2025-02-09,Luka Doncic trade may present the Nuggets with dream scenario in 2026 - Nugg Love,Nugg Love,0.7351,POSITIVE,0.9850705862045288
2025-02-09,Luka Doncic injury status and updates ahead of Lakers vs. Jazz - Lake Show Life,Lake Show Life,-0.4215,NEGATIVE,-0.9852501749992371
2025-02-09,"Luka Doncic makes Lakers debut shortly after giving a $500,000 fire relief donation - Los Angeles Times",Los Angeles Times,0.4767,POSITIVE,0.9945480227470398
2025-02-09,"With Luka Dončić trade, NBA again proves it does drama better than anyone - The New York Times",The New York Times,0.4404,POSITIVE,0.9993959665298462
2025-02-09,When will Luka Doncic debut for the Lakers? Everything we know so far - FOX Sports,FOX Sports,0.0,NEGATIVE,-0.9963493347167969
2025-02-09,LeBron James' camp noticed how quickly Lakers acted to appease Luka Doncic after Mavericks trade - Sports Illustrated,Sports Illustrated,0.2732,POSITIVE,0.9527723789215088
2025-02-09,Luka Dončić's Expected Lakers Debut On Monday To Air On ESPN - Update - Deadline,Deadline,0.0,NEGATIVE,-0.8191716074943542
2025-02-09,"Doncic a winner in Lakers debut, 132-113 over Jazz - AP News",AP News,0.5859,POSITIVE,0.9980255365371704
2025-02-09,Where is Luka Doncic from and how many languages can he speak? - Diario AS,Diario AS,0.0,NEGATIVE,-0.9986373782157898
2025-02-09,"Dirk Nowitzki attends Luka Dončić's Lakers debut, marking new chapter in Mavs history - NBC 5 Dallas-Fort Worth",NBC 5 Dallas-Fort Worth,0.2263,POSITIVE,0.9987665414810181
2025-02-09,"Mavericks owner Patrick Dumont cites 'character,' 'culture' for Luka Dončić trade, says team is not moving to Las Vegas - Yahoo Sports",Yahoo Sports,0.0,NEGATIVE,-0.9938031435012817
2025-02-09,Mavericks Abruptly Lose Assistant Coach Following Luka Doncic Trade - Sports Illustrated,Sports Illustrated,-0.4019,NEGATIVE,-0.9992514252662659
2025-02-09,Luka Dončić makes Lakers debut and quickly gets in flow with LeBron James - NBA.com,NBA.com,0.0,POSITIVE,0.999488353729248
2025-02-09,Lakers Rumors: Luka Dončić 'Handpicked' Mark Williams Trade Before Rescinded Deal - Bleacher Report,Bleacher Report,0.0,NEGATIVE,-0.9678472280502319
2025-02-09,Mavericks ownership embarrassingly breaks silence on Luka Doncic-Lakers trade - Sports Illustrated,Sports Illustrated,-0.4019,NEGATIVE,-0.9963860511779785
2025-02-09,Mavs Legend Dirk Nowitzki Explains Decision to Attend Luka Doncic's Lakers Debut - Sports Illustrated,Sports Illustrated,0.0,POSITIVE,0.7794824242591858
2025-02-09,Dirk Nowitzki to Attend Luka Doncic's Debut with Lakers: 'Had to Come Support My Guy' - Bleacher Report,Bleacher Report,0.4019,NEGATIVE,-0.9283957481384277
2025-02-09,Luka Doncic's departure leaves Dallas in disbelief - Spectrum News,Spectrum News,0.0,NEGATIVE,-0.9946954846382141
2025-02-09,"Inside the most chaotic, transformational NBA trade deadline in Lakers history - ESPN",ESPN,-0.5413,NEGATIVE,-0.6227567195892334
2025-02-09,Luka Dončić odds: What kinds of numbers can he put up with the Lakers? - FOX Sports,FOX Sports,0.0,NEGATIVE,-0.9968419075012207
2025-02-09,Betting Luka Doncic's Lakers debut: Two props that stand out - ABC7 Los Angeles,ABC7 Los Angeles,0.0,POSITIVE,0.9972634315490723
2025-02-09,Luka Dončić trade: Fans with 'Fire Nico' signs ejected by security at Mavericks home game - Yahoo Sports,Yahoo Sports,0.0,NEGATIVE,-0.9962359070777893
2025-02-09,Where is Luka Doncic from? Facts to know about newest member of Los Angeles Lakers - Yahoo Sports,Yahoo Sports,0.0,NEGATIVE,-0.9882368445396423
2025-02-09,Luka Doncic embraced by LeBron James and L.A. in his memorable Lakers debut - Yahoo Sports,Yahoo Sports,0.0,POSITIVE,0.9984630346298218
2025-02-09,Is Luka Doncic really fat? Inside the conspiracy theory rabbit hole. - SFGATE,SFGATE,-0.5267,NEGATIVE,-0.9986714124679565
2025-02-09,NBA Rumors: Mark Cuban 'urged' Mavs GM Not to Trade Luka Dončić Before Lakers Deal - Bleacher Report,Bleacher Report,0.0,NEGATIVE,-0.9906414151191711
2025-02-09,Luka Doncic makes $500K donation to wildfire relief before Lakers debut - Orange County Register,Orange County Register,0.4767,NEGATIVE,-0.8682845234870911
2025-02-09,Will Luka Doncic make his debut for the Lakers against the Utah Jazz? - USA Today,USA Today,0.0,POSITIVE,0.9783974885940552
2025-02-09,"The Triple Team: In Luka Doncic’s Lakers debut, Jazz can’t meet the moment - The Salt Lake Tribune",The Salt Lake Tribune,0.0,NEGATIVE,-0.8854258060455322
2025-02-09,Mark Cuban attempted to stop Luka Doncic-Lakers trade at last minute - Sports Illustrated,Sports Illustrated,-0.296,NEGATIVE,-0.9867276549339294
2025-02-09,When is Luka Doncic making his LA Lakers debut? Superstar set for first game after blockbuster trade - talkSPORT,talkSPORT,0.5994,NEGATIVE,-0.9975910186767578
2025-02-09,Kim Kardashian Insists on Meeting Lakers’ Superstar Luka Doncic - Sports Illustrated,Sports Illustrated,0.0,NEGATIVE,-0.9904435276985168
2025-02-09,"Mavericks owner backs Doncic trade, says team isn't relocating - ESPN",ESPN,-0.0516,NEGATIVE,-0.9931765198707581
2025-02-09,Lakers to give away Luka Doncic T-shirts ahead of anticipated debut - ESPN,ESPN,0.0,POSITIVE,0.9367647171020508
2025-02-09,"Report: Marko Milić Leaves Mavericks' Coaching Staff After Luka Dončić, Lakers Trade - Bleacher Report",Bleacher Report,0.0,NEGATIVE,-0.9988964796066284
2025-02-09,NBA insider reveals 5 'real' reasons the Mavericks traded Luka Doncic to Lakers - The Smoking Cuban,The Smoking Cuban,0.0,NEGATIVE,-0.9243007302284241
2025-02-09,Luka Dončić shines alongside LeBron James in debut as Lakers rout Jazz 132-113 - NBC Los Angeles,NBC Los Angeles,0.0,POSITIVE,0.9997629523277283
2025-02-09,Mavericks owner calls out Luka Doncic ‘character’ problem in stunning interview - New York Post,New York Post,-0.0258,POSITIVE,0.6632656455039978
2025-02-09,Is Luka Doncic Playing Tonight? Here’s How to Watch His Lakers Debut - Rolling Stone,Rolling Stone,0.2023,POSITIVE,0.9811134338378906
2025-02-09,Watch Luka Doncic First Basket as Member of Lakers - Sports Illustrated,Sports Illustrated,0.0,POSITIVE,0.9964129328727722
2025-02-09,"Where to watch Luka Doncic's Lakers debut: TV channel, live stream online as L.A.'s new star takes floor - CBS Sports",CBS Sports,0.0,POSITIVE,0.98468416929245
2025-02-09,The reason why Luka Doncic wears number 77 revealed: It’s in honour of this European basketball legend - Diario AS,Diario AS,0.6124,POSITIVE,0.997423529624939
2025-02-09,"Luka Doncic makes Lakers debut, clicks with LeBron James in rout of Jazz - Orange County Register",Orange County Register,0.0,POSITIVE,0.9990848302841187
2025-02-09,DePaul community shocked after Luka Doncic-Anthony Davis swap - The DePaulia,The DePaulia,-0.3182,NEGATIVE,-0.8409885168075562
2025-02-09,Mavericks governor Patrick Dumont makes first public comments after Luka Doncic trade - Dallas News,Dallas News,0.0,POSITIVE,0.9720416069030762
2025-02-09,"Lakers, Luka Dončić Seize Super Bowl Spotlight With Star’s Monday Debut - Front Office Sports",Front Office Sports,0.5994,POSITIVE,0.9988787770271301
2025-02-09,Gatorade Celebrates Luka Doncic's Lakers Debut With New Hollywood-Themed Ad - Sports Illustrated,Sports Illustrated,0.5719,POSITIVE,0.9986118078231812
2025-02-09,"""You don't want to be holding the beer when you're doing these interviews"" - Mark Cuban explained why Luka Doncic got his beer taken away after securing a Finals appearance - Basketball Network",Basketball Network,0.2681,NEGATIVE,-0.9992653727531433
2025-02-09,"Doncic makes Lakers debut, scores 14 in big win over Jazz - ESPN",ESPN,0.5859,POSITIVE,0.9992485642433167
2025-02-09,"Villalobos: “If Doncic was a star, now he will be the entire galaxy” - Diario AS",Diario AS,0.0,POSITIVE,0.9897645711898804
2025-02-09,Will Luka Doncic play for Lakers tonight? Latest injury status ahead of star's debut - USA Today,USA Today,-0.1027,NEGATIVE,-0.6138956546783447
2025-02-09,Luka Doncic’s multi million-dollar Lakers salary revealed: how much he’ll earn per season - Diario AS,Diario AS,0.0,POSITIVE,0.9796009659767151
2025-02-09,What channel is Lakers game on tonight? ESPN set to stream debut of Luka Doncic vs Jazz - El Paso Times,El Paso Times,0.0,NEGATIVE,-0.9748631715774536
2025-02-09,Three Things We’re Watching For In Luka Doncic’s Lakers Debut - UPROXX,UPROXX,0.0,POSITIVE,0.9936656355857849
2025-02-09,Lakers giving away thousands of Luka Doncic jersey shirts in his debut - WFAA,WFAA,0.34,POSITIVE,0.5489508509635925
2025-02-09,Mavericks owner Patrick Dumont defends Luka Doncic trade - Sportsnet.ca,Sportsnet.ca,0.0,NEGATIVE,-0.964991569519043
2025-02-09,"Jazz at Lakers: How to watch, storylines for Luka Dončić’s debut in Los Angeles - The New York Times",The New York Times,0.0,POSITIVE,0.9985002279281616
2025-02-09,Mark Cuban Tried To Stop Luka Doncic Trade: Report - WBZ NewsRadio 1030,WBZ NewsRadio 1030,-0.296,NEGATIVE,-0.9917683601379395
2025-02-09,Anthony Davis leaves his Dallas debut with an injury after seismic Luka Doncic trade - KSLA,KSLA,-0.4215,NEGATIVE,-0.9981076717376709
2025-02-09,LeBron James Warms Up in Luka Doncic Shirt Ahead of His Lakers Debut - Sports Illustrated,Sports Illustrated,0.2732,POSITIVE,0.9990412592887878
2025-02-09,"Lakers' duo of LeBron James, Luka Doncic silenced doubt about key concern in debut - Lake Show Life",Lake Show Life,-0.3612,POSITIVE,0.9883006811141968
2025-02-09,‘Out of the Box’ with Dallas Huston: Luka Doncic - Brownwood News,Brownwood News,0.0,POSITIVE,0.9972099661827087
2025-02-09,"Meet NBA star Dennis Schröder, critic of the Luka Doncic-Anthony Davis trade - South China Morning Post",South China Morning Post,-0.2732,POSITIVE,0.9969552755355835
2025-02-09,NBA roundup: Lakers rout Jazz in Luka Doncic's debut - Reuters,Reuters,0.0,POSITIVE,0.9897514581680298
2025-02-09,Gatorade nails Luka Doncic’s Lakers debut with ‘new’ Hollywood sign - Sports Illustrated,Sports Illustrated,0.0,POSITIVE,0.9420678019523621
2025-02-09,LeBron James fires back at Mavs owner after verbal attack on Luka Doncic - BasketNews.com,BasketNews.com,-0.4767,NEGATIVE,-0.9931054711341858
2025-02-09,Lakers Rumors: LeBron James' Camp Noticed Pelinka Prioritized Luka's Input in Trades - Bleacher Report,Bleacher Report,0.0,NEGATIVE,-0.9818212389945984
2025-02-09,The Dallas Mavericks traded their soul when they traded Luka Doncic - Mavs Moneyball,Mavs Moneyball,0.0,NEGATIVE,-0.726631224155426
2025-02-09,Mavs owner implied that Luka Doncic is not a hard worker - Basketball Network,Basketball Network,0.0762,POSITIVE,0.6500763893127441
2025-02-09,Lakers' Luka Doncic donates $500K to wildfire relief - Sportsnet.ca,Sportsnet.ca,0.4767,POSITIVE,0.6993111371994019
2025-02-09,JJ Redick Hopes All Slovenians Become Lakers Fans After Luka Doncic Trade - Lakers Nation,Lakers Nation,0.6739,POSITIVE,0.9942265748977661
2025-02-09,Mavs legend Dirk Nowitzki to attend Luka Doncic's Lakers debut - WFAA,WFAA,0.0,POSITIVE,0.9950587749481201
2025-02-09,Luka Doncic wears $100K Royal Oak - Professional Watches,Professional Watches,0.0,NEGATIVE,-0.7462284564971924
2025-02-09,How Dirk Nowitzki plays a central role in Mavericks fans’ heartbreak over Luka Dončić - The New York Times,The New York Times,-0.4019,POSITIVE,0.9804810881614685
2025-02-09,Mavericks Governor Patrick Dumont Reveals Real Reason Behind Luka Doncic Trade - heavy.com,heavy.com,0.0,NEGATIVE,-0.8996579647064209
2025-02-09,Luka Doncic Makes Lakers Debut and Quickly Connects with LeBron in Win Over Utah - Bloomberg,Bloomberg,0.5859,POSITIVE,0.9994024038314819
2025-02-09,Mavericks chief justifies Doncic trade by hinting that Luka is lazy - MARCA,MARCA,-0.3612,NEGATIVE,-0.9924497604370117
2025-02-09,Mavs fans protest Doncic trade before Davis' debut - Sports Business Journal,Sports Business Journal,-0.25,NEGATIVE,-0.983231782913208
2025-02-09,Mavericks Legend Dirk Nowitzki to Attend Luka Doncic's Lakers Debut - FanBuzz,FanBuzz,0.0,POSITIVE,0.9952526092529297
2025-02-09,How many points did Luka Doncic score in Lakers debut: Highlights - LeBron Wire,LeBron Wire,0.0,POSITIVE,0.9737107753753662
2025-02-09,Mark Cuban tried to stop the Mavericks’ shocking Luka Doncic trade - New York Post,New York Post,-0.5994,NEGATIVE,-0.9888325929641724
2025-02-09,Magic Johnson Compares Lakers Trading For Luka Doncic To Dodgers Signing Shohei Ohtani - Dodger Blue,Dodger Blue,0.0,NEGATIVE,-0.9563613533973694
2025-02-09,No way Kim Kardashian dropped a lip-biting emoji on the Lakers’ IG post about Luka Dončić - Mundo Deportivo,Mundo Deportivo,-0.296,NEGATIVE,-0.9740021228790283
2025-02-09,Everything You Need To Know Ahead Of Luka Doncic’s Lakers Debut - Secret Los Angeles,Secret Los Angeles,0.0,POSITIVE,0.9976196885108948
2025-02-09,Is Luka Doncic Starting for Lakers? - Yardbarker,Yardbarker,0.0,NEGATIVE,-0.9961755275726318
2025-02-09,What was Luka Doncic’s salary with the Mavericks? New contract details with the Lakers - Diario AS,Diario AS,0.0,NEGATIVE,-0.9977070093154907
2025-02-09,Anthony Davis' Injury Makes Luka Doncic Trade Look Worse For Dallas Mavericks - Fox News,Fox News,-0.7096,NEGATIVE,-0.9993970394134521
2025-02-09,Kim Kardashian asks to meet Luka Doncic and doesn't know when he debuts with the Lakers - MARCA,MARCA,0.0,NEGATIVE,-0.9975578784942627
2025-02-09,Dallas Mavericks owner Patrick Dumont backs Luka Doncic trade despite intense criticism: “I’m unwavering - The Times of India,The Times of India,0.2462,POSITIVE,0.9932878613471985
2025-02-09,Ex-Mavericks owner Mark Cuban jokes about blockbuster Doncic trade - Sportsnet.ca,Sportsnet.ca,0.7096,NEGATIVE,-0.9685303568840027
2025-02-09,Luka Doncic Gatorade commercial: Sports drink company teases Lakers star's debut with Hollywood Sign change - sportingnews.com,sportingnews.com,-0.296,NEGATIVE,-0.9598341584205627
2025-02-09,Lakers' failed trade involving Dalton Knecht could legitimately lead to immediate tension between LeBron James and Luka Doncic - A to Z Sports,A to Z Sports,-0.6808,NEGATIVE,-0.9802420735359192
2025-02-09,Mavs owner’s ‘unwavering’ view on Doncic as star called out in stunning ‘culture’ drive-by - Fox Sports,Fox Sports,0.3818,POSITIVE,0.9950727820396423
2025-02-09,Luka Dončić makes Los Angeles Lakers debut after trade - Australian Broadcasting Corporation,Australian Broadcasting Corporation,0.0,POSITIVE,0.993417501449585
2025-02-10,Luka Doncic scores 14 in 24 minutes in debut win with Lakers - ESPN,ESPN,0.5859,POSITIVE,0.9966344237327576
2025-02-10,Luka Dončić stat sheet: 15 key numbers before his Lakers debut - NBA.com,NBA.com,0.0,NEGATIVE,-0.9840189218521118
2025-02-10,Luka Doncic makes his Lakers debut and quickly connects with LeBron James in a 132-113 win over Utah - AP News,AP News,0.5859,POSITIVE,0.9988511800765991
2025-02-10,Luka Dončić drops 14 points in Lakers debut vs. Jazz as Dirk Nowitzki watches in support - Yahoo Sports,Yahoo Sports,0.4019,NEGATIVE,-0.9967998266220093
2025-02-10,Luka Doncic expected to make Lakers debut Monday. Here's how to watch - FOX 4 News Dallas-Fort Worth,FOX 4 News Dallas-Fort Worth,0.2263,POSITIVE,0.9927120208740234
2025-02-10,Plaschke: The Los Angeles Lukas! Newly acquired Doncic dazzles in his Lakers debut - Los Angeles Times,Los Angeles Times,0.0,POSITIVE,0.982944667339325
2025-02-10,"Luka Doncic's Lakers debut: L.A. cruises to victory, but LeBron James and Jaxson Hayes were the real winners - CBS Sports",CBS Sports,0.631,POSITIVE,0.9990517497062683
2025-02-10,Trying to make sense of the Luka Doncic trade - Mavs Moneyball,Mavs Moneyball,0.0,NEGATIVE,-0.9996787309646606
2025-02-10,Grading Luka Doncic's Los Angeles Lakers debut after Mavericks blindsided him - The Smoking Cuban,The Smoking Cuban,0.0,NEGATIVE,-0.9514563083648682
2025-02-10,Luka Doncic injury status and updates ahead of Lakers vs. Jazz - Lake Show Life,Lake Show Life,-0.4215,NEGATIVE,-0.9852501749992371
2025-02-10,"Puka Nacua, Luka Doncic Swap Jerseys Following LA Lakers Debut - KSL Sports",KSL Sports,0.0,NEGATIVE,-0.9759052395820618
2025-02-10,Takeaways: Luka Doncic's Lakers debut beckons shades of showtime - Sportsnet.ca,Sportsnet.ca,0.0,POSITIVE,0.9813574552536011
2025-02-10,LeBron James' camp noticed how quickly Lakers acted to appease Luka Doncic after Mavericks trade - Sports Illustrated,Sports Illustrated,0.2732,POSITIVE,0.9527723789215088
2025-02-10,Luka Doncic feels Lakers fans' love in debut. 'It felt amazing' - USA Today,USA Today,0.8402,POSITIVE,0.9993886947631836
2025-02-10,Where is Luka Doncic from and how many languages can he speak? - Diario AS,Diario AS,0.0,NEGATIVE,-0.9986373782157898
2025-02-10,Team Luka: A look at the people who are part of Doncic's inner circle - Yahoo Sports,Yahoo Sports,0.0,POSITIVE,0.9990794658660889
2025-02-10,When is Luka Doncic's Lakers debut? How to watch on ESPN - ESPN,ESPN,0.0,NEGATIVE,-0.9917114973068237
2025-02-10,"Luka Doncic makes Lakers debut shortly after giving a $500,000 fire relief donation - Los Angeles Times",Los Angeles Times,0.4767,POSITIVE,0.9945480227470398
2025-02-10,Full Focus: Luka Dončić makes his debut with the Lakers - NBA.com,NBA.com,0.0,POSITIVE,0.9987351298332214
2025-02-10,LeBron James references iconic post with Luka Doncic in pregame huddle - ESPN,ESPN,0.0,POSITIVE,0.9731085300445557
2025-02-10,When will Luka Doncic debut for the Lakers? Everything we know so far - FOX Sports,FOX Sports,0.0,NEGATIVE,-0.9963493347167969
2025-02-10,"Mavericks Attempted to Trade Giannis Antetokounmpo for Luka Doncic, Bucks Refused: Report - Sports Illustrated",Sports Illustrated,-0.296,NEGATIVE,-0.9916674494743347
2025-02-10,"With Luka Dončić trade, NBA again proves it does drama better than anyone - The New York Times",The New York Times,0.4404,POSITIVE,0.9993959665298462
2025-02-10,Luka Doncic trade may present the Nuggets with dream scenario in 2026 - Nugg Love,Nugg Love,0.7351,POSITIVE,0.9850707054138184
2025-02-10,"Doncic a winner in Lakers debut, 132-113 over Jazz - AP News",AP News,0.5859,POSITIVE,0.9980255365371704
2025-02-10,Luka Dončić makes Lakers debut and quickly gets in flow with LeBron James - NBA.com,NBA.com,0.0,POSITIVE,0.999488353729248
2025-02-10,Luka Doncic looked so happy during his first game playing for the Lakers - Yahoo Sports,Yahoo Sports,0.7609,POSITIVE,0.9991728663444519
2025-02-10,Dwyane Wade slams narrative that Luka Doncic is out of shape - Lakers Daily,Lakers Daily,0.0,NEGATIVE,-0.9555715322494507
2025-02-10,"Sydney Colson to Join Luka Dončić for ""Future of Sports"" Summit - Athletes Unlimited",Athletes Unlimited,0.296,POSITIVE,0.9988598823547363
2025-02-10,Mavs Legend Dirk Nowitzki Explains Decision to Attend Luka Doncic's Lakers Debut - Sports Illustrated,Sports Illustrated,0.0,POSITIVE,0.779483437538147
2025-02-10,How Luka Doncic's Lakers debut ranks in recent NBA history - ESPN,ESPN,0.0,POSITIVE,0.9987289309501648
2025-02-10,"Inside the most chaotic, transformational NBA trade deadline in Lakers history - ESPN",ESPN,-0.5413,NEGATIVE,-0.6227548122406006
2025-02-10,Lakers Rumors: Luka Dončić 'Handpicked' Mark Williams Trade Before Rescinded Deal - Bleacher Report,Bleacher Report,0.0,NEGATIVE,-0.9678472280502319
2025-02-10,"Mavs fans protesting Luka Doncic trade ejected for mouthing off, holding signs and wearing shirts with 'Fire Nico' - Los Angeles Times",Los Angeles Times,-0.6369,NEGATIVE,-0.9727131128311157
2025-02-10,Dirk Nowitzki to Attend Luka Doncic's Debut with Lakers: 'Had to Come Support My Guy' - Bleacher Report,Bleacher Report,0.4019,NEGATIVE,-0.9283954501152039
2025-02-10,Why Luka Doncic's Lakers legacy could be different than LeBron James' - FOX Sports,FOX Sports,0.0,NEGATIVE,-0.6646287441253662
2025-02-10,Luka Doncic makes Lakers debut after blockbuster trade - Fox News,Fox News,0.5994,POSITIVE,0.9950098991394043
2025-02-10,It's official: The Luka Dončić trade could not have gone worse for the Mavs in the first week - Yahoo Sports,Yahoo Sports,0.3724,POSITIVE,0.8031545281410217
2025-02-10,Luka Doncic scores 14 in debut game with L.A. Lakers - FOX 4 News Dallas-Fort Worth,FOX 4 News Dallas-Fort Worth,0.2263,POSITIVE,0.9983159303665161
2025-02-10,Luka Dončić trade: Fans with 'Fire Nico' signs ejected by security at Mavericks home game - Yahoo Sports,Yahoo Sports,0.0,NEGATIVE,-0.9962359070777893
2025-02-10,Where is Luka Doncic from? Facts to know about newest member of Los Angeles Lakers - Yahoo Sports,Yahoo Sports,0.0,NEGATIVE,-0.9882368445396423
2025-02-10,Luka Dončić odds: What kinds of numbers can he put up with the Lakers? - FOX Sports,FOX Sports,0.0,NEGATIVE,-0.9968419075012207
2025-02-10,Luka Doncic’s Family Left Starstruck by LeBron James at First Lakers Game - Sports Illustrated,Sports Illustrated,0.0,NEGATIVE,-0.9848121404647827
2025-02-10,NBA Twitter reacts to Luka Doncic's debut with the Lakers - Yahoo Sports,Yahoo Sports,0.0,NEGATIVE,-0.6230024099349976
2025-02-10,Betting Luka Doncic's Lakers debut: Two props that stand out - ABC7 Los Angeles,ABC7 Los Angeles,0.0,POSITIVE,0.9972634315490723
2025-02-10,12 Luka Dončić photos from his highly anticipated Lakers debut - Yahoo Sports,Yahoo Sports,0.0,POSITIVE,0.9723374247550964
2025-02-10,Report: Mavs Engaged Timberwolves in Luka Doncic Trade Talks - Yahoo Sports,Yahoo Sports,0.4019,NEGATIVE,-0.7490096688270569
2025-02-10,Luka Doncic's net worth: How much money does the Los Angeles Lakers star have? - bolavip.com,bolavip.com,0.2263,NEGATIVE,-0.9918214678764343
2025-02-10,Lakers to give away Luka Doncic T-shirts ahead of anticipated debut - ESPN,ESPN,0.0,POSITIVE,0.9367647171020508
2025-02-10,"Dirk Nowitzki attends Luka Dončić's Lakers debut, marking new chapter in Mavs history - NBC 5 Dallas-Fort Worth",NBC 5 Dallas-Fort Worth,0.2263,POSITIVE,0.9987665414810181
2025-02-10,"Luka Doncic drops 14 points in ""special"" Lakers debut - olympics.com",olympics.com,0.4019,NEGATIVE,-0.9979698061943054
2025-02-10,Mark Cuban attempted to stop Luka Doncic-Lakers trade at last minute - Sports Illustrated,Sports Illustrated,-0.296,NEGATIVE,-0.9867276549339294
2025-02-10,Will Luka Doncic play for Lakers tonight? Latest injury status ahead of star's debut - USA Today,USA Today,-0.1027,NEGATIVE,-0.6138946413993835
2025-02-10,Is Luka Doncic really fat? Inside the conspiracy theory rabbit hole. - SFGATE,SFGATE,-0.5267,NEGATIVE,-0.9986714124679565
2025-02-10,How did ex-Maverick Luka Doncic perform in his Lakers debut? - Sports Illustrated,Sports Illustrated,0.0,NEGATIVE,-0.9978103041648865
2025-02-10,When is Luka Doncic making his LA Lakers debut? Superstar set for first game after blockbuster trade - talkSPORT,talkSPORT,0.5994,NEGATIVE,-0.9975910186767578
2025-02-10,Luka Doncic's fiancée shares reaction to Lakers debut with daughter by her side - Sports Illustrated,Sports Illustrated,0.296,POSITIVE,0.9230002164840698
2025-02-10,The reason why Luka Doncic wears number 77 revealed: It’s in honour of this European basketball legend - Diario AS,Diario AS,0.6124,POSITIVE,0.997423529624939
2025-02-10,NBA insider reveals 5 'real' reasons the Mavericks traded Luka Doncic to Lakers - The Smoking Cuban,The Smoking Cuban,0.0,NEGATIVE,-0.9243007302284241
2025-02-10,Luka Doncic Makes a Winning Impression in Lakers Debut - GV Wire,GV Wire,0.6486,POSITIVE,0.9997257590293884
2025-02-10,Can Luka Dončić follow the Lakers’ standard set by Kobe Bryant and LeBron James? - The New York Times,The New York Times,0.0,NEGATIVE,-0.9414618611335754
2025-02-10,The Lakers Are Already Winning the Luka Doncic Trade. It Only Took One Game. - WSJ,WSJ,0.5267,NEGATIVE,-0.986835241317749
2025-02-10,Dwyane Wade strongly advises J.J. Redick to cut Luka Doncic’s minutes - Heat Nation,Heat Nation,0.0,POSITIVE,0.974612295627594
2025-02-10,LeBron James references iconic post with Luka Doncic in pregame huddle - ABC7 Los Angeles,ABC7 Los Angeles,0.0,POSITIVE,0.9749268293380737
2025-02-10,"Lakers' LeBron James Hypes Luka Doncic, Austin Reaves in IG Photo: '🥶 as 🗣️F!!!!!!' - Bleacher Report",Bleacher Report,0.0,NEGATIVE,-0.9784033298492432
2025-02-10,Luka Doncic makes $500K donation to wildfire relief before Lakers debut - Orange County Register,Orange County Register,0.4767,NEGATIVE,-0.8682845234870911
2025-02-10,Dallas Mavs eject fans protesting Luka Doncic trade - FOX 4 News Dallas-Fort Worth,FOX 4 News Dallas-Fort Worth,-0.2263,NEGATIVE,-0.9904094934463501
2025-02-10,12 Luka Dončić photos from his highly anticipated Lakers debut - USA Today,USA Today,0.0,POSITIVE,0.9936622381210327
2025-02-10,Watch Luka Doncic First Basket as Member of Lakers - Sports Illustrated,Sports Illustrated,0.0,POSITIVE,0.9964129328727722
2025-02-10,"Where to watch Luka Doncic's Lakers debut: TV channel, live stream online as L.A.'s new star takes floor - CBS Sports",CBS Sports,0.0,POSITIVE,0.98468416929245
2025-02-10,"Luka Doncic college, current team, NBA stats and upcoming games - LeBron Wire",LeBron Wire,0.0,POSITIVE,0.9623094201087952
2025-02-10,Luka Doncic Traded - thejustice.org,thejustice.org,0.0,NEGATIVE,-0.97345370054245
2025-02-10,"Villalobos: “If Doncic was a star, now he will be the entire galaxy” - Diario AS",Diario AS,0.0,POSITIVE,0.9897645711898804
2025-02-10,Luka Doncic’s multi million-dollar Lakers salary revealed: how much he’ll earn per season - Diario AS,Diario AS,0.0,POSITIVE,0.9796010851860046
2025-02-10,Former lottery pick has most to gain from Luka Doncic trade - Sports Illustrated,Sports Illustrated,0.5688,POSITIVE,0.6140400767326355
2025-02-10,"Lakers got Luka Dončić by the NBA trade deadline, but what about the deal they undid? - The New York Times",The New York Times,0.0,NEGATIVE,-0.9949219822883606
2025-02-10,"The Triple Team: In Luka Doncic’s Lakers debut, Jazz can’t meet the moment - The Salt Lake Tribune",The Salt Lake Tribune,0.0,NEGATIVE,-0.8854258060455322
2025-02-10,"Doncic makes Lakers debut, scores 14 in big win over Jazz - ESPN",ESPN,0.5859,POSITIVE,0.9992485642433167
2025-02-10,The Sports Report: Luka Doncic’s debut with Lakers is a success - Los Angeles Times,Los Angeles Times,0.5719,POSITIVE,0.9998574256896973
2025-02-10,Is Luka Doncic Playing Tonight? Here’s How to Watch His Lakers Debut - Rolling Stone,Rolling Stone,0.2023,POSITIVE,0.9811134338378906
2025-02-10,How many points did Luka Doncic score tonight in Lakers debut vs Jazz - USA Today,USA Today,0.0,NEGATIVE,-0.7928097248077393
2025-02-10,Timberwolves reportedly almost ended up with Luka Doncic - Dunking with Wolves,Dunking with Wolves,0.0,NEGATIVE,-0.8750017881393433
2025-02-10,Gatorade Celebrates Luka Doncic's Lakers Debut With New Hollywood-Themed Ad - Sports Illustrated,Sports Illustrated,0.5719,POSITIVE,0.9986118078231812
2025-02-10,"Luka Doncic, and other NBA players on new teams we're excited to see - USA Today",USA Today,0.34,POSITIVE,0.9997991919517517
2025-02-10,Luka Dončić shines alongside LeBron James in debut as Lakers rout Jazz 132-113 - NBC Los Angeles,NBC Los Angeles,0.0,POSITIVE,0.9997629523277283
2025-02-10,How many points did Luka Doncic score in Lakers debut: Highlights - LeBron Wire,LeBron Wire,0.0,POSITIVE,0.9737108945846558
2025-02-10,Luka Doncic makes his Lakers debut: Top photos from star's first game - USA Today,USA Today,0.2023,POSITIVE,0.998464822769165
2025-02-10,Luka Doncic Appreciates Dirk Nowitzki Attending Lakers Debut - Lakers Nation,Lakers Nation,0.5106,POSITIVE,0.9989243149757385
2025-02-10,LeBron James & Luka Doncic top Colin Cowherd's Top 10 NBA Duos | The Herd - FOX Sports,FOX Sports,0.3818,POSITIVE,0.9993137121200562
2025-02-10,"Fans break NBA code of conduct, ejected from Mavericks' loss - ESPN",ESPN,-0.3182,NEGATIVE,-0.9652159810066223
2025-02-10,Luka Doncic Net Worth: How much will he earn with the LA Lakers? - MARCA,MARCA,0.2263,NEGATIVE,-0.9608135223388672
2025-02-10,"Luka Doncic makes Lakers debut, clicks with LeBron James in rout of Jazz - Orange County Register",Orange County Register,0.0,POSITIVE,0.9990848302841187
2025-02-10,Luka Doncic sends threatening message after Lakers debut - Diario AS,Diario AS,-0.5267,NEGATIVE,-0.9940335154533386
2025-02-10,Luka Doncic makes Lakers debut | Full postgame press conference - WFAA,WFAA,0.0,POSITIVE,0.9919725656509399
2025-02-10,Luka Doncic Plays His Part as Los Angeles Lakers Clinch Win His Debut Game - Lakers Nation,Lakers Nation,0.7003,POSITIVE,0.998630940914154
2025-02-10,"Luka Doncic makes Lakers debut, connects with LeBron James in 132-113 win over Jazz - kjzz.com",kjzz.com,0.5859,POSITIVE,0.9989953637123108
2025-02-10,Luka Doncic gives fans a preview of what’s to come in Lakers debut - Straight Arrow News - SAN - Unbiased. Straight Facts.,Unbiased. Straight Facts.,0.4019,POSITIVE,0.9935854077339172
2025-02-10,Lakers giving away thousands of Luka Doncic jersey shirts in his debut - WFAA,WFAA,0.34,POSITIVE,0.5489516258239746
2025-02-10,LeBron James Warms Up in Luka Doncic Shirt Ahead of His Lakers Debut - Sports Illustrated,Sports Illustrated,0.2732,POSITIVE,0.9990412592887878
2025-02-10,Luka Doncic Makes Defiant Statement on Potential of New-Look Lakers - heavy.com,heavy.com,-0.2263,POSITIVE,0.9972929358482361
2025-02-11,Luka Doncic scores 14 in 24 minutes in debut win with Lakers - ESPN,ESPN,0.5859,POSITIVE,0.9966344237327576
2025-02-11,Luka Doncic makes his Lakers debut and quickly connects with LeBron James in a 132-113 win over Utah - AP News,AP News,0.5859,POSITIVE,0.9988511800765991
2025-02-11,Luka Magic: Best of Dončić | Los Angeles Lakers - NBA.com,NBA.com,0.6369,POSITIVE,0.9993395209312439
2025-02-11,Luka Dončić drops 14 points in Lakers debut vs. Jazz as Dirk Nowitzki watches in support - Yahoo Sports,Yahoo Sports,0.4019,NEGATIVE,-0.9967998266220093
2025-02-11,Plaschke: The Los Angeles Lukas! Newly acquired Doncic dazzles in his Lakers debut - Los Angeles Times,Los Angeles Times,0.0,POSITIVE,0.982944667339325
2025-02-11,"Sydney Colson to Join Luka Dončić for ""Future of Sports"" Summit - Athletes Unlimited",Athletes Unlimited,0.296,POSITIVE,0.9988598823547363
2025-02-11,"Puka Nacua, Luka Doncic Swap Jerseys Following LA Lakers Debut - KSL Sports",KSL Sports,0.0,NEGATIVE,-0.9759052395820618
2025-02-11,"Luka Doncic's Lakers debut: L.A. cruises to victory, but LeBron James and Jaxson Hayes were the real winners - CBS Sports",CBS Sports,0.631,POSITIVE,0.9990517497062683
2025-02-11,Dwyane Wade strongly advises J.J. Redick to cut Luka Doncic’s minutes - Heat Nation,Heat Nation,0.0,POSITIVE,0.974612295627594
2025-02-11,Luka Doncic: Lakers Will Introduce LeBron James Last Going Forward - Lakers Nation,Lakers Nation,0.0,POSITIVE,0.9992165565490723
2025-02-11,Dwyane Wade slams narrative that Luka Doncic is out of shape - Lakers Daily,Lakers Daily,0.0,NEGATIVE,-0.9555716514587402
2025-02-11,Grading Luka Doncic's Los Angeles Lakers debut after Mavericks blindsided him - The Smoking Cuban,The Smoking Cuban,0.0,NEGATIVE,-0.9514563083648682
2025-02-11,Takeaways: Luka Doncic's Lakers debut beckons shades of showtime - Sportsnet.ca,Sportsnet.ca,0.0,POSITIVE,0.9813574552536011
2025-02-11,"Mavericks Attempted to Trade Giannis Antetokounmpo for Luka Doncic, Bucks Refused: Report - Sports Illustrated",Sports Illustrated,-0.296,NEGATIVE,-0.9916674494743347
2025-02-11,5 Takeaways: Luka Dončić's Lakers debut lights up Los Angeles - NBA.com,NBA.com,0.0,POSITIVE,0.9988405108451843
2025-02-11,Luka Doncic's Lakers debut a ratings smash despite blowout - ESPN,ESPN,0.0,POSITIVE,0.9992924928665161
2025-02-11,"Mavs fans protesting Luka Doncic trade ejected for mouthing off, holding signs and wearing shirts with 'Fire Nico' - Los Angeles Times",Los Angeles Times,-0.6369,NEGATIVE,-0.9727131128311157
2025-02-11,LeBron James references iconic post with Luka Doncic in pregame huddle - ESPN,ESPN,0.0,POSITIVE,0.9731085300445557
2025-02-11,Full Focus: Luka Dončić makes his debut with the Lakers - NBA.com,NBA.com,0.0,POSITIVE,0.9987351298332214
2025-02-11,Luka Doncic Traded - thejustice.org,thejustice.org,0.0,NEGATIVE,-0.97345370054245
2025-02-11,How Luka Doncic's Lakers debut ranks in recent NBA history - ESPN,ESPN,0.0,POSITIVE,0.9987289309501648
2025-02-11,Luka Doncic looked so happy during his first game playing for the Lakers - Yahoo Sports,Yahoo Sports,0.7609,POSITIVE,0.9991728663444519
2025-02-11,Luka Doncic Makes a Winning Impression in Lakers Debut - GV Wire,GV Wire,0.6486,POSITIVE,0.9997257590293884
2025-02-11,Why Luka Doncic's Lakers legacy could be different than LeBron James' - FOX Sports,FOX Sports,0.0,NEGATIVE,-0.6646287441253662
2025-02-11,Luka Doncic scores 14 in debut game with L.A. Lakers - FOX 4 News Dallas-Fort Worth,FOX 4 News Dallas-Fort Worth,0.2263,POSITIVE,0.9983159303665161
2025-02-11,Lakers newsletter: Luka Doncic and the center of attention - Los Angeles Times,Los Angeles Times,0.0,POSITIVE,0.9863077998161316
2025-02-11,Luka Doncic makes Lakers debut after blockbuster trade - Fox News,Fox News,0.5994,POSITIVE,0.9950098991394043
2025-02-11,It's official: The Luka Dončić trade could not have gone worse for the Mavs in the first week - Yahoo Sports,Yahoo Sports,0.3724,POSITIVE,0.8031545281410217
2025-02-11,Luka Doncic feels Lakers fans' love in debut. 'It felt amazing' - USA Today,USA Today,0.8402,POSITIVE,0.9993886947631836
2025-02-11,Luka Doncic’s Family Left Starstruck by LeBron James at First Lakers Game - Sports Illustrated,Sports Illustrated,0.0,NEGATIVE,-0.9848121404647827
2025-02-11,Lakers to give away Luka Doncic T-shirts ahead of anticipated debut - ESPN,ESPN,0.0,POSITIVE,0.9367647171020508
2025-02-11,Luka Doncic’s Dallas Mavericks salary vs his new Los Angeles Lakers deal: A complete breakdown - The Times of India,The Times of India,0.0,NEGATIVE,-0.9855659604072571
2025-02-11,"Luka Doncic trade to Lakers couldn't be vetoed, NBA commish says - Fox News",Fox News,0.0,POSITIVE,0.9940379858016968
2025-02-11,NBA Twitter reacts to Luka Doncic's debut with the Lakers - Yahoo Sports,Yahoo Sports,0.0,NEGATIVE,-0.6230024099349976
2025-02-11,"Luka Doncic drops 14 points in ""special"" Lakers debut - olympics.com",olympics.com,0.4019,NEGATIVE,-0.9979698061943054
2025-02-11,Doncic’s Lakers Debut Scuttles at Least One NBA Conspiracy Theory - Sportico.com,Sportico.com,-0.5267,NEGATIVE,-0.9937775135040283
2025-02-11,12 Luka Dončić photos from his highly anticipated Lakers debut - Yahoo Sports,Yahoo Sports,0.0,POSITIVE,0.9723374247550964
2025-02-11,Report: Mavs Engaged Timberwolves in Luka Doncic Trade Talks - Yahoo Sports,Yahoo Sports,0.4019,NEGATIVE,-0.7490096688270569
2025-02-11,The Lakers Are Already Winning the Luka Doncic Trade. It Only Took One Game. - WSJ,WSJ,0.5267,NEGATIVE,-0.986835241317749
2025-02-11,Luka Doncic's Dad Explained Why He Has Moved on From Trade to Lakers - Sports Illustrated,Sports Illustrated,0.0,POSITIVE,0.9055201411247253
2025-02-11,Can Luka Dončić follow the Lakers’ standard set by Kobe Bryant and LeBron James? - The New York Times,The New York Times,0.0,NEGATIVE,-0.9414620995521545
2025-02-11,Luka Doncic's net worth: How much money does the Los Angeles Lakers star have? - bolavip.com,bolavip.com,0.2263,NEGATIVE,-0.9918214678764343
2025-02-11,Luka Doncic Appreciates Dirk Nowitzki Attending Lakers Debut - Lakers Nation,Lakers Nation,0.5106,POSITIVE,0.9989243149757385
2025-02-11,How did ex-Maverick Luka Doncic perform in his Lakers debut? - Sports Illustrated,Sports Illustrated,0.0,NEGATIVE,-0.9978103041648865
2025-02-11,Luka Doncic's fiancée shares reaction to Lakers debut with daughter by her side - Sports Illustrated,Sports Illustrated,0.296,POSITIVE,0.9230002164840698
2025-02-11,Luka Dončić Lakers Debut Peaked at 2.55M Viewers - Front Office Sports,Front Office Sports,0.0,POSITIVE,0.9784706830978394
2025-02-11,Dallas Mavs eject fans protesting Luka Doncic trade - FOX 4 News Dallas-Fort Worth,FOX 4 News Dallas-Fort Worth,-0.2263,NEGATIVE,-0.9904094934463501
2025-02-11,LeBron James references iconic post with Luka Doncic in pregame huddle - ABC7 Los Angeles,ABC7 Los Angeles,0.0,POSITIVE,0.9749268293380737
2025-02-11,"Lakers' LeBron James Hypes Luka Doncic, Austin Reaves in IG Photo: '🥶 as 🗣️F!!!!!!' - Bleacher Report",Bleacher Report,0.0,NEGATIVE,-0.9784033298492432
2025-02-11,Lakers begin Luka Doncic era with 132-113 win over Jazz - FOX Sports,FOX Sports,0.5859,POSITIVE,0.9983371496200562
2025-02-11,"Lakers lose first game since Luka Dončić trade, 131–119 to Utah Jazz - NBC Los Angeles",NBC Los Angeles,-0.4019,NEGATIVE,-0.7793503999710083
2025-02-11,"Luka Doncic makes Lakers debut, connects with LeBron James in 132-113 win over Jazz - kjzz.com",kjzz.com,0.5859,POSITIVE,0.9989953637123108
2025-02-11,The Sports Report: Luka Doncic’s debut with Lakers is a success - Los Angeles Times,Los Angeles Times,0.5719,POSITIVE,0.9998574256896973
2025-02-11,"Lakers got Luka Dončić by the NBA trade deadline, but what about the deal they undid? - The New York Times",The New York Times,0.0,NEGATIVE,-0.9949219822883606
2025-02-11,Luka Doncic Plays His Part as Los Angeles Lakers Clinch Win His Debut Game - Lakers Nation,Lakers Nation,0.7003,POSITIVE,0.998630940914154
2025-02-11,Timberwolves reportedly almost ended up with Luka Doncic - Dunking with Wolves,Dunking with Wolves,0.0,NEGATIVE,-0.8750017881393433
2025-02-11,Luka Doncic gives fans a preview of what’s to come in Lakers debut - Straight Arrow News - SAN - Unbiased. Straight Facts.,Unbiased. Straight Facts.,0.4019,POSITIVE,0.9935854077339172
2025-02-11,Luka Doncic makes his Lakers debut and quickly connects with LeBron James in a 132-113 win over Utah - Chronicle Telegram,Chronicle Telegram,0.5859,POSITIVE,0.9990155696868896
2025-02-11,"How to Watch Luka Doncic Lakers Games: Live Stream Los Angeles Lakers NBA Basketball, TV Channel, Free Trial - The Big Lead",The Big Lead,0.5106,POSITIVE,0.9960676431655884
2025-02-11,Former lottery pick has most to gain from Luka Doncic trade - Sports Illustrated,Sports Illustrated,0.5688,POSITIVE,0.6140400767326355
2025-02-11,Mavericks Reportedly Contacted Bucks About Giannis Before Trading Luka Doncic to Lakers - Sports Illustrated,Sports Illustrated,0.0,NEGATIVE,-0.6143652200698853
2025-02-11,Why Doncic isn't playing in All-Star Game this weekend as Lakers star left out - talkSPORT,talkSPORT,-0.1511,NEGATIVE,-0.9924229979515076
2025-02-11,'End of an error': Here's everything went wrong for the Mavericks in the year after they traded Luka - WFAA,WFAA,-0.7003,NEGATIVE,-0.9994402527809143
2025-02-11,LeBron James & Luka Doncic top Colin Cowherd's Top 10 NBA Duos | The Herd - FOX Sports,FOX Sports,0.3818,POSITIVE,0.9993137121200562
2025-02-11,NBA stars Luka Doncic and Anthony Davis in blockbuster trade - eatonredink.com,eatonredink.com,0.5994,POSITIVE,0.9462937116622925
2025-02-11,Austin Reaves: Sharing Floor With LeBron James & Luka Doncic Is ‘A Thing Of Beauty’ - Lakers Nation,Lakers Nation,0.4215,POSITIVE,0.9995070695877075
2025-02-11,Markieff Morris Had Hilarious Question After Being Part of Luka Doncic Trade - Sports Illustrated,Sports Illustrated,0.4019,POSITIVE,0.9996514320373535
2025-02-11,Luka Doncic makes Lakers debut | Full postgame press conference - WFAA,WFAA,0.0,POSITIVE,0.9919725656509399
2025-02-11,Lakers G Luka Doncic (calf) questionable to play against Jazz - Reuters,Reuters,0.0516,NEGATIVE,-0.9927247762680054
2025-02-11,"Fans break NBA code of conduct, ejected from Mavericks' loss - ESPN",ESPN,-0.3182,NEGATIVE,-0.9652159810066223
2025-02-11,"Doncic makes Lakers debut, scores 14 in big win over Jazz - ESPN Philippines",ESPN Philippines,0.5859,POSITIVE,0.9992140531539917
2025-02-11,"10 Years After Telling Kevin Love To ‘Just Fit In’, LeBron Told Luka To ‘Fit The F**k Out’ Before His Lakers Debut - UPROXX",UPROXX,0.7717,POSITIVE,0.9002581238746643
2025-02-11,Luka Doncic embraced by LeBron James and L.A. in his memorable Lakers debut - Los Angeles Times,Los Angeles Times,0.0,POSITIVE,0.9994555115699768
2025-02-11,Luka Dončić shines on LA Lakers debut in blowout win over Utah Jazz - The Guardian,The Guardian,0.5859,POSITIVE,0.9995602965354919
2025-02-11,Luka Doncic Net Worth: How much will he earn with the LA Lakers? - MARCA,MARCA,0.2263,NEGATIVE,-0.9608135223388672
2025-02-11,"2024-25 NBA odds: Bet on Luka, LeBron's Lakers to win the West - FOX Sports",FOX Sports,0.5859,POSITIVE,0.9591732621192932
2025-02-11,Lakers coach JJ Redick explains viral clip of him and Luka Doncic - Orange County Register,Orange County Register,0.4084,NEGATIVE,-0.9253625869750977
2025-02-11,Luka Doncic Makes his Lakers Debut and quickly Connects with LeBron James in a 132-113 Win over Utah - The National Herald,The National Herald,0.5859,POSITIVE,0.9991724491119385
2025-02-11,Why Luka Doncic trade wasn't vetoed? Adam Silver clarifies - BasketNews.com,BasketNews.com,0.2263,NEGATIVE,-0.5995784997940063
2025-02-11,Luka Doncic felt ‘amazing’ making Lakers debut - Orlando Sentinel,Orlando Sentinel,0.0,POSITIVE,0.9997602105140686
2025-02-11,Doncic makes memorable debut for Lakers in L.A. - Sports Business Journal,Sports Business Journal,0.0,POSITIVE,0.9995170831680298
2025-02-11,Luka Doncic makes LA Lakers debut with win against Utah Jazz - Al Jazeera,Al Jazeera,0.5859,POSITIVE,0.9989225268363953
2025-02-11,Luka Doncic makes his Lakers debut with win against Jazz - Arab News,Arab News,0.5859,POSITIVE,0.9938854575157166
2025-02-11,Luka Doncic’s dad reveals what LeBron James did to welcome him and his son - Lakers Daily,Lakers Daily,0.4588,POSITIVE,0.9975480437278748
2025-02-11,Luka Doncic sends threatening message after Lakers debut - Diario AS,Diario AS,-0.5267,NEGATIVE,-0.9940335154533386
2025-02-11,How many points did Luka Doncic score tonight in Lakers debut vs Jazz - USA Today,USA Today,0.0,NEGATIVE,-0.7928088903427124
2025-02-11,Lakers welcome Luka Magic to Los Angeles on memorable night - Silver Screen and Roll,Silver Screen and Roll,0.4588,POSITIVE,0.9998692274093628
2025-02-11,"Luka Doncic Feeling The Love After Lakers Debut, While Mavs Fans Melt Down - FanBuzz",FanBuzz,0.6908,POSITIVE,0.6968368887901306
2025-02-11,"Luka Doncic, and other NBA players on new teams we're excited to see - USA Today",USA Today,0.34,POSITIVE,0.9997991919517517
2025-02-11,Luka Doncic has ‘fun’ in Lakers debut; protesting Mavericks fans ejected amid continued post-trade tension in Dallas - New York Daily News,New York Daily News,-0.6249,POSITIVE,0.9759358763694763
2025-02-11,Luka Doncic makes his Lakers debut: Top photos from star's first game - USA Today,USA Today,0.2023,POSITIVE,0.998464822769165
2025-02-11,LeBron James’ expletive-ridden order to Luka Doncic before Lakers debut - Diario AS,Diario AS,0.0,NEGATIVE,-0.9792426824569702
2025-02-11,Luka Doncic makes his Lakers debut and quickly connects with LeBron James in a 132-113 win over Utah - St. Albert Gazette,St. Albert Gazette,0.5859,POSITIVE,0.9989210367202759
2025-02-11,Lakers' Luka Doncic questionable vs. Jazz with calf injury - Sportsnet.ca,Sportsnet.ca,-0.6124,NEGATIVE,-0.907637357711792
2025-02-11,"Luka Doncic college, current team, NBA stats and upcoming games - LeBron Wire",LeBron Wire,0.0,POSITIVE,0.9623094201087952
2025-02-11,Luka Doncic Responds to Mavericks Fans' Angry Reaction to Blockbuster Trade - Sports Illustrated,Sports Illustrated,0.1531,NEGATIVE,-0.9618445634841919
2025-02-11,Luka Doncic Debut Jersey Could Be Worth $1 Million! - TMZ,TMZ,0.2942,NEGATIVE,-0.980428159236908
2025-02-11,Luka Doncic Makes Defiant Statement on Potential of New-Look Lakers - heavy.com,heavy.com,-0.2263,POSITIVE,0.9972929358482361
2025-02-11,"Luka Doncic Lakers Debut Draws Adele, Floyd Mayweather, Celebs - TMZ",TMZ,0.0,POSITIVE,0.9931976795196533
2025-02-11,Brian Windhorst suggests Mavs should reach out to Kyrie Irving for guidance amid Luka Doncic drama - Ahn Fire Digital,Ahn Fire Digital,-0.3182,NEGATIVE,-0.9272656440734863
2025-02-12,5 Takeaways: Luka Dončić's Lakers debut lights up Los Angeles - NBA.com,NBA.com,0.0,POSITIVE,0.9988405108451843
2025-02-12,Luka Doncic's Lakers debut a ratings smash despite blowout - ESPN,ESPN,0.0,POSITIVE,0.9992924928665161
2025-02-12,Luka Doncic: Lakers Will Introduce LeBron James Last Going Forward - Lakers Nation,Lakers Nation,0.0,POSITIVE,0.9992165565490723
2025-02-12,Luka Doncic scores 14 in 24 minutes in debut win with Lakers - ABC7 Los Angeles,ABC7 Los Angeles,0.5859,POSITIVE,0.9979764819145203
2025-02-12,'The vibes are not good:' Mavericks fans still in disbelief over Luka Doncic trade - NBC News,NBC News,-0.3412,NEGATIVE,-0.9997264742851257
2025-02-12,'Saying all the wrong things at all the wrong times': PR experts react to Dallas Mavericks' handling of Luka trade - WFAA,WFAA,-0.7351,NEGATIVE,-0.9992332458496094
2025-02-12,"Video: Luka Doncic Reacts to Lakers' Loss to Jazz, Talks Plan for NBA All-Star Break - Bleacher Report",Bleacher Report,-0.3182,NEGATIVE,-0.9055688977241516
2025-02-12,Luka Dončić is excited to take a break during All-Star weekend - Silver Screen and Roll,Silver Screen and Roll,0.34,POSITIVE,0.9997413754463196
2025-02-12,Lakers newsletter: Luka Doncic and the center of attention - Los Angeles Times,Los Angeles Times,0.0,POSITIVE,0.9863077998161316
2025-02-12,Luka Doncic’s Dallas Mavericks salary vs his new Los Angeles Lakers deal: A complete breakdown - The Times of India,The Times of India,0.0,NEGATIVE,-0.9855659604072571
2025-02-12,"Luka Doncic trade to Lakers couldn't be vetoed, NBA commish says - Fox News",Fox News,0.0,POSITIVE,0.9940379858016968
2025-02-12,Doncic’s Lakers Debut Scuttles at Least One NBA Conspiracy Theory - Sportico.com,Sportico.com,-0.5267,NEGATIVE,-0.9937775135040283
2025-02-12,Luka Doncic injury history: Every ailment that has caused him to miss games in his career - FanSided,FanSided,-0.5267,NEGATIVE,-0.9943649768829346
2025-02-12,Luka Doncic's Dad Explained Why He Has Moved on From Trade to Lakers - Sports Illustrated,Sports Illustrated,0.0,POSITIVE,0.9055206179618835
2025-02-12,Luka Dončić Lakers Debut Peaked at 2.55M Viewers - Front Office Sports,Front Office Sports,0.0,POSITIVE,0.9784706830978394
2025-02-12,Luka Doncic off to uneven Lakers beginning as ‘out of shape’ talk festers - New York Post,New York Post,0.0,NEGATIVE,-0.999349057674408
2025-02-12,"Lakers lose first game since Luka Dončić trade, 131–119 to Utah Jazz - NBC Los Angeles",NBC Los Angeles,-0.4019,NEGATIVE,-0.7793503999710083
2025-02-12,Luka Dončić and Patrick Mahomes are Under Duress | First Things First - FOX Sports,FOX Sports,0.0,NEGATIVE,-0.9831209182739258
2025-02-12,Nice dish from Luka Dončić - NBA.com,NBA.com,0.4215,POSITIVE,0.9964247345924377
2025-02-12,"How to Watch Luka Doncic Lakers Games: Live Stream Los Angeles Lakers NBA Basketball, TV Channel, Free Trial - The Big Lead",The Big Lead,0.5106,POSITIVE,0.9960676431655884
2025-02-12,Mavericks Reportedly Contacted Bucks About Giannis Before Trading Luka Doncic to Lakers - Sports Illustrated,Sports Illustrated,0.0,NEGATIVE,-0.6143652200698853
2025-02-12,NBA Rumors: 2 Superstars Mavs tried to trade Luka Doncic for before AD - Sir Charles In Charge,Sir Charles In Charge,0.0,NEGATIVE,-0.9921042919158936
2025-02-12,Why Doncic isn't playing in All-Star Game this weekend as Lakers star left out - talkSPORT,talkSPORT,-0.1511,NEGATIVE,-0.9924229979515076
2025-02-12,'End of an error': Here's everything went wrong for the Mavericks in the year after they traded Luka - WFAA,WFAA,-0.7003,NEGATIVE,-0.9994402527809143
2025-02-12,NBA stars Luka Doncic and Anthony Davis in blockbuster trade - eatonredink.com,eatonredink.com,0.5994,POSITIVE,0.9462937116622925
2025-02-12,Markieff Morris Had Hilarious Question After Being Part of Luka Doncic Trade - Sports Illustrated,Sports Illustrated,0.4019,POSITIVE,0.9996514320373535
2025-02-12,Lakers G Luka Doncic (calf) questionable to play against Jazz - Reuters,Reuters,0.0516,NEGATIVE,-0.9927247762680054
2025-02-12,"2024-25 NBA odds: Bet on Luka, LeBron's Lakers to win the West - FOX Sports",FOX Sports,0.5859,POSITIVE,0.9591732621192932
2025-02-12,Lakers coach JJ Redick explains viral clip of him and Luka Doncic - Orange County Register,Orange County Register,0.4084,NEGATIVE,-0.9253625869750977
2025-02-12,Why Luka Doncic trade wasn't vetoed? Adam Silver clarifies - BasketNews.com,BasketNews.com,0.2263,NEGATIVE,-0.5995784997940063
2025-02-12,Luka Doncic’s dad reveals what LeBron James did to welcome him and his son - Lakers Daily,Lakers Daily,0.4588,POSITIVE,0.9975480437278748
2025-02-12,"""Start eating salad, my boy"" - Shaquille O'Neal tells Luka Doncic to get in shape and shut up his critics - Basketball Network",Basketball Network,-0.296,NEGATIVE,-0.9950975775718689
2025-02-12,Brian Windhorst suggests Mavs should reach out to Kyrie Irving for guidance amid Luka Doncic drama - Ahn Fire Digital,Ahn Fire Digital,-0.3182,NEGATIVE,-0.9272653460502625
2025-02-12,The Mavs are on fire after the Dončić trade. Don’t expect them to put it out | Dallas Mavericks - The Guardian,The Guardian,-0.34,NEGATIVE,-0.870724081993103
2025-02-12,Lakers Get More Bad News on Luka Doncic Ahead of Last Game Before All-Star Break - heavy.com,heavy.com,-0.5849,NEGATIVE,-0.9960007071495056
2025-02-12,"Luka Doncic is already making magic, but the Lakers have bigger problems - SB Nation",SB Nation,-0.5499,NEGATIVE,-0.9949559569358826
2025-02-12,Lakers Star Luka Doncic Responds to Fans Calling for Mavs GM’s Firing - heavy.com,heavy.com,-0.34,NEGATIVE,-0.9884799718856812
2025-02-12,Luka Doncic takes over Los Angeles while JJ Redick gets caught talking to himself overwhelmed by excitement - MARCA,MARCA,0.7297,POSITIVE,0.9986372590065002
2025-02-12,"""This is the guy who stabbed Brooklyn in the back so he could get to Milwaukee"" - Bill Simmons thinks it's impossible J-Kidd didn't know about the Doncic trade - Basketball Network",Basketball Network,-0.4404,NEGATIVE,-0.998819887638092
2025-02-12,Los Angeles Lakers star Luka Doncic reveals his plans for the NBA All-Star break - bolavip.com,bolavip.com,0.0,POSITIVE,0.9780232310295105
2025-02-12,Shaq wants the Mavs to honestly say why they traded Doncic - Basketball Network,Basketball Network,0.4588,NEGATIVE,-0.9791877865791321
2025-02-12,Will Los Angeles Lakers' Luka Doncic be Kim Kardashian's Next Boyfriend? Exploring Possibilities - The Times of India,The Times of India,0.0,POSITIVE,0.9971229434013367
2025-02-12,"""We've already forgot about it"" – Luka Doncic’s father claims they've moved on from Dallas Mavericks trade - Basketball Network",Basketball Network,0.0,NEGATIVE,-0.9944028258323669
2025-02-12,Shaquille O’Neal calls out Dallas Mavericks asking for truth behind Luka Doncic's trade: “All of Dallas w - The Times of India,The Times of India,0.3182,NEGATIVE,-0.8685001134872437
2025-02-12,"Lakers trade for Luka Doncic called a ""gift"" by high-profile GM who echoes sentiments of colleagues in NBA circle - MARCA",MARCA,0.4404,POSITIVE,0.9977060556411743
2025-02-12,Luka Doncic isn't even thinking about the Mavericks anymore - USA Today,USA Today,0.0,NEGATIVE,-0.9942781925201416
2025-02-12,Luka Doncic's Los Angeles Lakers Debut Jersey: A $1 Million Treasure? - The Times of India,The Times of India,0.296,POSITIVE,0.9980097413063049
2025-02-12,Bronny steps out of LeBron’s shadow as he smokes Jazz - The Nightly,The Nightly,0.0,POSITIVE,0.9931297898292542
2025-02-12,Lakers Fans Celebrate Luka Doncic’s Arrival - Daily Guardian,Daily Guardian,0.5719,POSITIVE,0.9994682669639587
2025-02-12,Renowned Health and Fitness Journalist Reveals the Science Behind Luka Doncic’s NBA Superstardom - The SportsRush,The SportsRush,0.2732,POSITIVE,0.999321699142456
2025-02-12,“We Can Go Very Far”: Luka Doncic Has High Aspirations for the Lakers Despite Infuriating Loss to Jazz - The SportsRush,The SportsRush,0.5773,POSITIVE,0.92204350233078
2025-02-12,"Why Adam Silver, NBA couldn’t veto Luka Doncic trade like past Chris Paul deal - ClutchPoints",ClutchPoints,0.3612,NEGATIVE,-0.8025081157684326
2025-02-12,Lakers’ Luka Doncic may be NBA’s version of Dodgers’ Shohei Ohtani - ClutchPoints,ClutchPoints,0.0,NEGATIVE,-0.9022045731544495
2025-02-12,'To have him on your team is...': Austin Reaves Makes Major Claim About Luka Doncic Following His Lakers Debut - SportsTak,SportsTak,0.0,POSITIVE,0.9959515333175659
2025-02-12,Luka Doncic Trade Ignites Cameron Brink’s Urgent Plea to End the Turmoil Around $41.2M NBA Star - EssentiallySports,EssentiallySports,-0.1779,NEGATIVE,-0.9789126515388489
2025-02-12,LeBron James showed true colors in text to Luka Doncic over Lakers introduction order - The Mirror US,The Mirror US,0.4215,POSITIVE,0.9945958256721497
2025-02-12,Luka Doncic gets 100% real about JJ Redick as a coach - ClutchPoints,ClutchPoints,0.4084,POSITIVE,0.9977402687072754
2025-02-12,Markieff Morris’ hilarious reaction to being traded with Luka Doncic to Lakers - ClutchPoints,ClutchPoints,0.4019,POSITIVE,0.9995564818382263
2025-02-12,"Timberwolves Star Anthony Edwards' 'Fun' Reaction To Luka Doncic, Lakers Trade - ClutchPoints",ClutchPoints,0.5106,POSITIVE,0.9997392296791077
2025-02-12,"Dalton Knecht on what LA Lakers coaching staff told him about playing with Luka Doncic, 'no matter what...' - NBA Analysis Network",NBA Analysis Network,0.2263,NEGATIVE,-0.9683533906936646
2025-02-12,Luka Doncic’s Lakers debut becomes one of the most viewed games of the NBA season - ClutchPoints,ClutchPoints,0.0,POSITIVE,0.9992939233779907
2025-02-12,"Former Mavericks front office staffer slams Patrick Dumont for post-trade Luka Doncic comments, 'tone-deaf' - NBA Analysis Network",NBA Analysis Network,0.0,NEGATIVE,-0.9938702583312988
2025-02-12,Utah Jazz GM Calls Luka Doncic Joining The Lakers ‘A Gift’ - Fadeaway World,Fadeaway World,0.0,NEGATIVE,-0.6128765344619751
2025-02-12,Mavericks Overreacted By Trading Luka Doncic: Most Legends Didn’t Win By Age 25 - Fadeaway World,Fadeaway World,0.3321,NEGATIVE,-0.9708701968193054
2025-02-12,Luka Doncic And His Father Feel Lakers-Mavericks Trade Happened A Year Ago - Fadeaway World,Fadeaway World,0.0,NEGATIVE,-0.9929957985877991
2025-02-12,"""Trading Destiny's Child for TLC"" - Cameron Brink hilariously breaks down Luka Doncic-Anthony Davis trade in 'girl terms' - Sportskeeda",Sportskeeda,0.0,POSITIVE,0.9489524960517883
2025-02-12,Kyrie Irving Gets Real On Mavericks Fans Protesting Luka Doncic Trade - Fadeaway World,Fadeaway World,-0.4215,POSITIVE,0.9990518689155579
2025-02-12,Former Mavericks Executive Destroys Patrick Dumont For His Luka Doncic Comments - Fadeaway World,Fadeaway World,-0.5574,NEGATIVE,-0.9768732786178589
2025-02-12,Luka Doncic and Lakers can be title contenders very soon. - FirstSportz,FirstSportz,0.0,POSITIVE,0.9974631071090698
2025-02-13,Understanding the fallout over the Luka Doncic trade to the Lakers - NPR,NPR,0.0,POSITIVE,0.938133955001831
2025-02-13,'The vibes are not good:' Mavericks fans still in disbelief over Luka Doncic trade - NBC News,NBC News,-0.3412,NEGATIVE,-0.9997264742851257
2025-02-13,How the Mavericks Betrayed Their Past With the Luka Trade - The Ringer,The Ringer,-0.6124,NEGATIVE,-0.9944164752960205
2025-02-13,'Saying all the wrong things at all the wrong times': PR experts react to Dallas Mavericks' handling of Luka trade - WFAA,WFAA,-0.7351,NEGATIVE,-0.9992332458496094
2025-02-13,"Lakers Great Kareem Abdul-Jabbar Weighs in on Luka Doncic, Anthony Davis Trade - Sports Illustrated",Sports Illustrated,0.6249,POSITIVE,0.9975736737251282
2025-02-13,"Video: Luka Doncic Reacts to Lakers' Loss to Jazz, Talks Plan for NBA All-Star Break - Bleacher Report",Bleacher Report,-0.3182,NEGATIVE,-0.9055682420730591
2025-02-13,Luka Dončić is excited to take a break during All-Star weekend - Silver Screen and Roll,Silver Screen and Roll,0.34,POSITIVE,0.9997413754463196
2025-02-13,Luka Doncic injury history: Every ailment that has caused him to miss games in his career - FanSided,FanSided,-0.5267,NEGATIVE,-0.9943649768829346
2025-02-13,Luka Doncic off to uneven Lakers beginning as ‘out of shape’ talk festers - New York Post,New York Post,0.0,NEGATIVE,-0.999349057674408
2025-02-13,Luka Dončić and Patrick Mahomes are Under Duress | First Things First - FOX Sports,FOX Sports,0.0,NEGATIVE,-0.9831209182739258
2025-02-13,Shock in the NBA: The Unexpected Trade of Luka Dončić to the Los Angeles Lakers - The Colgate Maroon-News,The Colgate Maroon-News,-0.3818,POSITIVE,0.9983343482017517
2025-02-13,Luka Doncic's Lakers debut a ratings smash despite blowout - ESPN,ESPN,0.0,POSITIVE,0.9992924928665161
2025-02-13,"Why is Luka Doncic not an All-Star? How injuries, voting results impacted Lakers star's case for 2025 game - sportingnews.com",sportingnews.com,0.0,NEGATIVE,-0.9937964677810669
2025-02-13,"""Start eating salad, my boy"" - Shaquille O'Neal tells Luka Doncic to get in shape and shut up his critics - Basketball Network",Basketball Network,-0.296,NEGATIVE,-0.9950975775718689
2025-02-13,Lakers coach JJ Redick explains viral clip of him and Luka Doncic - East Bay Times,East Bay Times,0.4084,NEGATIVE,-0.8968302011489868
2025-02-13,The Mavs are on fire after the Dončić trade. Don’t expect them to put it out | Dallas Mavericks - The Guardian,The Guardian,-0.34,NEGATIVE,-0.870724081993103
2025-02-13,"Luka Doncic is already making magic, but the Lakers have bigger problems - SB Nation",SB Nation,-0.5499,NEGATIVE,-0.9949559569358826
2025-02-13,Luka Doncic takes over Los Angeles while JJ Redick gets caught talking to himself overwhelmed by excitement - MARCA,MARCA,0.7297,POSITIVE,0.9986372590065002
2025-02-13,Los Angeles Lakers star Luka Doncic reveals his plans for the NBA All-Star break - bolavip.com,bolavip.com,0.0,POSITIVE,0.9780232310295105
2025-02-13,Former Mavericks executive goes off on Patrick Dumont over Luka Doncic remarks - Sports Illustrated,Sports Illustrated,0.0,NEGATIVE,-0.9553994536399841
2025-02-13,Shaq wants the Mavs to honestly say why they traded Doncic - Basketball Network,Basketball Network,0.4588,NEGATIVE,-0.9791877865791321
2025-02-13,Will Los Angeles Lakers' Luka Doncic be Kim Kardashian's Next Boyfriend? Exploring Possibilities - The Times of India,The Times of India,0.0,POSITIVE,0.9971229434013367
2025-02-13,"""We've already forgot about it"" – Luka Doncic’s father claims they've moved on from Dallas Mavericks trade - Basketball Network",Basketball Network,0.0,NEGATIVE,-0.9944028258323669
2025-02-13,“It’s crazy”: Los Angeles Lakers rookie Dalton Knecht clears the air about Luka Doncic’s presence on cour - The Times of India,The Times of India,0.0772,POSITIVE,0.9989771842956543
2025-02-13,Shaquille O’Neal calls out Dallas Mavericks asking for truth behind Luka Doncic's trade: “All of Dallas w - The Times of India,The Times of India,0.3182,NEGATIVE,-0.8685001134872437
2025-02-13,Max Christie will be Mavericks' saving grace from Luka Doncic trade disaster - The Smoking Cuban,The Smoking Cuban,-0.3182,POSITIVE,0.9991642236709595
2025-02-13,Examining the Luka Doncic-LeBron James fit - all-starmagazine.com,all-starmagazine.com,0.3612,POSITIVE,0.7857771515846252
2025-02-13,NBA news: Luka Doncic to the LA Lakers - A game-changing move or billionaire greed? - Sports News Blitz,Sports News Blitz,-0.4019,NEGATIVE,-0.839776337146759
2025-02-13,Bronny steps out of LeBron’s shadow as he smokes Jazz - The Nightly,The Nightly,0.0,POSITIVE,0.9931297898292542
2025-02-13,Tim Legler claims 'short-sighted' Dallas Mavericks can't justify Luka Doncic trade even if they win a title - NBA Analysis Network,NBA Analysis Network,0.3818,NEGATIVE,-0.9988910555839539
2025-02-13,“We Can Go Very Far”: Luka Doncic Has High Aspirations for the Lakers Despite Infuriating Loss to Jazz - The SportsRush,The SportsRush,0.5773,POSITIVE,0.92204350233078
2025-02-13,"Why Adam Silver, NBA couldn’t veto Luka Doncic trade like past Chris Paul deal - ClutchPoints",ClutchPoints,0.3612,NEGATIVE,-0.8025081157684326
2025-02-13,Luka Doncic gets 100% real about JJ Redick as a coach - ClutchPoints,ClutchPoints,0.4084,POSITIVE,0.9977402687072754
2025-02-13,"Timberwolves Star Anthony Edwards' 'Fun' Reaction To Luka Doncic, Lakers Trade - ClutchPoints",ClutchPoints,0.5106,POSITIVE,0.9997392296791077
2025-02-13,"Dalton Knecht on what LA Lakers coaching staff told him about playing with Luka Doncic, 'no matter what...' - NBA Analysis Network",NBA Analysis Network,0.2263,NEGATIVE,-0.9683533906936646
2025-02-13,"Former Mavericks front office staffer slams Patrick Dumont for post-trade Luka Doncic comments, 'tone-deaf' - NBA Analysis Network",NBA Analysis Network,0.0,NEGATIVE,-0.9938702583312988
2025-02-13,Utah Jazz GM Calls Luka Doncic Joining The Lakers ‘A Gift’ - Fadeaway World,Fadeaway World,0.0,NEGATIVE,-0.6128765344619751
2025-02-13,Mavericks Overreacted By Trading Luka Doncic: Most Legends Didn’t Win By Age 25 - Fadeaway World,Fadeaway World,0.3321,NEGATIVE,-0.9708701968193054
2025-02-13,Kyrie Irving Gets Real On Mavericks Fans Protesting Luka Doncic Trade - Fadeaway World,Fadeaway World,-0.4215,POSITIVE,0.9990518689155579
2025-02-13,Former Mavericks Executive Destroys Patrick Dumont For His Luka Doncic Comments - Fadeaway World,Fadeaway World,-0.5574,NEGATIVE,-0.9768732786178589
2025-02-14,Understanding the fallout over the Luka Doncic trade to the Lakers - NPR,NPR,0.0,POSITIVE,0.938133955001831
2025-02-14,How Luka Dončić went pro at 13 years old and never looked back - Yahoo Sports,Yahoo Sports,0.0,POSITIVE,0.9335022568702698
2025-02-14,Jeanie Buss Makes First Public Comments Since Lakers’ Trade For Luka Doncic - Lakers Nation,Lakers Nation,0.0,POSITIVE,0.9967288970947266
2025-02-14,How the Mavericks Betrayed Their Past With the Luka Trade - The Ringer,The Ringer,-0.6124,NEGATIVE,-0.9944164752960205
2025-02-14,"Adam Silver denies Luka Doncic trade conspiracies, has 'no doubt' Mavericks owners plan to keep team in Dallas - CBS Sports",CBS Sports,-0.6486,NEGATIVE,-0.9585097432136536
2025-02-14,"Silver understands anger at Doncic trade, says 'time will tell' - ESPN",ESPN,-0.5719,POSITIVE,0.5671571493148804
2025-02-14,Why wasn’t Luka Doncic selected for the 2025 NBA All-Star Game? - Diario AS,Diario AS,0.0,NEGATIVE,-0.9936094284057617
2025-02-14,"Lakers Great Kareem Abdul-Jabbar Weighs in on Luka Doncic, Anthony Davis Trade - Sports Illustrated",Sports Illustrated,0.6249,POSITIVE,0.9975736737251282
2025-02-14,Shock in the NBA: The Unexpected Trade of Luka Dončić to the Los Angeles Lakers - The Colgate Maroon-News,The Colgate Maroon-News,-0.3818,POSITIVE,0.9983343482017517
2025-02-14,"Why is Luka Doncic not an All-Star? How injuries, voting results impacted Lakers star's case for 2025 game - sportingnews.com",sportingnews.com,0.0,NEGATIVE,-0.9937964677810669
2025-02-14,Dalton Knecht’s disorienting two weeks ends at All-Star Sunday; Nikola Jokic says Luka Doncic “was hurt” by trade - The Denver Post,The Denver Post,0.0,NEGATIVE,-0.9990718364715576
2025-02-14,"Nikola Jokic: Luka Doncic 'Hurt' by Lakers Trade, Was 'Building Something' with Mavs - Bleacher Report",Bleacher Report,-0.5267,NEGATIVE,-0.9990744590759277
2025-02-14,Adam Silver is 'empathetic' to Mavs fans after Luka Doncic trade - ESPN,ESPN,0.4019,POSITIVE,0.999046266078949
2025-02-14,"NBA All-Star 2025: Two weeks later, the league and its stars still can't comprehend Luka Dončić trade - Yahoo Sports",Yahoo Sports,0.0,NEGATIVE,-0.9965183734893799
2025-02-14,Jazz GM believes Mavericks gave Lakers a 'gift' in Luka Doncic - Sports Illustrated,Sports Illustrated,0.4404,POSITIVE,0.99608314037323
2025-02-14,"Adam Silver was 'surprised' by Luka Dončić trade, says he's 'empathetic' with angry Mavericks fans - Yahoo Sports",Yahoo Sports,0.0772,POSITIVE,0.9969735145568848
2025-02-14,Former Mavericks executive goes off on Patrick Dumont over Luka Doncic remarks - Sports Illustrated,Sports Illustrated,0.0,NEGATIVE,-0.9553994536399841
2025-02-14,Nikola Jokic's Statement on Luka Doncic Trade to Lakers - Sports Illustrated,Sports Illustrated,0.0,POSITIVE,0.945722222328186
2025-02-14,Victor Wembanyama's Strong Reaction to Major Lakers Trade for Luka Doncic - Sports Illustrated,Sports Illustrated,0.5106,POSITIVE,0.9982509016990662
2025-02-14,“It’s crazy”: Los Angeles Lakers rookie Dalton Knecht clears the air about Luka Doncic’s presence on cour - The Times of India,The Times of India,0.0772,POSITIVE,0.9989771842956543
2025-02-14,Renck & File: Luka-LeBron as top NBA duo is nonsense. That title belongs to Murray-Jokic - The Denver Post,The Denver Post,-0.2263,NEGATIVE,-0.9997431635856628
2025-02-14,Max Christie will be Mavericks' saving grace from Luka Doncic trade disaster - The Smoking Cuban,The Smoking Cuban,-0.3182,POSITIVE,0.9991642236709595
2025-02-14,Luka Doncic looking to splash $1.25m of luxury cars collection and add to LA Lakers star's 'apocalypse-proof' Jeep - the-sun.com,the-sun.com,0.0,POSITIVE,0.9704453349113464
2025-02-14,Examining the Luka Doncic-LeBron James fit - all-starmagazine.com,all-starmagazine.com,0.3612,POSITIVE,0.7857771515846252
2025-02-14,NBA news: Luka Doncic to the LA Lakers - A game-changing move or billionaire greed? - Sports News Blitz,Sports News Blitz,-0.4019,NEGATIVE,-0.839776337146759
2025-02-14,Tim Legler claims 'short-sighted' Dallas Mavericks can't justify Luka Doncic trade even if they win a title - NBA Analysis Network,NBA Analysis Network,0.3818,NEGATIVE,-0.9988910555839539
2025-02-14,Pacers’ Pascal Siakam drops completely honest Luka Doncic trade admission - ClutchPoints,ClutchPoints,0.5563,POSITIVE,0.9849145412445068
2025-02-14,'He's never going to be 100%': Lakers Insider Delivers Concerning Update About Luka Doncic - SportsTak,SportsTak,0.0,POSITIVE,0.9909052848815918
2025-02-14,Nikola Jokic admits it’s ‘weird’ not having Luka Doncic at All-Star Weekend - ClutchPoints,ClutchPoints,0.296,NEGATIVE,-0.9879654049873352
2025-02-14,Luka Doncic Getting To Know Lakers In Split Back-To-Back Against Jazz – How Long Will It Take Him To Adjust? - NewsBreak: Local News & Alerts,NewsBreak: Local News & Alerts,0.0,NEGATIVE,-0.9843215942382812
2025-02-15,How Luka Dončić went pro at 13 years old and never looked back - Yahoo Sports,Yahoo Sports,0.0,POSITIVE,0.9335022568702698
2025-02-15,The business of Luka Dončić: How the Lakers newest superstar has changed the franchise's economics - NBC Los Angeles,NBC Los Angeles,0.0,POSITIVE,0.9854856729507446
2025-02-15,The Tragedy and Farce of Luka Dončić’s Trade - The New Yorker,The New Yorker,-0.7964,NEGATIVE,-0.7721819877624512
2025-02-15,Jeanie Buss Makes First Public Comments Since Lakers’ Trade For Luka Doncic - Lakers Nation,Lakers Nation,0.0,POSITIVE,0.9967288970947266
2025-02-15,"Adam Silver denies Luka Doncic trade conspiracies, has 'no doubt' Mavericks owners plan to keep team in Dallas - CBS Sports",CBS Sports,-0.6486,NEGATIVE,-0.9585097432136536
2025-02-15,"Silver understands anger at Doncic trade, says 'time will tell' - ESPN",ESPN,-0.5719,POSITIVE,0.5671571493148804
2025-02-15,Why wasn’t Luka Doncic selected for the 2025 NBA All-Star Game? - Diario AS,Diario AS,0.0,NEGATIVE,-0.9936094284057617
2025-02-15,NBA Stars Are Still Shocked by Luka Doncic Trade to Lakers - Sports Illustrated,Sports Illustrated,-0.3182,NEGATIVE,-0.9355413317680359
2025-02-15,Adam Silver shoots down Luka Dončić trade conspiracy theory - Awful Announcing,Awful Announcing,-0.7506,NEGATIVE,-0.9992075562477112
2025-02-15,Dalton Knecht’s disorienting two weeks ends at All-Star Sunday; Nikola Jokic says Luka Doncic “was hurt” by trade - The Denver Post,The Denver Post,0.0,NEGATIVE,-0.9990718364715576
2025-02-15,Anthony Davis' injury exposes brutal flaw in Mavericks' Luka Doncic trade - The Smoking Cuban,The Smoking Cuban,-0.8126,NEGATIVE,-0.9969871640205383
2025-02-15,"Nikola Jokic: Luka Doncic 'Hurt' by Lakers Trade, Was 'Building Something' with Mavs - Bleacher Report",Bleacher Report,-0.5267,NEGATIVE,-0.9990744590759277
2025-02-15,Where does Nikola Jokic turn without Luka Doncic at NBA All-Star weekend? Start with KAT. - Daily Camera,Daily Camera,0.0,NEGATIVE,-0.996920108795166
2025-02-15,"NBA All-Star 2025: Two weeks later, the league and its stars still can't comprehend Luka Dončić trade - Yahoo Sports",Yahoo Sports,0.0,NEGATIVE,-0.9965183734893799
2025-02-15,Jazz GM believes Mavericks gave Lakers a 'gift' in Luka Doncic - Sports Illustrated,Sports Illustrated,0.4404,POSITIVE,0.99608314037323
2025-02-15,"Adam Silver was 'surprised' by Luka Dončić trade, says he's 'empathetic' with angry Mavericks fans - Yahoo Sports",Yahoo Sports,0.0772,POSITIVE,0.9969735145568848
2025-02-15,Nikola Jokic's Statement on Luka Doncic Trade to Lakers - Sports Illustrated,Sports Illustrated,0.0,POSITIVE,0.945722222328186
2025-02-15,Lakers News: Luka Doncic Appears to Be Making the Most of His All-Star Break - Sports Illustrated,Sports Illustrated,0.0,POSITIVE,0.9895981550216675
2025-02-15,Victor Wembanyama's Strong Reaction to Major Lakers Trade for Luka Doncic - Sports Illustrated,Sports Illustrated,0.5106,POSITIVE,0.9982509016990662
2025-02-15,Adam Silver is 'empathetic' to Mavs fans after Luka Doncic trade - ESPN,ESPN,0.4019,POSITIVE,0.999046266078949
2025-02-15,Renck & File: Luka-LeBron as top NBA duo is nonsense. That title belongs to Murray-Jokic - The Denver Post,The Denver Post,-0.2263,NEGATIVE,-0.9997431635856628
2025-02-15,Luka Doncic looking to splash $1.25m of luxury cars collection and add to LA Lakers star's 'apocalypse-proof' Jeep - the-sun.com,the-sun.com,0.0,POSITIVE,0.9704453349113464
2025-02-15,Wembanyama strongly sides with Mavericks fans amid Luka Doncic trade controversy - The Smoking Cuban,The Smoking Cuban,0.2732,POSITIVE,0.9764518737792969
2025-02-15,Pacers’ Pascal Siakam drops completely honest Luka Doncic trade admission - ClutchPoints,ClutchPoints,0.5563,POSITIVE,0.9849145412445068
2025-02-15,'He's never going to be 100%': Lakers Insider Delivers Concerning Update About Luka Doncic - SportsTak,SportsTak,0.0,POSITIVE,0.9909052848815918
2025-02-15,Nikola Jokic admits it’s ‘weird’ not having Luka Doncic at All-Star Weekend - ClutchPoints,ClutchPoints,0.296,NEGATIVE,-0.9879654049873352
2025-02-15,Luka Doncic Getting To Know Lakers In Split Back-To-Back Against Jazz – How Long Will It Take Him To Adjust? - NewsBreak: Local News & Alerts,NewsBreak: Local News & Alerts,0.0,NEGATIVE,-0.9843215942382812
