league,season,team,player,nation,pos,age,NINETIES,Performance_Gls,Performance_Ast,Performance_G+A,Performance_CrdY,Performance_CrdR,Standard_Sh,Standard_SoT,Standard_Sh/90,Standard_SoT/90,Performance_Fls,Performance_Fld,Performance_Off,Performance_Crs,Performance_Int,Performance_TklW,Pass_Cmp,Pass_Att,Pass_CmpPct,Pass_PrgDist,Pass_Ast,Pass_KP,Pass_Final3rd,Pass_PPA,SCA90,GCA90,Touches,Carries,Carry_PrgDist,Carry_Final3rd,Carry_PPA,Performance_Gls_p90,Performance_Ast_p90,Performance_G+A_p90,Standard_Sh_p90,Standard_SoT_p90,Performance_Fls_p90,Performance_Fld_p90,Performance_Off_p90,Performance_Crs_p90,Performance_Int_p90,Performance_TklW_p90,Pass_KP_p90,Pass_Final3rd_p90,Pass_PPA_p90,Pass_PrgDist_p90,Touches_p90,Carries_p90,Carry_PrgDist_p90,Carry_Final3rd_p90,Carry_PPA_p90,pos_simple
ENG-Premier League,2425,Arsenal,Ben White,ENG,DF,26.0,13.3,0,2,2,2,0,9,2,0.68,0.15,10,5,1,17,16,15,,,0.0,0.0,2,0.0,0.0,0.0,0.0,0.0,0.0,0.0,0.0,0.0,0.0,0.0,0.15037593984962405,0.15037593984962405,0.6766917293233082,0.15037593984962405,0.7518796992481203,0.37593984962406013,0.07518796992481203,1.2781954887218046,1.2030075187969924,1.1278195488721805,0.0,0.0,0.0,0.0,0.0,0.0,0.0,0.0,0.0,DF
ENG-Premier League,2425,Arsenal,Bukayo Saka,ENG,"FW,MF",22.0,19.2,6,10,16,3,0,67,23,3.49,1.2,15,39,7,115,3,15,,,0.0,0.0,10,0.0,0.0,0.0,0.0,0.0,0.0,0.0,0.0,0.0,0.0,0.3125,0.5208333333333334,0.8333333333333334,3.4895833333333335,1.1979166666666667,0.78125,2.03125,0.36458333333333337,5.989583333333334,0.15625,0.78125,0.0,0.0,0.0,0.0,0.0,0.0,0.0,0.0,0.0,FW
ENG-Premier League,2425,Arsenal,David Raya,ESP,GK,28.0,38.0,0,0,0,3,0,0,0,0.0,0.0,1,10,0,0,0,0,,,0.0,0.0,0,0.0,0.0,0.0,0.0,0.0,0.0,0.0,0.0,0.0,0.0,0.0,0.0,0.0,0.0,0.0,0.02631578947368421,0.2631578947368421,0.0,0.0,0.0,0.0,0.0,0.0,0.0,0.0,0.0,0.0,0.0,0.0,0.0,GK
ENG-Premier League,2425,Arsenal,Declan Rice,ENG,MF,25.0,31.4,4,7,11,7,1,48,15,1.53,0.48,21,16,2,161,27,23,,,0.0,0.0,7,0.0,0.0,0.0,0.0,0.0,0.0,0.0,0.0,0.0,0.0,0.12738853503184713,0.2229299363057325,0.35031847133757965,1.5286624203821657,0.47770700636942676,0.6687898089171975,0.5095541401273885,0.06369426751592357,5.127388535031847,0.8598726114649682,0.7324840764331211,0.0,0.0,0.0,0.0,0.0,0.0,0.0,0.0,0.0,MF
ENG-Premier League,2425,Arsenal,Gabriel Magalhães,BRA,DF,26.0,26.3,3,1,4,4,0,22,5,0.84,0.19,19,19,0,9,16,15,,,0.0,0.0,1,0.0,0.0,0.0,0.0,0.0,0.0,0.0,0.0,0.0,0.0,0.11406844106463879,0.03802281368821293,0.1520912547528517,0.8365019011406843,0.19011406844106463,0.7224334600760456,0.7224334600760456,0.0,0.34220532319391633,0.6083650190114068,0.5703422053231939,0.0,0.0,0.0,0.0,0.0,0.0,0.0,0.0,0.0,DF
ENG-Premier League,2425,Arsenal,Gabriel Martinelli,BRA,"FW,MF",23.0,25.4,8,4,12,1,0,56,25,2.2,0.98,16,21,8,90,4,15,,,0.0,0.0,4,0.0,0.0,0.0,0.0,0.0,0.0,0.0,0.0,0.0,0.0,0.31496062992125984,0.15748031496062992,0.4724409448818898,2.204724409448819,0.984251968503937,0.6299212598425197,0.8267716535433072,0.31496062992125984,3.5433070866141736,0.15748031496062992,0.5905511811023623,0.0,0.0,0.0,0.0,0.0,0.0,0.0,0.0,0.0,FW
ENG-Premier League,2425,Arsenal,Jakub Kiwior,POL,DF,24.0,12.5,1,0,1,1,0,3,1,0.24,0.08,10,4,1,2,6,8,,,0.0,0.0,0,0.0,0.0,0.0,0.0,0.0,0.0,0.0,0.0,0.0,0.0,0.08,0.0,0.08,0.24,0.08,0.8,0.32,0.08,0.16,0.48,0.64,0.0,0.0,0.0,0.0,0.0,0.0,0.0,0.0,0.0,DF
ENG-Premier League,2425,Arsenal,Jurriën Timber,NED,DF,23.0,26.9,1,3,4,7,0,14,4,0.52,0.15,30,29,7,28,24,36,,,0.0,0.0,3,0.0,0.0,0.0,0.0,0.0,0.0,0.0,0.0,0.0,0.0,0.03717472118959108,0.11152416356877325,0.14869888475836432,0.5204460966542751,0.14869888475836432,1.1152416356877324,1.0780669144981414,0.26022304832713755,1.0408921933085502,0.892193308550186,1.338289962825279,0.0,0.0,0.0,0.0,0.0,0.0,0.0,0.0,0.0,DF
ENG-Premier League,2425,Arsenal,Kai Havertz,GER,FW,25.0,20.8,9,3,12,5,0,53,21,2.54,1.01,38,23,14,11,5,8,,,0.0,0.0,3,0.0,0.0,0.0,0.0,0.0,0.0,0.0,0.0,0.0,0.0,0.43269230769230765,0.14423076923076922,0.5769230769230769,2.548076923076923,1.0096153846153846,1.8269230769230769,1.1057692307692308,0.673076923076923,0.5288461538461539,0.24038461538461536,0.3846153846153846,0.0,0.0,0.0,0.0,0.0,0.0,0.0,0.0,0.0,FW
ENG-Premier League,2425,Arsenal,Leandro Trossard,BEL,FW,29.0,28.3,8,7,15,4,1,72,22,2.55,0.78,27,46,6,80,10,18,,,0.0,0.0,7,0.0,0.0,0.0,0.0,0.0,0.0,0.0,0.0,0.0,0.0,0.2826855123674912,0.24734982332155475,0.5300353356890459,2.5441696113074204,0.7773851590106007,0.9540636042402827,1.6254416961130742,0.21201413427561838,2.8268551236749118,0.35335689045936397,0.6360424028268551,0.0,0.0,0.0,0.0,0.0,0.0,0.0,0.0,0.0,FW
ENG-Premier League,2425,Arsenal,Martin Ødegaard,NOR,MF,25.0,25.8,3,8,11,4,0,49,17,1.9,0.66,12,23,1,86,6,8,,,0.0,0.0,8,0.0,0.0,0.0,0.0,0.0,0.0,0.0,0.0,0.0,0.0,0.11627906976744186,0.31007751937984496,0.4263565891472868,1.8992248062015504,0.6589147286821705,0.46511627906976744,0.8914728682170543,0.03875968992248062,3.333333333333333,0.23255813953488372,0.31007751937984496,0.0,0.0,0.0,0.0,0.0,0.0,0.0,0.0,0.0,MF
ENG-Premier League,2425,Arsenal,Mikel Merino,ESP,"MF,FW",28.0,17.6,7,2,9,4,1,38,15,2.16,0.85,41,23,7,12,16,28,,,0.0,0.0,2,0.0,0.0,0.0,0.0,0.0,0.0,0.0,0.0,0.0,0.0,0.3977272727272727,0.11363636363636363,0.5113636363636364,2.1590909090909087,0.8522727272727272,2.329545454545454,1.3068181818181817,0.3977272727272727,0.6818181818181818,0.9090909090909091,1.5909090909090908,0.0,0.0,0.0,0.0,0.0,0.0,0.0,0.0,0.0,MF
ENG-Premier League,2425,Arsenal,Myles Lewis-Skelly,ENG,DF,17.0,15.2,1,0,1,3,2,3,1,0.2,0.07,11,47,0,10,7,13,,,0.0,0.0,0,0.0,0.0,0.0,0.0,0.0,0.0,0.0,0.0,0.0,0.0,0.06578947368421052,0.0,0.06578947368421052,0.19736842105263158,0.06578947368421052,0.7236842105263158,3.0921052631578947,0.0,0.6578947368421053,0.46052631578947373,0.8552631578947368,0.0,0.0,0.0,0.0,0.0,0.0,0.0,0.0,0.0,DF
ENG-Premier League,2425,Arsenal,Riccardo Calafiori,ITA,DF,22.0,10.9,2,1,3,4,0,10,6,0.92,0.55,15,6,3,11,8,18,,,0.0,0.0,1,0.0,0.0,0.0,0.0,0.0,0.0,0.0,0.0,0.0,0.0,0.18348623853211007,0.09174311926605504,0.27522935779816515,0.9174311926605504,0.5504587155963303,1.3761467889908257,0.5504587155963303,0.27522935779816515,1.0091743119266054,0.7339449541284403,1.6513761467889907,0.0,0.0,0.0,0.0,0.0,0.0,0.0,0.0,0.0,DF
ENG-Premier League,2425,Arsenal,Thomas Partey,GHA,"MF,DF",31.0,31.1,4,2,6,4,0,26,9,0.84,0.29,44,31,1,12,35,53,,,0.0,0.0,2,0.0,0.0,0.0,0.0,0.0,0.0,0.0,0.0,0.0,0.0,0.12861736334405144,0.06430868167202572,0.19292604501607716,0.8360128617363344,0.28938906752411575,1.4147909967845658,0.9967845659163986,0.03215434083601286,0.3858520900321543,1.12540192926045,1.7041800643086815,0.0,0.0,0.0,0.0,0.0,0.0,0.0,0.0,0.0,MF
ENG-Premier League,2425,Arsenal,William Saliba,FRA,DF,23.0,33.8,2,0,2,2,1,6,3,0.18,0.09,28,17,1,3,22,34,,,0.0,0.0,0,0.0,0.0,0.0,0.0,0.0,0.0,0.0,0.0,0.0,0.0,0.0591715976331361,0.0,0.0591715976331361,0.1775147928994083,0.08875739644970415,0.8284023668639054,0.5029585798816568,0.02958579881656805,0.08875739644970415,0.6508875739644971,1.0059171597633136,0.0,0.0,0.0,0.0,0.0,0.0,0.0,0.0,0.0,DF
ENG-Premier League,2425,Aston Villa,Amadou Onana,BEL,MF,22.0,18.0,3,0,3,4,0,17,6,0.95,0.33,32,30,0,2,26,29,,,0.0,0.0,0,0.0,0.0,0.0,0.0,0.0,0.0,0.0,0.0,0.0,0.0,0.16666666666666666,0.0,0.16666666666666666,0.9444444444444444,0.3333333333333333,1.7777777777777777,1.6666666666666667,0.0,0.1111111111111111,1.4444444444444444,1.6111111111111112,0.0,0.0,0.0,0.0,0.0,0.0,0.0,0.0,0.0,MF
ENG-Premier League,2425,Aston Villa,Boubacar Kamara,FRA,"MF,DF",24.0,19.2,1,0,1,2,0,10,3,0.52,0.16,29,35,0,1,16,23,,,0.0,0.0,0,0.0,0.0,0.0,0.0,0.0,0.0,0.0,0.0,0.0,0.0,0.052083333333333336,0.0,0.052083333333333336,0.5208333333333334,0.15625,1.5104166666666667,1.8229166666666667,0.0,0.052083333333333336,0.8333333333333334,1.1979166666666667,0.0,0.0,0.0,0.0,0.0,0.0,0.0,0.0,0.0,MF
ENG-Premier League,2425,Aston Villa,Emiliano Martínez,ARG,GK,31.0,35.5,0,0,0,5,1,0,0,0.0,0.0,2,5,0,0,0,3,,,0.0,0.0,0,0.0,0.0,0.0,0.0,0.0,0.0,0.0,0.0,0.0,0.0,0.0,0.0,0.0,0.0,0.0,0.056338028169014086,0.14084507042253522,0.0,0.0,0.0,0.08450704225352113,0.0,0.0,0.0,0.0,0.0,0.0,0.0,0.0,0.0,GK
ENG-Premier League,2425,Aston Villa,Ezri Konsa,ENG,DF,26.0,32.6,2,0,2,1,0,11,5,0.34,0.15,9,47,1,5,24,20,,,0.0,0.0,0,0.0,0.0,0.0,0.0,0.0,0.0,0.0,0.0,0.0,0.0,0.06134969325153374,0.0,0.06134969325153374,0.3374233128834356,0.15337423312883436,0.2760736196319018,1.4417177914110428,0.03067484662576687,0.15337423312883436,0.7361963190184049,0.6134969325153374,0.0,0.0,0.0,0.0,0.0,0.0,0.0,0.0,0.0,DF
ENG-Premier League,2425,Aston Villa,Ian Maatsen,NED,DF,22.0,12.7,1,2,3,2,0,19,5,1.5,0.4,11,9,3,51,18,18,,,0.0,0.0,2,0.0,0.0,0.0,0.0,0.0,0.0,0.0,0.0,0.0,0.0,0.07874015748031496,0.15748031496062992,0.2362204724409449,1.4960629921259843,0.3937007874015748,0.8661417322834646,0.7086614173228347,0.2362204724409449,4.015748031496063,1.4173228346456694,1.4173228346456694,0.0,0.0,0.0,0.0,0.0,0.0,0.0,0.0,0.0,DF
ENG-Premier League,2425,Aston Villa,Jacob Ramsey,ENG,MF,23.0,18.0,1,3,4,4,1,19,4,1.05,0.22,13,28,5,11,8,15,,,0.0,0.0,3,0.0,0.0,0.0,0.0,0.0,0.0,0.0,0.0,0.0,0.0,0.05555555555555555,0.16666666666666666,0.2222222222222222,1.0555555555555556,0.2222222222222222,0.7222222222222222,1.5555555555555556,0.2777777777777778,0.6111111111111112,0.4444444444444444,0.8333333333333334,0.0,0.0,0.0,0.0,0.0,0.0,0.0,0.0,0.0,MF
ENG-Premier League,2425,Aston Villa,John McGinn,SCO,MF,29.0,24.7,1,4,5,7,0,31,5,1.26,0.2,43,69,3,60,11,23,,,0.0,0.0,4,0.0,0.0,0.0,0.0,0.0,0.0,0.0,0.0,0.0,0.0,0.04048582995951417,0.16194331983805668,0.20242914979757085,1.2550607287449393,0.20242914979757085,1.7408906882591093,2.7935222672064777,0.12145748987854252,2.4291497975708505,0.4453441295546559,0.9311740890688259,0.0,0.0,0.0,0.0,0.0,0.0,0.0,0.0,0.0,MF
ENG-Premier League,2425,Aston Villa,Leon Bailey,JAM,MF,26.0,12.7,1,2,3,3,0,28,6,2.21,0.47,12,18,3,34,4,4,,,0.0,0.0,2,0.0,0.0,0.0,0.0,0.0,0.0,0.0,0.0,0.0,0.0,0.07874015748031496,0.15748031496062992,0.2362204724409449,2.204724409448819,0.4724409448818898,0.9448818897637796,1.4173228346456694,0.2362204724409449,2.677165354330709,0.31496062992125984,0.31496062992125984,0.0,0.0,0.0,0.0,0.0,0.0,0.0,0.0,0.0,MF
ENG-Premier League,2425,Aston Villa,Lucas Digne,FRA,DF,31.0,26.1,0,4,4,4,0,13,3,0.5,0.11,21,16,7,140,22,36,,,0.0,0.0,4,0.0,0.0,0.0,0.0,0.0,0.0,0.0,0.0,0.0,0.0,0.0,0.1532567049808429,0.1532567049808429,0.49808429118773945,0.11494252873563218,0.8045977011494252,0.6130268199233716,0.2681992337164751,5.363984674329502,0.842911877394636,1.379310344827586,0.0,0.0,0.0,0.0,0.0,0.0,0.0,0.0,0.0,DF
ENG-Premier League,2425,Aston Villa,Matty Cash,POL,DF,26.0,23.0,1,1,2,7,0,13,6,0.57,0.26,27,20,1,40,22,31,,,0.0,0.0,1,0.0,0.0,0.0,0.0,0.0,0.0,0.0,0.0,0.0,0.0,0.043478260869565216,0.043478260869565216,0.08695652173913043,0.5652173913043478,0.2608695652173913,1.173913043478261,0.8695652173913043,0.043478260869565216,1.7391304347826086,0.9565217391304348,1.3478260869565217,0.0,0.0,0.0,0.0,0.0,0.0,0.0,0.0,0.0,DF
ENG-Premier League,2425,Aston Villa,Morgan Rogers,ENG,MF,22.0,34.6,8,10,18,10,0,55,20,1.59,0.58,49,51,2,28,6,22,,,0.0,0.0,10,0.0,0.0,0.0,0.0,0.0,0.0,0.0,0.0,0.0,0.0,0.23121387283236994,0.2890173410404624,0.5202312138728323,1.5895953757225434,0.5780346820809248,1.416184971098266,1.4739884393063583,0.057803468208092484,0.8092485549132947,0.17341040462427745,0.6358381502890174,0.0,0.0,0.0,0.0,0.0,0.0,0.0,0.0,0.0,MF
ENG-Premier League,2425,Aston Villa,Ollie Watkins,ENG,FW,28.0,28.9,16,8,24,2,0,84,40,2.91,1.39,29,33,16,7,7,7,,,0.0,0.0,8,0.0,0.0,0.0,0.0,0.0,0.0,0.0,0.0,0.0,0.0,0.5536332179930796,0.2768166089965398,0.8304498269896194,2.906574394463668,1.384083044982699,1.0034602076124568,1.1418685121107266,0.5536332179930796,0.24221453287197234,0.24221453287197234,0.24221453287197234,0.0,0.0,0.0,0.0,0.0,0.0,0.0,0.0,0.0,FW
ENG-Premier League,2425,Aston Villa,Pau Torres,ESP,DF,27.0,22.4,0,0,0,2,0,8,3,0.36,0.13,8,7,0,4,9,15,,,0.0,0.0,0,0.0,0.0,0.0,0.0,0.0,0.0,0.0,0.0,0.0,0.0,0.0,0.0,0.0,0.35714285714285715,0.13392857142857142,0.35714285714285715,0.3125,0.0,0.17857142857142858,0.4017857142857143,0.6696428571428572,0.0,0.0,0.0,0.0,0.0,0.0,0.0,0.0,0.0,DF
ENG-Premier League,2425,Aston Villa,Tyrone Mings,ENG,DF,31.0,12.4,0,0,0,1,0,9,1,0.72,0.08,4,11,0,1,7,6,,,0.0,0.0,0,0.0,0.0,0.0,0.0,0.0,0.0,0.0,0.0,0.0,0.0,0.0,0.0,0.0,0.7258064516129032,0.08064516129032258,0.3225806451612903,0.8870967741935484,0.0,0.08064516129032258,0.564516129032258,0.48387096774193544,0.0,0.0,0.0,0.0,0.0,0.0,0.0,0.0,0.0,DF
ENG-Premier League,2425,Aston Villa,Youri Tielemans,BEL,MF,27.0,33.6,3,7,10,4,0,41,13,1.22,0.39,41,56,0,118,22,58,,,0.0,0.0,7,0.0,0.0,0.0,0.0,0.0,0.0,0.0,0.0,0.0,0.0,0.08928571428571429,0.20833333333333331,0.2976190476190476,1.2202380952380951,0.38690476190476186,1.2202380952380951,1.6666666666666665,0.0,3.511904761904762,0.6547619047619048,1.726190476190476,0.0,0.0,0.0,0.0,0.0,0.0,0.0,0.0,0.0,MF
ENG-Premier League,2425,Bournemouth,Adam Smith,ENG,DF,33.0,17.7,0,0,0,7,0,3,0,0.17,0.0,19,12,0,33,15,14,,,0.0,0.0,0,0.0,0.0,0.0,0.0,0.0,0.0,0.0,0.0,0.0,0.0,0.0,0.0,0.0,0.16949152542372883,0.0,1.073446327683616,0.6779661016949153,0.0,1.864406779661017,0.8474576271186441,0.7909604519774012,0.0,0.0,0.0,0.0,0.0,0.0,0.0,0.0,0.0,DF
ENG-Premier League,2425,Bournemouth,Antoine Semenyo,GHA,MF,24.0,35.6,11,5,16,9,0,126,41,3.54,1.15,72,37,14,58,9,36,,,0.0,0.0,5,0.0,0.0,0.0,0.0,0.0,0.0,0.0,0.0,0.0,0.0,0.3089887640449438,0.14044943820224717,0.449438202247191,3.539325842696629,1.151685393258427,2.0224719101123596,1.0393258426966292,0.3932584269662921,1.6292134831460674,0.25280898876404495,1.0112359550561798,0.0,0.0,0.0,0.0,0.0,0.0,0.0,0.0,0.0,MF
ENG-Premier League,2425,Bournemouth,Dango Ouattara,BFA,"MF,FW",22.0,22.3,7,4,11,3,0,62,20,2.78,0.9,16,19,13,88,11,26,,,0.0,0.0,4,0.0,0.0,0.0,0.0,0.0,0.0,0.0,0.0,0.0,0.0,0.3139013452914798,0.17937219730941703,0.49327354260089684,2.780269058295964,0.8968609865470851,0.7174887892376681,0.852017937219731,0.5829596412556054,3.9461883408071747,0.49327354260089684,1.1659192825112108,0.0,0.0,0.0,0.0,0.0,0.0,0.0,0.0,0.0,MF
ENG-Premier League,2425,Bournemouth,David Brooks,WAL,MF,27.0,10.7,2,0,2,3,0,25,12,2.34,1.13,11,18,0,51,5,6,,,0.0,0.0,0,0.0,0.0,0.0,0.0,0.0,0.0,0.0,0.0,0.0,0.0,0.1869158878504673,0.0,0.1869158878504673,2.336448598130841,1.1214953271028039,1.0280373831775702,1.6822429906542058,0.0,4.766355140186916,0.4672897196261683,0.5607476635514019,0.0,0.0,0.0,0.0,0.0,0.0,0.0,0.0,0.0,MF
ENG-Premier League,2425,Bournemouth,Dean Huijsen,ESP,DF,19.0,27.0,3,2,5,10,0,18,4,0.67,0.15,31,10,2,13,48,27,,,0.0,0.0,2,0.0,0.0,0.0,0.0,0.0,0.0,0.0,0.0,0.0,0.0,0.1111111111111111,0.07407407407407407,0.18518518518518517,0.6666666666666666,0.14814814814814814,1.1481481481481481,0.37037037037037035,0.07407407407407407,0.48148148148148145,1.7777777777777777,1.0,0.0,0.0,0.0,0.0,0.0,0.0,0.0,0.0,0.0,DF
ENG-Premier League,2425,Bournemouth,Evanilson,BRA,FW,24.0,25.8,10,1,11,1,1,73,32,2.83,1.24,37,53,20,1,2,9,,,0.0,0.0,1,0.0,0.0,0.0,0.0,0.0,0.0,0.0,0.0,0.0,0.0,0.38759689922480617,0.03875968992248062,0.4263565891472868,2.8294573643410854,1.2403100775193798,1.4341085271317828,2.054263565891473,0.7751937984496123,0.03875968992248062,0.07751937984496124,0.3488372093023256,0.0,0.0,0.0,0.0,0.0,0.0,0.0,0.0,0.0,FW
ENG-Premier League,2425,Bournemouth,Illia Zabarnyi,UKR,DF,21.0,34.5,0,1,1,4,1,12,1,0.35,0.03,20,7,0,6,39,35,,,0.0,0.0,1,0.0,0.0,0.0,0.0,0.0,0.0,0.0,0.0,0.0,0.0,0.0,0.028985507246376812,0.028985507246376812,0.34782608695652173,0.028985507246376812,0.5797101449275363,0.2028985507246377,0.0,0.17391304347826086,1.1304347826086956,1.0144927536231885,0.0,0.0,0.0,0.0,0.0,0.0,0.0,0.0,0.0,DF
ENG-Premier League,2425,Bournemouth,Justin Kluivert,NED,MF,25.0,26.0,12,6,18,8,0,63,29,2.42,1.12,46,33,6,86,13,9,,,0.0,0.0,6,0.0,0.0,0.0,0.0,0.0,0.0,0.0,0.0,0.0,0.0,0.46153846153846156,0.23076923076923078,0.6923076923076923,2.423076923076923,1.1153846153846154,1.7692307692307692,1.2692307692307692,0.23076923076923078,3.3076923076923075,0.5,0.34615384615384615,0.0,0.0,0.0,0.0,0.0,0.0,0.0,0.0,0.0,MF
ENG-Premier League,2425,Bournemouth,Kepa Arrizabalaga,ESP,GK,29.0,31.0,0,0,0,3,0,1,0,0.03,0.0,2,6,0,0,0,0,,,0.0,0.0,0,0.0,0.0,0.0,0.0,0.0,0.0,0.0,0.0,0.0,0.0,0.0,0.0,0.0,0.03225806451612903,0.0,0.06451612903225806,0.1935483870967742,0.0,0.0,0.0,0.0,0.0,0.0,0.0,0.0,0.0,0.0,0.0,0.0,0.0,GK
ENG-Premier League,2425,Bournemouth,Lewis Cook,ENG,"MF,DF",27.0,33.1,1,3,4,8,1,14,4,0.42,0.12,48,10,3,132,45,42,,,0.0,0.0,3,0.0,0.0,0.0,0.0,0.0,0.0,0.0,0.0,0.0,0.0,0.030211480362537763,0.09063444108761329,0.12084592145015105,0.4229607250755287,0.12084592145015105,1.4501510574018126,0.3021148036253776,0.09063444108761329,3.9879154078549846,1.3595166163141994,1.268882175226586,0.0,0.0,0.0,0.0,0.0,0.0,0.0,0.0,0.0,MF
ENG-Premier League,2425,Bournemouth,Marcos Senesi,ARG,DF,27.0,12.3,0,0,0,5,0,2,0,0.16,0.0,22,8,1,11,14,19,,,0.0,0.0,0,0.0,0.0,0.0,0.0,0.0,0.0,0.0,0.0,0.0,0.0,0.0,0.0,0.0,0.16260162601626016,0.0,1.7886178861788617,0.6504065040650406,0.08130081300813008,0.8943089430894309,1.1382113821138211,1.5447154471544715,0.0,0.0,0.0,0.0,0.0,0.0,0.0,0.0,0.0,DF
ENG-Premier League,2425,Bournemouth,Marcus Tavernier,ENG,MF,25.0,21.5,3,5,8,6,0,57,17,2.65,0.79,34,28,4,108,4,22,,,0.0,0.0,5,0.0,0.0,0.0,0.0,0.0,0.0,0.0,0.0,0.0,0.0,0.13953488372093023,0.23255813953488372,0.37209302325581395,2.6511627906976742,0.7906976744186046,1.5813953488372092,1.302325581395349,0.18604651162790697,5.023255813953488,0.18604651162790697,1.0232558139534884,0.0,0.0,0.0,0.0,0.0,0.0,0.0,0.0,0.0,MF
ENG-Premier League,2425,Bournemouth,Milos Kerkez,HUN,DF,20.0,37.1,2,5,7,4,0,19,5,0.51,0.13,30,50,3,141,41,26,,,0.0,0.0,5,0.0,0.0,0.0,0.0,0.0,0.0,0.0,0.0,0.0,0.0,0.053908355795148244,0.1347708894878706,0.18867924528301885,0.5121293800539083,0.1347708894878706,0.8086253369272237,1.3477088948787062,0.08086253369272237,3.8005390835579513,1.105121293800539,0.7008086253369272,0.0,0.0,0.0,0.0,0.0,0.0,0.0,0.0,0.0,DF
ENG-Premier League,2425,Bournemouth,Ryan Christie,SCO,MF,29.0,23.5,2,3,5,9,0,33,12,1.4,0.51,42,31,1,47,30,33,,,0.0,0.0,3,0.0,0.0,0.0,0.0,0.0,0.0,0.0,0.0,0.0,0.0,0.0851063829787234,0.1276595744680851,0.2127659574468085,1.4042553191489362,0.5106382978723404,1.7872340425531914,1.3191489361702127,0.0425531914893617,2.0,1.2765957446808511,1.4042553191489362,0.0,0.0,0.0,0.0,0.0,0.0,0.0,0.0,0.0,MF
ENG-Premier League,2425,Bournemouth,Tyler Adams,USA,MF,25.0,21.8,0,3,3,7,0,9,2,0.41,0.09,46,21,0,2,30,56,,,0.0,0.0,3,0.0,0.0,0.0,0.0,0.0,0.0,0.0,0.0,0.0,0.0,0.0,0.13761467889908258,0.13761467889908258,0.4128440366972477,0.09174311926605504,2.110091743119266,0.963302752293578,0.0,0.09174311926605504,1.3761467889908257,2.568807339449541,0.0,0.0,0.0,0.0,0.0,0.0,0.0,0.0,0.0,MF
ENG-Premier League,2425,Brentford,Bryan Mbeumo,CMR,"MF,FW",24.0,37.9,20,7,27,3,0,85,41,2.24,1.08,25,44,11,200,11,30,,,0.0,0.0,7,0.0,0.0,0.0,0.0,0.0,0.0,0.0,0.0,0.0,0.0,0.5277044854881267,0.18469656992084432,0.712401055408971,2.242744063324538,1.0817941952506596,0.6596306068601583,1.1609498680738786,0.29023746701846964,5.277044854881266,0.29023746701846964,0.79155672823219,0.0,0.0,0.0,0.0,0.0,0.0,0.0,0.0,0.0,MF
ENG-Premier League,2425,Brentford,Christian Nørgaard,DEN,MF,30.0,31.3,5,4,9,8,1,39,16,1.25,0.51,44,28,1,18,46,47,,,0.0,0.0,4,0.0,0.0,0.0,0.0,0.0,0.0,0.0,0.0,0.0,0.0,0.1597444089456869,0.12779552715654952,0.28753993610223644,1.2460063897763578,0.5111821086261981,1.4057507987220448,0.8945686900958466,0.03194888178913738,0.5750798722044729,1.4696485623003195,1.5015974440894568,0.0,0.0,0.0,0.0,0.0,0.0,0.0,0.0,0.0,MF
ENG-Premier League,2425,Brentford,Ethan Pinnock,JAM,DF,31.0,21.3,2,0,2,2,0,10,6,0.47,0.28,8,4,0,9,23,15,,,0.0,0.0,0,0.0,0.0,0.0,0.0,0.0,0.0,0.0,0.0,0.0,0.0,0.09389671361502347,0.0,0.09389671361502347,0.4694835680751174,0.28169014084507044,0.3755868544600939,0.18779342723004694,0.0,0.4225352112676056,1.07981220657277,0.704225352112676,0.0,0.0,0.0,0.0,0.0,0.0,0.0,0.0,0.0,DF
ENG-Premier League,2425,Brentford,Keane Lewis-Potter,ENG,"DF,MF",23.0,34.4,1,3,4,7,0,28,14,0.81,0.41,18,31,4,75,20,27,,,0.0,0.0,3,0.0,0.0,0.0,0.0,0.0,0.0,0.0,0.0,0.0,0.0,0.029069767441860465,0.0872093023255814,0.11627906976744186,0.813953488372093,0.4069767441860465,0.5232558139534884,0.9011627906976745,0.11627906976744186,2.1802325581395348,0.5813953488372093,0.7848837209302326,0.0,0.0,0.0,0.0,0.0,0.0,0.0,0.0,0.0,DF
ENG-Premier League,2425,Brentford,Kevin Schade,GER,"MF,FW",22.0,25.5,11,2,13,3,0,55,27,2.16,1.06,21,38,13,39,5,26,,,0.0,0.0,2,0.0,0.0,0.0,0.0,0.0,0.0,0.0,0.0,0.0,0.0,0.43137254901960786,0.0784313725490196,0.5098039215686274,2.156862745098039,1.0588235294117647,0.8235294117647058,1.4901960784313726,0.5098039215686274,1.5294117647058822,0.19607843137254902,1.0196078431372548,0.0,0.0,0.0,0.0,0.0,0.0,0.0,0.0,0.0,MF
ENG-Premier League,2425,Brentford,Kristoffer Ajer,NOR,DF,26.0,16.0,0,0,0,5,0,9,3,0.56,0.19,13,6,2,14,11,19,,,0.0,0.0,0,0.0,0.0,0.0,0.0,0.0,0.0,0.0,0.0,0.0,0.0,0.0,0.0,0.0,0.5625,0.1875,0.8125,0.375,0.125,0.875,0.6875,1.1875,0.0,0.0,0.0,0.0,0.0,0.0,0.0,0.0,0.0,DF
ENG-Premier League,2425,Brentford,Mads Roerslev,DEN,DF,25.0,12.2,0,2,2,2,0,5,2,0.41,0.16,6,10,0,30,4,8,,,0.0,0.0,2,0.0,0.0,0.0,0.0,0.0,0.0,0.0,0.0,0.0,0.0,0.0,0.1639344262295082,0.1639344262295082,0.4098360655737705,0.1639344262295082,0.49180327868852464,0.819672131147541,0.0,2.459016393442623,0.3278688524590164,0.6557377049180328,0.0,0.0,0.0,0.0,0.0,0.0,0.0,0.0,0.0,DF
ENG-Premier League,2425,Brentford,Mark Flekken,NED,GK,31.0,36.4,0,2,2,1,0,0,0,0.0,0.0,0,3,0,0,0,4,,,0.0,0.0,2,0.0,0.0,0.0,0.0,0.0,0.0,0.0,0.0,0.0,0.0,0.0,0.054945054945054944,0.054945054945054944,0.0,0.0,0.0,0.08241758241758242,0.0,0.0,0.0,0.10989010989010989,0.0,0.0,0.0,0.0,0.0,0.0,0.0,0.0,0.0,GK
ENG-Premier League,2425,Brentford,Mikkel Damsgaard,DEN,MF,24.0,32.3,2,10,12,2,0,35,7,1.08,0.22,18,27,6,147,29,44,,,0.0,0.0,10,0.0,0.0,0.0,0.0,0.0,0.0,0.0,0.0,0.0,0.0,0.061919504643962855,0.30959752321981426,0.3715170278637771,1.08359133126935,0.21671826625387,0.5572755417956656,0.8359133126934986,0.18575851393188855,4.5510835913312695,0.8978328173374613,1.3622291021671828,0.0,0.0,0.0,0.0,0.0,0.0,0.0,0.0,0.0,MF
ENG-Premier League,2425,Brentford,Nathan Collins,IRL,DF,23.0,38.0,2,3,5,5,0,17,6,0.45,0.16,28,31,6,8,34,24,,,0.0,0.0,3,0.0,0.0,0.0,0.0,0.0,0.0,0.0,0.0,0.0,0.0,0.05263157894736842,0.07894736842105263,0.13157894736842105,0.4473684210526316,0.15789473684210525,0.7368421052631579,0.8157894736842105,0.15789473684210525,0.21052631578947367,0.8947368421052632,0.631578947368421,0.0,0.0,0.0,0.0,0.0,0.0,0.0,0.0,0.0,DF
ENG-Premier League,2425,Brentford,Sepp van den Berg,NED,DF,22.0,28.7,0,0,0,3,0,20,6,0.7,0.21,23,5,1,7,22,24,,,0.0,0.0,0,0.0,0.0,0.0,0.0,0.0,0.0,0.0,0.0,0.0,0.0,0.0,0.0,0.0,0.6968641114982579,0.20905923344947736,0.8013937282229965,0.17421602787456447,0.03484320557491289,0.24390243902439024,0.7665505226480837,0.8362369337979094,0.0,0.0,0.0,0.0,0.0,0.0,0.0,0.0,0.0,DF
ENG-Premier League,2425,Brentford,Vitaly Janelt,GER,MF,26.0,25.0,1,3,4,3,0,14,4,0.56,0.16,25,15,1,31,27,24,,,0.0,0.0,3,0.0,0.0,0.0,0.0,0.0,0.0,0.0,0.0,0.0,0.0,0.04,0.12,0.16,0.56,0.16,1.0,0.6,0.04,1.24,1.08,0.96,0.0,0.0,0.0,0.0,0.0,0.0,0.0,0.0,0.0,MF
ENG-Premier League,2425,Brentford,Yehor Yarmoliuk,UKR,MF,20.0,16.1,0,0,0,6,0,9,2,0.56,0.12,19,13,2,16,13,30,,,0.0,0.0,0,0.0,0.0,0.0,0.0,0.0,0.0,0.0,0.0,0.0,0.0,0.0,0.0,0.0,0.5590062111801242,0.12422360248447203,1.1801242236024843,0.8074534161490683,0.12422360248447203,0.9937888198757763,0.8074534161490683,1.8633540372670805,0.0,0.0,0.0,0.0,0.0,0.0,0.0,0.0,0.0,MF
ENG-Premier League,2425,Brentford,Yoane Wissa,COD,FW,27.0,32.4,19,4,23,5,0,90,43,2.77,1.33,33,51,14,19,8,13,,,0.0,0.0,4,0.0,0.0,0.0,0.0,0.0,0.0,0.0,0.0,0.0,0.0,0.5864197530864198,0.1234567901234568,0.7098765432098766,2.7777777777777777,1.3271604938271606,1.0185185185185186,1.5740740740740742,0.4320987654320988,0.5864197530864198,0.2469135802469136,0.4012345679012346,0.0,0.0,0.0,0.0,0.0,0.0,0.0,0.0,0.0,FW
ENG-Premier League,2425,Brighton,Bart Verbruggen,NED,GK,21.0,36.0,0,1,1,5,0,0,0,0.0,0.0,0,2,0,0,0,0,,,0.0,0.0,1,0.0,0.0,0.0,0.0,0.0,0.0,0.0,0.0,0.0,0.0,0.0,0.027777777777777776,0.027777777777777776,0.0,0.0,0.0,0.05555555555555555,0.0,0.0,0.0,0.0,0.0,0.0,0.0,0.0,0.0,0.0,0.0,0.0,0.0,GK
ENG-Premier League,2425,Brighton,Carlos Baleba,CMR,MF,20.0,29.6,3,1,4,8,1,44,11,1.49,0.37,39,47,0,9,49,44,,,0.0,0.0,1,0.0,0.0,0.0,0.0,0.0,0.0,0.0,0.0,0.0,0.0,0.10135135135135134,0.03378378378378378,0.13513513513513511,1.4864864864864864,0.3716216216216216,1.3175675675675675,1.5878378378378377,0.0,0.30405405405405406,1.6554054054054053,1.4864864864864864,0.0,0.0,0.0,0.0,0.0,0.0,0.0,0.0,0.0,MF
ENG-Premier League,2425,Brighton,Danny Welbeck,ENG,FW,33.0,23.5,10,4,14,5,0,60,24,2.55,1.02,11,23,4,3,5,16,,,0.0,0.0,4,0.0,0.0,0.0,0.0,0.0,0.0,0.0,0.0,0.0,0.0,0.425531914893617,0.1702127659574468,0.5957446808510638,2.5531914893617023,1.0212765957446808,0.46808510638297873,0.9787234042553191,0.1702127659574468,0.1276595744680851,0.2127659574468085,0.6808510638297872,0.0,0.0,0.0,0.0,0.0,0.0,0.0,0.0,0.0,FW
ENG-Premier League,2425,Brighton,Georginio Rutter,FRA,"MF,FW",22.0,18.4,5,3,8,2,0,50,12,2.72,0.65,34,45,7,9,11,14,,,0.0,0.0,3,0.0,0.0,0.0,0.0,0.0,0.0,0.0,0.0,0.0,0.0,0.27173913043478265,0.16304347826086957,0.4347826086956522,2.717391304347826,0.6521739130434783,1.847826086956522,2.4456521739130435,0.3804347826086957,0.48913043478260876,0.5978260869565218,0.7608695652173914,0.0,0.0,0.0,0.0,0.0,0.0,0.0,0.0,0.0,MF
ENG-Premier League,2425,Brighton,Igor,BRA,DF,26.0,10.7,0,0,0,4,0,1,0,0.09,0.0,9,7,0,4,4,5,,,0.0,0.0,0,0.0,0.0,0.0,0.0,0.0,0.0,0.0,0.0,0.0,0.0,0.0,0.0,0.0,0.09345794392523366,0.0,0.8411214953271029,0.6542056074766356,0.0,0.3738317757009346,0.3738317757009346,0.4672897196261683,0.0,0.0,0.0,0.0,0.0,0.0,0.0,0.0,0.0,DF
ENG-Premier League,2425,Brighton,Jack Hinshelwood,ENG,"MF,DF",19.0,20.5,5,2,7,5,0,18,10,0.88,0.49,18,9,0,28,11,19,,,0.0,0.0,2,0.0,0.0,0.0,0.0,0.0,0.0,0.0,0.0,0.0,0.0,0.24390243902439024,0.0975609756097561,0.34146341463414637,0.8780487804878049,0.4878048780487805,0.8780487804878049,0.43902439024390244,0.0,1.3658536585365855,0.5365853658536586,0.926829268292683,0.0,0.0,0.0,0.0,0.0,0.0,0.0,0.0,0.0,MF
ENG-Premier League,2425,Brighton,Jan Paul van Hecke,NED,DF,24.0,32.9,1,1,2,8,1,17,5,0.52,0.15,25,24,0,11,25,29,,,0.0,0.0,1,0.0,0.0,0.0,0.0,0.0,0.0,0.0,0.0,0.0,0.0,0.030395136778115502,0.030395136778115502,0.060790273556231005,0.5167173252279635,0.1519756838905775,0.7598784194528876,0.729483282674772,0.0,0.3343465045592705,0.7598784194528876,0.8814589665653496,0.0,0.0,0.0,0.0,0.0,0.0,0.0,0.0,0.0,DF
ENG-Premier League,2425,Brighton,João Pedro,BRA,"FW,MF",22.0,21.6,10,6,16,4,1,47,20,2.17,0.92,27,45,2,22,8,12,,,0.0,0.0,6,0.0,0.0,0.0,0.0,0.0,0.0,0.0,0.0,0.0,0.0,0.4629629629629629,0.27777777777777773,0.7407407407407407,2.1759259259259256,0.9259259259259258,1.25,2.083333333333333,0.09259259259259259,1.0185185185185184,0.37037037037037035,0.5555555555555555,0.0,0.0,0.0,0.0,0.0,0.0,0.0,0.0,0.0,FW
ENG-Premier League,2425,Brighton,Joël Veltman,NED,DF,32.0,18.9,0,0,0,5,0,6,1,0.32,0.05,27,44,0,24,20,29,,,0.0,0.0,0,0.0,0.0,0.0,0.0,0.0,0.0,0.0,0.0,0.0,0.0,0.0,0.0,0.0,0.3174603174603175,0.052910052910052914,1.4285714285714286,2.3280423280423284,0.0,1.26984126984127,1.0582010582010584,1.5343915343915344,0.0,0.0,0.0,0.0,0.0,0.0,0.0,0.0,0.0,DF
ENG-Premier League,2425,Brighton,Kaoru Mitoma,JPN,MF,27.0,28.9,10,4,14,1,0,57,27,1.97,0.93,40,24,5,72,12,27,,,0.0,0.0,4,0.0,0.0,0.0,0.0,0.0,0.0,0.0,0.0,0.0,0.0,0.34602076124567477,0.1384083044982699,0.4844290657439447,1.972318339100346,0.9342560553633218,1.384083044982699,0.8304498269896194,0.17301038062283738,2.491349480968858,0.4152249134948097,0.9342560553633218,0.0,0.0,0.0,0.0,0.0,0.0,0.0,0.0,0.0,MF
ENG-Premier League,2425,Brighton,Lewis Dunk,ENG,DF,32.0,23.1,0,0,0,5,0,12,3,0.52,0.13,7,11,2,5,12,11,,,0.0,0.0,0,0.0,0.0,0.0,0.0,0.0,0.0,0.0,0.0,0.0,0.0,0.0,0.0,0.0,0.5194805194805194,0.12987012987012986,0.30303030303030304,0.47619047619047616,0.08658008658008658,0.21645021645021645,0.5194805194805194,0.47619047619047616,0.0,0.0,0.0,0.0,0.0,0.0,0.0,0.0,0.0,DF
ENG-Premier League,2425,Brighton,Mats Wieffer,NED,"DF,MF",24.0,11.3,1,3,4,6,0,9,4,0.8,0.35,23,10,1,14,16,34,,,0.0,0.0,3,0.0,0.0,0.0,0.0,0.0,0.0,0.0,0.0,0.0,0.0,0.08849557522123894,0.2654867256637168,0.35398230088495575,0.7964601769911503,0.35398230088495575,2.0353982300884956,0.8849557522123893,0.08849557522123894,1.238938053097345,1.415929203539823,3.0088495575221237,0.0,0.0,0.0,0.0,0.0,0.0,0.0,0.0,0.0,DF
ENG-Premier League,2425,Brighton,Matt O'Riley,DEN,MF,23.0,10.4,2,2,4,1,0,22,7,2.11,0.67,16,13,2,50,13,8,,,0.0,0.0,2,0.0,0.0,0.0,0.0,0.0,0.0,0.0,0.0,0.0,0.0,0.1923076923076923,0.1923076923076923,0.3846153846153846,2.1153846153846154,0.673076923076923,1.5384615384615383,1.25,0.1923076923076923,4.8076923076923075,1.25,0.7692307692307692,0.0,0.0,0.0,0.0,0.0,0.0,0.0,0.0,0.0,MF
ENG-Premier League,2425,Brighton,Pervis Estupiñán,ECU,DF,26.0,26.7,1,1,2,5,0,28,9,1.05,0.34,36,20,3,119,39,44,,,0.0,0.0,1,0.0,0.0,0.0,0.0,0.0,0.0,0.0,0.0,0.0,0.0,0.03745318352059925,0.03745318352059925,0.0749063670411985,1.0486891385767791,0.33707865168539325,1.348314606741573,0.7490636704119851,0.11235955056179775,4.456928838951311,1.4606741573033708,1.647940074906367,0.0,0.0,0.0,0.0,0.0,0.0,0.0,0.0,0.0,DF
ENG-Premier League,2425,Brighton,Simon Adingra,CIV,MF,22.0,12.2,2,2,4,0,0,33,8,2.71,0.66,13,4,4,42,9,16,,,0.0,0.0,2,0.0,0.0,0.0,0.0,0.0,0.0,0.0,0.0,0.0,0.0,0.1639344262295082,0.1639344262295082,0.3278688524590164,2.7049180327868854,0.6557377049180328,1.0655737704918034,0.3278688524590164,0.3278688524590164,3.4426229508196724,0.7377049180327869,1.3114754098360657,0.0,0.0,0.0,0.0,0.0,0.0,0.0,0.0,0.0,MF
ENG-Premier League,2425,Brighton,Yankuba Minteh,GAM,MF,20.0,20.4,6,4,10,6,0,34,16,1.66,0.78,21,11,6,90,12,36,,,0.0,0.0,4,0.0,0.0,0.0,0.0,0.0,0.0,0.0,0.0,0.0,0.0,0.29411764705882354,0.19607843137254904,0.4901960784313726,1.6666666666666667,0.7843137254901962,1.0294117647058825,0.5392156862745099,0.29411764705882354,4.411764705882353,0.5882352941176471,1.7647058823529413,0.0,0.0,0.0,0.0,0.0,0.0,0.0,0.0,0.0,MF
ENG-Premier League,2425,Brighton,Yasin Ayari,SWE,MF,20.0,21.8,2,1,3,3,0,28,8,1.28,0.37,36,26,3,70,20,32,,,0.0,0.0,1,0.0,0.0,0.0,0.0,0.0,0.0,0.0,0.0,0.0,0.0,0.09174311926605504,0.04587155963302752,0.13761467889908258,1.2844036697247705,0.36697247706422015,1.6513761467889907,1.1926605504587156,0.13761467889908258,3.2110091743119265,0.9174311926605504,1.4678899082568806,0.0,0.0,0.0,0.0,0.0,0.0,0.0,0.0,0.0,MF
ENG-Premier League,2425,Chelsea,Christopher Nkunku,FRA,"MF,FW",26.0,10.2,3,2,5,2,0,25,12,2.44,1.17,16,11,3,6,7,8,,,0.0,0.0,2,0.0,0.0,0.0,0.0,0.0,0.0,0.0,0.0,0.0,0.0,0.29411764705882354,0.19607843137254904,0.4901960784313726,2.450980392156863,1.1764705882352942,1.5686274509803924,1.0784313725490198,0.29411764705882354,0.5882352941176471,0.6862745098039216,0.7843137254901962,0.0,0.0,0.0,0.0,0.0,0.0,0.0,0.0,0.0,MF
ENG-Premier League,2425,Chelsea,Cole Palmer,ENG,MF,22.0,35.5,15,8,23,7,0,126,51,3.55,1.44,15,60,7,145,10,18,,,0.0,0.0,8,0.0,0.0,0.0,0.0,0.0,0.0,0.0,0.0,0.0,0.0,0.4225352112676056,0.22535211267605634,0.647887323943662,3.5492957746478875,1.4366197183098592,0.4225352112676056,1.6901408450704225,0.19718309859154928,4.084507042253521,0.28169014084507044,0.5070422535211268,0.0,0.0,0.0,0.0,0.0,0.0,0.0,0.0,0.0,MF
ENG-Premier League,2425,Chelsea,Enzo Fernández,ARG,MF,23.0,32.7,6,7,13,8,0,53,20,1.62,0.61,52,54,2,111,13,32,,,0.0,0.0,7,0.0,0.0,0.0,0.0,0.0,0.0,0.0,0.0,0.0,0.0,0.18348623853211007,0.21406727828746175,0.39755351681957185,1.620795107033639,0.6116207951070336,1.5902140672782874,1.6513761467889907,0.061162079510703356,3.3944954128440363,0.39755351681957185,0.9785932721712537,0.0,0.0,0.0,0.0,0.0,0.0,0.0,0.0,0.0,MF
ENG-Premier League,2425,Chelsea,Jadon Sancho,ENG,MF,24.0,19.6,3,4,7,2,0,24,8,1.22,0.41,6,11,6,24,2,7,,,0.0,0.0,4,0.0,0.0,0.0,0.0,0.0,0.0,0.0,0.0,0.0,0.0,0.1530612244897959,0.2040816326530612,0.3571428571428571,1.2244897959183672,0.4081632653061224,0.3061224489795918,0.5612244897959183,0.3061224489795918,1.2244897959183672,0.1020408163265306,0.3571428571428571,0.0,0.0,0.0,0.0,0.0,0.0,0.0,0.0,0.0,MF
ENG-Premier League,2425,Chelsea,Levi Colwill,ENG,DF,21.0,35.0,2,1,3,9,0,17,4,0.49,0.11,46,21,4,12,32,35,,,0.0,0.0,1,0.0,0.0,0.0,0.0,0.0,0.0,0.0,0.0,0.0,0.0,0.05714285714285714,0.02857142857142857,0.08571428571428572,0.4857142857142857,0.11428571428571428,1.3142857142857143,0.6,0.11428571428571428,0.34285714285714286,0.9142857142857143,1.0,0.0,0.0,0.0,0.0,0.0,0.0,0.0,0.0,0.0,DF
ENG-Premier League,2425,Chelsea,Malo Gusto,FRA,DF,21.0,20.7,0,1,1,4,0,22,5,1.06,0.24,20,20,2,54,25,31,,,0.0,0.0,1,0.0,0.0,0.0,0.0,0.0,0.0,0.0,0.0,0.0,0.0,0.0,0.04830917874396135,0.04830917874396135,1.0628019323671498,0.24154589371980678,0.9661835748792271,0.9661835748792271,0.0966183574879227,2.608695652173913,1.2077294685990339,1.497584541062802,0.0,0.0,0.0,0.0,0.0,0.0,0.0,0.0,0.0,DF
ENG-Premier League,2425,Chelsea,Marc Cucurella,ESP,DF,26.0,33.2,5,1,6,10,1,24,12,0.72,0.36,37,38,3,29,26,46,,,0.0,0.0,1,0.0,0.0,0.0,0.0,0.0,0.0,0.0,0.0,0.0,0.0,0.1506024096385542,0.03012048192771084,0.18072289156626503,0.7228915662650601,0.36144578313253006,1.114457831325301,1.1445783132530118,0.09036144578313252,0.8734939759036143,0.7831325301204819,1.3855421686746987,0.0,0.0,0.0,0.0,0.0,0.0,0.0,0.0,0.0,DF
ENG-Premier League,2425,Chelsea,Moisés Caicedo,ECU,"MF,DF",22.0,37.2,1,2,3,11,0,20,3,0.54,0.08,69,58,0,10,47,74,,,0.0,0.0,2,0.0,0.0,0.0,0.0,0.0,0.0,0.0,0.0,0.0,0.0,0.026881720430107524,0.05376344086021505,0.08064516129032258,0.5376344086021505,0.08064516129032258,1.8548387096774193,1.5591397849462365,0.0,0.26881720430107525,1.2634408602150538,1.9892473118279568,0.0,0.0,0.0,0.0,0.0,0.0,0.0,0.0,0.0,MF
ENG-Premier League,2425,Chelsea,Nicolas Jackson,SEN,FW,23.0,24.7,10,5,15,7,1,76,35,3.08,1.42,35,29,23,3,3,11,,,0.0,0.0,5,0.0,0.0,0.0,0.0,0.0,0.0,0.0,0.0,0.0,0.0,0.4048582995951417,0.20242914979757085,0.6072874493927126,3.076923076923077,1.417004048582996,1.417004048582996,1.174089068825911,0.9311740890688259,0.12145748987854252,0.12145748987854252,0.4453441295546559,0.0,0.0,0.0,0.0,0.0,0.0,0.0,0.0,0.0,FW
ENG-Premier League,2425,Chelsea,Noni Madueke,ENG,MF,22.0,22.6,7,3,10,3,0,80,32,3.54,1.42,22,24,5,63,8,18,,,0.0,0.0,3,0.0,0.0,0.0,0.0,0.0,0.0,0.0,0.0,0.0,0.0,0.30973451327433627,0.1327433628318584,0.44247787610619466,3.5398230088495573,1.415929203539823,0.9734513274336283,1.0619469026548671,0.22123893805309733,2.787610619469026,0.35398230088495575,0.7964601769911503,0.0,0.0,0.0,0.0,0.0,0.0,0.0,0.0,0.0,MF
ENG-Premier League,2425,Chelsea,Pedro Neto,POR,"MF,FW",24.0,25.2,4,6,10,8,0,59,17,2.34,0.67,21,33,3,149,8,10,,,0.0,0.0,6,0.0,0.0,0.0,0.0,0.0,0.0,0.0,0.0,0.0,0.0,0.15873015873015872,0.2380952380952381,0.39682539682539686,2.3412698412698414,0.6746031746031746,0.8333333333333334,1.3095238095238095,0.11904761904761905,5.912698412698413,0.31746031746031744,0.39682539682539686,0.0,0.0,0.0,0.0,0.0,0.0,0.0,0.0,0.0,MF
ENG-Premier League,2425,Chelsea,Reece James,ENG,"DF,MF",24.0,11.8,1,1,2,1,0,11,3,0.93,0.25,8,11,0,43,14,9,,,0.0,0.0,1,0.0,0.0,0.0,0.0,0.0,0.0,0.0,0.0,0.0,0.0,0.0847457627118644,0.0847457627118644,0.1694915254237288,0.9322033898305084,0.2542372881355932,0.6779661016949152,0.9322033898305084,0.0,3.644067796610169,1.1864406779661016,0.7627118644067796,0.0,0.0,0.0,0.0,0.0,0.0,0.0,0.0,0.0,DF
ENG-Premier League,2425,Chelsea,Robert Sánchez,ESP,GK,26.0,32.0,0,0,0,5,0,0,0,0.0,0.0,2,4,0,0,2,0,,,0.0,0.0,0,0.0,0.0,0.0,0.0,0.0,0.0,0.0,0.0,0.0,0.0,0.0,0.0,0.0,0.0,0.0,0.0625,0.125,0.0,0.0,0.0625,0.0,0.0,0.0,0.0,0.0,0.0,0.0,0.0,0.0,0.0,GK
ENG-Premier League,2425,Chelsea,Tosin Adarabioyo,ENG,DF,26.0,15.7,1,1,2,4,0,13,2,0.83,0.13,8,9,1,0,10,13,,,0.0,0.0,1,0.0,0.0,0.0,0.0,0.0,0.0,0.0,0.0,0.0,0.0,0.06369426751592357,0.06369426751592357,0.12738853503184713,0.8280254777070064,0.12738853503184713,0.5095541401273885,0.5732484076433121,0.06369426751592357,0.0,0.6369426751592357,0.8280254777070064,0.0,0.0,0.0,0.0,0.0,0.0,0.0,0.0,0.0,DF
ENG-Premier League,2425,Chelsea,Trevoh Chalobah,ENG,DF,25.0,10.1,0,1,1,2,0,7,3,0.69,0.3,9,7,0,3,9,7,,,0.0,0.0,1,0.0,0.0,0.0,0.0,0.0,0.0,0.0,0.0,0.0,0.0,0.0,0.09900990099009901,0.09900990099009901,0.6930693069306931,0.297029702970297,0.8910891089108911,0.6930693069306931,0.0,0.297029702970297,0.8910891089108911,0.6930693069306931,0.0,0.0,0.0,0.0,0.0,0.0,0.0,0.0,0.0,DF
ENG-Premier League,2425,Chelsea,Wesley Fofana,FRA,DF,23.0,13.0,0,0,0,7,0,3,0,0.23,0.0,24,16,0,1,12,11,,,0.0,0.0,0,0.0,0.0,0.0,0.0,0.0,0.0,0.0,0.0,0.0,0.0,0.0,0.0,0.0,0.23076923076923078,0.0,1.8461538461538463,1.2307692307692308,0.0,0.07692307692307693,0.9230769230769231,0.8461538461538461,0.0,0.0,0.0,0.0,0.0,0.0,0.0,0.0,0.0,DF
ENG-Premier League,2425,Crystal Palace,Adam Wharton,ENG,MF,20.0,14.6,0,2,2,2,0,13,5,0.89,0.34,12,21,0,39,19,16,,,0.0,0.0,2,0.0,0.0,0.0,0.0,0.0,0.0,0.0,0.0,0.0,0.0,0.0,0.136986301369863,0.136986301369863,0.8904109589041096,0.3424657534246575,0.8219178082191781,1.4383561643835616,0.0,2.671232876712329,1.3013698630136987,1.095890410958904,0.0,0.0,0.0,0.0,0.0,0.0,0.0,0.0,0.0,MF
ENG-Premier League,2425,Crystal Palace,Chris Richards,USA,DF,24.0,21.4,1,0,1,4,1,12,6,0.56,0.28,11,5,1,5,18,30,,,0.0,0.0,0,0.0,0.0,0.0,0.0,0.0,0.0,0.0,0.0,0.0,0.0,0.04672897196261683,0.0,0.04672897196261683,0.5607476635514019,0.28037383177570097,0.5140186915887851,0.23364485981308414,0.04672897196261683,0.23364485981308414,0.8411214953271029,1.4018691588785048,0.0,0.0,0.0,0.0,0.0,0.0,0.0,0.0,0.0,DF
ENG-Premier League,2425,Crystal Palace,Daichi Kamada,JPN,MF,27.0,17.4,0,0,0,4,1,20,4,1.15,0.23,28,21,2,32,18,29,,,0.0,0.0,0,0.0,0.0,0.0,0.0,0.0,0.0,0.0,0.0,0.0,0.0,0.0,0.0,0.0,1.149425287356322,0.2298850574712644,1.6091954022988506,1.2068965517241381,0.1149425287356322,1.8390804597701151,1.0344827586206897,1.6666666666666667,0.0,0.0,0.0,0.0,0.0,0.0,0.0,0.0,0.0,MF
ENG-Premier League,2425,Crystal Palace,Daniel Muñoz,COL,MF,28.0,35.9,4,5,9,10,0,37,18,1.03,0.5,56,19,15,74,43,77,,,0.0,0.0,5,0.0,0.0,0.0,0.0,0.0,0.0,0.0,0.0,0.0,0.0,0.11142061281337048,0.1392757660167131,0.25069637883008355,1.0306406685236769,0.5013927576601671,1.5598885793871866,0.5292479108635098,0.4178272980501393,2.0612813370473537,1.1977715877437327,2.1448467966573816,0.0,0.0,0.0,0.0,0.0,0.0,0.0,0.0,0.0,MF
ENG-Premier League,2425,Crystal Palace,Dean Henderson,ENG,GK,27.0,38.0,0,0,0,3,0,1,0,0.03,0.0,0,2,0,0,1,1,,,0.0,0.0,0,0.0,0.0,0.0,0.0,0.0,0.0,0.0,0.0,0.0,0.0,0.0,0.0,0.0,0.02631578947368421,0.0,0.0,0.05263157894736842,0.0,0.0,0.02631578947368421,0.02631578947368421,0.0,0.0,0.0,0.0,0.0,0.0,0.0,0.0,0.0,GK
ENG-Premier League,2425,Crystal Palace,Eberechi Eze,ENG,MF,26.0,28.8,8,8,16,1,0,102,29,3.55,1.01,13,51,9,110,10,21,,,0.0,0.0,8,0.0,0.0,0.0,0.0,0.0,0.0,0.0,0.0,0.0,0.0,0.2777777777777778,0.2777777777777778,0.5555555555555556,3.5416666666666665,1.0069444444444444,0.4513888888888889,1.7708333333333333,0.3125,3.819444444444444,0.3472222222222222,0.7291666666666666,0.0,0.0,0.0,0.0,0.0,0.0,0.0,0.0,0.0,MF
ENG-Premier League,2425,Crystal Palace,Eddie Nketiah,ENG,"FW,MF",25.0,11.5,3,1,4,6,1,43,16,3.74,1.39,31,29,5,5,2,8,,,0.0,0.0,1,0.0,0.0,0.0,0.0,0.0,0.0,0.0,0.0,0.0,0.0,0.2608695652173913,0.08695652173913043,0.34782608695652173,3.739130434782609,1.391304347826087,2.6956521739130435,2.5217391304347827,0.43478260869565216,0.43478260869565216,0.17391304347826086,0.6956521739130435,0.0,0.0,0.0,0.0,0.0,0.0,0.0,0.0,0.0,FW
ENG-Premier League,2425,Crystal Palace,Ismaila Sarr,SEN,MF,26.0,30.1,8,6,14,4,0,59,29,1.96,0.96,14,55,11,55,8,11,,,0.0,0.0,6,0.0,0.0,0.0,0.0,0.0,0.0,0.0,0.0,0.0,0.0,0.26578073089700993,0.19933554817275748,0.46511627906976744,1.9601328903654485,0.9634551495016611,0.46511627906976744,1.8272425249169435,0.3654485049833887,1.8272425249169435,0.26578073089700993,0.3654485049833887,0.0,0.0,0.0,0.0,0.0,0.0,0.0,0.0,0.0,MF
ENG-Premier League,2425,Crystal Palace,Jean-Philippe Mateta,FRA,FW,27.0,29.4,14,2,16,2,0,69,33,2.35,1.12,27,29,22,26,2,12,,,0.0,0.0,2,0.0,0.0,0.0,0.0,0.0,0.0,0.0,0.0,0.0,0.0,0.4761904761904762,0.06802721088435375,0.54421768707483,2.3469387755102042,1.1224489795918369,0.9183673469387755,0.9863945578231293,0.7482993197278912,0.8843537414965987,0.06802721088435375,0.40816326530612246,0.0,0.0,0.0,0.0,0.0,0.0,0.0,0.0,0.0,FW
ENG-Premier League,2425,Crystal Palace,Jefferson Lerma,COL,"MF,DF",29.0,25.3,0,1,1,9,0,26,8,1.03,0.32,35,39,0,12,41,19,,,0.0,0.0,1,0.0,0.0,0.0,0.0,0.0,0.0,0.0,0.0,0.0,0.0,0.0,0.039525691699604744,0.039525691699604744,1.0276679841897234,0.31620553359683795,1.383399209486166,1.541501976284585,0.0,0.4743083003952569,1.6205533596837944,0.7509881422924901,0.0,0.0,0.0,0.0,0.0,0.0,0.0,0.0,0.0,MF
ENG-Premier League,2425,Crystal Palace,Marc Guéhi,ENG,DF,24.0,34.0,3,2,5,9,1,15,7,0.44,0.21,23,27,1,13,29,32,,,0.0,0.0,2,0.0,0.0,0.0,0.0,0.0,0.0,0.0,0.0,0.0,0.0,0.08823529411764706,0.058823529411764705,0.14705882352941177,0.4411764705882353,0.20588235294117646,0.6764705882352942,0.7941176470588235,0.029411764705882353,0.38235294117647056,0.8529411764705882,0.9411764705882353,0.0,0.0,0.0,0.0,0.0,0.0,0.0,0.0,0.0,DF
ENG-Premier League,2425,Crystal Palace,Maxence Lacroix,FRA,DF,24.0,34.6,1,1,2,5,0,30,6,0.87,0.17,34,19,1,7,54,42,,,0.0,0.0,1,0.0,0.0,0.0,0.0,0.0,0.0,0.0,0.0,0.0,0.0,0.028901734104046242,0.028901734104046242,0.057803468208092484,0.8670520231213873,0.17341040462427745,0.9826589595375722,0.5491329479768786,0.028901734104046242,0.20231213872832368,1.560693641618497,1.2138728323699421,0.0,0.0,0.0,0.0,0.0,0.0,0.0,0.0,0.0,DF
ENG-Premier League,2425,Crystal Palace,Tyrick Mitchell,ENG,MF,24.0,34.4,0,5,5,2,0,12,3,0.35,0.09,23,25,2,107,21,53,,,0.0,0.0,5,0.0,0.0,0.0,0.0,0.0,0.0,0.0,0.0,0.0,0.0,0.0,0.14534883720930233,0.14534883720930233,0.3488372093023256,0.0872093023255814,0.6686046511627908,0.7267441860465117,0.05813953488372093,3.11046511627907,0.6104651162790697,1.5406976744186047,0.0,0.0,0.0,0.0,0.0,0.0,0.0,0.0,0.0,MF
ENG-Premier League,2425,Crystal Palace,Will Hughes,ENG,MF,29.0,23.4,0,3,3,11,0,22,1,0.94,0.04,65,31,0,70,21,36,,,0.0,0.0,3,0.0,0.0,0.0,0.0,0.0,0.0,0.0,0.0,0.0,0.0,0.0,0.12820512820512822,0.12820512820512822,0.9401709401709403,0.042735042735042736,2.777777777777778,1.324786324786325,0.0,2.9914529914529915,0.8974358974358975,1.5384615384615385,0.0,0.0,0.0,0.0,0.0,0.0,0.0,0.0,0.0,MF
ENG-Premier League,2425,Everton,Abdoulaye Doucouré,MLI,MF,31.0,28.5,3,2,5,5,1,31,10,1.09,0.35,49,5,10,23,11,28,,,0.0,0.0,2,0.0,0.0,0.0,0.0,0.0,0.0,0.0,0.0,0.0,0.0,0.10526315789473684,0.07017543859649122,0.17543859649122806,1.087719298245614,0.3508771929824561,1.719298245614035,0.17543859649122806,0.3508771929824561,0.8070175438596491,0.38596491228070173,0.9824561403508771,0.0,0.0,0.0,0.0,0.0,0.0,0.0,0.0,0.0,MF
ENG-Premier League,2425,Everton,Ashley Young,ENG,DF,39.0,20.8,1,3,4,7,1,6,3,0.29,0.14,30,22,0,75,26,36,,,0.0,0.0,3,0.0,0.0,0.0,0.0,0.0,0.0,0.0,0.0,0.0,0.0,0.04807692307692307,0.14423076923076922,0.1923076923076923,0.28846153846153844,0.14423076923076922,1.4423076923076923,1.0576923076923077,0.0,3.605769230769231,1.25,1.7307692307692306,0.0,0.0,0.0,0.0,0.0,0.0,0.0,0.0,0.0,DF
ENG-Premier League,2425,Everton,Beto,GNB,FW,26.0,17.0,8,0,8,2,0,49,23,2.87,1.35,33,23,16,4,4,7,,,0.0,0.0,0,0.0,0.0,0.0,0.0,0.0,0.0,0.0,0.0,0.0,0.0,0.47058823529411764,0.0,0.47058823529411764,2.8823529411764706,1.3529411764705883,1.9411764705882353,1.3529411764705883,0.9411764705882353,0.23529411764705882,0.23529411764705882,0.4117647058823529,0.0,0.0,0.0,0.0,0.0,0.0,0.0,0.0,0.0,FW
ENG-Premier League,2425,Everton,Dominic Calvert-Lewin,ENG,FW,27.0,17.9,3,1,4,2,0,50,20,2.8,1.12,27,23,27,6,7,7,,,0.0,0.0,1,0.0,0.0,0.0,0.0,0.0,0.0,0.0,0.0,0.0,0.0,0.1675977653631285,0.0558659217877095,0.223463687150838,2.7932960893854752,1.11731843575419,1.5083798882681565,1.2849162011173185,1.5083798882681565,0.335195530726257,0.3910614525139665,0.3910614525139665,0.0,0.0,0.0,0.0,0.0,0.0,0.0,0.0,0.0,FW
ENG-Premier League,2425,Everton,Dwight McNeil,ENG,MF,24.0,15.2,4,6,10,1,0,24,10,1.58,0.66,6,18,1,104,6,8,,,0.0,0.0,6,0.0,0.0,0.0,0.0,0.0,0.0,0.0,0.0,0.0,0.0,0.2631578947368421,0.39473684210526316,0.6578947368421053,1.5789473684210527,0.6578947368421053,0.39473684210526316,1.1842105263157896,0.06578947368421052,6.842105263157895,0.39473684210526316,0.5263157894736842,0.0,0.0,0.0,0.0,0.0,0.0,0.0,0.0,0.0,MF
ENG-Premier League,2425,Everton,Idrissa Gueye,SEN,MF,34.0,34.0,0,3,3,9,0,27,5,0.79,0.15,55,46,0,7,46,76,,,0.0,0.0,3,0.0,0.0,0.0,0.0,0.0,0.0,0.0,0.0,0.0,0.0,0.0,0.08823529411764706,0.08823529411764706,0.7941176470588235,0.14705882352941177,1.6176470588235294,1.3529411764705883,0.0,0.20588235294117646,1.3529411764705883,2.235294117647059,0.0,0.0,0.0,0.0,0.0,0.0,0.0,0.0,0.0,MF
ENG-Premier League,2425,Everton,Iliman Ndiaye,SEN,"MF,FW",24.0,27.0,9,0,9,3,0,37,17,1.37,0.63,24,52,5,37,19,27,,,0.0,0.0,0,0.0,0.0,0.0,0.0,0.0,0.0,0.0,0.0,0.0,0.0,0.3333333333333333,0.0,0.3333333333333333,1.3703703703703705,0.6296296296296297,0.8888888888888888,1.9259259259259258,0.18518518518518517,1.3703703703703705,0.7037037037037037,1.0,0.0,0.0,0.0,0.0,0.0,0.0,0.0,0.0,0.0,MF
ENG-Premier League,2425,Everton,Jack Harrison,ENG,"MF,FW",27.0,23.1,1,0,1,0,0,29,7,1.26,0.3,13,28,4,131,9,23,,,0.0,0.0,0,0.0,0.0,0.0,0.0,0.0,0.0,0.0,0.0,0.0,0.0,0.04329004329004329,0.0,0.04329004329004329,1.2554112554112553,0.30303030303030304,0.5627705627705627,1.2121212121212122,0.17316017316017315,5.670995670995671,0.3896103896103896,0.9956709956709956,0.0,0.0,0.0,0.0,0.0,0.0,0.0,0.0,0.0,MF
ENG-Premier League,2425,Everton,Jake O'Brien,IRL,DF,23.0,17.5,2,0,2,5,0,6,3,0.34,0.17,13,4,3,18,4,17,,,0.0,0.0,0,0.0,0.0,0.0,0.0,0.0,0.0,0.0,0.0,0.0,0.0,0.11428571428571428,0.0,0.11428571428571428,0.34285714285714286,0.17142857142857143,0.7428571428571429,0.22857142857142856,0.17142857142857143,1.0285714285714285,0.22857142857142856,0.9714285714285714,0.0,0.0,0.0,0.0,0.0,0.0,0.0,0.0,0.0,DF
ENG-Premier League,2425,Everton,James Garner,ENG,"MF,DF",23.0,17.7,0,1,1,5,0,12,4,0.68,0.23,20,15,0,55,20,32,,,0.0,0.0,1,0.0,0.0,0.0,0.0,0.0,0.0,0.0,0.0,0.0,0.0,0.0,0.05649717514124294,0.05649717514124294,0.6779661016949153,0.22598870056497175,1.1299435028248588,0.8474576271186441,0.0,3.1073446327683616,1.1299435028248588,1.807909604519774,0.0,0.0,0.0,0.0,0.0,0.0,0.0,0.0,0.0,MF
ENG-Premier League,2425,Everton,James Tarkowski,ENG,DF,31.0,32.5,1,1,2,6,0,15,4,0.46,0.12,35,29,1,1,37,40,,,0.0,0.0,1,0.0,0.0,0.0,0.0,0.0,0.0,0.0,0.0,0.0,0.0,0.03076923076923077,0.03076923076923077,0.06153846153846154,0.46153846153846156,0.12307692307692308,1.0769230769230769,0.8923076923076924,0.03076923076923077,0.03076923076923077,1.1384615384615384,1.2307692307692308,0.0,0.0,0.0,0.0,0.0,0.0,0.0,0.0,0.0,DF
ENG-Premier League,2425,Everton,Jarrad Branthwaite,ENG,DF,22.0,27.9,0,1,1,4,0,10,3,0.36,0.11,12,18,2,6,24,21,,,0.0,0.0,1,0.0,0.0,0.0,0.0,0.0,0.0,0.0,0.0,0.0,0.0,0.0,0.03584229390681004,0.03584229390681004,0.35842293906810035,0.10752688172043011,0.43010752688172044,0.6451612903225806,0.07168458781362008,0.21505376344086022,0.8602150537634409,0.7526881720430108,0.0,0.0,0.0,0.0,0.0,0.0,0.0,0.0,0.0,DF
ENG-Premier League,2425,Everton,Jesper Lindstrøm,DEN,MF,24.0,13.8,0,1,1,2,0,28,10,2.03,0.73,15,10,1,72,13,24,,,0.0,0.0,1,0.0,0.0,0.0,0.0,0.0,0.0,0.0,0.0,0.0,0.0,0.0,0.07246376811594203,0.07246376811594203,2.0289855072463765,0.7246376811594203,1.0869565217391304,0.7246376811594203,0.07246376811594203,5.217391304347826,0.9420289855072463,1.7391304347826086,0.0,0.0,0.0,0.0,0.0,0.0,0.0,0.0,0.0,MF
ENG-Premier League,2425,Everton,Jordan Pickford,ENG,GK,30.0,38.0,0,1,1,7,0,0,0,0.0,0.0,0,7,0,0,1,1,,,0.0,0.0,1,0.0,0.0,0.0,0.0,0.0,0.0,0.0,0.0,0.0,0.0,0.0,0.02631578947368421,0.02631578947368421,0.0,0.0,0.0,0.18421052631578946,0.0,0.0,0.02631578947368421,0.02631578947368421,0.0,0.0,0.0,0.0,0.0,0.0,0.0,0.0,0.0,GK
ENG-Premier League,2425,Everton,Michael Keane,ENG,DF,31.0,11.7,3,0,3,5,0,10,4,0.86,0.34,9,0,0,1,13,10,,,0.0,0.0,0,0.0,0.0,0.0,0.0,0.0,0.0,0.0,0.0,0.0,0.0,0.25641025641025644,0.0,0.25641025641025644,0.8547008547008548,0.3418803418803419,0.7692307692307693,0.0,0.0,0.08547008547008547,1.1111111111111112,0.8547008547008548,0.0,0.0,0.0,0.0,0.0,0.0,0.0,0.0,0.0,DF
ENG-Premier League,2425,Everton,Orel Mangala,BEL,MF,26.0,14.0,1,0,1,2,0,16,6,1.14,0.43,24,17,2,6,21,8,,,0.0,0.0,0,0.0,0.0,0.0,0.0,0.0,0.0,0.0,0.0,0.0,0.0,0.07142857142857142,0.0,0.07142857142857142,1.1428571428571428,0.42857142857142855,1.7142857142857142,1.2142857142857142,0.14285714285714285,0.42857142857142855,1.5,0.5714285714285714,0.0,0.0,0.0,0.0,0.0,0.0,0.0,0.0,0.0,MF
ENG-Premier League,2425,Everton,Vitaliy Mykolenko,UKR,DF,25.0,34.2,1,2,3,4,0,14,1,0.41,0.03,22,34,3,100,42,38,,,0.0,0.0,2,0.0,0.0,0.0,0.0,0.0,0.0,0.0,0.0,0.0,0.0,0.029239766081871343,0.05847953216374269,0.08771929824561403,0.4093567251461988,0.029239766081871343,0.6432748538011696,0.9941520467836257,0.08771929824561403,2.923976608187134,1.2280701754385963,1.111111111111111,0.0,0.0,0.0,0.0,0.0,0.0,0.0,0.0,0.0,DF
ENG-Premier League,2425,Fulham,Adama Traoré,ESP,MF,28.0,19.7,2,7,9,3,0,39,12,1.98,0.61,24,32,1,100,1,13,,,0.0,0.0,7,0.0,0.0,0.0,0.0,0.0,0.0,0.0,0.0,0.0,0.0,0.10152284263959391,0.3553299492385787,0.4568527918781726,1.9796954314720814,0.6091370558375635,1.218274111675127,1.6243654822335025,0.050761421319796954,5.0761421319796955,0.050761421319796954,0.6598984771573604,0.0,0.0,0.0,0.0,0.0,0.0,0.0,0.0,0.0,MF
ENG-Premier League,2425,Fulham,Alex Iwobi,NGA,MF,28.0,33.1,9,6,15,1,0,68,29,2.05,0.88,19,18,5,127,13,26,,,0.0,0.0,6,0.0,0.0,0.0,0.0,0.0,0.0,0.0,0.0,0.0,0.0,0.2719033232628399,0.18126888217522658,0.45317220543806647,2.0543806646525677,0.8761329305135951,0.5740181268882175,0.5438066465256798,0.1510574018126888,3.836858006042296,0.39274924471299094,0.7854984894259819,0.0,0.0,0.0,0.0,0.0,0.0,0.0,0.0,0.0,MF
ENG-Premier League,2425,Fulham,Andreas Pereira,BRA,MF,28.0,22.4,2,4,6,7,0,39,9,1.74,0.4,29,24,1,173,9,12,,,0.0,0.0,4,0.0,0.0,0.0,0.0,0.0,0.0,0.0,0.0,0.0,0.0,0.08928571428571429,0.17857142857142858,0.26785714285714285,1.7410714285714286,0.4017857142857143,1.2946428571428572,1.0714285714285714,0.044642857142857144,7.7232142857142865,0.4017857142857143,0.5357142857142857,0.0,0.0,0.0,0.0,0.0,0.0,0.0,0.0,0.0,MF
ENG-Premier League,2425,Fulham,Antonee Robinson,USA,"DF,MF",26.0,35.2,0,10,10,8,0,16,2,0.45,0.06,31,20,7,172,57,57,,,0.0,0.0,10,0.0,0.0,0.0,0.0,0.0,0.0,0.0,0.0,0.0,0.0,0.0,0.28409090909090906,0.28409090909090906,0.45454545454545453,0.056818181818181816,0.8806818181818181,0.5681818181818181,0.19886363636363635,4.886363636363636,1.6193181818181817,1.6193181818181817,0.0,0.0,0.0,0.0,0.0,0.0,0.0,0.0,0.0,DF
ENG-Premier League,2425,Fulham,Bernd Leno,GER,GK,32.0,38.0,0,1,1,5,0,0,0,0.0,0.0,0,4,0,0,0,2,,,0.0,0.0,1,0.0,0.0,0.0,0.0,0.0,0.0,0.0,0.0,0.0,0.0,0.0,0.02631578947368421,0.02631578947368421,0.0,0.0,0.0,0.10526315789473684,0.0,0.0,0.0,0.05263157894736842,0.0,0.0,0.0,0.0,0.0,0.0,0.0,0.0,0.0,GK
ENG-Premier League,2425,Fulham,Calvin Bassey,NGA,DF,24.0,34.2,1,0,1,7,0,14,4,0.41,0.12,26,31,2,9,19,33,,,0.0,0.0,0,0.0,0.0,0.0,0.0,0.0,0.0,0.0,0.0,0.0,0.0,0.029239766081871343,0.0,0.029239766081871343,0.4093567251461988,0.11695906432748537,0.7602339181286549,0.9064327485380116,0.05847953216374269,0.2631578947368421,0.5555555555555555,0.9649122807017543,0.0,0.0,0.0,0.0,0.0,0.0,0.0,0.0,0.0,DF
ENG-Premier League,2425,Fulham,Emile Smith Rowe,ENG,MF,24.0,22.7,6,3,9,3,0,37,11,1.63,0.48,19,15,4,16,11,18,,,0.0,0.0,3,0.0,0.0,0.0,0.0,0.0,0.0,0.0,0.0,0.0,0.0,0.2643171806167401,0.13215859030837004,0.39647577092511016,1.6299559471365639,0.4845814977973568,0.8370044052863437,0.6607929515418502,0.1762114537444934,0.7048458149779736,0.4845814977973568,0.7929515418502203,0.0,0.0,0.0,0.0,0.0,0.0,0.0,0.0,0.0,MF
ENG-Premier League,2425,Fulham,Harry Wilson,WAL,"MF,FW",27.0,12.9,6,1,7,2,0,43,17,3.33,1.32,12,22,1,41,6,15,,,0.0,0.0,1,0.0,0.0,0.0,0.0,0.0,0.0,0.0,0.0,0.0,0.0,0.46511627906976744,0.07751937984496124,0.5426356589147286,3.333333333333333,1.317829457364341,0.9302325581395349,1.7054263565891472,0.07751937984496124,3.1782945736434107,0.46511627906976744,1.1627906976744187,0.0,0.0,0.0,0.0,0.0,0.0,0.0,0.0,0.0,MF
ENG-Premier League,2425,Fulham,Issa Diop,MAR,DF,27.0,14.9,0,0,0,2,0,5,2,0.34,0.13,10,4,0,1,9,12,,,0.0,0.0,0,0.0,0.0,0.0,0.0,0.0,0.0,0.0,0.0,0.0,0.0,0.0,0.0,0.0,0.33557046979865773,0.1342281879194631,0.6711409395973155,0.2684563758389262,0.0,0.06711409395973154,0.6040268456375839,0.8053691275167785,0.0,0.0,0.0,0.0,0.0,0.0,0.0,0.0,0.0,DF
ENG-Premier League,2425,Fulham,Joachim Andersen,DEN,DF,28.0,28.7,0,0,0,6,1,19,5,0.66,0.17,18,19,0,12,33,16,,,0.0,0.0,0,0.0,0.0,0.0,0.0,0.0,0.0,0.0,0.0,0.0,0.0,0.0,0.0,0.0,0.662020905923345,0.17421602787456447,0.6271777003484321,0.662020905923345,0.0,0.4181184668989547,1.1498257839721255,0.5574912891986062,0.0,0.0,0.0,0.0,0.0,0.0,0.0,0.0,0.0,DF
ENG-Premier League,2425,Fulham,Kenny Tete,NED,DF,28.0,19.7,0,2,2,5,0,24,2,1.22,0.1,35,16,1,38,30,38,,,0.0,0.0,2,0.0,0.0,0.0,0.0,0.0,0.0,0.0,0.0,0.0,0.0,0.0,0.10152284263959391,0.10152284263959391,1.218274111675127,0.10152284263959391,1.7766497461928934,0.8121827411167513,0.050761421319796954,1.9289340101522843,1.5228426395939088,1.9289340101522843,0.0,0.0,0.0,0.0,0.0,0.0,0.0,0.0,0.0,DF
ENG-Premier League,2425,Fulham,Raúl Jiménez,MEX,FW,33.0,27.7,12,3,15,4,0,96,33,3.46,1.19,39,41,15,22,11,24,,,0.0,0.0,3,0.0,0.0,0.0,0.0,0.0,0.0,0.0,0.0,0.0,0.0,0.4332129963898917,0.10830324909747292,0.5415162454873647,3.4657039711191335,1.1913357400722022,1.407942238267148,1.48014440433213,0.5415162454873647,0.7942238267148015,0.39711191335740076,0.8664259927797834,0.0,0.0,0.0,0.0,0.0,0.0,0.0,0.0,0.0,FW
ENG-Premier League,2425,Fulham,Rodrigo Muniz,BRA,FW,23.0,10.7,8,1,9,1,0,40,19,3.73,1.77,11,31,3,1,4,6,,,0.0,0.0,1,0.0,0.0,0.0,0.0,0.0,0.0,0.0,0.0,0.0,0.0,0.7476635514018692,0.09345794392523366,0.8411214953271029,3.738317757009346,1.7757009345794394,1.0280373831775702,2.897196261682243,0.28037383177570097,0.09345794392523366,0.3738317757009346,0.5607476635514019,0.0,0.0,0.0,0.0,0.0,0.0,0.0,0.0,0.0,FW
ENG-Premier League,2425,Fulham,Sander Berge,NOR,MF,26.0,24.7,0,0,0,6,0,3,1,0.12,0.04,30,10,0,3,21,32,,,0.0,0.0,0,0.0,0.0,0.0,0.0,0.0,0.0,0.0,0.0,0.0,0.0,0.0,0.0,0.0,0.12145748987854252,0.04048582995951417,1.2145748987854252,0.4048582995951417,0.0,0.12145748987854252,0.8502024291497976,1.2955465587044535,0.0,0.0,0.0,0.0,0.0,0.0,0.0,0.0,0.0,MF
ENG-Premier League,2425,Fulham,Saša Lukić,SRB,MF,27.0,26.0,0,2,2,12,0,18,3,0.69,0.12,66,26,0,63,26,38,,,0.0,0.0,2,0.0,0.0,0.0,0.0,0.0,0.0,0.0,0.0,0.0,0.0,0.0,0.07692307692307693,0.07692307692307693,0.6923076923076923,0.11538461538461539,2.5384615384615383,1.0,0.0,2.423076923076923,1.0,1.4615384615384615,0.0,0.0,0.0,0.0,0.0,0.0,0.0,0.0,0.0,MF
ENG-Premier League,2425,Fulham,Timothy Castagne,BEL,"DF,MF",28.0,18.3,0,1,1,1,0,8,3,0.44,0.16,15,6,1,38,23,31,,,0.0,0.0,1,0.0,0.0,0.0,0.0,0.0,0.0,0.0,0.0,0.0,0.0,0.0,0.0546448087431694,0.0546448087431694,0.4371584699453552,0.16393442622950818,0.819672131147541,0.32786885245901637,0.0546448087431694,2.0765027322404372,1.256830601092896,1.6939890710382512,0.0,0.0,0.0,0.0,0.0,0.0,0.0,0.0,0.0,DF
ENG-Premier League,2425,Ipswich Town,Alex Palmer,ENG,GK,27.0,13.0,0,0,0,2,0,0,0,0.0,0.0,1,4,0,0,0,0,,,0.0,0.0,0,0.0,0.0,0.0,0.0,0.0,0.0,0.0,0.0,0.0,0.0,0.0,0.0,0.0,0.0,0.0,0.07692307692307693,0.3076923076923077,0.0,0.0,0.0,0.0,0.0,0.0,0.0,0.0,0.0,0.0,0.0,0.0,0.0,GK
ENG-Premier League,2425,Ipswich Town,Arijanet Muric,KVX,GK,25.0,18.0,0,0,0,1,0,0,0,0.0,0.0,0,4,0,0,0,0,,,0.0,0.0,0,0.0,0.0,0.0,0.0,0.0,0.0,0.0,0.0,0.0,0.0,0.0,0.0,0.0,0.0,0.0,0.0,0.2222222222222222,0.0,0.0,0.0,0.0,0.0,0.0,0.0,0.0,0.0,0.0,0.0,0.0,0.0,GK
ENG-Premier League,2425,Ipswich Town,Axel Tuanzebe,COD,DF,26.0,19.0,0,1,1,5,1,4,0,0.21,0.0,17,12,0,10,22,19,,,0.0,0.0,1,0.0,0.0,0.0,0.0,0.0,0.0,0.0,0.0,0.0,0.0,0.0,0.05263157894736842,0.05263157894736842,0.21052631578947367,0.0,0.8947368421052632,0.631578947368421,0.0,0.5263157894736842,1.1578947368421053,1.0,0.0,0.0,0.0,0.0,0.0,0.0,0.0,0.0,0.0,DF
ENG-Premier League,2425,Ipswich Town,Ben Johnson,ENG,"MF,DF",24.0,15.0,1,2,3,5,1,7,3,0.47,0.2,27,6,1,37,13,20,,,0.0,0.0,2,0.0,0.0,0.0,0.0,0.0,0.0,0.0,0.0,0.0,0.0,0.06666666666666667,0.13333333333333333,0.2,0.4666666666666667,0.2,1.8,0.4,0.06666666666666667,2.466666666666667,0.8666666666666667,1.3333333333333333,0.0,0.0,0.0,0.0,0.0,0.0,0.0,0.0,0.0,MF
ENG-Premier League,2425,Ipswich Town,Cameron Burgess,AUS,DF,28.0,17.1,0,2,2,0,0,10,3,0.58,0.18,6,4,1,0,10,13,,,0.0,0.0,2,0.0,0.0,0.0,0.0,0.0,0.0,0.0,0.0,0.0,0.0,0.0,0.11695906432748537,0.11695906432748537,0.5847953216374269,0.17543859649122806,0.3508771929824561,0.23391812865497075,0.05847953216374269,0.0,0.5847953216374269,0.7602339181286549,0.0,0.0,0.0,0.0,0.0,0.0,0.0,0.0,0.0,DF
ENG-Premier League,2425,Ipswich Town,Dara O'Shea,IRL,DF,25.0,34.7,0,2,2,6,0,22,2,0.63,0.06,21,25,3,8,33,30,,,0.0,0.0,2,0.0,0.0,0.0,0.0,0.0,0.0,0.0,0.0,0.0,0.0,0.0,0.05763688760806916,0.05763688760806916,0.6340057636887607,0.05763688760806916,0.6051873198847262,0.7204610951008645,0.08645533141210374,0.23054755043227665,0.9510086455331411,0.8645533141210374,0.0,0.0,0.0,0.0,0.0,0.0,0.0,0.0,0.0,DF
ENG-Premier League,2425,Ipswich Town,Jack Clarke,ENG,MF,23.0,13.1,0,4,4,2,0,17,2,1.3,0.15,16,23,3,14,7,18,,,0.0,0.0,4,0.0,0.0,0.0,0.0,0.0,0.0,0.0,0.0,0.0,0.0,0.0,0.3053435114503817,0.3053435114503817,1.297709923664122,0.15267175572519084,1.2213740458015268,1.7557251908396947,0.22900763358778625,1.0687022900763359,0.5343511450381679,1.3740458015267176,0.0,0.0,0.0,0.0,0.0,0.0,0.0,0.0,0.0,MF
ENG-Premier League,2425,Ipswich Town,Jacob Greaves,ENG,DF,23.0,24.5,1,0,1,5,0,10,4,0.41,0.16,16,21,1,1,21,22,,,0.0,0.0,0,0.0,0.0,0.0,0.0,0.0,0.0,0.0,0.0,0.0,0.0,0.04081632653061224,0.0,0.04081632653061224,0.40816326530612246,0.16326530612244897,0.6530612244897959,0.8571428571428571,0.04081632653061224,0.04081632653061224,0.8571428571428571,0.8979591836734694,0.0,0.0,0.0,0.0,0.0,0.0,0.0,0.0,0.0,DF
ENG-Premier League,2425,Ipswich Town,Jens Cajuste,SWE,MF,24.0,21.8,1,1,2,2,0,12,1,0.55,0.05,23,22,0,10,29,22,,,0.0,0.0,1,0.0,0.0,0.0,0.0,0.0,0.0,0.0,0.0,0.0,0.0,0.04587155963302752,0.04587155963302752,0.09174311926605504,0.5504587155963303,0.04587155963302752,1.055045871559633,1.0091743119266054,0.0,0.4587155963302752,1.3302752293577982,1.0091743119266054,0.0,0.0,0.0,0.0,0.0,0.0,0.0,0.0,0.0,MF
ENG-Premier League,2425,Ipswich Town,Kalvin Phillips,ENG,MF,28.0,13.7,0,0,0,6,1,11,2,0.8,0.15,28,21,0,20,18,20,,,0.0,0.0,0,0.0,0.0,0.0,0.0,0.0,0.0,0.0,0.0,0.0,0.0,0.0,0.0,0.0,0.8029197080291971,0.14598540145985403,2.0437956204379564,1.5328467153284673,0.0,1.4598540145985401,1.3138686131386863,1.4598540145985401,0.0,0.0,0.0,0.0,0.0,0.0,0.0,0.0,0.0,MF
ENG-Premier League,2425,Ipswich Town,Leif Davis,ENG,DF,24.0,30.5,1,2,3,5,1,16,2,0.52,0.07,26,31,5,157,25,28,,,0.0,0.0,2,0.0,0.0,0.0,0.0,0.0,0.0,0.0,0.0,0.0,0.0,0.03278688524590164,0.06557377049180328,0.09836065573770492,0.5245901639344263,0.06557377049180328,0.8524590163934426,1.0163934426229508,0.16393442622950818,5.147540983606557,0.819672131147541,0.9180327868852459,0.0,0.0,0.0,0.0,0.0,0.0,0.0,0.0,0.0,DF
ENG-Premier League,2425,Ipswich Town,Liam Delap,ENG,FW,21.0,28.8,12,2,14,12,0,68,32,2.36,1.11,72,51,14,5,2,8,,,0.0,0.0,2,0.0,0.0,0.0,0.0,0.0,0.0,0.0,0.0,0.0,0.0,0.41666666666666663,0.06944444444444445,0.4861111111111111,2.361111111111111,1.1111111111111112,2.5,1.7708333333333333,0.4861111111111111,0.1736111111111111,0.06944444444444445,0.2777777777777778,0.0,0.0,0.0,0.0,0.0,0.0,0.0,0.0,0.0,FW
ENG-Premier League,2425,Ipswich Town,Luke Woolfenden,ENG,DF,25.0,13.2,0,0,0,2,0,1,0,0.08,0.0,5,2,1,0,21,6,,,0.0,0.0,0,0.0,0.0,0.0,0.0,0.0,0.0,0.0,0.0,0.0,0.0,0.0,0.0,0.0,0.07575757575757576,0.0,0.3787878787878788,0.15151515151515152,0.07575757575757576,0.0,1.590909090909091,0.4545454545454546,0.0,0.0,0.0,0.0,0.0,0.0,0.0,0.0,0.0,DF
ENG-Premier League,2425,Ipswich Town,Omari Hutchinson,ENG,MF,20.0,28.7,3,2,5,5,0,45,19,1.57,0.66,31,46,6,81,11,13,,,0.0,0.0,2,0.0,0.0,0.0,0.0,0.0,0.0,0.0,0.0,0.0,0.0,0.10452961672473868,0.06968641114982578,0.17421602787456447,1.5679442508710801,0.662020905923345,1.0801393728222997,1.602787456445993,0.20905923344947736,2.822299651567944,0.3832752613240418,0.4529616724738676,0.0,0.0,0.0,0.0,0.0,0.0,0.0,0.0,0.0,MF
ENG-Premier League,2425,Ipswich Town,Sam Morsy,EGY,MF,32.0,30.6,1,1,2,10,0,13,3,0.43,0.1,48,27,0,15,28,39,,,0.0,0.0,1,0.0,0.0,0.0,0.0,0.0,0.0,0.0,0.0,0.0,0.0,0.032679738562091505,0.032679738562091505,0.06535947712418301,0.42483660130718953,0.09803921568627451,1.5686274509803921,0.8823529411764706,0.0,0.49019607843137253,0.9150326797385621,1.2745098039215685,0.0,0.0,0.0,0.0,0.0,0.0,0.0,0.0,0.0,MF
ENG-Premier League,2425,Ipswich Town,Sammie Szmodics,IRL,MF,28.0,11.0,4,0,4,2,0,21,12,1.91,1.09,9,8,8,14,5,12,,,0.0,0.0,0,0.0,0.0,0.0,0.0,0.0,0.0,0.0,0.0,0.0,0.0,0.36363636363636365,0.0,0.36363636363636365,1.9090909090909092,1.0909090909090908,0.8181818181818182,0.7272727272727273,0.7272727272727273,1.2727272727272727,0.45454545454545453,1.0909090909090908,0.0,0.0,0.0,0.0,0.0,0.0,0.0,0.0,0.0,MF
ENG-Premier League,2425,Ipswich Town,Wes Burns,WAL,MF,29.0,10.3,0,1,1,1,0,7,1,0.68,0.1,4,11,0,45,10,11,,,0.0,0.0,1,0.0,0.0,0.0,0.0,0.0,0.0,0.0,0.0,0.0,0.0,0.0,0.0970873786407767,0.0970873786407767,0.6796116504854368,0.0970873786407767,0.3883495145631068,1.0679611650485437,0.0,4.368932038834951,0.9708737864077669,1.0679611650485437,0.0,0.0,0.0,0.0,0.0,0.0,0.0,0.0,0.0,MF
ENG-Premier League,2425,Leicester City,Bilal El Khannouss,MAR,MF,20.0,24.2,2,3,5,4,0,30,7,1.24,0.29,30,13,1,89,5,30,,,0.0,0.0,3,0.0,0.0,0.0,0.0,0.0,0.0,0.0,0.0,0.0,0.0,0.08264462809917356,0.12396694214876033,0.2066115702479339,1.2396694214876034,0.2892561983471075,1.2396694214876034,0.5371900826446281,0.04132231404958678,3.677685950413223,0.2066115702479339,1.2396694214876034,0.0,0.0,0.0,0.0,0.0,0.0,0.0,0.0,0.0,MF
ENG-Premier League,2425,Leicester City,Boubakary Soumaré,FRA,MF,25.0,24.1,0,0,0,8,0,7,0,0.29,0.0,24,23,0,10,27,19,,,0.0,0.0,0,0.0,0.0,0.0,0.0,0.0,0.0,0.0,0.0,0.0,0.0,0.0,0.0,0.0,0.2904564315352697,0.0,0.9958506224066389,0.954356846473029,0.0,0.41493775933609955,1.120331950207469,0.7883817427385892,0.0,0.0,0.0,0.0,0.0,0.0,0.0,0.0,0.0,MF
ENG-Premier League,2425,Leicester City,Caleb Okoli,ITA,DF,23.0,12.5,1,0,1,4,0,4,2,0.32,0.16,16,9,0,1,15,14,,,0.0,0.0,0,0.0,0.0,0.0,0.0,0.0,0.0,0.0,0.0,0.0,0.0,0.08,0.0,0.08,0.32,0.16,1.28,0.72,0.0,0.08,1.2,1.12,0.0,0.0,0.0,0.0,0.0,0.0,0.0,0.0,0.0,DF
ENG-Premier League,2425,Leicester City,Conor Coady,ENG,DF,31.0,19.0,1,0,1,3,0,2,2,0.11,0.11,8,3,1,0,12,9,,,0.0,0.0,0,0.0,0.0,0.0,0.0,0.0,0.0,0.0,0.0,0.0,0.0,0.05263157894736842,0.0,0.05263157894736842,0.10526315789473684,0.10526315789473684,0.42105263157894735,0.15789473684210525,0.05263157894736842,0.0,0.631578947368421,0.47368421052631576,0.0,0.0,0.0,0.0,0.0,0.0,0.0,0.0,0.0,DF
ENG-Premier League,2425,Leicester City,Facundo Buonanotte,ARG,"MF,FW",19.0,16.9,5,2,7,8,0,36,12,2.13,0.71,36,35,3,43,13,33,,,0.0,0.0,2,0.0,0.0,0.0,0.0,0.0,0.0,0.0,0.0,0.0,0.0,0.2958579881656805,0.1183431952662722,0.4142011834319527,2.1301775147928996,0.7100591715976332,2.1301775147928996,2.0710059171597637,0.1775147928994083,2.544378698224852,0.7692307692307693,1.9526627218934913,0.0,0.0,0.0,0.0,0.0,0.0,0.0,0.0,0.0,MF
ENG-Premier League,2425,Leicester City,Harry Winks,ENG,MF,28.0,17.1,0,2,2,4,0,10,4,0.59,0.23,9,13,0,33,8,10,,,0.0,0.0,2,0.0,0.0,0.0,0.0,0.0,0.0,0.0,0.0,0.0,0.0,0.0,0.11695906432748537,0.11695906432748537,0.5847953216374269,0.23391812865497075,0.5263157894736842,0.7602339181286549,0.0,1.9298245614035086,0.4678362573099415,0.5847953216374269,0.0,0.0,0.0,0.0,0.0,0.0,0.0,0.0,0.0,MF
ENG-Premier League,2425,Leicester City,Jakub Stolarczyk,POL,GK,23.0,10.0,0,0,0,1,0,0,0,0.0,0.0,0,0,0,0,0,1,,,0.0,0.0,0,0.0,0.0,0.0,0.0,0.0,0.0,0.0,0.0,0.0,0.0,0.0,0.0,0.0,0.0,0.0,0.0,0.0,0.0,0.0,0.0,0.1,0.0,0.0,0.0,0.0,0.0,0.0,0.0,0.0,0.0,GK
ENG-Premier League,2425,Leicester City,James Justin,ENG,"DF,MF",26.0,32.4,2,2,4,6,0,25,7,0.77,0.22,28,44,2,57,44,38,,,0.0,0.0,2,0.0,0.0,0.0,0.0,0.0,0.0,0.0,0.0,0.0,0.0,0.0617283950617284,0.0617283950617284,0.1234567901234568,0.7716049382716049,0.2160493827160494,0.8641975308641976,1.3580246913580247,0.0617283950617284,1.7592592592592593,1.3580246913580247,1.1728395061728396,0.0,0.0,0.0,0.0,0.0,0.0,0.0,0.0,0.0,DF
ENG-Premier League,2425,Leicester City,Jamie Vardy,ENG,FW,37.0,31.4,9,4,13,5,0,58,26,1.85,0.83,27,23,27,11,5,12,,,0.0,0.0,4,0.0,0.0,0.0,0.0,0.0,0.0,0.0,0.0,0.0,0.0,0.28662420382165604,0.12738853503184713,0.4140127388535032,1.8471337579617835,0.8280254777070064,0.8598726114649682,0.7324840764331211,0.8598726114649682,0.35031847133757965,0.15923566878980894,0.3821656050955414,0.0,0.0,0.0,0.0,0.0,0.0,0.0,0.0,0.0,FW
ENG-Premier League,2425,Leicester City,Jannik Vestergaard,DEN,DF,31.0,15.5,0,0,0,5,0,3,2,0.19,0.13,12,4,0,0,15,10,,,0.0,0.0,0,0.0,0.0,0.0,0.0,0.0,0.0,0.0,0.0,0.0,0.0,0.0,0.0,0.0,0.1935483870967742,0.12903225806451613,0.7741935483870968,0.25806451612903225,0.0,0.0,0.967741935483871,0.6451612903225806,0.0,0.0,0.0,0.0,0.0,0.0,0.0,0.0,0.0,DF
ENG-Premier League,2425,Leicester City,Jordan Ayew,GHA,MF,32.0,18.2,5,0,5,5,0,32,10,1.76,0.55,30,58,7,57,11,14,,,0.0,0.0,0,0.0,0.0,0.0,0.0,0.0,0.0,0.0,0.0,0.0,0.0,0.27472527472527475,0.0,0.27472527472527475,1.7582417582417582,0.5494505494505495,1.6483516483516485,3.186813186813187,0.38461538461538464,3.131868131868132,0.6043956043956045,0.7692307692307693,0.0,0.0,0.0,0.0,0.0,0.0,0.0,0.0,0.0,MF
ENG-Premier League,2425,Leicester City,Luke Thomas,ENG,DF,23.0,12.3,0,0,0,3,0,5,0,0.41,0.0,16,10,0,28,20,25,,,0.0,0.0,0,0.0,0.0,0.0,0.0,0.0,0.0,0.0,0.0,0.0,0.0,0.0,0.0,0.0,0.4065040650406504,0.0,1.3008130081300813,0.8130081300813008,0.0,2.2764227642276422,1.6260162601626016,2.0325203252032518,0.0,0.0,0.0,0.0,0.0,0.0,0.0,0.0,0.0,DF
ENG-Premier League,2425,Leicester City,Mads Hermansen,DEN,GK,24.0,26.5,0,0,0,1,0,0,0,0.0,0.0,0,3,0,0,0,1,,,0.0,0.0,0,0.0,0.0,0.0,0.0,0.0,0.0,0.0,0.0,0.0,0.0,0.0,0.0,0.0,0.0,0.0,0.0,0.11320754716981132,0.0,0.0,0.0,0.03773584905660377,0.0,0.0,0.0,0.0,0.0,0.0,0.0,0.0,0.0,GK
ENG-Premier League,2425,Leicester City,Oliver Skipp,ENG,MF,23.0,12.5,0,0,0,8,0,5,1,0.4,0.08,21,13,0,5,12,4,,,0.0,0.0,0,0.0,0.0,0.0,0.0,0.0,0.0,0.0,0.0,0.0,0.0,0.0,0.0,0.0,0.4,0.08,1.68,1.04,0.0,0.4,0.96,0.32,0.0,0.0,0.0,0.0,0.0,0.0,0.0,0.0,0.0,MF
ENG-Premier League,2425,Leicester City,Stephy Mavididi,ENG,MF,26.0,17.9,4,1,5,2,0,26,7,1.45,0.39,18,18,3,70,8,20,,,0.0,0.0,1,0.0,0.0,0.0,0.0,0.0,0.0,0.0,0.0,0.0,0.0,0.223463687150838,0.0558659217877095,0.2793296089385475,1.452513966480447,0.3910614525139665,1.005586592178771,1.005586592178771,0.1675977653631285,3.910614525139665,0.446927374301676,1.11731843575419,0.0,0.0,0.0,0.0,0.0,0.0,0.0,0.0,0.0,MF
ENG-Premier League,2425,Leicester City,Victor Bernth Kristiansen,DEN,"DF,MF",21.0,27.6,0,1,1,1,0,3,0,0.11,0.0,19,18,3,96,37,51,,,0.0,0.0,1,0.0,0.0,0.0,0.0,0.0,0.0,0.0,0.0,0.0,0.0,0.0,0.036231884057971016,0.036231884057971016,0.10869565217391304,0.0,0.6884057971014492,0.6521739130434783,0.10869565217391304,3.4782608695652173,1.3405797101449275,1.8478260869565217,0.0,0.0,0.0,0.0,0.0,0.0,0.0,0.0,0.0,DF
ENG-Premier League,2425,Leicester City,Wilfred Ndidi,NGA,MF,27.0,25.8,0,5,5,8,0,22,8,0.85,0.31,39,18,3,30,27,48,,,0.0,0.0,5,0.0,0.0,0.0,0.0,0.0,0.0,0.0,0.0,0.0,0.0,0.0,0.19379844961240308,0.19379844961240308,0.8527131782945736,0.31007751937984496,1.5116279069767442,0.6976744186046512,0.11627906976744186,1.1627906976744187,1.0465116279069766,1.8604651162790697,0.0,0.0,0.0,0.0,0.0,0.0,0.0,0.0,0.0,MF
ENG-Premier League,2425,Leicester City,Wout Faes,BEL,DF,26.0,31.3,1,0,1,4,0,12,1,0.38,0.03,23,11,1,5,22,28,,,0.0,0.0,0,0.0,0.0,0.0,0.0,0.0,0.0,0.0,0.0,0.0,0.0,0.03194888178913738,0.0,0.03194888178913738,0.38338658146964855,0.03194888178913738,0.7348242811501597,0.3514376996805112,0.03194888178913738,0.1597444089456869,0.7028753993610224,0.8945686900958466,0.0,0.0,0.0,0.0,0.0,0.0,0.0,0.0,0.0,DF
ENG-Premier League,2425,Liverpool,Alexis Mac Allister,ARG,MF,25.0,28.9,5,5,10,6,0,38,14,1.32,0.48,62,40,2,86,22,59,,,0.0,0.0,5,0.0,0.0,0.0,0.0,0.0,0.0,0.0,0.0,0.0,0.0,0.17301038062283738,0.17301038062283738,0.34602076124567477,1.3148788927335642,0.4844290657439447,2.1453287197231834,1.384083044982699,0.06920415224913495,2.975778546712803,0.7612456747404844,2.041522491349481,0.0,0.0,0.0,0.0,0.0,0.0,0.0,0.0,0.0,MF
ENG-Premier League,2425,Liverpool,Alisson,BRA,GK,31.0,27.9,0,0,0,0,0,0,0,0.0,0.0,0,2,0,0,0,0,,,0.0,0.0,0,0.0,0.0,0.0,0.0,0.0,0.0,0.0,0.0,0.0,0.0,0.0,0.0,0.0,0.0,0.0,0.0,0.07168458781362008,0.0,0.0,0.0,0.0,0.0,0.0,0.0,0.0,0.0,0.0,0.0,0.0,0.0,GK
ENG-Premier League,2425,Liverpool,Andy Robertson,SCO,DF,30.0,27.6,0,1,1,3,1,15,3,0.54,0.11,11,8,3,145,21,21,,,0.0,0.0,1,0.0,0.0,0.0,0.0,0.0,0.0,0.0,0.0,0.0,0.0,0.0,0.036231884057971016,0.036231884057971016,0.5434782608695652,0.10869565217391304,0.39855072463768115,0.2898550724637681,0.10869565217391304,5.253623188405797,0.7608695652173912,0.7608695652173912,0.0,0.0,0.0,0.0,0.0,0.0,0.0,0.0,0.0,DF
ENG-Premier League,2425,Liverpool,Caoimhín Kelleher,IRL,GK,25.0,10.0,0,0,0,0,0,0,0,0.0,0.0,0,3,0,0,0,0,,,0.0,0.0,0,0.0,0.0,0.0,0.0,0.0,0.0,0.0,0.0,0.0,0.0,0.0,0.0,0.0,0.0,0.0,0.0,0.3,0.0,0.0,0.0,0.0,0.0,0.0,0.0,0.0,0.0,0.0,0.0,0.0,0.0,GK
ENG-Premier League,2425,Liverpool,Cody Gakpo,NED,MF,25.0,21.5,10,4,14,5,0,57,23,2.65,1.07,20,31,5,73,12,17,,,0.0,0.0,4,0.0,0.0,0.0,0.0,0.0,0.0,0.0,0.0,0.0,0.0,0.46511627906976744,0.18604651162790697,0.6511627906976745,2.6511627906976742,1.069767441860465,0.9302325581395349,1.441860465116279,0.23255813953488372,3.395348837209302,0.5581395348837209,0.7906976744186046,0.0,0.0,0.0,0.0,0.0,0.0,0.0,0.0,0.0,MF
ENG-Premier League,2425,Liverpool,Curtis Jones,ENG,"MF,DF",23.0,19.0,3,3,6,3,1,34,13,1.79,0.68,18,25,1,8,7,22,,,0.0,0.0,3,0.0,0.0,0.0,0.0,0.0,0.0,0.0,0.0,0.0,0.0,0.15789473684210525,0.15789473684210525,0.3157894736842105,1.7894736842105263,0.6842105263157895,0.9473684210526315,1.3157894736842106,0.05263157894736842,0.42105263157894735,0.3684210526315789,1.1578947368421053,0.0,0.0,0.0,0.0,0.0,0.0,0.0,0.0,0.0,MF
ENG-Premier League,2425,Liverpool,Darwin Núñez,URU,FW,25.0,12.6,5,2,7,8,0,34,13,2.7,1.03,27,14,12,3,4,18,,,0.0,0.0,2,0.0,0.0,0.0,0.0,0.0,0.0,0.0,0.0,0.0,0.0,0.39682539682539686,0.15873015873015872,0.5555555555555556,2.6984126984126986,1.0317460317460319,2.142857142857143,1.1111111111111112,0.9523809523809524,0.2380952380952381,0.31746031746031744,1.4285714285714286,0.0,0.0,0.0,0.0,0.0,0.0,0.0,0.0,0.0,FW
ENG-Premier League,2425,Liverpool,Diogo Jota,POR,FW,27.0,13.3,6,3,9,2,0,51,13,3.84,0.98,23,14,1,8,8,9,,,0.0,0.0,3,0.0,0.0,0.0,0.0,0.0,0.0,0.0,0.0,0.0,0.0,0.45112781954887216,0.22556390977443608,0.6766917293233082,3.834586466165413,0.9774436090225563,1.7293233082706767,1.0526315789473684,0.07518796992481203,0.6015037593984962,0.6015037593984962,0.6766917293233082,0.0,0.0,0.0,0.0,0.0,0.0,0.0,0.0,0.0,FW
ENG-Premier League,2425,Liverpool,Dominik Szoboszlai,HUN,MF,23.0,27.7,6,6,12,6,0,67,23,2.42,0.83,44,24,4,40,9,23,,,0.0,0.0,6,0.0,0.0,0.0,0.0,0.0,0.0,0.0,0.0,0.0,0.0,0.21660649819494585,0.21660649819494585,0.4332129963898917,2.4187725631768955,0.8303249097472925,1.588447653429603,0.8664259927797834,0.1444043321299639,1.444043321299639,0.3249097472924188,0.8303249097472925,0.0,0.0,0.0,0.0,0.0,0.0,0.0,0.0,0.0,MF
ENG-Premier League,2425,Liverpool,Ibrahima Konaté,FRA,DF,25.0,28.4,1,2,3,5,0,19,4,0.67,0.14,27,20,0,0,19,28,,,0.0,0.0,2,0.0,0.0,0.0,0.0,0.0,0.0,0.0,0.0,0.0,0.0,0.035211267605633804,0.07042253521126761,0.10563380281690142,0.6690140845070423,0.14084507042253522,0.9507042253521127,0.7042253521126761,0.0,0.0,0.6690140845070423,0.9859154929577465,0.0,0.0,0.0,0.0,0.0,0.0,0.0,0.0,0.0,DF
ENG-Premier League,2425,Liverpool,Luis Díaz,COL,"FW,MF",27.0,26.7,13,5,18,2,0,71,30,2.66,1.13,48,31,10,32,7,27,,,0.0,0.0,5,0.0,0.0,0.0,0.0,0.0,0.0,0.0,0.0,0.0,0.0,0.4868913857677903,0.18726591760299627,0.6741573033707865,2.659176029962547,1.1235955056179776,1.797752808988764,1.1610486891385767,0.37453183520599254,1.198501872659176,0.2621722846441948,1.0112359550561798,0.0,0.0,0.0,0.0,0.0,0.0,0.0,0.0,0.0,FW
ENG-Premier League,2425,Liverpool,Mohamed Salah,EGY,MF,32.0,37.5,29,18,47,1,0,130,61,3.47,1.63,25,39,18,79,9,11,,,0.0,0.0,18,0.0,0.0,0.0,0.0,0.0,0.0,0.0,0.0,0.0,0.0,0.7733333333333333,0.48,1.2533333333333334,3.466666666666667,1.6266666666666667,0.6666666666666666,1.04,0.48,2.1066666666666665,0.24,0.29333333333333333,0.0,0.0,0.0,0.0,0.0,0.0,0.0,0.0,0.0,MF
ENG-Premier League,2425,Liverpool,Ryan Gravenberch,NED,MF,22.0,35.1,0,4,4,6,1,20,5,0.57,0.14,47,52,0,7,56,37,,,0.0,0.0,4,0.0,0.0,0.0,0.0,0.0,0.0,0.0,0.0,0.0,0.0,0.0,0.11396011396011396,0.11396011396011396,0.5698005698005698,0.14245014245014245,1.339031339031339,1.4814814814814814,0.0,0.19943019943019943,1.5954415954415955,1.054131054131054,0.0,0.0,0.0,0.0,0.0,0.0,0.0,0.0,0.0,MF
ENG-Premier League,2425,Liverpool,Trent Alexander-Arnold,ENG,DF,25.0,26.3,3,6,9,5,0,45,8,1.71,0.3,11,9,1,154,31,49,,,0.0,0.0,6,0.0,0.0,0.0,0.0,0.0,0.0,0.0,0.0,0.0,0.0,0.11406844106463879,0.22813688212927757,0.34220532319391633,1.7110266159695817,0.3041825095057034,0.4182509505703422,0.34220532319391633,0.03802281368821293,5.855513307984791,1.1787072243346006,1.8631178707224334,0.0,0.0,0.0,0.0,0.0,0.0,0.0,0.0,0.0,DF
ENG-Premier League,2425,Liverpool,Virgil van Dijk,NED,DF,33.0,37.0,3,1,4,5,0,26,8,0.7,0.22,17,13,0,1,54,20,,,0.0,0.0,1,0.0,0.0,0.0,0.0,0.0,0.0,0.0,0.0,0.0,0.0,0.08108108108108109,0.02702702702702703,0.10810810810810811,0.7027027027027027,0.21621621621621623,0.4594594594594595,0.35135135135135137,0.0,0.02702702702702703,1.4594594594594594,0.5405405405405406,0.0,0.0,0.0,0.0,0.0,0.0,0.0,0.0,0.0,DF
ENG-Premier League,2425,Manchester City,Bernardo Silva,POR,MF,29.0,29.7,4,4,8,7,0,32,12,1.08,0.4,27,31,3,60,21,35,,,0.0,0.0,4,0.0,0.0,0.0,0.0,0.0,0.0,0.0,0.0,0.0,0.0,0.13468013468013468,0.13468013468013468,0.26936026936026936,1.0774410774410774,0.40404040404040403,0.9090909090909091,1.043771043771044,0.10101010101010101,2.0202020202020203,0.7070707070707071,1.1784511784511784,0.0,0.0,0.0,0.0,0.0,0.0,0.0,0.0,0.0,MF
ENG-Premier League,2425,Manchester City,Ederson Moraes,BRA,GK,30.0,25.8,0,4,4,4,0,0,0,0.0,0.0,1,0,0,0,1,0,,,0.0,0.0,4,0.0,0.0,0.0,0.0,0.0,0.0,0.0,0.0,0.0,0.0,0.0,0.15503875968992248,0.15503875968992248,0.0,0.0,0.03875968992248062,0.0,0.0,0.0,0.03875968992248062,0.0,0.0,0.0,0.0,0.0,0.0,0.0,0.0,0.0,0.0,GK
ENG-Premier League,2425,Manchester City,Erling Haaland,NOR,FW,24.0,30.4,22,3,25,2,0,109,60,3.59,1.97,24,13,4,3,5,6,,,0.0,0.0,3,0.0,0.0,0.0,0.0,0.0,0.0,0.0,0.0,0.0,0.0,0.7236842105263158,0.09868421052631579,0.8223684210526316,3.585526315789474,1.973684210526316,0.7894736842105263,0.4276315789473684,0.13157894736842105,0.09868421052631579,0.16447368421052633,0.19736842105263158,0.0,0.0,0.0,0.0,0.0,0.0,0.0,0.0,0.0,FW
ENG-Premier League,2425,Manchester City,Jeremy Doku,BEL,"MF,FW",22.0,16.8,3,6,9,1,0,29,9,1.72,0.53,10,33,5,59,3,23,,,0.0,0.0,6,0.0,0.0,0.0,0.0,0.0,0.0,0.0,0.0,0.0,0.0,0.17857142857142858,0.35714285714285715,0.5357142857142857,1.726190476190476,0.5357142857142857,0.5952380952380952,1.9642857142857142,0.2976190476190476,3.511904761904762,0.17857142857142858,1.369047619047619,0.0,0.0,0.0,0.0,0.0,0.0,0.0,0.0,0.0,MF
ENG-Premier League,2425,Manchester City,Joško Gvardiol,CRO,DF,22.0,36.4,5,0,5,2,0,40,12,1.1,0.33,16,27,3,22,42,38,,,0.0,0.0,0,0.0,0.0,0.0,0.0,0.0,0.0,0.0,0.0,0.0,0.0,0.13736263736263737,0.0,0.13736263736263737,1.098901098901099,0.32967032967032966,0.43956043956043955,0.7417582417582418,0.08241758241758242,0.6043956043956045,1.153846153846154,1.043956043956044,0.0,0.0,0.0,0.0,0.0,0.0,0.0,0.0,0.0,DF
ENG-Premier League,2425,Manchester City,Kevin De Bruyne,BEL,"MF,FW",33.0,18.9,4,7,11,2,0,57,18,3.01,0.95,17,18,5,144,7,9,,,0.0,0.0,7,0.0,0.0,0.0,0.0,0.0,0.0,0.0,0.0,0.0,0.0,0.21164021164021166,0.3703703703703704,0.5820105820105821,3.0158730158730163,0.9523809523809524,0.8994708994708995,0.9523809523809524,0.2645502645502646,7.6190476190476195,0.3703703703703704,0.4761904761904762,0.0,0.0,0.0,0.0,0.0,0.0,0.0,0.0,0.0,MF
ENG-Premier League,2425,Manchester City,Kyle Walker,ENG,DF,34.0,10.8,0,0,0,3,0,5,2,0.46,0.19,6,4,1,14,3,10,,,0.0,0.0,0,0.0,0.0,0.0,0.0,0.0,0.0,0.0,0.0,0.0,0.0,0.0,0.0,0.0,0.4629629629629629,0.18518518518518517,0.5555555555555555,0.37037037037037035,0.09259259259259259,1.2962962962962963,0.27777777777777773,0.9259259259259258,0.0,0.0,0.0,0.0,0.0,0.0,0.0,0.0,0.0,DF
ENG-Premier League,2425,Manchester City,Manuel Akanji,SUI,"DF,MF",29.0,22.4,0,0,0,3,0,15,2,0.67,0.09,17,9,0,11,9,11,,,0.0,0.0,0,0.0,0.0,0.0,0.0,0.0,0.0,0.0,0.0,0.0,0.0,0.0,0.0,0.0,0.6696428571428572,0.08928571428571429,0.7589285714285715,0.4017857142857143,0.0,0.4910714285714286,0.4017857142857143,0.4910714285714286,0.0,0.0,0.0,0.0,0.0,0.0,0.0,0.0,0.0,DF
ENG-Premier League,2425,Manchester City,Mateo Kovačić,CRO,"MF,DF",30.0,24.4,6,2,8,5,1,45,12,1.84,0.49,24,26,0,0,22,39,,,0.0,0.0,2,0.0,0.0,0.0,0.0,0.0,0.0,0.0,0.0,0.0,0.0,0.24590163934426232,0.0819672131147541,0.3278688524590164,1.8442622950819674,0.49180327868852464,0.9836065573770493,1.0655737704918034,0.0,0.0,0.9016393442622951,1.598360655737705,0.0,0.0,0.0,0.0,0.0,0.0,0.0,0.0,0.0,MF
ENG-Premier League,2425,Manchester City,Matheus Nunes,POR,"DF,MF",25.0,18.6,1,6,7,4,0,9,4,0.48,0.22,30,20,6,45,14,21,,,0.0,0.0,6,0.0,0.0,0.0,0.0,0.0,0.0,0.0,0.0,0.0,0.0,0.05376344086021505,0.3225806451612903,0.3763440860215054,0.48387096774193544,0.2150537634408602,1.6129032258064515,1.075268817204301,0.3225806451612903,2.419354838709677,0.7526881720430108,1.129032258064516,0.0,0.0,0.0,0.0,0.0,0.0,0.0,0.0,0.0,DF
ENG-Premier League,2425,Manchester City,Omar Marmoush,EGY,"MF,FW",25.0,13.1,7,0,7,0,0,49,17,3.75,1.3,15,20,10,29,6,8,,,0.0,0.0,0,0.0,0.0,0.0,0.0,0.0,0.0,0.0,0.0,0.0,0.0,0.5343511450381679,0.0,0.5343511450381679,3.740458015267176,1.297709923664122,1.1450381679389314,1.5267175572519085,0.7633587786259542,2.213740458015267,0.4580152671755725,0.6106870229007634,0.0,0.0,0.0,0.0,0.0,0.0,0.0,0.0,0.0,MF
ENG-Premier League,2425,Manchester City,Phil Foden,ENG,"MF,FW",24.0,19.7,7,2,9,2,0,54,16,2.73,0.81,5,35,3,81,9,5,,,0.0,0.0,2,0.0,0.0,0.0,0.0,0.0,0.0,0.0,0.0,0.0,0.0,0.3553299492385787,0.10152284263959391,0.4568527918781726,2.7411167512690358,0.8121827411167513,0.25380710659898476,1.7766497461928934,0.15228426395939088,4.111675126903553,0.4568527918781726,0.25380710659898476,0.0,0.0,0.0,0.0,0.0,0.0,0.0,0.0,0.0,MF
ENG-Premier League,2425,Manchester City,Rico Lewis,ENG,"DF,MF",19.0,21.0,1,2,3,5,1,10,2,0.48,0.1,12,34,0,7,14,17,,,0.0,0.0,2,0.0,0.0,0.0,0.0,0.0,0.0,0.0,0.0,0.0,0.0,0.047619047619047616,0.09523809523809523,0.14285714285714285,0.47619047619047616,0.09523809523809523,0.5714285714285714,1.619047619047619,0.0,0.3333333333333333,0.6666666666666666,0.8095238095238095,0.0,0.0,0.0,0.0,0.0,0.0,0.0,0.0,0.0,DF
ENG-Premier League,2425,Manchester City,Rúben Dias,POR,"DF,MF",27.0,25.2,0,0,0,4,0,21,7,0.83,0.28,12,8,0,3,19,11,,,0.0,0.0,0,0.0,0.0,0.0,0.0,0.0,0.0,0.0,0.0,0.0,0.0,0.0,0.0,0.0,0.8333333333333334,0.2777777777777778,0.4761904761904762,0.31746031746031744,0.0,0.11904761904761905,0.753968253968254,0.4365079365079365,0.0,0.0,0.0,0.0,0.0,0.0,0.0,0.0,0.0,DF
ENG-Premier League,2425,Manchester City,Stefan Ortega,GER,GK,31.0,12.2,0,0,0,1,0,0,0,0.0,0.0,1,2,0,0,0,0,,,0.0,0.0,0,0.0,0.0,0.0,0.0,0.0,0.0,0.0,0.0,0.0,0.0,0.0,0.0,0.0,0.0,0.0,0.0819672131147541,0.1639344262295082,0.0,0.0,0.0,0.0,0.0,0.0,0.0,0.0,0.0,0.0,0.0,0.0,0.0,GK
ENG-Premier League,2425,Manchester City,Sávio,BRA,"MF,FW",20.0,19.6,1,8,9,3,0,55,21,2.8,1.07,17,28,3,84,4,17,,,0.0,0.0,8,0.0,0.0,0.0,0.0,0.0,0.0,0.0,0.0,0.0,0.0,0.0510204081632653,0.4081632653061224,0.4591836734693877,2.8061224489795915,1.0714285714285714,0.8673469387755102,1.4285714285714284,0.1530612244897959,4.285714285714286,0.2040816326530612,0.8673469387755102,0.0,0.0,0.0,0.0,0.0,0.0,0.0,0.0,0.0,MF
ENG-Premier League,2425,Manchester City,İlkay Gündoğan,GER,MF,33.0,24.7,1,6,7,1,0,27,7,1.09,0.28,15,27,1,62,14,13,,,0.0,0.0,6,0.0,0.0,0.0,0.0,0.0,0.0,0.0,0.0,0.0,0.0,0.04048582995951417,0.24291497975708504,0.2834008097165992,1.0931174089068827,0.2834008097165992,0.6072874493927126,1.0931174089068827,0.04048582995951417,2.5101214574898787,0.5668016194331984,0.5263157894736842,0.0,0.0,0.0,0.0,0.0,0.0,0.0,0.0,0.0,MF
ENG-Premier League,2425,Manchester Utd,Alejandro Garnacho,ARG,MF,20.0,24.4,6,2,8,3,0,84,30,3.44,1.23,12,44,10,55,13,16,,,0.0,0.0,2,0.0,0.0,0.0,0.0,0.0,0.0,0.0,0.0,0.0,0.0,0.24590163934426232,0.0819672131147541,0.3278688524590164,3.4426229508196724,1.2295081967213115,0.49180327868852464,1.8032786885245902,0.4098360655737705,2.2540983606557377,0.5327868852459017,0.6557377049180328,0.0,0.0,0.0,0.0,0.0,0.0,0.0,0.0,0.0,MF
ENG-Premier League,2425,Manchester Utd,Amad Diallo,CIV,"MF,FW",22.0,21.1,8,6,14,5,0,47,17,2.23,0.8,20,28,9,43,10,31,,,0.0,0.0,6,0.0,0.0,0.0,0.0,0.0,0.0,0.0,0.0,0.0,0.0,0.3791469194312796,0.2843601895734597,0.6635071090047393,2.2274881516587675,0.8056872037914692,0.947867298578199,1.3270142180094786,0.42654028436018954,2.037914691943128,0.4739336492890995,1.4691943127962084,0.0,0.0,0.0,0.0,0.0,0.0,0.0,0.0,0.0,MF
ENG-Premier League,2425,Manchester Utd,André Onana,CMR,GK,28.0,34.0,0,0,0,0,0,0,0,0.0,0.0,0,2,0,0,0,2,,,0.0,0.0,0,0.0,0.0,0.0,0.0,0.0,0.0,0.0,0.0,0.0,0.0,0.0,0.0,0.0,0.0,0.0,0.0,0.058823529411764705,0.0,0.0,0.0,0.058823529411764705,0.0,0.0,0.0,0.0,0.0,0.0,0.0,0.0,0.0,GK
ENG-Premier League,2425,Manchester Utd,Bruno Fernandes,POR,MF,29.0,33.5,8,10,18,5,2,96,29,2.86,0.86,32,40,2,185,26,52,,,0.0,0.0,10,0.0,0.0,0.0,0.0,0.0,0.0,0.0,0.0,0.0,0.0,0.23880597014925373,0.29850746268656714,0.5373134328358209,2.8656716417910446,0.8656716417910447,0.9552238805970149,1.1940298507462686,0.05970149253731343,5.522388059701493,0.7761194029850746,1.5522388059701493,0.0,0.0,0.0,0.0,0.0,0.0,0.0,0.0,0.0,MF
ENG-Premier League,2425,Manchester Utd,Casemiro,BRA,MF,32.0,16.6,1,0,1,5,0,32,10,1.93,0.6,20,19,3,20,15,52,,,0.0,0.0,0,0.0,0.0,0.0,0.0,0.0,0.0,0.0,0.0,0.0,0.0,0.06024096385542168,0.0,0.06024096385542168,1.9277108433734937,0.6024096385542168,1.2048192771084336,1.1445783132530118,0.18072289156626503,1.2048192771084336,0.9036144578313252,3.1325301204819276,0.0,0.0,0.0,0.0,0.0,0.0,0.0,0.0,0.0,MF
ENG-Premier League,2425,Manchester Utd,Christian Eriksen,DEN,MF,32.0,11.8,1,2,3,4,0,15,2,1.27,0.17,8,3,0,84,7,8,,,0.0,0.0,2,0.0,0.0,0.0,0.0,0.0,0.0,0.0,0.0,0.0,0.0,0.0847457627118644,0.1694915254237288,0.2542372881355932,1.271186440677966,0.1694915254237288,0.6779661016949152,0.2542372881355932,0.0,7.11864406779661,0.5932203389830508,0.6779661016949152,0.0,0.0,0.0,0.0,0.0,0.0,0.0,0.0,0.0,MF
ENG-Premier League,2425,Manchester Utd,Diogo Dalot,POR,"MF,DF",25.0,31.3,0,3,3,5,0,24,5,0.77,0.16,40,9,4,64,35,38,,,0.0,0.0,3,0.0,0.0,0.0,0.0,0.0,0.0,0.0,0.0,0.0,0.0,0.0,0.09584664536741214,0.09584664536741214,0.7667731629392971,0.1597444089456869,1.2779552715654952,0.28753993610223644,0.12779552715654952,2.0447284345047922,1.1182108626198082,1.2140575079872205,0.0,0.0,0.0,0.0,0.0,0.0,0.0,0.0,0.0,MF
ENG-Premier League,2425,Manchester Utd,Harry Maguire,ENG,DF,31.0,19.5,1,0,1,7,0,15,7,0.77,0.36,18,11,3,3,37,16,,,0.0,0.0,0,0.0,0.0,0.0,0.0,0.0,0.0,0.0,0.0,0.0,0.0,0.05128205128205128,0.0,0.05128205128205128,0.7692307692307693,0.358974358974359,0.9230769230769231,0.5641025641025641,0.15384615384615385,0.15384615384615385,1.8974358974358974,0.8205128205128205,0.0,0.0,0.0,0.0,0.0,0.0,0.0,0.0,0.0,DF
ENG-Premier League,2425,Manchester Utd,Joshua Zirkzee,NED,"FW,MF",23.0,15.6,3,1,4,2,0,28,11,1.8,0.71,9,13,3,3,6,8,,,0.0,0.0,1,0.0,0.0,0.0,0.0,0.0,0.0,0.0,0.0,0.0,0.0,0.19230769230769232,0.06410256410256411,0.25641025641025644,1.794871794871795,0.7051282051282052,0.576923076923077,0.8333333333333334,0.19230769230769232,0.19230769230769232,0.38461538461538464,0.5128205128205129,0.0,0.0,0.0,0.0,0.0,0.0,0.0,0.0,0.0,FW
ENG-Premier League,2425,Manchester Utd,Kobbie Mainoo,ENG,MF,19.0,18.3,0,0,0,5,0,15,2,0.82,0.11,27,21,3,7,19,28,,,0.0,0.0,0,0.0,0.0,0.0,0.0,0.0,0.0,0.0,0.0,0.0,0.0,0.0,0.0,0.0,0.819672131147541,0.1092896174863388,1.4754098360655736,1.1475409836065573,0.16393442622950818,0.3825136612021858,1.0382513661202186,1.530054644808743,0.0,0.0,0.0,0.0,0.0,0.0,0.0,0.0,0.0,MF
ENG-Premier League,2425,Manchester Utd,Leny Yoro,FRA,DF,18.0,12.9,0,0,0,5,0,5,1,0.39,0.08,9,2,1,1,17,11,,,0.0,0.0,0,0.0,0.0,0.0,0.0,0.0,0.0,0.0,0.0,0.0,0.0,0.0,0.0,0.0,0.38759689922480617,0.07751937984496124,0.6976744186046512,0.15503875968992248,0.07751937984496124,0.07751937984496124,1.317829457364341,0.8527131782945736,0.0,0.0,0.0,0.0,0.0,0.0,0.0,0.0,0.0,DF
ENG-Premier League,2425,Manchester Utd,Lisandro Martínez,ARG,DF,26.0,19.5,2,1,3,7,0,17,6,0.87,0.31,22,7,0,9,31,24,,,0.0,0.0,1,0.0,0.0,0.0,0.0,0.0,0.0,0.0,0.0,0.0,0.0,0.10256410256410256,0.05128205128205128,0.15384615384615385,0.8717948717948718,0.3076923076923077,1.1282051282051282,0.358974358974359,0.0,0.46153846153846156,1.5897435897435896,1.2307692307692308,0.0,0.0,0.0,0.0,0.0,0.0,0.0,0.0,0.0,DF
ENG-Premier League,2425,Manchester Utd,Manuel Ugarte,URU,MF,23.0,19.8,1,2,3,11,0,19,4,0.96,0.2,41,33,0,7,26,50,,,0.0,0.0,2,0.0,0.0,0.0,0.0,0.0,0.0,0.0,0.0,0.0,0.0,0.050505050505050504,0.10101010101010101,0.15151515151515152,0.9595959595959596,0.20202020202020202,2.0707070707070705,1.6666666666666665,0.0,0.35353535353535354,1.3131313131313131,2.525252525252525,0.0,0.0,0.0,0.0,0.0,0.0,0.0,0.0,0.0,MF
ENG-Premier League,2425,Manchester Utd,Marcus Rashford,ENG,MF,26.0,10.9,4,1,5,2,0,16,9,1.47,0.83,8,7,7,27,5,4,,,0.0,0.0,1,0.0,0.0,0.0,0.0,0.0,0.0,0.0,0.0,0.0,0.0,0.36697247706422015,0.09174311926605504,0.4587155963302752,1.4678899082568806,0.8256880733944953,0.7339449541284403,0.6422018348623852,0.6422018348623852,2.477064220183486,0.4587155963302752,0.36697247706422015,0.0,0.0,0.0,0.0,0.0,0.0,0.0,0.0,0.0,MF
ENG-Premier League,2425,Manchester Utd,Matthijs de Ligt,NED,DF,24.0,23.6,2,0,2,3,0,18,10,0.76,0.42,16,12,2,6,32,22,,,0.0,0.0,0,0.0,0.0,0.0,0.0,0.0,0.0,0.0,0.0,0.0,0.0,0.0847457627118644,0.0,0.0847457627118644,0.7627118644067796,0.423728813559322,0.6779661016949152,0.5084745762711864,0.0847457627118644,0.2542372881355932,1.3559322033898304,0.9322033898305084,0.0,0.0,0.0,0.0,0.0,0.0,0.0,0.0,0.0,DF
ENG-Premier League,2425,Manchester Utd,Noussair Mazraoui,MAR,"DF,MF",26.0,31.5,0,1,1,3,0,13,3,0.41,0.1,38,25,4,23,35,71,,,0.0,0.0,1,0.0,0.0,0.0,0.0,0.0,0.0,0.0,0.0,0.0,0.0,0.0,0.031746031746031744,0.031746031746031744,0.4126984126984127,0.09523809523809523,1.2063492063492063,0.7936507936507936,0.12698412698412698,0.7301587301587301,1.1111111111111112,2.253968253968254,0.0,0.0,0.0,0.0,0.0,0.0,0.0,0.0,0.0,DF
ENG-Premier League,2425,Manchester Utd,Rasmus Højlund,DEN,FW,21.0,22.3,4,0,4,2,0,32,13,1.44,0.58,18,28,13,7,2,1,,,0.0,0.0,0,0.0,0.0,0.0,0.0,0.0,0.0,0.0,0.0,0.0,0.0,0.17937219730941703,0.0,0.17937219730941703,1.4349775784753362,0.5829596412556054,0.8071748878923767,1.2556053811659191,0.5829596412556054,0.3139013452914798,0.08968609865470852,0.04484304932735426,0.0,0.0,0.0,0.0,0.0,0.0,0.0,0.0,0.0,FW
ENG-Premier League,2425,Newcastle,Alexander Isak,SWE,FW,24.0,30.6,23,6,29,1,0,99,46,3.23,1.5,28,14,20,16,3,5,,,0.0,0.0,6,0.0,0.0,0.0,0.0,0.0,0.0,0.0,0.0,0.0,0.0,0.7516339869281046,0.19607843137254902,0.9477124183006536,3.235294117647059,1.5032679738562091,0.9150326797385621,0.45751633986928103,0.6535947712418301,0.5228758169934641,0.09803921568627451,0.16339869281045752,0.0,0.0,0.0,0.0,0.0,0.0,0.0,0.0,0.0,FW
ENG-Premier League,2425,Newcastle,Anthony Gordon,ENG,"FW,MF",23.0,27.0,6,5,11,2,0,59,19,2.18,0.7,20,71,8,130,6,17,,,0.0,0.0,5,0.0,0.0,0.0,0.0,0.0,0.0,0.0,0.0,0.0,0.0,0.2222222222222222,0.18518518518518517,0.4074074074074074,2.185185185185185,0.7037037037037037,0.7407407407407407,2.6296296296296298,0.2962962962962963,4.814814814814815,0.2222222222222222,0.6296296296296297,0.0,0.0,0.0,0.0,0.0,0.0,0.0,0.0,0.0,FW
ENG-Premier League,2425,Newcastle,Bruno Guimarães,BRA,MF,26.0,36.3,5,6,11,7,0,45,15,1.24,0.41,65,107,2,29,28,47,,,0.0,0.0,6,0.0,0.0,0.0,0.0,0.0,0.0,0.0,0.0,0.0,0.0,0.13774104683195593,0.1652892561983471,0.30303030303030304,1.2396694214876034,0.4132231404958678,1.790633608815427,2.947658402203857,0.05509641873278237,0.7988980716253444,0.7713498622589532,1.2947658402203859,0.0,0.0,0.0,0.0,0.0,0.0,0.0,0.0,0.0,MF
ENG-Premier League,2425,Newcastle,Dan Burn,ENG,DF,32.0,37.0,1,1,2,11,0,22,6,0.59,0.16,34,12,5,3,27,25,,,0.0,0.0,1,0.0,0.0,0.0,0.0,0.0,0.0,0.0,0.0,0.0,0.0,0.02702702702702703,0.02702702702702703,0.05405405405405406,0.5945945945945946,0.16216216216216217,0.918918918918919,0.32432432432432434,0.13513513513513514,0.08108108108108109,0.7297297297297297,0.6756756756756757,0.0,0.0,0.0,0.0,0.0,0.0,0.0,0.0,0.0,DF
ENG-Premier League,2425,Newcastle,Fabian Schär,SUI,DF,32.0,32.6,4,0,4,9,1,40,11,1.23,0.34,35,16,4,12,43,20,,,0.0,0.0,0,0.0,0.0,0.0,0.0,0.0,0.0,0.0,0.0,0.0,0.0,0.12269938650306748,0.0,0.12269938650306748,1.2269938650306749,0.3374233128834356,1.0736196319018405,0.49079754601226994,0.12269938650306748,0.36809815950920244,1.3190184049079754,0.6134969325153374,0.0,0.0,0.0,0.0,0.0,0.0,0.0,0.0,0.0,DF
ENG-Premier League,2425,Newcastle,Harvey Barnes,ENG,"FW,MF",26.0,19.5,9,4,13,0,0,63,21,3.23,1.08,15,23,5,47,6,9,,,0.0,0.0,4,0.0,0.0,0.0,0.0,0.0,0.0,0.0,0.0,0.0,0.0,0.46153846153846156,0.20512820512820512,0.6666666666666666,3.230769230769231,1.0769230769230769,0.7692307692307693,1.1794871794871795,0.2564102564102564,2.41025641025641,0.3076923076923077,0.46153846153846156,0.0,0.0,0.0,0.0,0.0,0.0,0.0,0.0,0.0,FW
ENG-Premier League,2425,Newcastle,Jacob Murphy,ENG,"FW,MF",29.0,26.2,8,12,20,4,0,43,15,1.64,0.57,11,14,3,119,11,18,,,0.0,0.0,12,0.0,0.0,0.0,0.0,0.0,0.0,0.0,0.0,0.0,0.0,0.3053435114503817,0.4580152671755725,0.7633587786259542,1.6412213740458015,0.5725190839694657,0.41984732824427484,0.5343511450381679,0.11450381679389313,4.541984732824427,0.41984732824427484,0.6870229007633588,0.0,0.0,0.0,0.0,0.0,0.0,0.0,0.0,0.0,FW
ENG-Premier League,2425,Newcastle,Joe Willock,ENG,MF,24.0,12.1,0,2,2,4,0,18,3,1.49,0.25,22,13,3,17,7,18,,,0.0,0.0,2,0.0,0.0,0.0,0.0,0.0,0.0,0.0,0.0,0.0,0.0,0.0,0.1652892561983471,0.1652892561983471,1.4876033057851241,0.24793388429752067,1.8181818181818183,1.0743801652892562,0.24793388429752067,1.4049586776859504,0.578512396694215,1.4876033057851241,0.0,0.0,0.0,0.0,0.0,0.0,0.0,0.0,0.0,MF
ENG-Premier League,2425,Newcastle,Joelinton,BRA,"MF,FW",27.0,26.6,4,3,7,10,0,45,14,1.69,0.53,58,34,7,16,20,35,,,0.0,0.0,3,0.0,0.0,0.0,0.0,0.0,0.0,0.0,0.0,0.0,0.0,0.15037593984962405,0.11278195488721804,0.2631578947368421,1.6917293233082706,0.5263157894736842,2.180451127819549,1.2781954887218046,0.2631578947368421,0.6015037593984962,0.7518796992481203,1.3157894736842104,0.0,0.0,0.0,0.0,0.0,0.0,0.0,0.0,0.0,MF
ENG-Premier League,2425,Newcastle,Kieran Trippier,ENG,DF,33.0,14.5,0,3,3,1,0,4,0,0.28,0.0,16,11,2,83,11,22,,,0.0,0.0,3,0.0,0.0,0.0,0.0,0.0,0.0,0.0,0.0,0.0,0.0,0.0,0.20689655172413793,0.20689655172413793,0.27586206896551724,0.0,1.103448275862069,0.7586206896551724,0.13793103448275862,5.724137931034483,0.7586206896551724,1.5172413793103448,0.0,0.0,0.0,0.0,0.0,0.0,0.0,0.0,0.0,DF
ENG-Premier League,2425,Newcastle,Lewis Hall,ENG,DF,19.0,24.3,0,4,4,3,0,11,1,0.45,0.04,9,21,1,110,17,40,,,0.0,0.0,4,0.0,0.0,0.0,0.0,0.0,0.0,0.0,0.0,0.0,0.0,0.0,0.1646090534979424,0.1646090534979424,0.45267489711934156,0.0411522633744856,0.37037037037037035,0.8641975308641975,0.0411522633744856,4.526748971193416,0.6995884773662551,1.646090534979424,0.0,0.0,0.0,0.0,0.0,0.0,0.0,0.0,0.0,DF
ENG-Premier League,2425,Newcastle,Martin Dúbravka,SVK,GK,35.0,10.0,0,0,0,0,0,0,0,0.0,0.0,0,1,0,0,0,0,,,0.0,0.0,0,0.0,0.0,0.0,0.0,0.0,0.0,0.0,0.0,0.0,0.0,0.0,0.0,0.0,0.0,0.0,0.0,0.1,0.0,0.0,0.0,0.0,0.0,0.0,0.0,0.0,0.0,0.0,0.0,0.0,0.0,GK
ENG-Premier League,2425,Newcastle,Nick Pope,ENG,GK,32.0,28.0,0,0,0,2,0,0,0,0.0,0.0,2,5,0,0,1,0,,,0.0,0.0,0,0.0,0.0,0.0,0.0,0.0,0.0,0.0,0.0,0.0,0.0,0.0,0.0,0.0,0.0,0.0,0.07142857142857142,0.17857142857142858,0.0,0.0,0.03571428571428571,0.0,0.0,0.0,0.0,0.0,0.0,0.0,0.0,0.0,0.0,GK
ENG-Premier League,2425,Newcastle,Sandro Tonali,ITA,MF,24.0,29.2,4,2,6,5,0,35,12,1.2,0.41,37,49,2,54,32,32,,,0.0,0.0,2,0.0,0.0,0.0,0.0,0.0,0.0,0.0,0.0,0.0,0.0,0.136986301369863,0.0684931506849315,0.20547945205479454,1.1986301369863015,0.4109589041095891,1.2671232876712328,1.678082191780822,0.0684931506849315,1.8493150684931507,1.095890410958904,1.095890410958904,0.0,0.0,0.0,0.0,0.0,0.0,0.0,0.0,0.0,MF
ENG-Premier League,2425,Newcastle,Tino Livramento,ENG,DF,21.0,31.6,0,1,1,1,0,6,2,0.19,0.06,6,35,2,52,26,34,,,0.0,0.0,1,0.0,0.0,0.0,0.0,0.0,0.0,0.0,0.0,0.0,0.0,0.0,0.03164556962025316,0.03164556962025316,0.18987341772151897,0.06329113924050632,0.18987341772151897,1.1075949367088607,0.06329113924050632,1.6455696202531644,0.8227848101265822,1.0759493670886076,0.0,0.0,0.0,0.0,0.0,0.0,0.0,0.0,0.0,DF
ENG-Premier League,2425,Nottingham,Anthony Elanga,SWE,"MF,FW",22.0,27.8,6,11,17,1,0,44,24,1.58,0.86,9,47,18,184,6,15,,,0.0,0.0,11,0.0,0.0,0.0,0.0,0.0,0.0,0.0,0.0,0.0,0.0,0.2158273381294964,0.39568345323741005,0.6115107913669064,1.5827338129496402,0.8633093525179856,0.3237410071942446,1.6906474820143884,0.6474820143884892,6.618705035971223,0.2158273381294964,0.539568345323741,0.0,0.0,0.0,0.0,0.0,0.0,0.0,0.0,0.0,MF
ENG-Premier League,2425,Nottingham,Callum Hudson-Odoi,ENG,MF,23.0,24.4,5,2,7,2,0,37,17,1.52,0.7,12,25,8,80,13,16,,,0.0,0.0,2,0.0,0.0,0.0,0.0,0.0,0.0,0.0,0.0,0.0,0.0,0.20491803278688525,0.0819672131147541,0.2868852459016394,1.5163934426229508,0.6967213114754098,0.49180327868852464,1.0245901639344264,0.3278688524590164,3.278688524590164,0.5327868852459017,0.6557377049180328,0.0,0.0,0.0,0.0,0.0,0.0,0.0,0.0,0.0,MF
ENG-Premier League,2425,Nottingham,Chris Wood,NZL,FW,32.0,32.9,20,3,23,1,0,68,35,2.07,1.06,25,24,28,1,6,5,,,0.0,0.0,3,0.0,0.0,0.0,0.0,0.0,0.0,0.0,0.0,0.0,0.0,0.60790273556231,0.0911854103343465,0.6990881458966566,2.066869300911854,1.0638297872340425,0.7598784194528876,0.729483282674772,0.851063829787234,0.030395136778115502,0.182370820668693,0.1519756838905775,0.0,0.0,0.0,0.0,0.0,0.0,0.0,0.0,0.0,FW
ENG-Premier League,2425,Nottingham,Elliot Anderson,ENG,MF,21.0,30.3,2,6,8,10,0,40,7,1.32,0.23,47,57,4,86,29,55,,,0.0,0.0,6,0.0,0.0,0.0,0.0,0.0,0.0,0.0,0.0,0.0,0.0,0.066006600660066,0.198019801980198,0.264026402640264,1.3201320132013201,0.23102310231023102,1.551155115511551,1.881188118811881,0.132013201320132,2.8382838283828384,0.957095709570957,1.8151815181518152,0.0,0.0,0.0,0.0,0.0,0.0,0.0,0.0,0.0,MF
ENG-Premier League,2425,Nottingham,Matz Sels,BEL,GK,32.0,38.0,0,0,0,4,0,0,0,0.0,0.0,1,8,0,0,0,1,,,0.0,0.0,0,0.0,0.0,0.0,0.0,0.0,0.0,0.0,0.0,0.0,0.0,0.0,0.0,0.0,0.0,0.0,0.02631578947368421,0.21052631578947367,0.0,0.0,0.0,0.02631578947368421,0.0,0.0,0.0,0.0,0.0,0.0,0.0,0.0,0.0,GK
ENG-Premier League,2425,Nottingham,Morato,BRA,DF,23.0,10.1,0,0,0,5,0,2,1,0.2,0.1,11,2,0,0,9,14,,,0.0,0.0,0,0.0,0.0,0.0,0.0,0.0,0.0,0.0,0.0,0.0,0.0,0.0,0.0,0.0,0.19801980198019803,0.09900990099009901,1.0891089108910892,0.19801980198019803,0.0,0.0,0.8910891089108911,1.3861386138613863,0.0,0.0,0.0,0.0,0.0,0.0,0.0,0.0,0.0,DF
ENG-Premier League,2425,Nottingham,Morgan Gibbs-White,ENG,MF,24.0,31.1,7,8,15,11,1,61,22,1.96,0.71,38,40,7,46,22,21,,,0.0,0.0,8,0.0,0.0,0.0,0.0,0.0,0.0,0.0,0.0,0.0,0.0,0.22508038585209003,0.2572347266881029,0.4823151125401929,1.9614147909967845,0.7073954983922829,1.2218649517684887,1.2861736334405145,0.22508038585209003,1.4790996784565915,0.7073954983922829,0.67524115755627,0.0,0.0,0.0,0.0,0.0,0.0,0.0,0.0,0.0,MF
ENG-Premier League,2425,Nottingham,Murillo,BRA,DF,22.0,35.4,2,0,2,6,0,25,6,0.71,0.17,27,7,0,14,36,39,,,0.0,0.0,0,0.0,0.0,0.0,0.0,0.0,0.0,0.0,0.0,0.0,0.0,0.05649717514124294,0.0,0.05649717514124294,0.7062146892655368,0.16949152542372883,0.7627118644067797,0.1977401129943503,0.0,0.3954802259887006,1.0169491525423728,1.1016949152542372,0.0,0.0,0.0,0.0,0.0,0.0,0.0,0.0,0.0,DF
ENG-Premier League,2425,Nottingham,Neco Williams,WAL,"DF,MF",23.0,28.8,1,3,4,7,0,37,7,1.28,0.24,24,43,2,60,30,57,,,0.0,0.0,3,0.0,0.0,0.0,0.0,0.0,0.0,0.0,0.0,0.0,0.0,0.034722222222222224,0.10416666666666666,0.1388888888888889,1.284722222222222,0.24305555555555555,0.8333333333333333,1.4930555555555556,0.06944444444444445,2.0833333333333335,1.0416666666666667,1.9791666666666665,0.0,0.0,0.0,0.0,0.0,0.0,0.0,0.0,0.0,DF
ENG-Premier League,2425,Nottingham,Nicolás Domínguez,ARG,MF,26.0,21.8,0,1,1,9,0,21,9,0.96,0.41,33,18,1,8,28,48,,,0.0,0.0,1,0.0,0.0,0.0,0.0,0.0,0.0,0.0,0.0,0.0,0.0,0.0,0.04587155963302752,0.04587155963302752,0.963302752293578,0.4128440366972477,1.5137614678899083,0.8256880733944953,0.04587155963302752,0.36697247706422015,1.2844036697247705,2.2018348623853212,0.0,0.0,0.0,0.0,0.0,0.0,0.0,0.0,0.0,MF
ENG-Premier League,2425,Nottingham,Nikola Milenković,SRB,DF,26.0,37.0,5,2,7,4,0,29,8,0.78,0.22,20,5,2,0,25,28,,,0.0,0.0,2,0.0,0.0,0.0,0.0,0.0,0.0,0.0,0.0,0.0,0.0,0.13513513513513514,0.05405405405405406,0.1891891891891892,0.7837837837837838,0.21621621621621623,0.5405405405405406,0.13513513513513514,0.05405405405405406,0.0,0.6756756756756757,0.7567567567567568,0.0,0.0,0.0,0.0,0.0,0.0,0.0,0.0,0.0,DF
ENG-Premier League,2425,Nottingham,Ola Aina,NGA,DF,27.0,33.3,2,1,3,5,0,11,2,0.33,0.06,23,35,2,59,31,41,,,0.0,0.0,1,0.0,0.0,0.0,0.0,0.0,0.0,0.0,0.0,0.0,0.0,0.060060060060060066,0.030030030030030033,0.0900900900900901,0.3303303303303304,0.060060060060060066,0.6906906906906908,1.0510510510510511,0.060060060060060066,1.771771771771772,0.930930930930931,1.2312312312312312,0.0,0.0,0.0,0.0,0.0,0.0,0.0,0.0,0.0,DF
ENG-Premier League,2425,Nottingham,Ryan Yates,ENG,MF,26.0,21.3,2,1,3,10,0,33,9,1.55,0.42,54,48,7,8,25,21,,,0.0,0.0,1,0.0,0.0,0.0,0.0,0.0,0.0,0.0,0.0,0.0,0.0,0.09389671361502347,0.046948356807511735,0.14084507042253522,1.5492957746478873,0.4225352112676056,2.5352112676056335,2.2535211267605635,0.32863849765258213,0.3755868544600939,1.1737089201877935,0.9859154929577465,0.0,0.0,0.0,0.0,0.0,0.0,0.0,0.0,0.0,MF
ENG-Premier League,2425,Nottingham,Álex Moreno,ESP,DF,31.0,10.6,0,1,1,2,0,6,0,0.57,0.0,12,6,0,19,16,18,,,0.0,0.0,1,0.0,0.0,0.0,0.0,0.0,0.0,0.0,0.0,0.0,0.0,0.0,0.09433962264150944,0.09433962264150944,0.5660377358490566,0.0,1.1320754716981132,0.5660377358490566,0.0,1.7924528301886793,1.509433962264151,1.6981132075471699,0.0,0.0,0.0,0.0,0.0,0.0,0.0,0.0,0.0,DF
ENG-Premier League,2425,Southampton,Aaron Ramsdale,ENG,GK,26.0,30.0,0,0,0,2,0,0,0,0.0,0.0,1,4,0,0,1,0,,,0.0,0.0,0,0.0,0.0,0.0,0.0,0.0,0.0,0.0,0.0,0.0,0.0,0.0,0.0,0.0,0.0,0.0,0.03333333333333333,0.13333333333333333,0.0,0.0,0.03333333333333333,0.0,0.0,0.0,0.0,0.0,0.0,0.0,0.0,0.0,0.0,GK
ENG-Premier League,2425,Southampton,Adam Armstrong,ENG,"FW,MF",27.0,13.9,2,2,4,4,0,26,9,1.87,0.65,12,5,9,14,4,3,,,0.0,0.0,2,0.0,0.0,0.0,0.0,0.0,0.0,0.0,0.0,0.0,0.0,0.14388489208633093,0.14388489208633093,0.28776978417266186,1.870503597122302,0.6474820143884892,0.8633093525179856,0.3597122302158273,0.6474820143884892,1.0071942446043165,0.28776978417266186,0.2158273381294964,0.0,0.0,0.0,0.0,0.0,0.0,0.0,0.0,0.0,FW
ENG-Premier League,2425,Southampton,Cameron Archer,ENG,FW,23.0,16.0,2,0,2,0,0,29,11,1.81,0.69,16,13,8,4,1,9,,,0.0,0.0,0,0.0,0.0,0.0,0.0,0.0,0.0,0.0,0.0,0.0,0.0,0.125,0.0,0.125,1.8125,0.6875,1.0,0.8125,0.5,0.25,0.0625,0.5625,0.0,0.0,0.0,0.0,0.0,0.0,0.0,0.0,0.0,FW
ENG-Premier League,2425,Southampton,Flynn Downes,ENG,MF,25.0,23.9,1,0,1,12,0,10,3,0.42,0.13,50,39,0,4,31,27,,,0.0,0.0,0,0.0,0.0,0.0,0.0,0.0,0.0,0.0,0.0,0.0,0.0,0.041841004184100423,0.0,0.041841004184100423,0.4184100418410042,0.12552301255230125,2.092050209205021,1.6317991631799165,0.0,0.1673640167364017,1.2970711297071131,1.1297071129707115,0.0,0.0,0.0,0.0,0.0,0.0,0.0,0.0,0.0,MF
ENG-Premier League,2425,Southampton,Jack Stephens,ENG,DF,30.0,15.4,1,0,1,2,2,4,2,0.26,0.13,13,4,1,1,12,20,,,0.0,0.0,0,0.0,0.0,0.0,0.0,0.0,0.0,0.0,0.0,0.0,0.0,0.06493506493506493,0.0,0.06493506493506493,0.2597402597402597,0.12987012987012986,0.8441558441558441,0.2597402597402597,0.06493506493506493,0.06493506493506493,0.7792207792207793,1.2987012987012987,0.0,0.0,0.0,0.0,0.0,0.0,0.0,0.0,0.0,DF
ENG-Premier League,2425,Southampton,James Bree,ENG,"DF,MF",26.0,11.9,0,1,1,0,0,4,1,0.33,0.08,4,5,0,29,5,13,,,0.0,0.0,1,0.0,0.0,0.0,0.0,0.0,0.0,0.0,0.0,0.0,0.0,0.0,0.08403361344537814,0.08403361344537814,0.3361344537815126,0.08403361344537814,0.3361344537815126,0.42016806722689076,0.0,2.436974789915966,0.42016806722689076,1.0924369747899159,0.0,0.0,0.0,0.0,0.0,0.0,0.0,0.0,0.0,DF
ENG-Premier League,2425,Southampton,Jan Bednarek,POL,DF,28.0,28.1,2,0,2,7,0,5,3,0.18,0.11,31,13,0,1,55,19,,,0.0,0.0,0,0.0,0.0,0.0,0.0,0.0,0.0,0.0,0.0,0.0,0.0,0.07117437722419928,0.0,0.07117437722419928,0.1779359430604982,0.10676156583629892,1.103202846975089,0.4626334519572953,0.0,0.03558718861209964,1.9572953736654803,0.6761565836298932,0.0,0.0,0.0,0.0,0.0,0.0,0.0,0.0,0.0,DF
ENG-Premier League,2425,Southampton,Joe Aribo,NGA,MF,28.0,22.4,3,0,3,1,0,17,7,0.76,0.31,20,27,1,10,20,34,,,0.0,0.0,0,0.0,0.0,0.0,0.0,0.0,0.0,0.0,0.0,0.0,0.0,0.13392857142857142,0.0,0.13392857142857142,0.7589285714285715,0.3125,0.8928571428571429,1.205357142857143,0.044642857142857144,0.44642857142857145,0.8928571428571429,1.517857142857143,0.0,0.0,0.0,0.0,0.0,0.0,0.0,0.0,0.0,MF
ENG-Premier League,2425,Southampton,Kamaldeen Sulemana,GHA,"FW,MF",22.0,15.6,1,1,2,2,0,29,8,1.86,0.51,22,11,3,26,5,16,,,0.0,0.0,1,0.0,0.0,0.0,0.0,0.0,0.0,0.0,0.0,0.0,0.0,0.06410256410256411,0.06410256410256411,0.12820512820512822,1.858974358974359,0.5128205128205129,1.4102564102564104,0.7051282051282052,0.19230769230769232,1.6666666666666667,0.32051282051282054,1.0256410256410258,0.0,0.0,0.0,0.0,0.0,0.0,0.0,0.0,0.0,FW
ENG-Premier League,2425,Southampton,Kyle Walker-Peters,ENG,"MF,DF",27.0,32.4,0,2,2,5,0,20,6,0.62,0.19,28,52,2,50,19,32,,,0.0,0.0,2,0.0,0.0,0.0,0.0,0.0,0.0,0.0,0.0,0.0,0.0,0.0,0.0617283950617284,0.0617283950617284,0.617283950617284,0.1851851851851852,0.8641975308641976,1.6049382716049383,0.0617283950617284,1.5432098765432098,0.5864197530864198,0.9876543209876544,0.0,0.0,0.0,0.0,0.0,0.0,0.0,0.0,0.0,MF
ENG-Premier League,2425,Southampton,Lesley Ugochukwu,FRA,MF,20.0,18.4,1,1,2,7,0,10,1,0.54,0.05,31,16,0,6,14,22,,,0.0,0.0,1,0.0,0.0,0.0,0.0,0.0,0.0,0.0,0.0,0.0,0.0,0.05434782608695653,0.05434782608695653,0.10869565217391305,0.5434782608695653,0.05434782608695653,1.6847826086956523,0.8695652173913044,0.0,0.32608695652173914,0.7608695652173914,1.1956521739130437,0.0,0.0,0.0,0.0,0.0,0.0,0.0,0.0,0.0,MF
ENG-Premier League,2425,Southampton,Mateus Fernandes,POR,MF,20.0,32.3,2,4,6,8,0,42,14,1.3,0.43,46,54,4,113,25,50,,,0.0,0.0,4,0.0,0.0,0.0,0.0,0.0,0.0,0.0,0.0,0.0,0.0,0.061919504643962855,0.12383900928792571,0.18575851393188855,1.30030959752322,0.43343653250774,1.4241486068111457,1.6718266253869971,0.12383900928792571,3.4984520123839014,0.7739938080495357,1.5479876160990713,0.0,0.0,0.0,0.0,0.0,0.0,0.0,0.0,0.0,MF
ENG-Premier League,2425,Southampton,Paul Onuachu,NGA,FW,30.0,11.7,4,1,5,4,0,34,15,2.91,1.29,28,16,10,0,1,2,,,0.0,0.0,1,0.0,0.0,0.0,0.0,0.0,0.0,0.0,0.0,0.0,0.0,0.3418803418803419,0.08547008547008547,0.4273504273504274,2.9059829059829063,1.2820512820512822,2.393162393162393,1.3675213675213675,0.8547008547008548,0.0,0.08547008547008547,0.17094017094017094,0.0,0.0,0.0,0.0,0.0,0.0,0.0,0.0,0.0,FW
ENG-Premier League,2425,Southampton,Ryan Manning,IRL,"DF,MF",28.0,16.2,0,1,1,2,0,8,1,0.49,0.06,19,33,0,84,17,18,,,0.0,0.0,1,0.0,0.0,0.0,0.0,0.0,0.0,0.0,0.0,0.0,0.0,0.0,0.0617283950617284,0.0617283950617284,0.4938271604938272,0.0617283950617284,1.1728395061728396,2.037037037037037,0.0,5.185185185185185,1.0493827160493827,1.1111111111111112,0.0,0.0,0.0,0.0,0.0,0.0,0.0,0.0,0.0,DF
ENG-Premier League,2425,Southampton,Taylor Harwood-Bellis,ENG,DF,22.0,31.4,1,0,1,9,0,20,8,0.64,0.25,35,14,0,10,29,22,,,0.0,0.0,0,0.0,0.0,0.0,0.0,0.0,0.0,0.0,0.0,0.0,0.0,0.03184713375796178,0.0,0.03184713375796178,0.6369426751592357,0.25477707006369427,1.1146496815286624,0.445859872611465,0.0,0.3184713375796179,0.9235668789808917,0.7006369426751593,0.0,0.0,0.0,0.0,0.0,0.0,0.0,0.0,0.0,DF
ENG-Premier League,2425,Southampton,Tyler Dibling,ENG,"MF,FW",18.0,20.8,2,0,2,6,0,28,9,1.34,0.43,30,51,2,28,7,21,,,0.0,0.0,0,0.0,0.0,0.0,0.0,0.0,0.0,0.0,0.0,0.0,0.0,0.09615384615384615,0.0,0.09615384615384615,1.346153846153846,0.43269230769230765,1.4423076923076923,2.4519230769230766,0.09615384615384615,1.346153846153846,0.3365384615384615,1.0096153846153846,0.0,0.0,0.0,0.0,0.0,0.0,0.0,0.0,0.0,MF
ENG-Premier League,2425,Southampton,Yukinari Sugawara,JPN,"MF,DF",24.0,17.3,1,1,2,4,0,14,6,0.81,0.35,15,10,4,70,9,16,,,0.0,0.0,1,0.0,0.0,0.0,0.0,0.0,0.0,0.0,0.0,0.0,0.0,0.057803468208092484,0.057803468208092484,0.11560693641618497,0.8092485549132947,0.3468208092485549,0.8670520231213873,0.5780346820809248,0.23121387283236994,4.0462427745664735,0.5202312138728323,0.9248554913294798,0.0,0.0,0.0,0.0,0.0,0.0,0.0,0.0,0.0,MF
ENG-Premier League,2425,Tottenham,Archie Gray,ENG,"DF,MF",18.0,19.5,0,0,0,1,0,1,1,0.05,0.05,17,11,0,17,18,9,,,0.0,0.0,0,0.0,0.0,0.0,0.0,0.0,0.0,0.0,0.0,0.0,0.0,0.0,0.0,0.0,0.05128205128205128,0.05128205128205128,0.8717948717948718,0.5641025641025641,0.0,0.8717948717948718,0.9230769230769231,0.46153846153846156,0.0,0.0,0.0,0.0,0.0,0.0,0.0,0.0,0.0,DF
ENG-Premier League,2425,Tottenham,Ben Davies,WAL,DF,31.0,14.8,0,0,0,5,0,5,1,0.34,0.07,17,7,0,4,12,11,,,0.0,0.0,0,0.0,0.0,0.0,0.0,0.0,0.0,0.0,0.0,0.0,0.0,0.0,0.0,0.0,0.33783783783783783,0.06756756756756756,1.1486486486486487,0.47297297297297297,0.0,0.27027027027027023,0.8108108108108107,0.7432432432432432,0.0,0.0,0.0,0.0,0.0,0.0,0.0,0.0,0.0,DF
ENG-Premier League,2425,Tottenham,Brennan Johnson,WAL,"FW,MF",23.0,24.2,11,3,14,5,0,54,20,2.23,0.83,27,26,12,52,4,23,,,0.0,0.0,3,0.0,0.0,0.0,0.0,0.0,0.0,0.0,0.0,0.0,0.0,0.4545454545454546,0.12396694214876033,0.578512396694215,2.231404958677686,0.8264462809917356,1.115702479338843,1.0743801652892562,0.49586776859504134,2.1487603305785123,0.1652892561983471,0.9504132231404959,0.0,0.0,0.0,0.0,0.0,0.0,0.0,0.0,0.0,FW
ENG-Premier League,2425,Tottenham,Cristian Romero,ARG,DF,26.0,15.7,1,0,1,3,0,16,8,1.02,0.51,14,12,2,3,15,29,,,0.0,0.0,0,0.0,0.0,0.0,0.0,0.0,0.0,0.0,0.0,0.0,0.0,0.06369426751592357,0.0,0.06369426751592357,1.019108280254777,0.5095541401273885,0.89171974522293,0.7643312101910829,0.12738853503184713,0.1910828025477707,0.9554140127388535,1.8471337579617835,0.0,0.0,0.0,0.0,0.0,0.0,0.0,0.0,0.0,DF
ENG-Premier League,2425,Tottenham,Dejan Kulusevski,SWE,"MF,FW",24.0,26.5,7,4,11,3,0,47,18,1.77,0.68,48,38,5,84,10,21,,,0.0,0.0,4,0.0,0.0,0.0,0.0,0.0,0.0,0.0,0.0,0.0,0.0,0.2641509433962264,0.1509433962264151,0.41509433962264153,1.7735849056603774,0.6792452830188679,1.8113207547169812,1.4339622641509433,0.18867924528301888,3.169811320754717,0.37735849056603776,0.7924528301886793,0.0,0.0,0.0,0.0,0.0,0.0,0.0,0.0,0.0,MF
ENG-Premier League,2425,Tottenham,Destiny Udogie,ITA,DF,21.0,21.4,0,1,1,2,0,5,1,0.23,0.05,28,38,3,19,21,45,,,0.0,0.0,1,0.0,0.0,0.0,0.0,0.0,0.0,0.0,0.0,0.0,0.0,0.0,0.04672897196261683,0.04672897196261683,0.23364485981308414,0.04672897196261683,1.3084112149532712,1.7757009345794394,0.14018691588785048,0.8878504672897197,0.9813084112149534,2.1028037383177574,0.0,0.0,0.0,0.0,0.0,0.0,0.0,0.0,0.0,DF
ENG-Premier League,2425,Tottenham,Djed Spence,ENG,DF,23.0,19.9,1,2,3,4,1,10,3,0.5,0.15,21,23,2,23,21,33,,,0.0,0.0,2,0.0,0.0,0.0,0.0,0.0,0.0,0.0,0.0,0.0,0.0,0.05025125628140704,0.10050251256281408,0.15075376884422112,0.5025125628140704,0.15075376884422112,1.0552763819095479,1.155778894472362,0.10050251256281408,1.155778894472362,1.0552763819095479,1.6582914572864322,0.0,0.0,0.0,0.0,0.0,0.0,0.0,0.0,0.0,DF
ENG-Premier League,2425,Tottenham,Dominic Solanke,ENG,FW,26.0,24.5,9,3,12,0,0,60,26,2.45,1.06,36,36,5,4,1,10,,,0.0,0.0,3,0.0,0.0,0.0,0.0,0.0,0.0,0.0,0.0,0.0,0.0,0.3673469387755102,0.12244897959183673,0.4897959183673469,2.4489795918367347,1.0612244897959184,1.469387755102041,1.469387755102041,0.20408163265306123,0.16326530612244897,0.04081632653061224,0.40816326530612246,0.0,0.0,0.0,0.0,0.0,0.0,0.0,0.0,0.0,FW
ENG-Premier League,2425,Tottenham,Guglielmo Vicario,ITA,GK,27.0,24.0,0,0,0,1,0,0,0,0.0,0.0,0,2,0,0,1,0,,,0.0,0.0,0,0.0,0.0,0.0,0.0,0.0,0.0,0.0,0.0,0.0,0.0,0.0,0.0,0.0,0.0,0.0,0.0,0.08333333333333333,0.0,0.0,0.041666666666666664,0.0,0.0,0.0,0.0,0.0,0.0,0.0,0.0,0.0,0.0,GK
ENG-Premier League,2425,Tottenham,James Maddison,ENG,MF,27.0,20.1,9,7,16,6,0,39,17,1.94,0.85,32,64,4,96,10,19,,,0.0,0.0,7,0.0,0.0,0.0,0.0,0.0,0.0,0.0,0.0,0.0,0.0,0.4477611940298507,0.34825870646766166,0.7960199004975124,1.9402985074626864,0.8457711442786069,1.5920398009950247,3.1840796019900495,0.1990049751243781,4.776119402985074,0.49751243781094523,0.9452736318407959,0.0,0.0,0.0,0.0,0.0,0.0,0.0,0.0,0.0,MF
ENG-Premier League,2425,Tottenham,Lucas Bergvall,SWE,MF,18.0,13.5,0,1,1,3,0,12,2,0.89,0.15,20,17,0,21,21,18,,,0.0,0.0,1,0.0,0.0,0.0,0.0,0.0,0.0,0.0,0.0,0.0,0.0,0.0,0.07407407407407407,0.07407407407407407,0.8888888888888888,0.14814814814814814,1.4814814814814814,1.2592592592592593,0.0,1.5555555555555556,1.5555555555555556,1.3333333333333333,0.0,0.0,0.0,0.0,0.0,0.0,0.0,0.0,0.0,MF
ENG-Premier League,2425,Tottenham,Mathys Tel,FRA,FW,19.0,10.1,2,1,3,2,0,23,9,2.27,0.89,15,16,1,32,2,5,,,0.0,0.0,1,0.0,0.0,0.0,0.0,0.0,0.0,0.0,0.0,0.0,0.0,0.19801980198019803,0.09900990099009901,0.297029702970297,2.2772277227722775,0.8910891089108911,1.4851485148514851,1.5841584158415842,0.09900990099009901,3.1683168316831685,0.19801980198019803,0.49504950495049505,0.0,0.0,0.0,0.0,0.0,0.0,0.0,0.0,0.0,FW
ENG-Premier League,2425,Tottenham,Micky van de Ven,NED,DF,23.0,11.3,0,2,2,4,0,6,2,0.53,0.18,10,9,0,0,9,7,,,0.0,0.0,2,0.0,0.0,0.0,0.0,0.0,0.0,0.0,0.0,0.0,0.0,0.0,0.17699115044247787,0.17699115044247787,0.5309734513274336,0.17699115044247787,0.8849557522123893,0.7964601769911503,0.0,0.0,0.7964601769911503,0.6194690265486725,0.0,0.0,0.0,0.0,0.0,0.0,0.0,0.0,0.0,DF
ENG-Premier League,2425,Tottenham,Pape Matar Sarr,SEN,MF,21.0,21.3,3,2,5,6,0,34,13,1.6,0.61,33,35,2,14,27,36,,,0.0,0.0,2,0.0,0.0,0.0,0.0,0.0,0.0,0.0,0.0,0.0,0.0,0.14084507042253522,0.09389671361502347,0.2347417840375587,1.596244131455399,0.6103286384976525,1.5492957746478873,1.6431924882629108,0.09389671361502347,0.6572769953051643,1.2676056338028168,1.6901408450704225,0.0,0.0,0.0,0.0,0.0,0.0,0.0,0.0,0.0,MF
ENG-Premier League,2425,Tottenham,Pedro Porro,ESP,DF,24.0,29.0,2,6,8,5,0,39,8,1.34,0.28,25,33,1,200,31,45,,,0.0,0.0,6,0.0,0.0,0.0,0.0,0.0,0.0,0.0,0.0,0.0,0.0,0.06896551724137931,0.20689655172413793,0.27586206896551724,1.3448275862068966,0.27586206896551724,0.8620689655172413,1.1379310344827587,0.034482758620689655,6.896551724137931,1.0689655172413792,1.5517241379310345,0.0,0.0,0.0,0.0,0.0,0.0,0.0,0.0,0.0,DF
ENG-Premier League,2425,Tottenham,Radu Drăgușin,ROU,DF,22.0,13.9,0,0,0,1,0,5,1,0.36,0.07,6,10,0,1,13,6,,,0.0,0.0,0,0.0,0.0,0.0,0.0,0.0,0.0,0.0,0.0,0.0,0.0,0.0,0.0,0.0,0.3597122302158273,0.07194244604316546,0.4316546762589928,0.7194244604316546,0.0,0.07194244604316546,0.935251798561151,0.4316546762589928,0.0,0.0,0.0,0.0,0.0,0.0,0.0,0.0,0.0,DF
ENG-Premier League,2425,Tottenham,Rodrigo Bentancur,URU,MF,27.0,18.3,2,0,2,9,0,22,6,1.2,0.33,34,10,1,4,38,22,,,0.0,0.0,0,0.0,0.0,0.0,0.0,0.0,0.0,0.0,0.0,0.0,0.0,0.1092896174863388,0.0,0.1092896174863388,1.2021857923497268,0.32786885245901637,1.8579234972677594,0.5464480874316939,0.0546448087431694,0.2185792349726776,2.0765027322404372,1.2021857923497268,0.0,0.0,0.0,0.0,0.0,0.0,0.0,0.0,0.0,MF
ENG-Premier League,2425,Tottenham,Son Heung-min,KOR,"FW,MF",32.0,23.4,7,9,16,1,0,57,26,2.43,1.11,6,28,12,76,4,9,,,0.0,0.0,9,0.0,0.0,0.0,0.0,0.0,0.0,0.0,0.0,0.0,0.0,0.29914529914529914,0.38461538461538464,0.6837606837606838,2.435897435897436,1.1111111111111112,0.25641025641025644,1.1965811965811965,0.5128205128205129,3.247863247863248,0.17094017094017094,0.38461538461538464,0.0,0.0,0.0,0.0,0.0,0.0,0.0,0.0,0.0,FW
ENG-Premier League,2425,Tottenham,Yves Bissouma,MLI,MF,27.0,15.6,2,0,2,7,0,11,4,0.7,0.26,29,18,0,2,16,29,,,0.0,0.0,0,0.0,0.0,0.0,0.0,0.0,0.0,0.0,0.0,0.0,0.0,0.12820512820512822,0.0,0.12820512820512822,0.7051282051282052,0.25641025641025644,1.858974358974359,1.153846153846154,0.0,0.12820512820512822,1.0256410256410258,1.858974358974359,0.0,0.0,0.0,0.0,0.0,0.0,0.0,0.0,0.0,MF
ENG-Premier League,2425,West Ham,Aaron Wan-Bissaka,COD,"DF,MF",26.0,35.0,2,5,7,1,0,16,5,0.46,0.14,25,28,5,76,61,49,,,0.0,0.0,5,0.0,0.0,0.0,0.0,0.0,0.0,0.0,0.0,0.0,0.0,0.05714285714285714,0.14285714285714285,0.2,0.45714285714285713,0.14285714285714285,0.7142857142857143,0.8,0.14285714285714285,2.1714285714285713,1.7428571428571429,1.4,0.0,0.0,0.0,0.0,0.0,0.0,0.0,0.0,0.0,DF
ENG-Premier League,2425,West Ham,Alphonse Areola,FRA,GK,31.0,25.1,0,0,0,0,0,0,0,0.0,0.0,0,0,0,0,0,2,,,0.0,0.0,0,0.0,0.0,0.0,0.0,0.0,0.0,0.0,0.0,0.0,0.0,0.0,0.0,0.0,0.0,0.0,0.0,0.0,0.0,0.0,0.0,0.0796812749003984,0.0,0.0,0.0,0.0,0.0,0.0,0.0,0.0,0.0,GK
ENG-Premier League,2425,West Ham,Carlos Soler,ESP,MF,27.0,15.7,1,1,2,6,0,25,9,1.6,0.57,26,19,0,35,8,11,,,0.0,0.0,1,0.0,0.0,0.0,0.0,0.0,0.0,0.0,0.0,0.0,0.0,0.06369426751592357,0.06369426751592357,0.12738853503184713,1.5923566878980893,0.5732484076433121,1.6560509554140128,1.2101910828025477,0.0,2.229299363057325,0.5095541401273885,0.7006369426751593,0.0,0.0,0.0,0.0,0.0,0.0,0.0,0.0,0.0,MF
ENG-Premier League,2425,West Ham,Edson Álvarez,MEX,MF,26.0,19.7,0,1,1,9,1,12,1,0.61,0.05,42,18,4,7,18,26,,,0.0,0.0,1,0.0,0.0,0.0,0.0,0.0,0.0,0.0,0.0,0.0,0.0,0.0,0.050761421319796954,0.050761421319796954,0.6091370558375635,0.050761421319796954,2.1319796954314723,0.9137055837563453,0.20304568527918782,0.3553299492385787,0.9137055837563453,1.3197969543147208,0.0,0.0,0.0,0.0,0.0,0.0,0.0,0.0,0.0,MF
ENG-Premier League,2425,West Ham,Emerson Palmieri,ITA,"DF,MF",29.0,23.5,2,1,3,5,0,16,7,0.68,0.3,25,13,0,62,22,31,,,0.0,0.0,1,0.0,0.0,0.0,0.0,0.0,0.0,0.0,0.0,0.0,0.0,0.0851063829787234,0.0425531914893617,0.1276595744680851,0.6808510638297872,0.2978723404255319,1.0638297872340425,0.5531914893617021,0.0,2.6382978723404253,0.9361702127659575,1.3191489361702127,0.0,0.0,0.0,0.0,0.0,0.0,0.0,0.0,0.0,DF
ENG-Premier League,2425,West Ham,Guido Rodríguez,ARG,MF,30.0,12.8,0,1,1,6,0,8,1,0.63,0.08,18,12,2,5,13,21,,,0.0,0.0,1,0.0,0.0,0.0,0.0,0.0,0.0,0.0,0.0,0.0,0.0,0.0,0.078125,0.078125,0.625,0.078125,1.40625,0.9375,0.15625,0.390625,1.015625,1.640625,0.0,0.0,0.0,0.0,0.0,0.0,0.0,0.0,0.0,MF
ENG-Premier League,2425,West Ham,James Ward-Prowse,ENG,MF,29.0,11.5,1,1,2,2,0,12,4,1.04,0.35,10,4,0,48,8,14,,,0.0,0.0,1,0.0,0.0,0.0,0.0,0.0,0.0,0.0,0.0,0.0,0.0,0.08695652173913043,0.08695652173913043,0.17391304347826086,1.0434782608695652,0.34782608695652173,0.8695652173913043,0.34782608695652173,0.0,4.173913043478261,0.6956521739130435,1.2173913043478262,0.0,0.0,0.0,0.0,0.0,0.0,0.0,0.0,0.0,MF
ENG-Premier League,2425,West Ham,Jarrod Bowen,ENG,"MF,FW",27.0,33.0,13,8,21,1,0,87,37,2.63,1.12,20,51,10,106,16,25,,,0.0,0.0,8,0.0,0.0,0.0,0.0,0.0,0.0,0.0,0.0,0.0,0.0,0.3939393939393939,0.24242424242424243,0.6363636363636364,2.6363636363636362,1.121212121212121,0.6060606060606061,1.5454545454545454,0.30303030303030304,3.212121212121212,0.48484848484848486,0.7575757575757576,0.0,0.0,0.0,0.0,0.0,0.0,0.0,0.0,0.0,MF
ENG-Premier League,2425,West Ham,Jean-Clair Todibo,FRA,DF,24.0,20.3,0,0,0,3,0,5,0,0.25,0.0,16,6,0,3,23,26,,,0.0,0.0,0,0.0,0.0,0.0,0.0,0.0,0.0,0.0,0.0,0.0,0.0,0.0,0.0,0.0,0.24630541871921183,0.0,0.7881773399014778,0.29556650246305416,0.0,0.14778325123152708,1.1330049261083743,1.2807881773399015,0.0,0.0,0.0,0.0,0.0,0.0,0.0,0.0,0.0,DF
ENG-Premier League,2425,West Ham,Konstantinos Mavropanos,GRE,DF,26.0,22.7,0,0,0,6,1,18,5,0.79,0.22,17,16,3,2,39,23,,,0.0,0.0,0,0.0,0.0,0.0,0.0,0.0,0.0,0.0,0.0,0.0,0.0,0.0,0.0,0.0,0.7929515418502203,0.22026431718061676,0.748898678414097,0.7048458149779736,0.13215859030837004,0.0881057268722467,1.7180616740088106,1.013215859030837,0.0,0.0,0.0,0.0,0.0,0.0,0.0,0.0,0.0,DF
ENG-Premier League,2425,West Ham,Lucas Paquetá,BRA,"MF,FW",26.0,26.4,4,0,4,10,0,41,6,1.55,0.23,53,62,5,29,17,36,,,0.0,0.0,0,0.0,0.0,0.0,0.0,0.0,0.0,0.0,0.0,0.0,0.0,0.15151515151515152,0.0,0.15151515151515152,1.5530303030303032,0.2272727272727273,2.007575757575758,2.3484848484848486,0.1893939393939394,1.0984848484848486,0.6439393939393939,1.3636363636363638,0.0,0.0,0.0,0.0,0.0,0.0,0.0,0.0,0.0,MF
ENG-Premier League,2425,West Ham,Max Kilman,ENG,DF,27.0,37.2,0,1,1,5,0,13,3,0.35,0.08,23,13,2,4,36,26,,,0.0,0.0,1,0.0,0.0,0.0,0.0,0.0,0.0,0.0,0.0,0.0,0.0,0.0,0.026881720430107524,0.026881720430107524,0.3494623655913978,0.08064516129032258,0.6182795698924731,0.3494623655913978,0.05376344086021505,0.1075268817204301,0.9677419354838709,0.6989247311827956,0.0,0.0,0.0,0.0,0.0,0.0,0.0,0.0,0.0,DF
ENG-Premier League,2425,West Ham,Mohammed Kudus,GHA,"MF,FW",23.0,28.8,5,3,8,2,1,75,22,2.61,0.76,39,64,18,81,4,23,,,0.0,0.0,3,0.0,0.0,0.0,0.0,0.0,0.0,0.0,0.0,0.0,0.0,0.1736111111111111,0.10416666666666666,0.2777777777777778,2.6041666666666665,0.7638888888888888,1.3541666666666667,2.2222222222222223,0.625,2.8125,0.1388888888888889,0.798611111111111,0.0,0.0,0.0,0.0,0.0,0.0,0.0,0.0,0.0,MF
ENG-Premier League,2425,West Ham,Tomáš Souček,CZE,MF,29.0,28.5,9,1,10,8,0,55,18,1.93,0.63,47,25,4,13,20,22,,,0.0,0.0,1,0.0,0.0,0.0,0.0,0.0,0.0,0.0,0.0,0.0,0.0,0.3157894736842105,0.03508771929824561,0.3508771929824561,1.9298245614035088,0.631578947368421,1.6491228070175439,0.8771929824561403,0.14035087719298245,0.45614035087719296,0.7017543859649122,0.7719298245614035,0.0,0.0,0.0,0.0,0.0,0.0,0.0,0.0,0.0,MF
ENG-Premier League,2425,West Ham,Vladimír Coufal,CZE,"DF,MF",31.0,11.9,0,0,0,5,0,7,2,0.59,0.17,22,16,0,28,8,16,,,0.0,0.0,0,0.0,0.0,0.0,0.0,0.0,0.0,0.0,0.0,0.0,0.0,0.0,0.0,0.0,0.5882352941176471,0.1680672268907563,1.8487394957983192,1.3445378151260503,0.0,2.3529411764705883,0.6722689075630252,1.3445378151260503,0.0,0.0,0.0,0.0,0.0,0.0,0.0,0.0,0.0,DF
ENG-Premier League,2425,West Ham,Łukasz Fabiański,POL,GK,39.0,12.9,0,0,0,2,0,0,0,0.0,0.0,2,1,0,0,0,0,,,0.0,0.0,0,0.0,0.0,0.0,0.0,0.0,0.0,0.0,0.0,0.0,0.0,0.0,0.0,0.0,0.0,0.0,0.15503875968992248,0.07751937984496124,0.0,0.0,0.0,0.0,0.0,0.0,0.0,0.0,0.0,0.0,0.0,0.0,0.0,GK
ENG-Premier League,2425,Wolves,André,BRA,MF,23.0,27.5,0,0,0,7,0,10,1,0.36,0.04,36,34,0,0,37,55,,,0.0,0.0,0,0.0,0.0,0.0,0.0,0.0,0.0,0.0,0.0,0.0,0.0,0.0,0.0,0.0,0.36363636363636365,0.03636363636363636,1.309090909090909,1.2363636363636363,0.0,0.0,1.3454545454545455,2.0,0.0,0.0,0.0,0.0,0.0,0.0,0.0,0.0,0.0,MF
ENG-Premier League,2425,Wolves,Craig Dawson,ENG,DF,34.0,10.8,0,0,0,2,0,5,1,0.46,0.09,6,5,2,0,10,4,,,0.0,0.0,0,0.0,0.0,0.0,0.0,0.0,0.0,0.0,0.0,0.0,0.0,0.0,0.0,0.0,0.4629629629629629,0.09259259259259259,0.5555555555555555,0.4629629629629629,0.18518518518518517,0.0,0.9259259259259258,0.37037037037037035,0.0,0.0,0.0,0.0,0.0,0.0,0.0,0.0,0.0,DF
ENG-Premier League,2425,Wolves,Emmanuel Agbadou,CIV,DF,27.0,15.7,1,0,1,3,0,7,2,0.45,0.13,8,4,1,2,12,19,,,0.0,0.0,0,0.0,0.0,0.0,0.0,0.0,0.0,0.0,0.0,0.0,0.0,0.06369426751592357,0.0,0.06369426751592357,0.445859872611465,0.12738853503184713,0.5095541401273885,0.25477707006369427,0.06369426751592357,0.12738853503184713,0.7643312101910829,1.2101910828025477,0.0,0.0,0.0,0.0,0.0,0.0,0.0,0.0,0.0,DF
ENG-Premier League,2425,Wolves,Gonçalo Guedes,POR,"MF,FW",27.0,11.1,2,4,6,1,0,27,8,2.44,0.72,14,17,3,22,3,6,,,0.0,0.0,4,0.0,0.0,0.0,0.0,0.0,0.0,0.0,0.0,0.0,0.0,0.1801801801801802,0.3603603603603604,0.5405405405405406,2.4324324324324325,0.7207207207207208,1.2612612612612613,1.5315315315315317,0.2702702702702703,1.981981981981982,0.2702702702702703,0.5405405405405406,0.0,0.0,0.0,0.0,0.0,0.0,0.0,0.0,0.0,MF
ENG-Premier League,2425,Wolves,Jean-Ricner Bellegarde,HAI,MF,26.0,18.6,2,7,9,3,0,22,5,1.18,0.27,31,46,1,42,8,23,,,0.0,0.0,7,0.0,0.0,0.0,0.0,0.0,0.0,0.0,0.0,0.0,0.0,0.1075268817204301,0.3763440860215054,0.48387096774193544,1.182795698924731,0.26881720430107525,1.6666666666666665,2.4731182795698925,0.05376344086021505,2.258064516129032,0.4301075268817204,1.2365591397849462,0.0,0.0,0.0,0.0,0.0,0.0,0.0,0.0,0.0,MF
ENG-Premier League,2425,Wolves,José Sá,POR,GK,31.0,29.0,0,0,0,2,0,0,0,0.0,0.0,4,9,0,0,0,2,,,0.0,0.0,0,0.0,0.0,0.0,0.0,0.0,0.0,0.0,0.0,0.0,0.0,0.0,0.0,0.0,0.0,0.0,0.13793103448275862,0.3103448275862069,0.0,0.0,0.0,0.06896551724137931,0.0,0.0,0.0,0.0,0.0,0.0,0.0,0.0,0.0,GK
ENG-Premier League,2425,Wolves,João Gomes,BRA,MF,23.0,33.0,3,1,4,11,1,35,7,1.06,0.21,70,46,1,29,25,78,,,0.0,0.0,1,0.0,0.0,0.0,0.0,0.0,0.0,0.0,0.0,0.0,0.0,0.09090909090909091,0.030303030303030304,0.12121212121212122,1.0606060606060606,0.21212121212121213,2.121212121212121,1.393939393939394,0.030303030303030304,0.8787878787878788,0.7575757575757576,2.3636363636363638,0.0,0.0,0.0,0.0,0.0,0.0,0.0,0.0,0.0,MF
ENG-Premier League,2425,Wolves,Jørgen Strand Larsen,NOR,FW,24.0,28.7,14,4,18,4,0,54,34,1.88,1.18,46,19,16,6,5,7,,,0.0,0.0,4,0.0,0.0,0.0,0.0,0.0,0.0,0.0,0.0,0.0,0.0,0.4878048780487805,0.13937282229965156,0.6271777003484321,1.8815331010452963,1.1846689895470384,1.602787456445993,0.662020905923345,0.5574912891986062,0.20905923344947736,0.17421602787456447,0.24390243902439024,0.0,0.0,0.0,0.0,0.0,0.0,0.0,0.0,0.0,FW
ENG-Premier League,2425,Wolves,Mario Lemina,GAB,"MF,DF",30.0,15.2,1,3,4,4,0,18,5,1.19,0.33,17,8,4,10,26,33,,,0.0,0.0,3,0.0,0.0,0.0,0.0,0.0,0.0,0.0,0.0,0.0,0.0,0.06578947368421052,0.19736842105263158,0.2631578947368421,1.1842105263157896,0.32894736842105265,1.118421052631579,0.5263157894736842,0.2631578947368421,0.6578947368421053,1.7105263157894737,2.1710526315789473,0.0,0.0,0.0,0.0,0.0,0.0,0.0,0.0,0.0,MF
ENG-Premier League,2425,Wolves,Marshall Munetsi,ZIM,"MF,FW",28.0,12.0,2,1,3,0,0,22,7,1.84,0.58,18,10,3,10,6,11,,,0.0,0.0,1,0.0,0.0,0.0,0.0,0.0,0.0,0.0,0.0,0.0,0.0,0.16666666666666666,0.08333333333333333,0.25,1.8333333333333333,0.5833333333333334,1.5,0.8333333333333334,0.25,0.8333333333333334,0.5,0.9166666666666666,0.0,0.0,0.0,0.0,0.0,0.0,0.0,0.0,0.0,MF
ENG-Premier League,2425,Wolves,Matheus Cunha,BRA,MF,25.0,28.9,15,6,21,4,0,110,44,3.81,1.52,43,71,8,143,14,23,,,0.0,0.0,6,0.0,0.0,0.0,0.0,0.0,0.0,0.0,0.0,0.0,0.0,0.5190311418685122,0.20761245674740486,0.726643598615917,3.8062283737024223,1.5224913494809689,1.4878892733564015,2.456747404844291,0.2768166089965398,4.948096885813149,0.4844290657439447,0.795847750865052,0.0,0.0,0.0,0.0,0.0,0.0,0.0,0.0,0.0,MF
ENG-Premier League,2425,Wolves,Matt Doherty,IRL,"DF,MF",32.0,23.4,2,1,3,6,0,10,3,0.43,0.13,18,11,2,22,22,21,,,0.0,0.0,1,0.0,0.0,0.0,0.0,0.0,0.0,0.0,0.0,0.0,0.0,0.08547008547008547,0.042735042735042736,0.12820512820512822,0.4273504273504274,0.12820512820512822,0.7692307692307693,0.47008547008547014,0.08547008547008547,0.9401709401709403,0.9401709401709403,0.8974358974358975,0.0,0.0,0.0,0.0,0.0,0.0,0.0,0.0,0.0,DF
ENG-Premier League,2425,Wolves,Nélson Semedo,POR,"MF,DF",30.0,32.1,0,4,4,8,0,18,7,0.56,0.22,48,30,4,63,23,38,,,0.0,0.0,4,0.0,0.0,0.0,0.0,0.0,0.0,0.0,0.0,0.0,0.0,0.0,0.12461059190031153,0.12461059190031153,0.5607476635514018,0.21806853582554517,1.4953271028037383,0.9345794392523364,0.12461059190031153,1.9626168224299065,0.7165109034267912,1.1838006230529594,0.0,0.0,0.0,0.0,0.0,0.0,0.0,0.0,0.0,MF
ENG-Premier League,2425,Wolves,Rayan Aït-Nouri,ALG,"MF,DF",23.0,34.5,4,7,11,7,1,36,13,1.04,0.38,30,46,6,94,24,55,,,0.0,0.0,7,0.0,0.0,0.0,0.0,0.0,0.0,0.0,0.0,0.0,0.0,0.11594202898550725,0.2028985507246377,0.3188405797101449,1.0434782608695652,0.37681159420289856,0.8695652173913043,1.3333333333333333,0.17391304347826086,2.7246376811594204,0.6956521739130435,1.5942028985507246,0.0,0.0,0.0,0.0,0.0,0.0,0.0,0.0,0.0,MF
ENG-Premier League,2425,Wolves,Santiago Bueno,URU,DF,25.0,18.7,0,0,0,2,0,6,3,0.32,0.16,27,5,0,0,13,20,,,0.0,0.0,0,0.0,0.0,0.0,0.0,0.0,0.0,0.0,0.0,0.0,0.0,0.0,0.0,0.0,0.32085561497326204,0.16042780748663102,1.4438502673796791,0.26737967914438504,0.0,0.0,0.6951871657754011,1.0695187165775402,0.0,0.0,0.0,0.0,0.0,0.0,0.0,0.0,0.0,DF
ENG-Premier League,2425,Wolves,Toti Gomes,POR,DF,25.0,29.0,0,1,1,7,0,7,3,0.24,0.1,24,15,4,13,26,43,,,0.0,0.0,1,0.0,0.0,0.0,0.0,0.0,0.0,0.0,0.0,0.0,0.0,0.0,0.034482758620689655,0.034482758620689655,0.2413793103448276,0.10344827586206896,0.8275862068965517,0.5172413793103449,0.13793103448275862,0.4482758620689655,0.896551724137931,1.4827586206896552,0.0,0.0,0.0,0.0,0.0,0.0,0.0,0.0,0.0,DF
