club,date,views,log_views,match_day,home_match,goals_scored,goals_conceded,margin,win,draw,loss,day_after_match,day_after_win,day_after_draw,day_after_loss,cum_form,dow,month
Arsenal,2019-08-01,23263,10.054662380333246,0.0,0.0,0.0,0.0,0.0,0.0,0.0,0.0,0.0,0.0,0.0,0.0,0.0,3,8
Arsenal,2019-08-02,18506,9.825904317877749,0.0,0.0,0.0,0.0,0.0,0.0,0.0,0.0,0.0,0.0,0.0,0.0,0.0,4,8
Arsenal,2019-08-03,13464,9.5078490052457,0.0,0.0,0.0,0.0,0.0,0.0,0.0,0.0,0.0,0.0,0.0,0.0,0.0,5,8
Arsenal,2019-08-04,14436,9.577549634629815,0.0,0.0,0.0,0.0,0.0,0.0,0.0,0.0,0.0,0.0,0.0,0.0,0.0,6,8
Arsenal,2019-08-05,13605,9.518266150905006,0.0,0.0,0.0,0.0,0.0,0.0,0.0,0.0,0.0,0.0,0.0,0.0,0.0,0,8
Arsenal,2019-08-06,20927,9.948843254256925,0.0,0.0,0.0,0.0,0.0,0.0,0.0,0.0,0.0,0.0,0.0,0.0,0.0,1,8
Arsenal,2019-08-07,24974,10.125630603516754,0.0,0.0,0.0,0.0,0.0,0.0,0.0,0.0,0.0,0.0,0.0,0.0,0.0,2,8
Arsenal,2019-08-08,69419,11.147930289415777,0.0,0.0,0.0,0.0,0.0,0.0,0.0,0.0,0.0,0.0,0.0,0.0,0.0,3,8
Arsenal,2019-08-09,49394,10.807604483478574,0.0,0.0,0.0,0.0,0.0,0.0,0.0,0.0,0.0,0.0,0.0,0.0,0.0,4,8
Arsenal,2019-08-10,23846,10.079413702241222,0.0,0.0,0.0,0.0,0.0,0.0,0.0,0.0,0.0,0.0,0.0,0.0,0.0,5,8
Arsenal,2019-08-11,31596,10.360817458359367,1.0,0.0,1.0,0.0,1.0,1.0,0.0,0.0,0.0,0.0,0.0,0.0,3.0,6,8
Arsenal,2019-08-12,16880,9.733944008101389,0.0,0.0,0.0,0.0,0.0,0.0,0.0,0.0,1.0,1.0,0.0,0.0,3.0,0,8
Arsenal,2019-08-13,12950,9.468928284223587,0.0,0.0,0.0,0.0,0.0,0.0,0.0,0.0,0.0,0.0,0.0,0.0,3.0,1,8
Arsenal,2019-08-14,12904,9.465370112152714,0.0,0.0,0.0,0.0,0.0,0.0,0.0,0.0,0.0,0.0,0.0,0.0,3.0,2,8
Arsenal,2019-08-15,12215,9.410501846898468,0.0,0.0,0.0,0.0,0.0,0.0,0.0,0.0,0.0,0.0,0.0,0.0,3.0,3,8
Arsenal,2019-08-16,11042,9.30955202204713,0.0,0.0,0.0,0.0,0.0,0.0,0.0,0.0,0.0,0.0,0.0,0.0,0.0,4,8
Arsenal,2019-08-17,22508,10.02167050821384,1.0,1.0,2.0,1.0,1.0,1.0,0.0,0.0,0.0,0.0,0.0,0.0,3.0,5,8
Arsenal,2019-08-18,14956,9.612934696659327,0.0,0.0,0.0,0.0,0.0,0.0,0.0,0.0,1.0,1.0,0.0,0.0,3.0,6,8
Arsenal,2019-08-19,12648,9.445333439647541,0.0,0.0,0.0,0.0,0.0,0.0,0.0,0.0,0.0,0.0,0.0,0.0,3.0,0,8
Arsenal,2019-08-20,12460,9.430359045942868,0.0,0.0,0.0,0.0,0.0,0.0,0.0,0.0,0.0,0.0,0.0,0.0,3.0,1,8
Arsenal,2019-08-21,10336,9.243484970568485,0.0,0.0,0.0,0.0,0.0,0.0,0.0,0.0,0.0,0.0,0.0,0.0,3.0,2,8
Arsenal,2019-08-22,10418,9.251386341412184,0.0,0.0,0.0,0.0,0.0,0.0,0.0,0.0,0.0,0.0,0.0,0.0,0.0,3,8
Arsenal,2019-08-23,11438,9.344783848525674,0.0,0.0,0.0,0.0,0.0,0.0,0.0,0.0,0.0,0.0,0.0,0.0,0.0,4,8
Arsenal,2019-08-24,19596,9.883131772279054,1.0,0.0,1.0,3.0,-2.0,0.0,0.0,1.0,0.0,0.0,0.0,0.0,0.0,5,8
Arsenal,2019-08-25,11241,9.32741204356202,0.0,0.0,0.0,0.0,0.0,0.0,0.0,0.0,1.0,0.0,0.0,1.0,0.0,6,8
Arsenal,2019-08-26,8965,9.101194924715385,0.0,0.0,0.0,0.0,0.0,0.0,0.0,0.0,0.0,0.0,0.0,0.0,0.0,0,8
Arsenal,2019-08-27,8313,9.025696119812583,0.0,0.0,0.0,0.0,0.0,0.0,0.0,0.0,0.0,0.0,0.0,0.0,0.0,1,8
Arsenal,2019-08-28,8394,9.035391569511642,0.0,0.0,0.0,0.0,0.0,0.0,0.0,0.0,0.0,0.0,0.0,0.0,0.0,2,8
Arsenal,2019-08-29,8502,9.048174321385792,0.0,0.0,0.0,0.0,0.0,0.0,0.0,0.0,0.0,0.0,0.0,0.0,0.0,3,8
Arsenal,2019-08-30,8961,9.100748695346088,0.0,0.0,0.0,0.0,0.0,0.0,0.0,0.0,0.0,0.0,0.0,0.0,0.0,4,8
Arsenal,2019-08-31,13817,9.53372736904874,0.0,0.0,0.0,0.0,0.0,0.0,0.0,0.0,0.0,0.0,0.0,0.0,0.0,5,8
Arsenal,2019-09-01,23186,10.05134705577498,1.0,1.0,2.0,2.0,0.0,0.0,1.0,0.0,0.0,0.0,0.0,0.0,1.0,6,9
Arsenal,2019-09-02,18299,9.814656338829513,0.0,0.0,0.0,0.0,0.0,0.0,0.0,0.0,1.0,0.0,1.0,0.0,1.0,0,9
Arsenal,2019-09-03,13095,9.48006211905097,0.0,0.0,0.0,0.0,0.0,0.0,0.0,0.0,0.0,0.0,0.0,0.0,1.0,1,9
Arsenal,2019-09-04,9181,9.125000324809168,0.0,0.0,0.0,0.0,0.0,0.0,0.0,0.0,0.0,0.0,0.0,0.0,1.0,2,9
Arsenal,2019-09-05,7475,8.919453168575453,0.0,0.0,0.0,0.0,0.0,0.0,0.0,0.0,0.0,0.0,0.0,0.0,1.0,3,9
Arsenal,2019-09-06,6168,8.72729202920964,0.0,0.0,0.0,0.0,0.0,0.0,0.0,0.0,0.0,0.0,0.0,0.0,0.0,4,9
Arsenal,2019-09-07,6515,8.782015969721936,0.0,0.0,0.0,0.0,0.0,0.0,0.0,0.0,0.0,0.0,0.0,0.0,0.0,5,9
Arsenal,2019-09-08,6969,8.84937050375457,0.0,0.0,0.0,0.0,0.0,0.0,0.0,0.0,0.0,0.0,0.0,0.0,0.0,6,9
Arsenal,2019-09-09,6216,8.735042754269337,0.0,0.0,0.0,0.0,0.0,0.0,0.0,0.0,0.0,0.0,0.0,0.0,0.0,0,9
Arsenal,2019-09-10,6193,8.731336360533149,0.0,0.0,0.0,0.0,0.0,0.0,0.0,0.0,0.0,0.0,0.0,0.0,0.0,1,9
Arsenal,2019-09-11,6070,8.711278615130434,0.0,0.0,0.0,0.0,0.0,0.0,0.0,0.0,0.0,0.0,0.0,0.0,0.0,2,9
Arsenal,2019-09-12,6548,8.787067645218054,0.0,0.0,0.0,0.0,0.0,0.0,0.0,0.0,0.0,0.0,0.0,0.0,0.0,3,9
Arsenal,2019-09-13,6602,8.79527937019457,0.0,0.0,0.0,0.0,0.0,0.0,0.0,0.0,0.0,0.0,0.0,0.0,0.0,4,9
Arsenal,2019-09-14,7262,8.890548245606167,0.0,0.0,0.0,0.0,0.0,0.0,0.0,0.0,0.0,0.0,0.0,0.0,0.0,5,9
Arsenal,2019-09-15,14286,9.567105311865157,1.0,0.0,2.0,2.0,0.0,0.0,1.0,0.0,0.0,0.0,0.0,0.0,1.0,6,9
Arsenal,2019-09-16,8807,9.083415678402515,0.0,0.0,0.0,0.0,0.0,0.0,0.0,0.0,1.0,0.0,1.0,0.0,1.0,0,9
Arsenal,2019-09-17,6802,8.825118970345061,0.0,0.0,0.0,0.0,0.0,0.0,0.0,0.0,0.0,0.0,0.0,0.0,1.0,1,9
Arsenal,2019-09-18,6520,8.782783017393202,0.0,0.0,0.0,0.0,0.0,0.0,0.0,0.0,0.0,0.0,0.0,0.0,1.0,2,9
Arsenal,2019-09-19,11047,9.310004695089129,0.0,0.0,0.0,0.0,0.0,0.0,0.0,0.0,0.0,0.0,0.0,0.0,1.0,3,9
Arsenal,2019-09-20,8990,9.103979355984773,0.0,0.0,0.0,0.0,0.0,0.0,0.0,0.0,0.0,0.0,0.0,0.0,0.0,4,9
Arsenal,2019-09-21,6859,8.83346272071993,0.0,0.0,0.0,0.0,0.0,0.0,0.0,0.0,0.0,0.0,0.0,0.0,0.0,5,9
Arsenal,2019-09-22,11447,9.345570321236286,1.0,1.0,3.0,2.0,1.0,1.0,0.0,0.0,0.0,0.0,0.0,0.0,3.0,6,9
Arsenal,2019-09-23,8904,9.094368195723762,0.0,0.0,0.0,0.0,0.0,0.0,0.0,0.0,1.0,1.0,0.0,0.0,3.0,0,9
Arsenal,2019-09-24,10705,9.278559610953327,0.0,0.0,0.0,0.0,0.0,0.0,0.0,0.0,0.0,0.0,0.0,0.0,3.0,1,9
Arsenal,2019-09-25,10297,9.239704980606087,0.0,0.0,0.0,0.0,0.0,0.0,0.0,0.0,0.0,0.0,0.0,0.0,3.0,2,9
Arsenal,2019-09-26,8161,9.00724451596575,0.0,0.0,0.0,0.0,0.0,0.0,0.0,0.0,0.0,0.0,0.0,0.0,3.0,3,9
Arsenal,2019-09-27,9371,9.145481799627687,0.0,0.0,0.0,0.0,0.0,0.0,0.0,0.0,0.0,0.0,0.0,0.0,0.0,4,9
Arsenal,2019-09-28,8095,8.999125391527247,0.0,0.0,0.0,0.0,0.0,0.0,0.0,0.0,0.0,0.0,0.0,0.0,0.0,5,9
Arsenal,2019-09-29,8064,8.99528899055931,0.0,0.0,0.0,0.0,0.0,0.0,0.0,0.0,0.0,0.0,0.0,0.0,0.0,6,9
Arsenal,2019-09-30,16616,9.718181546701214,1.0,0.0,1.0,1.0,0.0,0.0,1.0,0.0,0.0,0.0,0.0,0.0,1.0,0,9
Arsenal,2019-10-01,13595,9.517530910816006,0.0,0.0,0.0,0.0,0.0,0.0,0.0,0.0,1.0,0.0,1.0,0.0,1.0,1,10
Arsenal,2019-10-02,8579,9.057189192482008,0.0,0.0,0.0,0.0,0.0,0.0,0.0,0.0,0.0,0.0,0.0,0.0,1.0,2,10
Arsenal,2019-10-03,12188,9.408289184655837,0.0,0.0,0.0,0.0,0.0,0.0,0.0,0.0,0.0,0.0,0.0,0.0,1.0,3,10
Arsenal,2019-10-04,10827,9.289890650734192,0.0,0.0,0.0,0.0,0.0,0.0,0.0,0.0,0.0,0.0,0.0,0.0,1.0,4,10
Arsenal,2019-10-05,7967,8.983188799264434,0.0,0.0,0.0,0.0,0.0,0.0,0.0,0.0,0.0,0.0,0.0,0.0,0.0,5,10
Arsenal,2019-10-06,10877,9.294497679982905,1.0,1.0,1.0,0.0,1.0,1.0,0.0,0.0,0.0,0.0,0.0,0.0,3.0,6,10
Arsenal,2019-10-07,8576,9.056839480990421,0.0,0.0,0.0,0.0,0.0,0.0,0.0,0.0,1.0,1.0,0.0,0.0,3.0,0,10
Arsenal,2019-10-08,9598,9.169414205363537,0.0,0.0,0.0,0.0,0.0,0.0,0.0,0.0,0.0,0.0,0.0,0.0,3.0,1,10
Arsenal,2019-10-09,6934,8.844336332748933,0.0,0.0,0.0,0.0,0.0,0.0,0.0,0.0,0.0,0.0,0.0,0.0,3.0,2,10
Arsenal,2019-10-10,6657,8.80357441813497,0.0,0.0,0.0,0.0,0.0,0.0,0.0,0.0,0.0,0.0,0.0,0.0,3.0,3,10
Arsenal,2019-10-11,6299,8.748304912379623,0.0,0.0,0.0,0.0,0.0,0.0,0.0,0.0,0.0,0.0,0.0,0.0,0.0,4,10
Arsenal,2019-10-12,5967,8.694167141883597,0.0,0.0,0.0,0.0,0.0,0.0,0.0,0.0,0.0,0.0,0.0,0.0,0.0,5,10
Arsenal,2019-10-13,6141,8.722905701000768,0.0,0.0,0.0,0.0,0.0,0.0,0.0,0.0,0.0,0.0,0.0,0.0,0.0,6,10
Arsenal,2019-10-14,7207,8.882946799288174,0.0,0.0,0.0,0.0,0.0,0.0,0.0,0.0,0.0,0.0,0.0,0.0,0.0,0,10
Arsenal,2019-10-15,5554,8.62245370207373,0.0,0.0,0.0,0.0,0.0,0.0,0.0,0.0,0.0,0.0,0.0,0.0,0.0,1,10
Arsenal,2019-10-16,6096,8.715552125907816,0.0,0.0,0.0,0.0,0.0,0.0,0.0,0.0,0.0,0.0,0.0,0.0,0.0,2,10
Arsenal,2019-10-17,5560,8.623533227187563,0.0,0.0,0.0,0.0,0.0,0.0,0.0,0.0,0.0,0.0,0.0,0.0,0.0,3,10
Arsenal,2019-10-18,5926,8.687273461787838,0.0,0.0,0.0,0.0,0.0,0.0,0.0,0.0,0.0,0.0,0.0,0.0,0.0,4,10
Arsenal,2019-10-19,7989,8.98594603876032,0.0,0.0,0.0,0.0,0.0,0.0,0.0,0.0,0.0,0.0,0.0,0.0,0.0,5,10
Arsenal,2019-10-20,6773,8.820847033377717,0.0,0.0,0.0,0.0,0.0,0.0,0.0,0.0,0.0,0.0,0.0,0.0,0.0,6,10
Arsenal,2019-10-21,11913,9.385469458188632,1.0,0.0,0.0,1.0,-1.0,0.0,0.0,1.0,0.0,0.0,0.0,0.0,0.0,0,10
Arsenal,2019-10-22,9280,9.135724578595394,0.0,0.0,0.0,0.0,0.0,0.0,0.0,0.0,1.0,0.0,0.0,1.0,0.0,1,10
Arsenal,2019-10-23,6670,8.805525052709516,0.0,0.0,0.0,0.0,0.0,0.0,0.0,0.0,0.0,0.0,0.0,0.0,0.0,2,10
Arsenal,2019-10-24,9859,9.19624144759668,0.0,0.0,0.0,0.0,0.0,0.0,0.0,0.0,0.0,0.0,0.0,0.0,0.0,3,10
Arsenal,2019-10-25,9077,9.113609183016411,0.0,0.0,0.0,0.0,0.0,0.0,0.0,0.0,0.0,0.0,0.0,0.0,0.0,4,10
Arsenal,2019-10-26,6555,8.78813593986372,0.0,0.0,0.0,0.0,0.0,0.0,0.0,0.0,0.0,0.0,0.0,0.0,0.0,5,10
Arsenal,2019-10-27,10162,9.226508953137767,1.0,1.0,2.0,2.0,0.0,0.0,1.0,0.0,0.0,0.0,0.0,0.0,1.0,6,10
Arsenal,2019-10-28,10785,9.286004275897172,0.0,0.0,0.0,0.0,0.0,0.0,0.0,0.0,1.0,0.0,1.0,0.0,1.0,0,10
Arsenal,2019-10-29,8595,9.059052257762401,0.0,0.0,0.0,0.0,0.0,0.0,0.0,0.0,0.0,0.0,0.0,0.0,1.0,1,10
Arsenal,2019-10-30,13483,9.50925907635395,0.0,0.0,0.0,0.0,0.0,0.0,0.0,0.0,0.0,0.0,0.0,0.0,1.0,2,10
Arsenal,2019-10-31,10196,9.229848838364227,0.0,0.0,0.0,0.0,0.0,0.0,0.0,0.0,0.0,0.0,0.0,0.0,1.0,3,10
Arsenal,2019-11-01,8248,9.017847259860732,0.0,0.0,0.0,0.0,0.0,0.0,0.0,0.0,0.0,0.0,0.0,0.0,0.0,4,11
Arsenal,2019-11-02,9080,9.113939597689829,1.0,1.0,1.0,1.0,0.0,0.0,1.0,0.0,0.0,0.0,0.0,0.0,1.0,5,11
Arsenal,2019-11-03,8169,9.008224187854049,0.0,0.0,0.0,0.0,0.0,0.0,0.0,0.0,1.0,0.0,1.0,0.0,1.0,6,11
Arsenal,2019-11-04,7002,8.854093907655518,0.0,0.0,0.0,0.0,0.0,0.0,0.0,0.0,0.0,0.0,0.0,0.0,1.0,0,11
Arsenal,2019-11-05,9045,9.11007795003779,0.0,0.0,0.0,0.0,0.0,0.0,0.0,0.0,0.0,0.0,0.0,0.0,1.0,1,11
Arsenal,2019-11-06,11497,9.349928386183237,0.0,0.0,0.0,0.0,0.0,0.0,0.0,0.0,0.0,0.0,0.0,0.0,1.0,2,11
Arsenal,2019-11-07,7115,8.870101048785726,0.0,0.0,0.0,0.0,0.0,0.0,0.0,0.0,0.0,0.0,0.0,0.0,0.0,3,11
Arsenal,2019-11-08,6275,8.744488113852924,0.0,0.0,0.0,0.0,0.0,0.0,0.0,0.0,0.0,0.0,0.0,0.0,0.0,4,11
Arsenal,2019-11-09,11760,9.372544251851037,1.0,0.0,0.0,2.0,-2.0,0.0,0.0,1.0,0.0,0.0,0.0,0.0,0.0,5,11
Arsenal,2019-11-10,9328,9.140883106960962,0.0,0.0,0.0,0.0,0.0,0.0,0.0,0.0,1.0,0.0,0.0,1.0,0.0,6,11
Arsenal,2019-11-11,8089,8.998384010052538,0.0,0.0,0.0,0.0,0.0,0.0,0.0,0.0,0.0,0.0,0.0,0.0,0.0,0,11
Arsenal,2019-11-12,7723,8.952087643548404,0.0,0.0,0.0,0.0,0.0,0.0,0.0,0.0,0.0,0.0,0.0,0.0,0.0,1,11
Arsenal,2019-11-13,7389,8.907883013942248,0.0,0.0,0.0,0.0,0.0,0.0,0.0,0.0,0.0,0.0,0.0,0.0,0.0,2,11
Arsenal,2019-11-14,6375,8.760296220470051,0.0,0.0,0.0,0.0,0.0,0.0,0.0,0.0,0.0,0.0,0.0,0.0,0.0,3,11
Arsenal,2019-11-15,4947,8.506738733512378,0.0,0.0,0.0,0.0,0.0,0.0,0.0,0.0,0.0,0.0,0.0,0.0,0.0,4,11
Arsenal,2019-11-16,4901,8.497398564088058,0.0,0.0,0.0,0.0,0.0,0.0,0.0,0.0,0.0,0.0,0.0,0.0,0.0,5,11
Arsenal,2019-11-17,5324,8.580167990577626,0.0,0.0,0.0,0.0,0.0,0.0,0.0,0.0,0.0,0.0,0.0,0.0,0.0,6,11
Arsenal,2019-11-18,5089,8.53503310954457,0.0,0.0,0.0,0.0,0.0,0.0,0.0,0.0,0.0,0.0,0.0,0.0,0.0,0,11
Arsenal,2019-11-19,5744,8.656085190282855,0.0,0.0,0.0,0.0,0.0,0.0,0.0,0.0,0.0,0.0,0.0,0.0,0.0,1,11
Arsenal,2019-11-20,7185,8.879889967673464,0.0,0.0,0.0,0.0,0.0,0.0,0.0,0.0,0.0,0.0,0.0,0.0,0.0,2,11
Arsenal,2019-11-21,5896,8.682199026000504,0.0,0.0,0.0,0.0,0.0,0.0,0.0,0.0,0.0,0.0,0.0,0.0,0.0,3,11
Arsenal,2019-11-22,5723,8.652423140676342,0.0,0.0,0.0,0.0,0.0,0.0,0.0,0.0,0.0,0.0,0.0,0.0,0.0,4,11
Arsenal,2019-11-23,9115,9.117786390365575,1.0,1.0,2.0,2.0,0.0,0.0,1.0,0.0,0.0,0.0,0.0,0.0,1.0,5,11
Arsenal,2019-11-24,8267,9.020147920801659,0.0,0.0,0.0,0.0,0.0,0.0,0.0,0.0,1.0,0.0,1.0,0.0,1.0,6,11
Arsenal,2019-11-25,7257,8.889859587773016,0.0,0.0,0.0,0.0,0.0,0.0,0.0,0.0,0.0,0.0,0.0,0.0,1.0,0,11
Arsenal,2019-11-26,7100,8.867990898182093,0.0,0.0,0.0,0.0,0.0,0.0,0.0,0.0,0.0,0.0,0.0,0.0,1.0,1,11
Arsenal,2019-11-27,6598,8.794673401383422,0.0,0.0,0.0,0.0,0.0,0.0,0.0,0.0,0.0,0.0,0.0,0.0,1.0,2,11
Arsenal,2019-11-28,9298,9.137662146478197,0.0,0.0,0.0,0.0,0.0,0.0,0.0,0.0,0.0,0.0,0.0,0.0,0.0,3,11
Arsenal,2019-11-29,34209,10.44027327797165,0.0,0.0,0.0,0.0,0.0,0.0,0.0,0.0,0.0,0.0,0.0,0.0,0.0,4,11
Arsenal,2019-11-30,18137,9.805764464007513,0.0,0.0,0.0,0.0,0.0,0.0,0.0,0.0,0.0,0.0,0.0,0.0,0.0,5,11
Arsenal,2019-12-01,19371,9.87158400352312,1.0,0.0,2.0,2.0,0.0,0.0,1.0,0.0,0.0,0.0,0.0,0.0,1.0,6,12
Arsenal,2019-12-02,10654,9.273784544532717,0.0,0.0,0.0,0.0,0.0,0.0,0.0,0.0,1.0,0.0,1.0,0.0,1.0,0,12
Arsenal,2019-12-03,8230,9.015662792972645,0.0,0.0,0.0,0.0,0.0,0.0,0.0,0.0,0.0,0.0,0.0,0.0,1.0,1,12
Arsenal,2019-12-04,8185,9.010180657052349,0.0,0.0,0.0,0.0,0.0,0.0,0.0,0.0,0.0,0.0,0.0,0.0,1.0,2,12
Arsenal,2019-12-05,14075,9.552226498441476,1.0,1.0,1.0,2.0,-1.0,0.0,0.0,1.0,0.0,0.0,0.0,0.0,1.0,3,12
Arsenal,2019-12-06,12676,9.447544606938727,0.0,0.0,0.0,0.0,0.0,0.0,0.0,0.0,1.0,0.0,0.0,1.0,0.0,4,12
Arsenal,2019-12-07,9501,9.159257581746866,0.0,0.0,0.0,0.0,0.0,0.0,0.0,0.0,0.0,0.0,0.0,0.0,0.0,5,12
Arsenal,2019-12-08,8563,9.055322649709574,0.0,0.0,0.0,0.0,0.0,0.0,0.0,0.0,0.0,0.0,0.0,0.0,0.0,6,12
Arsenal,2019-12-09,14119,9.555347511047232,1.0,0.0,3.0,1.0,2.0,1.0,0.0,0.0,0.0,0.0,0.0,0.0,3.0,0,12
Arsenal,2019-12-10,10664,9.274722630905451,0.0,0.0,0.0,0.0,0.0,0.0,0.0,0.0,1.0,1.0,0.0,0.0,3.0,1,12
Arsenal,2019-12-11,10189,9.229162126216771,0.0,0.0,0.0,0.0,0.0,0.0,0.0,0.0,0.0,0.0,0.0,0.0,3.0,2,12
Arsenal,2019-12-12,9373,9.14569517848265,0.0,0.0,0.0,0.0,0.0,0.0,0.0,0.0,0.0,0.0,0.0,0.0,3.0,3,12
Arsenal,2019-12-13,7547,8.92903790648844,0.0,0.0,0.0,0.0,0.0,0.0,0.0,0.0,0.0,0.0,0.0,0.0,3.0,4,12
Arsenal,2019-12-14,7080,8.865170419651774,0.0,0.0,0.0,0.0,0.0,0.0,0.0,0.0,0.0,0.0,0.0,0.0,0.0,5,12
Arsenal,2019-12-15,16104,9.686885061765299,1.0,1.0,0.0,3.0,-3.0,0.0,0.0,1.0,0.0,0.0,0.0,0.0,0.0,6,12
Arsenal,2019-12-16,13134,9.48303570211964,0.0,0.0,0.0,0.0,0.0,0.0,0.0,0.0,1.0,0.0,0.0,1.0,0.0,0,12
Arsenal,2019-12-17,13027,9.474856166396124,0.0,0.0,0.0,0.0,0.0,0.0,0.0,0.0,0.0,0.0,0.0,0.0,0.0,1,12
Arsenal,2019-12-18,13674,9.523324627290181,0.0,0.0,0.0,0.0,0.0,0.0,0.0,0.0,0.0,0.0,0.0,0.0,0.0,2,12
Arsenal,2019-12-19,10656,9.273972232220956,0.0,0.0,0.0,0.0,0.0,0.0,0.0,0.0,0.0,0.0,0.0,0.0,0.0,3,12
Arsenal,2019-12-20,23205,10.05216614490749,0.0,0.0,0.0,0.0,0.0,0.0,0.0,0.0,0.0,0.0,0.0,0.0,0.0,4,12
Arsenal,2019-12-21,20897,9.947408739594056,1.0,0.0,0.0,0.0,0.0,0.0,1.0,0.0,0.0,0.0,0.0,0.0,1.0,5,12
Arsenal,2019-12-22,12220,9.410911062438,0.0,0.0,0.0,0.0,0.0,0.0,0.0,0.0,1.0,0.0,1.0,0.0,1.0,6,12
Arsenal,2019-12-23,11011,9.306740866262498,0.0,0.0,0.0,0.0,0.0,0.0,0.0,0.0,0.0,0.0,0.0,0.0,1.0,0,12
Arsenal,2019-12-24,10134,9.2237500588861,0.0,0.0,0.0,0.0,0.0,0.0,0.0,0.0,0.0,0.0,0.0,0.0,1.0,1,12
Arsenal,2019-12-25,8863,9.089753408987065,0.0,0.0,0.0,0.0,0.0,0.0,0.0,0.0,0.0,0.0,0.0,0.0,1.0,2,12
Arsenal,2019-12-26,13990,9.546169544733285,1.0,0.0,1.0,1.0,0.0,0.0,1.0,0.0,0.0,0.0,0.0,0.0,1.0,3,12
Arsenal,2019-12-27,10237,9.233861567017529,0.0,0.0,0.0,0.0,0.0,0.0,0.0,0.0,1.0,0.0,1.0,0.0,1.0,4,12
Arsenal,2019-12-28,9577,9.167224080902555,0.0,0.0,0.0,0.0,0.0,0.0,0.0,0.0,0.0,0.0,0.0,0.0,1.0,5,12
Arsenal,2019-12-29,21937,9.995975571971279,1.0,1.0,1.0,2.0,-1.0,0.0,0.0,1.0,0.0,0.0,0.0,0.0,1.0,6,12
Arsenal,2019-12-30,11362,9.338117741918008,0.0,0.0,0.0,0.0,0.0,0.0,0.0,0.0,1.0,0.0,0.0,1.0,1.0,0,12
Arsenal,2019-12-31,8835,9.086589564540008,0.0,0.0,0.0,0.0,0.0,0.0,0.0,0.0,0.0,0.0,0.0,0.0,0.0,1,12
Arsenal,2020-01-01,19380,9.872048483700748,1.0,1.0,2.0,0.0,2.0,1.0,0.0,0.0,0.0,0.0,0.0,0.0,3.0,2,1
Arsenal,2020-01-02,16501,9.711236864664288,0.0,0.0,0.0,0.0,0.0,0.0,0.0,0.0,1.0,1.0,0.0,0.0,3.0,3,1
Arsenal,2020-01-03,10780,9.285540604539118,0.0,0.0,0.0,0.0,0.0,0.0,0.0,0.0,0.0,0.0,0.0,0.0,3.0,4,1
Arsenal,2020-01-04,9151,9.12172771361958,0.0,0.0,0.0,0.0,0.0,0.0,0.0,0.0,0.0,0.0,0.0,0.0,3.0,5,1
Arsenal,2020-01-05,9101,9.116249448576587,0.0,0.0,0.0,0.0,0.0,0.0,0.0,0.0,0.0,0.0,0.0,0.0,3.0,6,1
Arsenal,2020-01-06,15898,9.67401149314871,0.0,0.0,0.0,0.0,0.0,0.0,0.0,0.0,0.0,0.0,0.0,0.0,0.0,0,1
Arsenal,2020-01-07,10023,9.212737496575905,0.0,0.0,0.0,0.0,0.0,0.0,0.0,0.0,0.0,0.0,0.0,0.0,0.0,1,1
Arsenal,2020-01-08,7101,8.868131713503033,0.0,0.0,0.0,0.0,0.0,0.0,0.0,0.0,0.0,0.0,0.0,0.0,0.0,2,1
Arsenal,2020-01-09,6693,8.808966881771273,0.0,0.0,0.0,0.0,0.0,0.0,0.0,0.0,0.0,0.0,0.0,0.0,0.0,3,1
Arsenal,2020-01-10,7072,8.86403999703599,0.0,0.0,0.0,0.0,0.0,0.0,0.0,0.0,0.0,0.0,0.0,0.0,0.0,4,1
Arsenal,2020-01-11,11213,9.324918276683619,1.0,0.0,1.0,1.0,0.0,0.0,1.0,0.0,0.0,0.0,0.0,0.0,1.0,5,1
Arsenal,2020-01-12,8045,8.992930352509733,0.0,0.0,0.0,0.0,0.0,0.0,0.0,0.0,1.0,0.0,1.0,0.0,1.0,6,1
Arsenal,2020-01-13,7250,8.888894669371593,0.0,0.0,0.0,0.0,0.0,0.0,0.0,0.0,0.0,0.0,0.0,0.0,1.0,0,1
Arsenal,2020-01-14,7234,8.886685639065584,0.0,0.0,0.0,0.0,0.0,0.0,0.0,0.0,0.0,0.0,0.0,0.0,1.0,1,1
Arsenal,2020-01-15,7213,8.883778861463485,0.0,0.0,0.0,0.0,0.0,0.0,0.0,0.0,0.0,0.0,0.0,0.0,1.0,2,1
Arsenal,2020-01-16,6928,8.843470781627381,0.0,0.0,0.0,0.0,0.0,0.0,0.0,0.0,0.0,0.0,0.0,0.0,0.0,3,1
Arsenal,2020-01-17,6805,8.82555985506085,0.0,0.0,0.0,0.0,0.0,0.0,0.0,0.0,0.0,0.0,0.0,0.0,0.0,4,1
Arsenal,2020-01-18,9056,9.111293218374948,1.0,1.0,1.0,1.0,0.0,0.0,1.0,0.0,0.0,0.0,0.0,0.0,1.0,5,1
Arsenal,2020-01-19,9128,9.119211438565081,0.0,0.0,0.0,0.0,0.0,0.0,0.0,0.0,1.0,0.0,1.0,0.0,1.0,6,1
Arsenal,2020-01-20,7824,8.965079015408355,0.0,0.0,0.0,0.0,0.0,0.0,0.0,0.0,0.0,0.0,0.0,0.0,1.0,0,1
Arsenal,2020-01-21,12932,9.467537463415244,1.0,0.0,2.0,2.0,0.0,0.0,1.0,0.0,0.0,0.0,0.0,0.0,2.0,1,1
Arsenal,2020-01-22,11751,9.371778717853713,0.0,0.0,0.0,0.0,0.0,0.0,0.0,0.0,1.0,0.0,1.0,0.0,2.0,2,1
Arsenal,2020-01-23,8963,9.100971834920818,0.0,0.0,0.0,0.0,0.0,0.0,0.0,0.0,0.0,0.0,0.0,0.0,1.0,3,1
Arsenal,2020-01-24,8005,8.987946539552519,0.0,0.0,0.0,0.0,0.0,0.0,0.0,0.0,0.0,0.0,0.0,0.0,1.0,4,1
Arsenal,2020-01-25,8302,9.02437217426203,0.0,0.0,0.0,0.0,0.0,0.0,0.0,0.0,0.0,0.0,0.0,0.0,1.0,5,1
Arsenal,2020-01-26,7640,8.941283763647567,0.0,0.0,0.0,0.0,0.0,0.0,0.0,0.0,0.0,0.0,0.0,0.0,0.0,6,1
Arsenal,2020-01-27,10031,9.213535262872702,0.0,0.0,0.0,0.0,0.0,0.0,0.0,0.0,0.0,0.0,0.0,0.0,0.0,0,1
Arsenal,2020-01-28,8802,9.082847851460906,0.0,0.0,0.0,0.0,0.0,0.0,0.0,0.0,0.0,0.0,0.0,0.0,0.0,1,1
Arsenal,2020-01-29,16258,9.696401880595555,0.0,0.0,0.0,0.0,0.0,0.0,0.0,0.0,0.0,0.0,0.0,0.0,0.0,2,1
Arsenal,2020-01-30,13425,9.504948404498696,0.0,0.0,0.0,0.0,0.0,0.0,0.0,0.0,0.0,0.0,0.0,0.0,0.0,3,1
Arsenal,2020-01-31,18913,9.847657667575458,0.0,0.0,0.0,0.0,0.0,0.0,0.0,0.0,0.0,0.0,0.0,0.0,0.0,4,1
Arsenal,2020-02-01,12336,9.420358156071465,0.0,0.0,0.0,0.0,0.0,0.0,0.0,0.0,0.0,0.0,0.0,0.0,0.0,5,2
Arsenal,2020-02-02,13053,9.476849879195163,1.0,0.0,0.0,0.0,0.0,0.0,1.0,0.0,0.0,0.0,0.0,0.0,1.0,6,2
Arsenal,2020-02-03,7865,8.970304952991755,0.0,0.0,0.0,0.0,0.0,0.0,0.0,0.0,1.0,0.0,1.0,0.0,1.0,0,2
Arsenal,2020-02-04,7644,8.941807118363164,0.0,0.0,0.0,0.0,0.0,0.0,0.0,0.0,0.0,0.0,0.0,0.0,1.0,1,2
Arsenal,2020-02-05,7851,8.968523555396352,0.0,0.0,0.0,0.0,0.0,0.0,0.0,0.0,0.0,0.0,0.0,0.0,1.0,2,2
Arsenal,2020-02-06,5887,8.680671660408713,0.0,0.0,0.0,0.0,0.0,0.0,0.0,0.0,0.0,0.0,0.0,0.0,1.0,3,2
Arsenal,2020-02-07,5568,8.624970783589669,0.0,0.0,0.0,0.0,0.0,0.0,0.0,0.0,0.0,0.0,0.0,0.0,0.0,4,2
Arsenal,2020-02-08,5900,8.682877107057168,0.0,0.0,0.0,0.0,0.0,0.0,0.0,0.0,0.0,0.0,0.0,0.0,0.0,5,2
Arsenal,2020-02-09,5873,8.678291111758565,0.0,0.0,0.0,0.0,0.0,0.0,0.0,0.0,0.0,0.0,0.0,0.0,0.0,6,2
Arsenal,2020-02-10,5694,8.647343875881283,0.0,0.0,0.0,0.0,0.0,0.0,0.0,0.0,0.0,0.0,0.0,0.0,0.0,0,2
Arsenal,2020-02-11,5812,8.66785206770135,0.0,0.0,0.0,0.0,0.0,0.0,0.0,0.0,0.0,0.0,0.0,0.0,0.0,1,2
Arsenal,2020-02-12,5552,8.622093601241607,0.0,0.0,0.0,0.0,0.0,0.0,0.0,0.0,0.0,0.0,0.0,0.0,0.0,2,2
Arsenal,2020-02-13,5554,8.62245370207373,0.0,0.0,0.0,0.0,0.0,0.0,0.0,0.0,0.0,0.0,0.0,0.0,0.0,3,2
Arsenal,2020-02-14,5634,8.636752426473876,0.0,0.0,0.0,0.0,0.0,0.0,0.0,0.0,0.0,0.0,0.0,0.0,0.0,4,2
Arsenal,2020-02-15,6781,8.822027322685583,0.0,0.0,0.0,0.0,0.0,0.0,0.0,0.0,0.0,0.0,0.0,0.0,0.0,5,2
Arsenal,2020-02-16,14240,9.563880407219427,1.0,1.0,4.0,0.0,4.0,1.0,0.0,0.0,0.0,0.0,0.0,0.0,3.0,6,2
Arsenal,2020-02-17,10149,9.225228984469933,0.0,0.0,0.0,0.0,0.0,0.0,0.0,0.0,1.0,1.0,0.0,0.0,3.0,0,2
Arsenal,2020-02-18,7994,8.986571625268054,0.0,0.0,0.0,0.0,0.0,0.0,0.0,0.0,0.0,0.0,0.0,0.0,3.0,1,2
Arsenal,2020-02-19,7148,8.874727765766853,0.0,0.0,0.0,0.0,0.0,0.0,0.0,0.0,0.0,0.0,0.0,0.0,3.0,2,2
Arsenal,2020-02-20,9953,9.2057297594185,0.0,0.0,0.0,0.0,0.0,0.0,0.0,0.0,0.0,0.0,0.0,0.0,3.0,3,2
Arsenal,2020-02-21,8263,9.019664010799474,0.0,0.0,0.0,0.0,0.0,0.0,0.0,0.0,0.0,0.0,0.0,0.0,0.0,4,2
Arsenal,2020-02-22,7157,8.875985891325971,0.0,0.0,0.0,0.0,0.0,0.0,0.0,0.0,0.0,0.0,0.0,0.0,0.0,5,2
Arsenal,2020-02-23,14941,9.611931318535747,1.0,1.0,3.0,2.0,1.0,1.0,0.0,0.0,0.0,0.0,0.0,0.0,3.0,6,2
Arsenal,2020-02-24,10102,9.220587688427733,0.0,0.0,0.0,0.0,0.0,0.0,0.0,0.0,1.0,1.0,0.0,0.0,3.0,0,2
Arsenal,2020-02-25,8308,9.02509454366498,0.0,0.0,0.0,0.0,0.0,0.0,0.0,0.0,0.0,0.0,0.0,0.0,3.0,1,2
Arsenal,2020-02-26,7804,8.962519832949532,0.0,0.0,0.0,0.0,0.0,0.0,0.0,0.0,0.0,0.0,0.0,0.0,3.0,2,2
Arsenal,2020-02-27,11801,9.376024287617113,0.0,0.0,0.0,0.0,0.0,0.0,0.0,0.0,0.0,0.0,0.0,0.0,3.0,3,2
Arsenal,2020-02-28,10323,9.242226560838505,0.0,0.0,0.0,0.0,0.0,0.0,0.0,0.0,0.0,0.0,0.0,0.0,0.0,4,2
Arsenal,2020-02-29,10681,9.276315360899716,0.0,0.0,0.0,0.0,0.0,0.0,0.0,0.0,0.0,0.0,0.0,0.0,0.0,5,2
Arsenal,2020-03-01,12159,9.405907155520158,0.0,0.0,0.0,0.0,0.0,0.0,0.0,0.0,0.0,0.0,0.0,0.0,0.0,6,3
Arsenal,2020-03-02,11574,9.356602878954435,0.0,0.0,0.0,0.0,0.0,0.0,0.0,0.0,0.0,0.0,0.0,0.0,0.0,0,3
Arsenal,2020-03-03,10208,9.231024963169016,0.0,0.0,0.0,0.0,0.0,0.0,0.0,0.0,0.0,0.0,0.0,0.0,0.0,1,3
Arsenal,2020-03-04,8270,9.020510699691906,0.0,0.0,0.0,0.0,0.0,0.0,0.0,0.0,0.0,0.0,0.0,0.0,0.0,2,3
Arsenal,2020-03-05,7204,8.882530508433623,0.0,0.0,0.0,0.0,0.0,0.0,0.0,0.0,0.0,0.0,0.0,0.0,0.0,3,3
Arsenal,2020-03-06,6004,8.700347734514084,0.0,0.0,0.0,0.0,0.0,0.0,0.0,0.0,0.0,0.0,0.0,0.0,0.0,4,3
Arsenal,2020-03-07,10787,9.28618968425962,1.0,1.0,1.0,0.0,1.0,1.0,0.0,0.0,0.0,0.0,0.0,0.0,3.0,5,3
Arsenal,2020-03-08,8591,9.058586816748646,0.0,0.0,0.0,0.0,0.0,0.0,0.0,0.0,1.0,1.0,0.0,0.0,3.0,6,3
Arsenal,2020-03-09,6737,8.815518423966498,0.0,0.0,0.0,0.0,0.0,0.0,0.0,0.0,0.0,0.0,0.0,0.0,3.0,0,3
Arsenal,2020-03-10,6721,8.81314100828505,0.0,0.0,0.0,0.0,0.0,0.0,0.0,0.0,0.0,0.0,0.0,0.0,3.0,1,3
Arsenal,2020-03-11,7020,8.85666093701725,0.0,0.0,0.0,0.0,0.0,0.0,0.0,0.0,0.0,0.0,0.0,0.0,3.0,2,3
Arsenal,2020-03-12,7679,8.946374826141717,0.0,0.0,0.0,0.0,0.0,0.0,0.0,0.0,0.0,0.0,0.0,0.0,0.0,3,3
Arsenal,2020-03-13,7942,8.980046316633132,0.0,0.0,0.0,0.0,0.0,0.0,0.0,0.0,0.0,0.0,0.0,0.0,0.0,4,3
Arsenal,2020-03-14,5390,8.592486175451668,0.0,0.0,0.0,0.0,0.0,0.0,0.0,0.0,0.0,0.0,0.0,0.0,0.0,5,3
Arsenal,2020-03-15,5243,8.56483984488359,0.0,0.0,0.0,0.0,0.0,0.0,0.0,0.0,0.0,0.0,0.0,0.0,0.0,6,3
Arsenal,2020-03-16,4898,8.496786381638575,0.0,0.0,0.0,0.0,0.0,0.0,0.0,0.0,0.0,0.0,0.0,0.0,0.0,0,3
Arsenal,2020-03-17,5195,8.55564437779049,0.0,0.0,0.0,0.0,0.0,0.0,0.0,0.0,0.0,0.0,0.0,0.0,0.0,1,3
Arsenal,2020-03-18,5007,8.518791912779934,0.0,0.0,0.0,0.0,0.0,0.0,0.0,0.0,0.0,0.0,0.0,0.0,0.0,2,3
Arsenal,2020-03-19,5397,8.59378379357795,0.0,0.0,0.0,0.0,0.0,0.0,0.0,0.0,0.0,0.0,0.0,0.0,0.0,3,3
Arsenal,2020-03-20,5497,8.612139668725192,0.0,0.0,0.0,0.0,0.0,0.0,0.0,0.0,0.0,0.0,0.0,0.0,0.0,4,3
Arsenal,2020-03-21,6251,8.740656691541368,0.0,0.0,0.0,0.0,0.0,0.0,0.0,0.0,0.0,0.0,0.0,0.0,0.0,5,3
Arsenal,2020-03-22,6325,8.752423403865594,0.0,0.0,0.0,0.0,0.0,0.0,0.0,0.0,0.0,0.0,0.0,0.0,0.0,6,3
Arsenal,2020-03-23,5990,8.698013622083925,0.0,0.0,0.0,0.0,0.0,0.0,0.0,0.0,0.0,0.0,0.0,0.0,0.0,0,3
Arsenal,2020-03-24,6026,8.704004653483045,0.0,0.0,0.0,0.0,0.0,0.0,0.0,0.0,0.0,0.0,0.0,0.0,0.0,1,3
Arsenal,2020-03-25,6536,8.78523362361273,0.0,0.0,0.0,0.0,0.0,0.0,0.0,0.0,0.0,0.0,0.0,0.0,0.0,2,3
Arsenal,2020-03-26,6722,8.813289762469037,0.0,0.0,0.0,0.0,0.0,0.0,0.0,0.0,0.0,0.0,0.0,0.0,0.0,3,3
Arsenal,2020-03-27,6789,8.823206220552741,0.0,0.0,0.0,0.0,0.0,0.0,0.0,0.0,0.0,0.0,0.0,0.0,0.0,4,3
Arsenal,2020-03-28,7072,8.86403999703599,0.0,0.0,0.0,0.0,0.0,0.0,0.0,0.0,0.0,0.0,0.0,0.0,0.0,5,3
Arsenal,2020-03-29,7416,8.911529941736559,0.0,0.0,0.0,0.0,0.0,0.0,0.0,0.0,0.0,0.0,0.0,0.0,0.0,6,3
Arsenal,2020-03-30,6917,8.841881989497114,0.0,0.0,0.0,0.0,0.0,0.0,0.0,0.0,0.0,0.0,0.0,0.0,0.0,0,3
Arsenal,2020-03-31,6739,8.815815203906352,0.0,0.0,0.0,0.0,0.0,0.0,0.0,0.0,0.0,0.0,0.0,0.0,0.0,1,3
Arsenal,2020-04-01,7433,8.913819350857198,0.0,0.0,0.0,0.0,0.0,0.0,0.0,0.0,0.0,0.0,0.0,0.0,0.0,2,4
Arsenal,2020-04-02,6911,8.841014310483892,0.0,0.0,0.0,0.0,0.0,0.0,0.0,0.0,0.0,0.0,0.0,0.0,0.0,3,4
Arsenal,2020-04-03,6738,8.815666824946216,0.0,0.0,0.0,0.0,0.0,0.0,0.0,0.0,0.0,0.0,0.0,0.0,0.0,4,4
Arsenal,2020-04-04,7663,8.944289319650697,0.0,0.0,0.0,0.0,0.0,0.0,0.0,0.0,0.0,0.0,0.0,0.0,0.0,5,4
Arsenal,2020-04-05,7455,8.916774356365426,0.0,0.0,0.0,0.0,0.0,0.0,0.0,0.0,0.0,0.0,0.0,0.0,0.0,6,4
Arsenal,2020-04-06,6744,8.816556768641856,0.0,0.0,0.0,0.0,0.0,0.0,0.0,0.0,0.0,0.0,0.0,0.0,0.0,0,4
Arsenal,2020-04-07,6881,8.836664586357426,0.0,0.0,0.0,0.0,0.0,0.0,0.0,0.0,0.0,0.0,0.0,0.0,0.0,1,4
Arsenal,2020-04-08,7466,8.918248591035702,0.0,0.0,0.0,0.0,0.0,0.0,0.0,0.0,0.0,0.0,0.0,0.0,0.0,2,4
Arsenal,2020-04-09,7333,8.900276348631271,0.0,0.0,0.0,0.0,0.0,0.0,0.0,0.0,0.0,0.0,0.0,0.0,0.0,3,4
Arsenal,2020-04-10,8233,9.01602720232985,0.0,0.0,0.0,0.0,0.0,0.0,0.0,0.0,0.0,0.0,0.0,0.0,0.0,4,4
Arsenal,2020-04-11,8918,9.095939111666207,0.0,0.0,0.0,0.0,0.0,0.0,0.0,0.0,0.0,0.0,0.0,0.0,0.0,5,4
Arsenal,2020-04-12,8530,9.051461866908694,0.0,0.0,0.0,0.0,0.0,0.0,0.0,0.0,0.0,0.0,0.0,0.0,0.0,6,4
Arsenal,2020-04-13,7614,8.937875265329263,0.0,0.0,0.0,0.0,0.0,0.0,0.0,0.0,0.0,0.0,0.0,0.0,0.0,0,4
Arsenal,2020-04-14,7525,8.926118971153382,0.0,0.0,0.0,0.0,0.0,0.0,0.0,0.0,0.0,0.0,0.0,0.0,0.0,1,4
Arsenal,2020-04-15,7622,8.938925271988273,0.0,0.0,0.0,0.0,0.0,0.0,0.0,0.0,0.0,0.0,0.0,0.0,0.0,2,4
Arsenal,2020-04-16,7705,8.949754525186103,0.0,0.0,0.0,0.0,0.0,0.0,0.0,0.0,0.0,0.0,0.0,0.0,0.0,3,4
Arsenal,2020-04-17,7310,8.897135342293316,0.0,0.0,0.0,0.0,0.0,0.0,0.0,0.0,0.0,0.0,0.0,0.0,0.0,4,4
Arsenal,2020-04-18,9077,9.113609183016411,0.0,0.0,0.0,0.0,0.0,0.0,0.0,0.0,0.0,0.0,0.0,0.0,0.0,5,4
Arsenal,2020-04-19,8563,9.055322649709574,0.0,0.0,0.0,0.0,0.0,0.0,0.0,0.0,0.0,0.0,0.0,0.0,0.0,6,4
Arsenal,2020-04-20,7747,8.955190024526887,0.0,0.0,0.0,0.0,0.0,0.0,0.0,0.0,0.0,0.0,0.0,0.0,0.0,0,4
Arsenal,2020-04-21,7211,8.883501584323207,0.0,0.0,0.0,0.0,0.0,0.0,0.0,0.0,0.0,0.0,0.0,0.0,0.0,1,4
Arsenal,2020-04-22,7251,8.889032571874742,0.0,0.0,0.0,0.0,0.0,0.0,0.0,0.0,0.0,0.0,0.0,0.0,0.0,2,4
Arsenal,2020-04-23,47880,10.776474045001011,0.0,0.0,0.0,0.0,0.0,0.0,0.0,0.0,0.0,0.0,0.0,0.0,0.0,3,4
Arsenal,2020-04-24,7275,8.892336539638013,0.0,0.0,0.0,0.0,0.0,0.0,0.0,0.0,0.0,0.0,0.0,0.0,0.0,4,4
Arsenal,2020-04-25,8037,8.991935575009146,0.0,0.0,0.0,0.0,0.0,0.0,0.0,0.0,0.0,0.0,0.0,0.0,0.0,5,4
Arsenal,2020-04-26,7912,8.976262255609193,0.0,0.0,0.0,0.0,0.0,0.0,0.0,0.0,0.0,0.0,0.0,0.0,0.0,6,4
Arsenal,2020-04-27,7113,8.8698199525084,0.0,0.0,0.0,0.0,0.0,0.0,0.0,0.0,0.0,0.0,0.0,0.0,0.0,0,4
Arsenal,2020-04-28,7910,8.976009475021396,0.0,0.0,0.0,0.0,0.0,0.0,0.0,0.0,0.0,0.0,0.0,0.0,0.0,1,4
Arsenal,2020-04-29,7407,8.910315776326016,0.0,0.0,0.0,0.0,0.0,0.0,0.0,0.0,0.0,0.0,0.0,0.0,0.0,2,4
Arsenal,2020-04-30,7918,8.977020214210413,0.0,0.0,0.0,0.0,0.0,0.0,0.0,0.0,0.0,0.0,0.0,0.0,0.0,3,4
Arsenal,2020-05-01,7271,8.891786635857315,0.0,0.0,0.0,0.0,0.0,0.0,0.0,0.0,0.0,0.0,0.0,0.0,0.0,4,5
Arsenal,2020-05-02,10366,9.246382963323112,0.0,0.0,0.0,0.0,0.0,0.0,0.0,0.0,0.0,0.0,0.0,0.0,0.0,5,5
Arsenal,2020-05-03,8378,9.033483854613287,0.0,0.0,0.0,0.0,0.0,0.0,0.0,0.0,0.0,0.0,0.0,0.0,0.0,6,5
Arsenal,2020-05-04,7683,8.946895523888447,0.0,0.0,0.0,0.0,0.0,0.0,0.0,0.0,0.0,0.0,0.0,0.0,0.0,0,5
Arsenal,2020-05-05,7123,8.871224644409553,0.0,0.0,0.0,0.0,0.0,0.0,0.0,0.0,0.0,0.0,0.0,0.0,0.0,1,5
Arsenal,2020-05-06,7676,8.945984124827898,0.0,0.0,0.0,0.0,0.0,0.0,0.0,0.0,0.0,0.0,0.0,0.0,0.0,2,5
Arsenal,2020-05-07,7051,8.861066543517762,0.0,0.0,0.0,0.0,0.0,0.0,0.0,0.0,0.0,0.0,0.0,0.0,0.0,3,5
Arsenal,2020-05-08,7801,8.962135390066601,0.0,0.0,0.0,0.0,0.0,0.0,0.0,0.0,0.0,0.0,0.0,0.0,0.0,4,5
Arsenal,2020-05-09,8792,9.081711229379001,0.0,0.0,0.0,0.0,0.0,0.0,0.0,0.0,0.0,0.0,0.0,0.0,0.0,5,5
Arsenal,2020-05-10,7576,8.932872621931374,0.0,0.0,0.0,0.0,0.0,0.0,0.0,0.0,0.0,0.0,0.0,0.0,0.0,6,5
Arsenal,2020-05-11,6732,8.814776088545281,0.0,0.0,0.0,0.0,0.0,0.0,0.0,0.0,0.0,0.0,0.0,0.0,0.0,0,5
Arsenal,2020-05-12,6683,8.807471889715284,0.0,0.0,0.0,0.0,0.0,0.0,0.0,0.0,0.0,0.0,0.0,0.0,0.0,1,5
Arsenal,2020-05-13,6578,8.791638037085997,0.0,0.0,0.0,0.0,0.0,0.0,0.0,0.0,0.0,0.0,0.0,0.0,0.0,2,5
Arsenal,2020-05-14,6363,8.758412389457677,0.0,0.0,0.0,0.0,0.0,0.0,0.0,0.0,0.0,0.0,0.0,0.0,0.0,3,5
Arsenal,2020-05-15,8312,9.025575833531088,0.0,0.0,0.0,0.0,0.0,0.0,0.0,0.0,0.0,0.0,0.0,0.0,0.0,4,5
Arsenal,2020-05-16,7556,8.93022956502072,0.0,0.0,0.0,0.0,0.0,0.0,0.0,0.0,0.0,0.0,0.0,0.0,0.0,5,5
Arsenal,2020-05-17,7646,8.942068693044225,0.0,0.0,0.0,0.0,0.0,0.0,0.0,0.0,0.0,0.0,0.0,0.0,0.0,6,5
Arsenal,2020-05-18,6460,8.773539383558166,0.0,0.0,0.0,0.0,0.0,0.0,0.0,0.0,0.0,0.0,0.0,0.0,0.0,0,5
Arsenal,2020-05-19,6667,8.805075243870684,0.0,0.0,0.0,0.0,0.0,0.0,0.0,0.0,0.0,0.0,0.0,0.0,0.0,1,5
Arsenal,2020-05-20,5852,8.67470962929122,0.0,0.0,0.0,0.0,0.0,0.0,0.0,0.0,0.0,0.0,0.0,0.0,0.0,2,5
Arsenal,2020-05-21,5719,8.651724084373843,0.0,0.0,0.0,0.0,0.0,0.0,0.0,0.0,0.0,0.0,0.0,0.0,0.0,3,5
Arsenal,2020-05-22,6193,8.731336360533149,0.0,0.0,0.0,0.0,0.0,0.0,0.0,0.0,0.0,0.0,0.0,0.0,0.0,4,5
Arsenal,2020-05-23,9373,9.14569517848265,0.0,0.0,0.0,0.0,0.0,0.0,0.0,0.0,0.0,0.0,0.0,0.0,0.0,5,5
Arsenal,2020-05-24,6922,8.842604480678025,0.0,0.0,0.0,0.0,0.0,0.0,0.0,0.0,0.0,0.0,0.0,0.0,0.0,6,5
Arsenal,2020-05-25,6624,8.798605650854423,0.0,0.0,0.0,0.0,0.0,0.0,0.0,0.0,0.0,0.0,0.0,0.0,0.0,0,5
Arsenal,2020-05-26,6728,8.814181823188319,0.0,0.0,0.0,0.0,0.0,0.0,0.0,0.0,0.0,0.0,0.0,0.0,0.0,1,5
Arsenal,2020-05-27,6020,8.703008637464448,0.0,0.0,0.0,0.0,0.0,0.0,0.0,0.0,0.0,0.0,0.0,0.0,0.0,2,5
Arsenal,2020-05-28,6391,8.76280248744611,0.0,0.0,0.0,0.0,0.0,0.0,0.0,0.0,0.0,0.0,0.0,0.0,0.0,3,5
Arsenal,2020-05-29,6026,8.704004653483045,0.0,0.0,0.0,0.0,0.0,0.0,0.0,0.0,0.0,0.0,0.0,0.0,0.0,4,5
Arsenal,2020-05-30,5938,8.68929604801586,0.0,0.0,0.0,0.0,0.0,0.0,0.0,0.0,0.0,0.0,0.0,0.0,0.0,5,5
Arsenal,2020-05-31,5521,8.6164953924901,0.0,0.0,0.0,0.0,0.0,0.0,0.0,0.0,0.0,0.0,0.0,0.0,0.0,6,5
Arsenal,2020-06-01,5183,8.55333223803211,0.0,0.0,0.0,0.0,0.0,0.0,0.0,0.0,0.0,0.0,0.0,0.0,0.0,0,6
Arsenal,2020-06-02,5513,8.615045591583742,0.0,0.0,0.0,0.0,0.0,0.0,0.0,0.0,0.0,0.0,0.0,0.0,0.0,1,6
Arsenal,2020-06-03,5521,8.6164953924901,0.0,0.0,0.0,0.0,0.0,0.0,0.0,0.0,0.0,0.0,0.0,0.0,0.0,2,6
Arsenal,2020-06-04,5648,8.639233817325263,0.0,0.0,0.0,0.0,0.0,0.0,0.0,0.0,0.0,0.0,0.0,0.0,0.0,3,6
Arsenal,2020-06-05,5698,8.648045999835,0.0,0.0,0.0,0.0,0.0,0.0,0.0,0.0,0.0,0.0,0.0,0.0,0.0,4,6
Arsenal,2020-06-06,5770,8.660600654710967,0.0,0.0,0.0,0.0,0.0,0.0,0.0,0.0,0.0,0.0,0.0,0.0,0.0,5,6
Arsenal,2020-06-07,5775,8.661466680572662,0.0,0.0,0.0,0.0,0.0,0.0,0.0,0.0,0.0,0.0,0.0,0.0,0.0,6,6
Arsenal,2020-06-08,5657,8.640825751861513,0.0,0.0,0.0,0.0,0.0,0.0,0.0,0.0,0.0,0.0,0.0,0.0,0.0,0,6
Arsenal,2020-06-09,5445,8.602636673233706,0.0,0.0,0.0,0.0,0.0,0.0,0.0,0.0,0.0,0.0,0.0,0.0,0.0,1,6
Arsenal,2020-06-10,5995,8.698847859222488,0.0,0.0,0.0,0.0,0.0,0.0,0.0,0.0,0.0,0.0,0.0,0.0,0.0,2,6
Arsenal,2020-06-11,5998,8.699348067653093,0.0,0.0,0.0,0.0,0.0,0.0,0.0,0.0,0.0,0.0,0.0,0.0,0.0,3,6
Arsenal,2020-06-12,5474,8.607947554684701,0.0,0.0,0.0,0.0,0.0,0.0,0.0,0.0,0.0,0.0,0.0,0.0,0.0,4,6
Arsenal,2020-06-13,5598,8.630343289348893,0.0,0.0,0.0,0.0,0.0,0.0,0.0,0.0,0.0,0.0,0.0,0.0,0.0,5,6
Arsenal,2020-06-14,5836,8.671972245203792,0.0,0.0,0.0,0.0,0.0,0.0,0.0,0.0,0.0,0.0,0.0,0.0,0.0,6,6
Arsenal,2020-06-15,5871,8.677950570294351,0.0,0.0,0.0,0.0,0.0,0.0,0.0,0.0,0.0,0.0,0.0,0.0,0.0,0,6
Arsenal,2020-06-16,6429,8.768729817231666,0.0,0.0,0.0,0.0,0.0,0.0,0.0,0.0,0.0,0.0,0.0,0.0,0.0,1,6
Arsenal,2020-06-17,17544,9.772524288017316,1.0,0.0,0.0,3.0,-3.0,0.0,0.0,1.0,0.0,0.0,0.0,0.0,0.0,2,6
Arsenal,2020-06-18,13864,9.537122958049878,0.0,0.0,0.0,0.0,0.0,0.0,0.0,0.0,1.0,0.0,0.0,1.0,0.0,3,6
Arsenal,2020-06-19,8053,8.9939241414114,0.0,0.0,0.0,0.0,0.0,0.0,0.0,0.0,0.0,0.0,0.0,0.0,0.0,4,6
Arsenal,2020-06-20,17376,9.762902771722255,1.0,0.0,1.0,2.0,-1.0,0.0,0.0,1.0,0.0,0.0,0.0,0.0,0.0,5,6
Arsenal,2020-06-21,15430,9.644133752071205,0.0,0.0,0.0,0.0,0.0,0.0,0.0,0.0,1.0,0.0,0.0,1.0,0.0,6,6
Arsenal,2020-06-22,8648,9.065198986306513,0.0,0.0,0.0,0.0,0.0,0.0,0.0,0.0,0.0,0.0,0.0,0.0,0.0,0,6
Arsenal,2020-06-23,8682,9.069122370060645,0.0,0.0,0.0,0.0,0.0,0.0,0.0,0.0,0.0,0.0,0.0,0.0,0.0,1,6
Arsenal,2020-06-24,11512,9.351232110673664,0.0,0.0,0.0,0.0,0.0,0.0,0.0,0.0,0.0,0.0,0.0,0.0,0.0,2,6
Arsenal,2020-06-25,18073,9.8022297204619,1.0,0.0,2.0,0.0,2.0,1.0,0.0,0.0,0.0,0.0,0.0,0.0,3.0,3,6
Arsenal,2020-06-26,22464,10.01971382150426,0.0,0.0,0.0,0.0,0.0,0.0,0.0,0.0,1.0,1.0,0.0,0.0,3.0,4,6
Arsenal,2020-06-27,11983,9.391327705757,0.0,0.0,0.0,0.0,0.0,0.0,0.0,0.0,0.0,0.0,0.0,0.0,3.0,5,6
Arsenal,2020-06-28,17749,9.784140794903562,0.0,0.0,0.0,0.0,0.0,0.0,0.0,0.0,0.0,0.0,0.0,0.0,3.0,6,6
Arsenal,2020-06-29,10945,9.300729371703863,0.0,0.0,0.0,0.0,0.0,0.0,0.0,0.0,0.0,0.0,0.0,0.0,3.0,0,6
Arsenal,2020-06-30,9333,9.141418926509761,0.0,0.0,0.0,0.0,0.0,0.0,0.0,0.0,0.0,0.0,0.0,0.0,0.0,1,6
Arsenal,2020-07-01,15652,9.658417870888224,1.0,1.0,4.0,0.0,4.0,1.0,0.0,0.0,0.0,0.0,0.0,0.0,3.0,2,7
Arsenal,2020-07-02,16222,9.694185267410399,0.0,0.0,0.0,0.0,0.0,0.0,0.0,0.0,1.0,1.0,0.0,0.0,3.0,3,7
Arsenal,2020-07-03,9912,9.201602306032898,0.0,0.0,0.0,0.0,0.0,0.0,0.0,0.0,0.0,0.0,0.0,0.0,3.0,4,7
Arsenal,2020-07-04,17314,9.759328456836522,1.0,0.0,2.0,0.0,2.0,1.0,0.0,0.0,0.0,0.0,0.0,0.0,6.0,5,7
Arsenal,2020-07-05,15176,9.627536402960045,0.0,0.0,0.0,0.0,0.0,0.0,0.0,0.0,1.0,1.0,0.0,0.0,6.0,6,7
Arsenal,2020-07-06,9575,9.16701524723781,0.0,0.0,0.0,0.0,0.0,0.0,0.0,0.0,0.0,0.0,0.0,0.0,3.0,0,7
Arsenal,2020-07-07,16534,9.713234625415893,1.0,1.0,1.0,1.0,0.0,0.0,1.0,0.0,0.0,0.0,0.0,0.0,4.0,1,7
Arsenal,2020-07-08,10324,9.242323417829233,0.0,0.0,0.0,0.0,0.0,0.0,0.0,0.0,1.0,0.0,1.0,0.0,4.0,2,7
Arsenal,2020-07-09,8374,9.033006356693267,0.0,0.0,0.0,0.0,0.0,0.0,0.0,0.0,0.0,0.0,0.0,0.0,1.0,3,7
Arsenal,2020-07-10,7774,8.958668737047434,0.0,0.0,0.0,0.0,0.0,0.0,0.0,0.0,0.0,0.0,0.0,0.0,1.0,4,7
Arsenal,2020-07-11,8601,9.059750013343681,0.0,0.0,0.0,0.0,0.0,0.0,0.0,0.0,0.0,0.0,0.0,0.0,1.0,5,7
Arsenal,2020-07-12,17811,9.787627666441592,1.0,0.0,1.0,2.0,-1.0,0.0,0.0,1.0,0.0,0.0,0.0,0.0,0.0,6,7
Arsenal,2020-07-13,10260,9.236105579862208,0.0,0.0,0.0,0.0,0.0,0.0,0.0,0.0,1.0,0.0,0.0,1.0,0.0,0,7
Arsenal,2020-07-14,8254,9.018574356354229,0.0,0.0,0.0,0.0,0.0,0.0,0.0,0.0,0.0,0.0,0.0,0.0,0.0,1,7
Arsenal,2020-07-15,17164,9.750627705891793,1.0,1.0,2.0,1.0,1.0,1.0,0.0,0.0,0.0,0.0,0.0,0.0,3.0,2,7
Arsenal,2020-07-16,15302,9.635804166591036,0.0,0.0,0.0,0.0,0.0,0.0,0.0,0.0,1.0,1.0,0.0,0.0,3.0,3,7
Arsenal,2020-07-17,10287,9.2387334464774,0.0,0.0,0.0,0.0,0.0,0.0,0.0,0.0,0.0,0.0,0.0,0.0,3.0,4,7
Arsenal,2020-07-18,25475,10.145492111491256,0.0,0.0,0.0,0.0,0.0,0.0,0.0,0.0,0.0,0.0,0.0,0.0,3.0,5,7
Arsenal,2020-07-19,27679,10.228465409731605,0.0,0.0,0.0,0.0,0.0,0.0,0.0,0.0,0.0,0.0,0.0,0.0,3.0,6,7
Arsenal,2020-07-20,15126,9.6242365055622,0.0,0.0,0.0,0.0,0.0,0.0,0.0,0.0,0.0,0.0,0.0,0.0,0.0,0,7
Arsenal,2020-07-21,16391,9.704548689918736,1.0,0.0,0.0,1.0,-1.0,0.0,0.0,1.0,0.0,0.0,0.0,0.0,0.0,1,7
Arsenal,2020-07-22,14597,9.588639812011577,0.0,0.0,0.0,0.0,0.0,0.0,0.0,0.0,1.0,0.0,0.0,1.0,0.0,2,7
Arsenal,2020-07-23,17602,9.775824621045972,0.0,0.0,0.0,0.0,0.0,0.0,0.0,0.0,0.0,0.0,0.0,0.0,0.0,3,7
Arsenal,2020-07-24,11501,9.3502762122737,0.0,0.0,0.0,0.0,0.0,0.0,0.0,0.0,0.0,0.0,0.0,0.0,0.0,4,7
Arsenal,2020-07-25,9471,9.156095357123787,0.0,0.0,0.0,0.0,0.0,0.0,0.0,0.0,0.0,0.0,0.0,0.0,0.0,5,7
Arsenal,2020-07-26,15629,9.656947423415522,1.0,1.0,3.0,2.0,1.0,1.0,0.0,0.0,0.0,0.0,0.0,0.0,3.0,6,7
Arsenal,2020-07-27,13216,9.489259158757807,0.0,0.0,0.0,0.0,0.0,0.0,0.0,0.0,1.0,1.0,0.0,0.0,3.0,0,7
Arsenal,2020-07-28,10546,9.263596738276615,0.0,0.0,0.0,0.0,0.0,0.0,0.0,0.0,0.0,0.0,0.0,0.0,3.0,1,7
Arsenal,2020-07-29,9667,9.176576741823373,0.0,0.0,0.0,0.0,0.0,0.0,0.0,0.0,0.0,0.0,0.0,0.0,3.0,2,7
Arsenal,2020-07-30,9788,9.18901458526143,0.0,0.0,0.0,0.0,0.0,0.0,0.0,0.0,0.0,0.0,0.0,0.0,3.0,3,7
Arsenal,2020-07-31,11878,9.38252741428954,0.0,0.0,0.0,0.0,0.0,0.0,0.0,0.0,0.0,0.0,0.0,0.0,0.0,4,7
Arsenal,2020-08-01,81749,11.3114210887595,0.0,0.0,0.0,0.0,0.0,0.0,0.0,0.0,0.0,0.0,0.0,0.0,0.0,5,8
Arsenal,2020-08-02,53532,10.888053565157241,0.0,0.0,0.0,0.0,0.0,0.0,0.0,0.0,0.0,0.0,0.0,0.0,0.0,6,8
Arsenal,2020-08-03,23546,10.066753702794923,0.0,0.0,0.0,0.0,0.0,0.0,0.0,0.0,0.0,0.0,0.0,0.0,0.0,0,8
Arsenal,2020-08-04,16510,9.711782104431833,0.0,0.0,0.0,0.0,0.0,0.0,0.0,0.0,0.0,0.0,0.0,0.0,0.0,1,8
Arsenal,2020-08-05,14361,9.572341108670264,0.0,0.0,0.0,0.0,0.0,0.0,0.0,0.0,0.0,0.0,0.0,0.0,0.0,2,8
Arsenal,2020-08-06,13352,9.499496357683965,0.0,0.0,0.0,0.0,0.0,0.0,0.0,0.0,0.0,0.0,0.0,0.0,0.0,3,8
Arsenal,2020-08-07,11528,9.352620879232953,0.0,0.0,0.0,0.0,0.0,0.0,0.0,0.0,0.0,0.0,0.0,0.0,0.0,4,8
Arsenal,2020-08-08,10291,9.239122173401634,0.0,0.0,0.0,0.0,0.0,0.0,0.0,0.0,0.0,0.0,0.0,0.0,0.0,5,8
Arsenal,2020-08-09,10684,9.276596167753247,0.0,0.0,0.0,0.0,0.0,0.0,0.0,0.0,0.0,0.0,0.0,0.0,0.0,6,8
Arsenal,2020-08-10,10608,9.269457976459272,0.0,0.0,0.0,0.0,0.0,0.0,0.0,0.0,0.0,0.0,0.0,0.0,0.0,0,8
Arsenal,2020-08-11,10363,9.246093541682,0.0,0.0,0.0,0.0,0.0,0.0,0.0,0.0,0.0,0.0,0.0,0.0,0.0,1,8
Arsenal,2020-08-12,9790,9.189218875354072,0.0,0.0,0.0,0.0,0.0,0.0,0.0,0.0,0.0,0.0,0.0,0.0,0.0,2,8
Arsenal,2020-08-13,9699,9.179881164491475,0.0,0.0,0.0,0.0,0.0,0.0,0.0,0.0,0.0,0.0,0.0,0.0,0.0,3,8
Arsenal,2020-08-14,24634,10.111923474978063,0.0,0.0,0.0,0.0,0.0,0.0,0.0,0.0,0.0,0.0,0.0,0.0,0.0,4,8
Arsenal,2020-08-15,15375,9.640563131210074,0.0,0.0,0.0,0.0,0.0,0.0,0.0,0.0,0.0,0.0,0.0,0.0,0.0,5,8
Arsenal,2020-08-16,13203,9.488275092973083,0.0,0.0,0.0,0.0,0.0,0.0,0.0,0.0,0.0,0.0,0.0,0.0,0.0,6,8
Arsenal,2020-08-17,13208,9.488653694423864,0.0,0.0,0.0,0.0,0.0,0.0,0.0,0.0,0.0,0.0,0.0,0.0,0.0,0,8
Arsenal,2020-08-18,12383,9.424160595829509,0.0,0.0,0.0,0.0,0.0,0.0,0.0,0.0,0.0,0.0,0.0,0.0,0.0,1,8
Arsenal,2020-08-19,12330,9.41987169587053,0.0,0.0,0.0,0.0,0.0,0.0,0.0,0.0,0.0,0.0,0.0,0.0,0.0,2,8
Arsenal,2020-08-20,13090,9.479680250180099,0.0,0.0,0.0,0.0,0.0,0.0,0.0,0.0,0.0,0.0,0.0,0.0,0.0,3,8
Arsenal,2020-08-21,12096,9.400712766959849,0.0,0.0,0.0,0.0,0.0,0.0,0.0,0.0,0.0,0.0,0.0,0.0,0.0,4,8
Arsenal,2020-08-22,11970,9.39024233725137,0.0,0.0,0.0,0.0,0.0,0.0,0.0,0.0,0.0,0.0,0.0,0.0,0.0,5,8
Arsenal,2020-08-23,14772,9.600556469321608,0.0,0.0,0.0,0.0,0.0,0.0,0.0,0.0,0.0,0.0,0.0,0.0,0.0,6,8
Arsenal,2020-08-24,14154,9.557823197546,0.0,0.0,0.0,0.0,0.0,0.0,0.0,0.0,0.0,0.0,0.0,0.0,0.0,0,8
Arsenal,2020-08-25,15540,9.651236971915612,0.0,0.0,0.0,0.0,0.0,0.0,0.0,0.0,0.0,0.0,0.0,0.0,0.0,1,8
Arsenal,2020-08-26,13974,9.5450252980233,0.0,0.0,0.0,0.0,0.0,0.0,0.0,0.0,0.0,0.0,0.0,0.0,0.0,2,8
Arsenal,2020-08-27,12430,9.427948631791715,0.0,0.0,0.0,0.0,0.0,0.0,0.0,0.0,0.0,0.0,0.0,0.0,0.0,3,8
Arsenal,2020-08-28,13393,9.502562124469996,0.0,0.0,0.0,0.0,0.0,0.0,0.0,0.0,0.0,0.0,0.0,0.0,0.0,4,8
Arsenal,2020-08-29,39963,10.59573432785291,0.0,0.0,0.0,0.0,0.0,0.0,0.0,0.0,0.0,0.0,0.0,0.0,0.0,5,8
Arsenal,2020-08-30,26445,10.182860197116769,0.0,0.0,0.0,0.0,0.0,0.0,0.0,0.0,0.0,0.0,0.0,0.0,0.0,6,8
Arsenal,2020-08-31,17190,9.752141270041493,0.0,0.0,0.0,0.0,0.0,0.0,0.0,0.0,0.0,0.0,0.0,0.0,0.0,0,8
Arsenal,2020-09-01,25303,10.138717764985484,0.0,0.0,0.0,0.0,0.0,0.0,0.0,0.0,0.0,0.0,0.0,0.0,0.0,1,9
Arsenal,2020-09-02,17741,9.783689989080532,0.0,0.0,0.0,0.0,0.0,0.0,0.0,0.0,0.0,0.0,0.0,0.0,0.0,2,9
Arsenal,2020-09-03,12970,9.470471375340674,0.0,0.0,0.0,0.0,0.0,0.0,0.0,0.0,0.0,0.0,0.0,0.0,0.0,3,9
Arsenal,2020-09-04,14294,9.567665104756411,0.0,0.0,0.0,0.0,0.0,0.0,0.0,0.0,0.0,0.0,0.0,0.0,0.0,4,9
Arsenal,2020-09-05,15061,9.619930294661296,0.0,0.0,0.0,0.0,0.0,0.0,0.0,0.0,0.0,0.0,0.0,0.0,0.0,5,9
Arsenal,2020-09-06,11331,9.335385860950407,0.0,0.0,0.0,0.0,0.0,0.0,0.0,0.0,0.0,0.0,0.0,0.0,0.0,6,9
Arsenal,2020-09-07,11052,9.310457163310955,0.0,0.0,0.0,0.0,0.0,0.0,0.0,0.0,0.0,0.0,0.0,0.0,0.0,0,9
Arsenal,2020-09-08,11723,9.369393301830783,0.0,0.0,0.0,0.0,0.0,0.0,0.0,0.0,0.0,0.0,0.0,0.0,0.0,1,9
Arsenal,2020-09-09,11874,9.382190628902842,0.0,0.0,0.0,0.0,0.0,0.0,0.0,0.0,0.0,0.0,0.0,0.0,0.0,2,9
Arsenal,2020-09-10,14883,9.608042089466514,0.0,0.0,0.0,0.0,0.0,0.0,0.0,0.0,0.0,0.0,0.0,0.0,0.0,3,9
Arsenal,2020-09-11,15946,9.677026002747972,0.0,0.0,0.0,0.0,0.0,0.0,0.0,0.0,0.0,0.0,0.0,0.0,0.0,4,9
Arsenal,2020-09-12,33516,10.419808051784079,1.0,0.0,3.0,0.0,3.0,1.0,0.0,0.0,0.0,0.0,0.0,0.0,3.0,5,9
Arsenal,2020-09-13,17922,9.793840083231597,0.0,0.0,0.0,0.0,0.0,0.0,0.0,0.0,1.0,1.0,0.0,0.0,3.0,6,9
Arsenal,2020-09-14,14769,9.600353375525426,0.0,0.0,0.0,0.0,0.0,0.0,0.0,0.0,0.0,0.0,0.0,0.0,3.0,0,9
Arsenal,2020-09-15,15256,9.632793693113202,0.0,0.0,0.0,0.0,0.0,0.0,0.0,0.0,0.0,0.0,0.0,0.0,3.0,1,9
Arsenal,2020-09-16,16964,9.73890767721833,0.0,0.0,0.0,0.0,0.0,0.0,0.0,0.0,0.0,0.0,0.0,0.0,3.0,2,9
Arsenal,2020-09-17,12689,9.448569560708433,0.0,0.0,0.0,0.0,0.0,0.0,0.0,0.0,0.0,0.0,0.0,0.0,0.0,3,9
Arsenal,2020-09-18,12173,9.40705780905387,0.0,0.0,0.0,0.0,0.0,0.0,0.0,0.0,0.0,0.0,0.0,0.0,0.0,4,9
Arsenal,2020-09-19,19007,9.852615222162372,1.0,1.0,2.0,1.0,1.0,1.0,0.0,0.0,0.0,0.0,0.0,0.0,3.0,5,9
Arsenal,2020-09-20,15007,9.616338671246005,0.0,0.0,0.0,0.0,0.0,0.0,0.0,0.0,1.0,1.0,0.0,0.0,3.0,6,9
Arsenal,2020-09-21,16303,9.699165755462506,0.0,0.0,0.0,0.0,0.0,0.0,0.0,0.0,0.0,0.0,0.0,0.0,3.0,0,9
Arsenal,2020-09-22,13445,9.506436943028982,0.0,0.0,0.0,0.0,0.0,0.0,0.0,0.0,0.0,0.0,0.0,0.0,3.0,1,9
Arsenal,2020-09-23,13820,9.533944453604027,0.0,0.0,0.0,0.0,0.0,0.0,0.0,0.0,0.0,0.0,0.0,0.0,3.0,2,9
Arsenal,2020-09-24,12606,9.44200749423127,0.0,0.0,0.0,0.0,0.0,0.0,0.0,0.0,0.0,0.0,0.0,0.0,0.0,3,9
Arsenal,2020-09-25,10154,9.225721474014485,0.0,0.0,0.0,0.0,0.0,0.0,0.0,0.0,0.0,0.0,0.0,0.0,0.0,4,9
Arsenal,2020-09-26,10436,9.253112463820052,0.0,0.0,0.0,0.0,0.0,0.0,0.0,0.0,0.0,0.0,0.0,0.0,0.0,5,9
Arsenal,2020-09-27,9982,9.208638925336425,0.0,0.0,0.0,0.0,0.0,0.0,0.0,0.0,0.0,0.0,0.0,0.0,0.0,6,9
Arsenal,2020-09-28,17169,9.75091895389152,1.0,0.0,1.0,3.0,-2.0,0.0,0.0,1.0,0.0,0.0,0.0,0.0,0.0,0,9
Arsenal,2020-09-29,11046,9.309914176872276,0.0,0.0,0.0,0.0,0.0,0.0,0.0,0.0,1.0,0.0,0.0,1.0,0.0,1,9
Arsenal,2020-09-30,9311,9.139059169971219,0.0,0.0,0.0,0.0,0.0,0.0,0.0,0.0,0.0,0.0,0.0,0.0,0.0,2,9
Arsenal,2020-10-01,12934,9.46769209462013,0.0,0.0,0.0,0.0,0.0,0.0,0.0,0.0,0.0,0.0,0.0,0.0,0.0,3,10
Arsenal,2020-10-02,11549,9.35444071594994,0.0,0.0,0.0,0.0,0.0,0.0,0.0,0.0,0.0,0.0,0.0,0.0,0.0,4,10
Arsenal,2020-10-03,10179,9.228180290104513,0.0,0.0,0.0,0.0,0.0,0.0,0.0,0.0,0.0,0.0,0.0,0.0,0.0,5,10
Arsenal,2020-10-04,15188,9.62832676063802,1.0,1.0,2.0,1.0,1.0,1.0,0.0,0.0,0.0,0.0,0.0,0.0,3.0,6,10
Arsenal,2020-10-05,28173,10.246154845820252,0.0,0.0,0.0,0.0,0.0,0.0,0.0,0.0,1.0,1.0,0.0,0.0,3.0,0,10
Arsenal,2020-10-06,35792,10.48550762254391,0.0,0.0,0.0,0.0,0.0,0.0,0.0,0.0,0.0,0.0,0.0,0.0,3.0,1,10
Arsenal,2020-10-07,15383,9.641083287268616,0.0,0.0,0.0,0.0,0.0,0.0,0.0,0.0,0.0,0.0,0.0,0.0,3.0,2,10
Arsenal,2020-10-08,12666,9.446755465483632,0.0,0.0,0.0,0.0,0.0,0.0,0.0,0.0,0.0,0.0,0.0,0.0,3.0,3,10
Arsenal,2020-10-09,10021,9.21253795551967,0.0,0.0,0.0,0.0,0.0,0.0,0.0,0.0,0.0,0.0,0.0,0.0,0.0,4,10
Arsenal,2020-10-10,8811,9.083869707922235,0.0,0.0,0.0,0.0,0.0,0.0,0.0,0.0,0.0,0.0,0.0,0.0,0.0,5,10
Arsenal,2020-10-11,8851,9.08839870117094,0.0,0.0,0.0,0.0,0.0,0.0,0.0,0.0,0.0,0.0,0.0,0.0,0.0,6,10
Arsenal,2020-10-12,8495,9.04735074348172,0.0,0.0,0.0,0.0,0.0,0.0,0.0,0.0,0.0,0.0,0.0,0.0,0.0,0,10
Arsenal,2020-10-13,9318,9.139810605785655,0.0,0.0,0.0,0.0,0.0,0.0,0.0,0.0,0.0,0.0,0.0,0.0,0.0,1,10
Arsenal,2020-10-14,8324,9.027018314848645,0.0,0.0,0.0,0.0,0.0,0.0,0.0,0.0,0.0,0.0,0.0,0.0,0.0,2,10
Arsenal,2020-10-15,8141,9.004791129062925,0.0,0.0,0.0,0.0,0.0,0.0,0.0,0.0,0.0,0.0,0.0,0.0,0.0,3,10
Arsenal,2020-10-16,8771,9.079320109537779,0.0,0.0,0.0,0.0,0.0,0.0,0.0,0.0,0.0,0.0,0.0,0.0,0.0,4,10
Arsenal,2020-10-17,14061,9.551231402759107,1.0,0.0,0.0,1.0,-1.0,0.0,0.0,1.0,0.0,0.0,0.0,0.0,0.0,5,10
Arsenal,2020-10-18,9274,9.135077887475635,0.0,0.0,0.0,0.0,0.0,0.0,0.0,0.0,1.0,0.0,0.0,1.0,0.0,6,10
Arsenal,2020-10-19,7932,8.978786553302003,0.0,0.0,0.0,0.0,0.0,0.0,0.0,0.0,0.0,0.0,0.0,0.0,0.0,0,10
Arsenal,2020-10-20,8802,9.082847851460906,0.0,0.0,0.0,0.0,0.0,0.0,0.0,0.0,0.0,0.0,0.0,0.0,0.0,1,10
Arsenal,2020-10-21,10494,9.258654232254733,0.0,0.0,0.0,0.0,0.0,0.0,0.0,0.0,0.0,0.0,0.0,0.0,0.0,2,10
Arsenal,2020-10-22,12141,9.40442579569038,0.0,0.0,0.0,0.0,0.0,0.0,0.0,0.0,0.0,0.0,0.0,0.0,0.0,3,10
Arsenal,2020-10-23,9694,9.179365567676752,0.0,0.0,0.0,0.0,0.0,0.0,0.0,0.0,0.0,0.0,0.0,0.0,0.0,4,10
Arsenal,2020-10-24,8454,9.042513261332681,0.0,0.0,0.0,0.0,0.0,0.0,0.0,0.0,0.0,0.0,0.0,0.0,0.0,5,10
Arsenal,2020-10-25,12309,9.4181672191785,1.0,1.0,0.0,1.0,-1.0,0.0,0.0,1.0,0.0,0.0,0.0,0.0,0.0,6,10
Arsenal,2020-10-26,9151,9.12172771361958,0.0,0.0,0.0,0.0,0.0,0.0,0.0,0.0,1.0,0.0,0.0,1.0,0.0,0,10
Arsenal,2020-10-27,7461,8.917578753781104,0.0,0.0,0.0,0.0,0.0,0.0,0.0,0.0,0.0,0.0,0.0,0.0,0.0,1,10
Arsenal,2020-10-28,6838,8.830396801098097,0.0,0.0,0.0,0.0,0.0,0.0,0.0,0.0,0.0,0.0,0.0,0.0,0.0,2,10
Arsenal,2020-10-29,10825,9.289705927356923,0.0,0.0,0.0,0.0,0.0,0.0,0.0,0.0,0.0,0.0,0.0,0.0,0.0,3,10
Arsenal,2020-10-30,9267,9.134322885552267,0.0,0.0,0.0,0.0,0.0,0.0,0.0,0.0,0.0,0.0,0.0,0.0,0.0,4,10
Arsenal,2020-10-31,6996,8.853236764745898,0.0,0.0,0.0,0.0,0.0,0.0,0.0,0.0,0.0,0.0,0.0,0.0,0.0,5,10
Arsenal,2020-11-01,15876,9.672626800077511,1.0,0.0,1.0,0.0,1.0,1.0,0.0,0.0,0.0,0.0,0.0,0.0,3.0,6,11
Arsenal,2020-11-02,10558,9.264733855806515,0.0,0.0,0.0,0.0,0.0,0.0,0.0,0.0,1.0,1.0,0.0,0.0,3.0,0,11
Arsenal,2020-11-03,7873,8.971321471503682,0.0,0.0,0.0,0.0,0.0,0.0,0.0,0.0,0.0,0.0,0.0,0.0,3.0,1,11
Arsenal,2020-11-04,6261,8.742254901886351,0.0,0.0,0.0,0.0,0.0,0.0,0.0,0.0,0.0,0.0,0.0,0.0,3.0,2,11
Arsenal,2020-11-05,9390,9.147507062804614,0.0,0.0,0.0,0.0,0.0,0.0,0.0,0.0,0.0,0.0,0.0,0.0,3.0,3,11
Arsenal,2020-11-06,7802,8.962263554116761,0.0,0.0,0.0,0.0,0.0,0.0,0.0,0.0,0.0,0.0,0.0,0.0,0.0,4,11
Arsenal,2020-11-07,7219,8.884610231886873,0.0,0.0,0.0,0.0,0.0,0.0,0.0,0.0,0.0,0.0,0.0,0.0,0.0,5,11
Arsenal,2020-11-08,11670,9.364862411412354,1.0,1.0,0.0,3.0,-3.0,0.0,0.0,1.0,0.0,0.0,0.0,0.0,0.0,6,11
Arsenal,2020-11-09,8105,9.000359807188254,0.0,0.0,0.0,0.0,0.0,0.0,0.0,0.0,1.0,0.0,0.0,1.0,0.0,0,11
Arsenal,2020-11-10,6294,8.747510946478448,0.0,0.0,0.0,0.0,0.0,0.0,0.0,0.0,0.0,0.0,0.0,0.0,0.0,1,11
Arsenal,2020-11-11,5739,8.655214489313613,0.0,0.0,0.0,0.0,0.0,0.0,0.0,0.0,0.0,0.0,0.0,0.0,0.0,2,11
Arsenal,2020-11-12,5830,8.670943791222156,0.0,0.0,0.0,0.0,0.0,0.0,0.0,0.0,0.0,0.0,0.0,0.0,0.0,3,11
Arsenal,2020-11-13,5480,8.609042845046117,0.0,0.0,0.0,0.0,0.0,0.0,0.0,0.0,0.0,0.0,0.0,0.0,0.0,4,11
Arsenal,2020-11-14,5072,8.53168763756669,0.0,0.0,0.0,0.0,0.0,0.0,0.0,0.0,0.0,0.0,0.0,0.0,0.0,5,11
Arsenal,2020-11-15,5761,8.659039915644474,0.0,0.0,0.0,0.0,0.0,0.0,0.0,0.0,0.0,0.0,0.0,0.0,0.0,6,11
Arsenal,2020-11-16,5175,8.551787836180736,0.0,0.0,0.0,0.0,0.0,0.0,0.0,0.0,0.0,0.0,0.0,0.0,0.0,0,11
Arsenal,2020-11-17,5297,8.575084669832014,0.0,0.0,0.0,0.0,0.0,0.0,0.0,0.0,0.0,0.0,0.0,0.0,0.0,1,11
Arsenal,2020-11-18,5722,8.652248422409102,0.0,0.0,0.0,0.0,0.0,0.0,0.0,0.0,0.0,0.0,0.0,0.0,0.0,2,11
Arsenal,2020-11-19,5271,8.570165076182343,0.0,0.0,0.0,0.0,0.0,0.0,0.0,0.0,0.0,0.0,0.0,0.0,0.0,3,11
Arsenal,2020-11-20,5461,8.60557030203365,0.0,0.0,0.0,0.0,0.0,0.0,0.0,0.0,0.0,0.0,0.0,0.0,0.0,4,11
Arsenal,2020-11-21,6551,8.787525625532906,0.0,0.0,0.0,0.0,0.0,0.0,0.0,0.0,0.0,0.0,0.0,0.0,0.0,5,11
Arsenal,2020-11-22,11848,9.37999875481674,1.0,0.0,0.0,0.0,0.0,0.0,1.0,0.0,0.0,0.0,0.0,0.0,1.0,6,11
Arsenal,2020-11-23,7881,8.97233695775495,0.0,0.0,0.0,0.0,0.0,0.0,0.0,0.0,1.0,0.0,1.0,0.0,1.0,0,11
Arsenal,2020-11-24,6491,8.778325928634482,0.0,0.0,0.0,0.0,0.0,0.0,0.0,0.0,0.0,0.0,0.0,0.0,1.0,1,11
Arsenal,2020-11-25,6009,8.701180027529253,0.0,0.0,0.0,0.0,0.0,0.0,0.0,0.0,0.0,0.0,0.0,0.0,1.0,2,11
Arsenal,2020-11-26,8477,9.045229851912582,0.0,0.0,0.0,0.0,0.0,0.0,0.0,0.0,0.0,0.0,0.0,0.0,1.0,3,11
Arsenal,2020-11-27,6873,8.835501457409778,0.0,0.0,0.0,0.0,0.0,0.0,0.0,0.0,0.0,0.0,0.0,0.0,0.0,4,11
Arsenal,2020-11-28,6542,8.78615105486974,0.0,0.0,0.0,0.0,0.0,0.0,0.0,0.0,0.0,0.0,0.0,0.0,0.0,5,11
Arsenal,2020-11-29,12605,9.441928170073055,1.0,1.0,1.0,2.0,-1.0,0.0,0.0,1.0,0.0,0.0,0.0,0.0,0.0,6,11
Arsenal,2020-11-30,9879,9.198267790741914,0.0,0.0,0.0,0.0,0.0,0.0,0.0,0.0,1.0,0.0,0.0,1.0,0.0,0,11
Arsenal,2020-12-01,7180,8.879193928110318,0.0,0.0,0.0,0.0,0.0,0.0,0.0,0.0,0.0,0.0,0.0,0.0,0.0,1,12
Arsenal,2020-12-02,6516,8.78216942633238,0.0,0.0,0.0,0.0,0.0,0.0,0.0,0.0,0.0,0.0,0.0,0.0,0.0,2,12
Arsenal,2020-12-03,9657,9.175541866433488,0.0,0.0,0.0,0.0,0.0,0.0,0.0,0.0,0.0,0.0,0.0,0.0,0.0,3,12
Arsenal,2020-12-04,7683,8.946895523888447,0.0,0.0,0.0,0.0,0.0,0.0,0.0,0.0,0.0,0.0,0.0,0.0,0.0,4,12
Arsenal,2020-12-05,7546,8.928905412284868,0.0,0.0,0.0,0.0,0.0,0.0,0.0,0.0,0.0,0.0,0.0,0.0,0.0,5,12
Arsenal,2020-12-06,17531,9.7717830615387,1.0,0.0,0.0,2.0,-2.0,0.0,0.0,1.0,0.0,0.0,0.0,0.0,0.0,6,12
Arsenal,2020-12-07,12313,9.418492105471156,0.0,0.0,0.0,0.0,0.0,0.0,0.0,0.0,1.0,0.0,0.0,1.0,0.0,0,12
Arsenal,2020-12-08,8361,9.03145291191651,0.0,0.0,0.0,0.0,0.0,0.0,0.0,0.0,0.0,0.0,0.0,0.0,0.0,1,12
Arsenal,2020-12-09,7062,8.862625169408922,0.0,0.0,0.0,0.0,0.0,0.0,0.0,0.0,0.0,0.0,0.0,0.0,0.0,2,12
Arsenal,2020-12-10,8979,9.102755161296246,0.0,0.0,0.0,0.0,0.0,0.0,0.0,0.0,0.0,0.0,0.0,0.0,0.0,3,12
Arsenal,2020-12-11,9559,9.165343006045447,0.0,0.0,0.0,0.0,0.0,0.0,0.0,0.0,0.0,0.0,0.0,0.0,0.0,4,12
Arsenal,2020-12-12,7130,8.872206756028303,0.0,0.0,0.0,0.0,0.0,0.0,0.0,0.0,0.0,0.0,0.0,0.0,0.0,5,12
Arsenal,2020-12-13,14799,9.602382459752207,1.0,1.0,0.0,1.0,-1.0,0.0,0.0,1.0,0.0,0.0,0.0,0.0,0.0,6,12
Arsenal,2020-12-14,17540,9.77229627684378,0.0,0.0,0.0,0.0,0.0,0.0,0.0,0.0,1.0,0.0,0.0,1.0,0.0,0,12
Arsenal,2020-12-15,10718,9.27977314669152,0.0,0.0,0.0,0.0,0.0,0.0,0.0,0.0,0.0,0.0,0.0,0.0,0.0,1,12
Arsenal,2020-12-16,13899,9.539644119118783,1.0,1.0,1.0,1.0,0.0,0.0,1.0,0.0,0.0,0.0,0.0,0.0,1.0,2,12
Arsenal,2020-12-17,9864,9.196748418456716,0.0,0.0,0.0,0.0,0.0,0.0,0.0,0.0,1.0,0.0,1.0,0.0,1.0,3,12
Arsenal,2020-12-18,7581,8.93353229607628,0.0,0.0,0.0,0.0,0.0,0.0,0.0,0.0,0.0,0.0,0.0,0.0,1.0,4,12
Arsenal,2020-12-19,16922,9.736428922408086,1.0,0.0,1.0,2.0,-1.0,0.0,0.0,1.0,0.0,0.0,0.0,0.0,1.0,5,12
Arsenal,2020-12-20,16526,9.712750686140826,0.0,0.0,0.0,0.0,0.0,0.0,0.0,0.0,1.0,0.0,0.0,1.0,1.0,6,12
Arsenal,2020-12-21,11012,9.306831672164943,0.0,0.0,0.0,0.0,0.0,0.0,0.0,0.0,0.0,0.0,0.0,0.0,0.0,0,12
Arsenal,2020-12-22,17913,9.79333780903514,0.0,0.0,0.0,0.0,0.0,0.0,0.0,0.0,0.0,0.0,0.0,0.0,0.0,1,12
Arsenal,2020-12-23,17562,9.773549695421735,0.0,0.0,0.0,0.0,0.0,0.0,0.0,0.0,0.0,0.0,0.0,0.0,0.0,2,12
Arsenal,2020-12-24,9716,9.181632207839439,0.0,0.0,0.0,0.0,0.0,0.0,0.0,0.0,0.0,0.0,0.0,0.0,0.0,3,12
Arsenal,2020-12-25,7772,8.958411469230219,0.0,0.0,0.0,0.0,0.0,0.0,0.0,0.0,0.0,0.0,0.0,0.0,0.0,4,12
Arsenal,2020-12-26,23006,10.043553796432969,1.0,1.0,3.0,1.0,2.0,1.0,0.0,0.0,0.0,0.0,0.0,0.0,3.0,5,12
Arsenal,2020-12-27,12717,9.450773591827353,0.0,0.0,0.0,0.0,0.0,0.0,0.0,0.0,1.0,1.0,0.0,0.0,3.0,6,12
Arsenal,2020-12-28,9495,9.158625936289503,0.0,0.0,0.0,0.0,0.0,0.0,0.0,0.0,0.0,0.0,0.0,0.0,3.0,0,12
Arsenal,2020-12-29,12406,9.426016108442871,1.0,0.0,1.0,0.0,1.0,1.0,0.0,0.0,0.0,0.0,0.0,0.0,6.0,1,12
Arsenal,2020-12-30,9308,9.13873695311649,0.0,0.0,0.0,0.0,0.0,0.0,0.0,0.0,1.0,1.0,0.0,0.0,6.0,2,12
Arsenal,2020-12-31,8976,9.10242102975669,0.0,0.0,0.0,0.0,0.0,0.0,0.0,0.0,0.0,0.0,0.0,0.0,3.0,3,12
Arsenal,2021-01-01,8481,9.045701550034536,0.0,0.0,0.0,0.0,0.0,0.0,0.0,0.0,0.0,0.0,0.0,0.0,3.0,4,1
Arsenal,2021-01-02,14734,9.597980895171796,1.0,0.0,4.0,0.0,4.0,1.0,0.0,0.0,0.0,0.0,0.0,0.0,6.0,5,1
Arsenal,2021-01-03,14338,9.57073837671504,0.0,0.0,0.0,0.0,0.0,0.0,0.0,0.0,1.0,1.0,0.0,0.0,3.0,6,1
Arsenal,2021-01-04,10640,9.272469743441732,0.0,0.0,0.0,0.0,0.0,0.0,0.0,0.0,0.0,0.0,0.0,0.0,3.0,0,1
Arsenal,2021-01-05,9809,9.191157552559408,0.0,0.0,0.0,0.0,0.0,0.0,0.0,0.0,0.0,0.0,0.0,0.0,3.0,1,1
Arsenal,2021-01-06,9844,9.194718991073225,0.0,0.0,0.0,0.0,0.0,0.0,0.0,0.0,0.0,0.0,0.0,0.0,3.0,2,1
Arsenal,2021-01-07,8901,9.0940312495758,0.0,0.0,0.0,0.0,0.0,0.0,0.0,0.0,0.0,0.0,0.0,0.0,0.0,3,1
Arsenal,2021-01-08,9890,9.199380531739841,0.0,0.0,0.0,0.0,0.0,0.0,0.0,0.0,0.0,0.0,0.0,0.0,0.0,4,1
Arsenal,2021-01-09,15006,9.616272037895989,0.0,0.0,0.0,0.0,0.0,0.0,0.0,0.0,0.0,0.0,0.0,0.0,0.0,5,1
Arsenal,2021-01-10,9921,9.202509792860994,0.0,0.0,0.0,0.0,0.0,0.0,0.0,0.0,0.0,0.0,0.0,0.0,0.0,6,1
Arsenal,2021-01-11,8386,9.034438166984412,0.0,0.0,0.0,0.0,0.0,0.0,0.0,0.0,0.0,0.0,0.0,0.0,0.0,0,1
Arsenal,2021-01-12,8305,9.024733424190698,0.0,0.0,0.0,0.0,0.0,0.0,0.0,0.0,0.0,0.0,0.0,0.0,0.0,1,1
Arsenal,2021-01-13,7939,8.979668554241181,0.0,0.0,0.0,0.0,0.0,0.0,0.0,0.0,0.0,0.0,0.0,0.0,0.0,2,1
Arsenal,2021-01-14,10932,9.299541017434485,1.0,1.0,0.0,0.0,0.0,0.0,1.0,0.0,0.0,0.0,0.0,0.0,1.0,3,1
Arsenal,2021-01-15,7431,8.913550280493675,0.0,0.0,0.0,0.0,0.0,0.0,0.0,0.0,1.0,0.0,1.0,0.0,1.0,4,1
Arsenal,2021-01-16,8893,9.093132171070641,0.0,0.0,0.0,0.0,0.0,0.0,0.0,0.0,0.0,0.0,0.0,0.0,1.0,5,1
Arsenal,2021-01-17,10250,9.235130540783402,0.0,0.0,0.0,0.0,0.0,0.0,0.0,0.0,0.0,0.0,0.0,0.0,1.0,6,1
Arsenal,2021-01-18,14889,9.608445125678054,1.0,1.0,3.0,0.0,3.0,1.0,0.0,0.0,0.0,0.0,0.0,0.0,4.0,0,1
Arsenal,2021-01-19,13038,9.475700145423472,0.0,0.0,0.0,0.0,0.0,0.0,0.0,0.0,1.0,1.0,0.0,0.0,3.0,1,1
Arsenal,2021-01-20,12201,9.409355151711798,0.0,0.0,0.0,0.0,0.0,0.0,0.0,0.0,0.0,0.0,0.0,0.0,3.0,2,1
Arsenal,2021-01-21,9824,9.192685436737461,0.0,0.0,0.0,0.0,0.0,0.0,0.0,0.0,0.0,0.0,0.0,0.0,3.0,3,1
Arsenal,2021-01-22,18162,9.807141836749443,0.0,0.0,0.0,0.0,0.0,0.0,0.0,0.0,0.0,0.0,0.0,0.0,3.0,4,1
Arsenal,2021-01-23,16284,9.697999717710333,0.0,0.0,0.0,0.0,0.0,0.0,0.0,0.0,0.0,0.0,0.0,0.0,0.0,5,1
Arsenal,2021-01-24,11916,9.385721231090805,0.0,0.0,0.0,0.0,0.0,0.0,0.0,0.0,0.0,0.0,0.0,0.0,0.0,6,1
Arsenal,2021-01-25,12900,9.465060106725137,0.0,0.0,0.0,0.0,0.0,0.0,0.0,0.0,0.0,0.0,0.0,0.0,0.0,0,1
Arsenal,2021-01-26,14683,9.594513744616725,1.0,0.0,3.0,1.0,2.0,1.0,0.0,0.0,0.0,0.0,0.0,0.0,3.0,1,1
Arsenal,2021-01-27,23569,10.067729995930177,0.0,0.0,0.0,0.0,0.0,0.0,0.0,0.0,1.0,1.0,0.0,0.0,3.0,2,1
Arsenal,2021-01-28,12467,9.430920640887228,0.0,0.0,0.0,0.0,0.0,0.0,0.0,0.0,0.0,0.0,0.0,0.0,3.0,3,1
Arsenal,2021-01-29,10447,9.254165851516213,0.0,0.0,0.0,0.0,0.0,0.0,0.0,0.0,0.0,0.0,0.0,0.0,3.0,4,1
Arsenal,2021-01-30,18210,9.80978108609582,1.0,1.0,0.0,0.0,0.0,0.0,1.0,0.0,0.0,0.0,0.0,0.0,4.0,5,1
Arsenal,2021-01-31,10531,9.2621735206162,0.0,0.0,0.0,0.0,0.0,0.0,0.0,0.0,1.0,0.0,1.0,0.0,1.0,6,1
Arsenal,2021-02-01,15648,9.658162296163171,0.0,0.0,0.0,0.0,0.0,0.0,0.0,0.0,0.0,0.0,0.0,0.0,1.0,0,2
Arsenal,2021-02-02,21190,9.961331842220567,1.0,0.0,1.0,2.0,-1.0,0.0,0.0,1.0,0.0,0.0,0.0,0.0,1.0,1,2
Arsenal,2021-02-03,10995,9.305286849285137,0.0,0.0,0.0,0.0,0.0,0.0,0.0,0.0,1.0,0.0,0.0,1.0,1.0,2,2
Arsenal,2021-02-04,9323,9.140347000155648,0.0,0.0,0.0,0.0,0.0,0.0,0.0,0.0,0.0,0.0,0.0,0.0,0.0,3,2
Arsenal,2021-02-05,7874,8.971448463693834,0.0,0.0,0.0,0.0,0.0,0.0,0.0,0.0,0.0,0.0,0.0,0.0,0.0,4,2
Arsenal,2021-02-06,14611,9.589598387915172,1.0,0.0,0.0,1.0,-1.0,0.0,0.0,1.0,0.0,0.0,0.0,0.0,0.0,5,2
Arsenal,2021-02-07,9800,9.19023970026918,0.0,0.0,0.0,0.0,0.0,0.0,0.0,0.0,1.0,0.0,0.0,1.0,0.0,6,2
Arsenal,2021-02-08,8177,9.009202900924588,0.0,0.0,0.0,0.0,0.0,0.0,0.0,0.0,0.0,0.0,0.0,0.0,0.0,0,2
Arsenal,2021-02-09,8252,9.018332049592685,0.0,0.0,0.0,0.0,0.0,0.0,0.0,0.0,0.0,0.0,0.0,0.0,0.0,1,2
Arsenal,2021-02-10,7636,8.940760134888384,0.0,0.0,0.0,0.0,0.0,0.0,0.0,0.0,0.0,0.0,0.0,0.0,0.0,2,2
Arsenal,2021-02-11,7366,8.904765846682814,0.0,0.0,0.0,0.0,0.0,0.0,0.0,0.0,0.0,0.0,0.0,0.0,0.0,3,2
Arsenal,2021-02-12,6908,8.840580188488795,0.0,0.0,0.0,0.0,0.0,0.0,0.0,0.0,0.0,0.0,0.0,0.0,0.0,4,2
Arsenal,2021-02-13,8205,9.012620873002131,0.0,0.0,0.0,0.0,0.0,0.0,0.0,0.0,0.0,0.0,0.0,0.0,0.0,5,2
Arsenal,2021-02-14,13716,9.526391218478407,1.0,1.0,4.0,2.0,2.0,1.0,0.0,0.0,0.0,0.0,0.0,0.0,3.0,6,2
Arsenal,2021-02-15,9362,9.14452103093889,0.0,0.0,0.0,0.0,0.0,0.0,0.0,0.0,1.0,1.0,0.0,0.0,3.0,0,2
Arsenal,2021-02-16,8189,9.010669176847115,0.0,0.0,0.0,0.0,0.0,0.0,0.0,0.0,0.0,0.0,0.0,0.0,3.0,1,2
Arsenal,2021-02-17,7752,8.955835144218959,0.0,0.0,0.0,0.0,0.0,0.0,0.0,0.0,0.0,0.0,0.0,0.0,3.0,2,2
Arsenal,2021-02-18,10559,9.264828557260252,0.0,0.0,0.0,0.0,0.0,0.0,0.0,0.0,0.0,0.0,0.0,0.0,3.0,3,2
Arsenal,2021-02-19,7883,8.97259066827261,0.0,0.0,0.0,0.0,0.0,0.0,0.0,0.0,0.0,0.0,0.0,0.0,0.0,4,2
Arsenal,2021-02-20,8321,9.026657889542886,0.0,0.0,0.0,0.0,0.0,0.0,0.0,0.0,0.0,0.0,0.0,0.0,0.0,5,2
Arsenal,2021-02-21,12938,9.468001285315953,1.0,1.0,0.0,1.0,-1.0,0.0,0.0,1.0,0.0,0.0,0.0,0.0,0.0,6,2
Arsenal,2021-02-22,7730,8.952993499320474,0.0,0.0,0.0,0.0,0.0,0.0,0.0,0.0,1.0,0.0,0.0,1.0,0.0,0,2
Arsenal,2021-02-23,8007,8.988196320995057,0.0,0.0,0.0,0.0,0.0,0.0,0.0,0.0,0.0,0.0,0.0,0.0,0.0,1,2
Arsenal,2021-02-24,8391,9.035034150076132,0.0,0.0,0.0,0.0,0.0,0.0,0.0,0.0,0.0,0.0,0.0,0.0,0.0,2,2
Arsenal,2021-02-25,12256,9.413852481341165,0.0,0.0,0.0,0.0,0.0,0.0,0.0,0.0,0.0,0.0,0.0,0.0,0.0,3,2
Arsenal,2021-02-26,11709,9.368198456591763,0.0,0.0,0.0,0.0,0.0,0.0,0.0,0.0,0.0,0.0,0.0,0.0,0.0,4,2
Arsenal,2021-02-27,9110,9.117237753713859,0.0,0.0,0.0,0.0,0.0,0.0,0.0,0.0,0.0,0.0,0.0,0.0,0.0,5,2
Arsenal,2021-02-28,14291,9.5674552191433,1.0,0.0,3.0,1.0,2.0,1.0,0.0,0.0,0.0,0.0,0.0,0.0,3.0,6,2
Arsenal,2021-03-01,10896,9.296242800976886,0.0,0.0,0.0,0.0,0.0,0.0,0.0,0.0,1.0,1.0,0.0,0.0,3.0,0,3
Arsenal,2021-03-02,9770,9.187174093944343,0.0,0.0,0.0,0.0,0.0,0.0,0.0,0.0,0.0,0.0,0.0,0.0,3.0,1,3
Arsenal,2021-03-03,8618,9.061724347647399,0.0,0.0,0.0,0.0,0.0,0.0,0.0,0.0,0.0,0.0,0.0,0.0,3.0,2,3
Arsenal,2021-03-04,8367,9.032170186304704,0.0,0.0,0.0,0.0,0.0,0.0,0.0,0.0,0.0,0.0,0.0,0.0,3.0,3,3
Arsenal,2021-03-05,7737,8.953898535260459,0.0,0.0,0.0,0.0,0.0,0.0,0.0,0.0,0.0,0.0,0.0,0.0,0.0,4,3
Arsenal,2021-03-06,11522,9.352100317014015,1.0,0.0,1.0,1.0,0.0,0.0,1.0,0.0,0.0,0.0,0.0,0.0,1.0,5,3
Arsenal,2021-03-07,9249,9.132378830506472,0.0,0.0,0.0,0.0,0.0,0.0,0.0,0.0,1.0,0.0,1.0,0.0,1.0,6,3
Arsenal,2021-03-08,8578,9.057072635572965,0.0,0.0,0.0,0.0,0.0,0.0,0.0,0.0,0.0,0.0,0.0,0.0,1.0,0,3
Arsenal,2021-03-09,8239,9.016755622903517,0.0,0.0,0.0,0.0,0.0,0.0,0.0,0.0,0.0,0.0,0.0,0.0,1.0,1,3
Arsenal,2021-03-10,8188,9.010547069270189,0.0,0.0,0.0,0.0,0.0,0.0,0.0,0.0,0.0,0.0,0.0,0.0,1.0,2,3
Arsenal,2021-03-11,12117,9.402447229504935,0.0,0.0,0.0,0.0,0.0,0.0,0.0,0.0,0.0,0.0,0.0,0.0,0.0,3,3
Arsenal,2021-03-12,10337,9.243581705755984,0.0,0.0,0.0,0.0,0.0,0.0,0.0,0.0,0.0,0.0,0.0,0.0,0.0,4,3
Arsenal,2021-03-13,8609,9.060679597421776,0.0,0.0,0.0,0.0,0.0,0.0,0.0,0.0,0.0,0.0,0.0,0.0,0.0,5,3
Arsenal,2021-03-14,19299,9.867860374892977,1.0,1.0,2.0,1.0,1.0,1.0,0.0,0.0,0.0,0.0,0.0,0.0,3.0,6,3
Arsenal,2021-03-15,12163,9.406236048797256,0.0,0.0,0.0,0.0,0.0,0.0,0.0,0.0,1.0,1.0,0.0,0.0,3.0,0,3
Arsenal,2021-03-16,9200,9.127067452782361,0.0,0.0,0.0,0.0,0.0,0.0,0.0,0.0,0.0,0.0,0.0,0.0,3.0,1,3
Arsenal,2021-03-17,8999,9.104979856318357,0.0,0.0,0.0,0.0,0.0,0.0,0.0,0.0,0.0,0.0,0.0,0.0,3.0,2,3
Arsenal,2021-03-18,12394,9.42504844446929,0.0,0.0,0.0,0.0,0.0,0.0,0.0,0.0,0.0,0.0,0.0,0.0,3.0,3,3
Arsenal,2021-03-19,11326,9.334944535200714,0.0,0.0,0.0,0.0,0.0,0.0,0.0,0.0,0.0,0.0,0.0,0.0,0.0,4,3
Arsenal,2021-03-20,8746,9.076466063419854,0.0,0.0,0.0,0.0,0.0,0.0,0.0,0.0,0.0,0.0,0.0,0.0,0.0,5,3
Arsenal,2021-03-21,13720,9.526682784921174,1.0,0.0,3.0,3.0,0.0,0.0,1.0,0.0,0.0,0.0,0.0,0.0,1.0,6,3
Arsenal,2021-03-22,8892,9.09301972939964,0.0,0.0,0.0,0.0,0.0,0.0,0.0,0.0,1.0,0.0,1.0,0.0,1.0,0,3
Arsenal,2021-03-23,7770,8.958154135209242,0.0,0.0,0.0,0.0,0.0,0.0,0.0,0.0,0.0,0.0,0.0,0.0,1.0,1,3
Arsenal,2021-03-24,7207,8.882946799288174,0.0,0.0,0.0,0.0,0.0,0.0,0.0,0.0,0.0,0.0,0.0,0.0,1.0,2,3
Arsenal,2021-03-25,7254,8.889446165318288,0.0,0.0,0.0,0.0,0.0,0.0,0.0,0.0,0.0,0.0,0.0,0.0,1.0,3,3
Arsenal,2021-03-26,6851,8.832295859444011,0.0,0.0,0.0,0.0,0.0,0.0,0.0,0.0,0.0,0.0,0.0,0.0,0.0,4,3
Arsenal,2021-03-27,6628,8.79920924224139,0.0,0.0,0.0,0.0,0.0,0.0,0.0,0.0,0.0,0.0,0.0,0.0,0.0,5,3
Arsenal,2021-03-28,6218,8.735364401103888,0.0,0.0,0.0,0.0,0.0,0.0,0.0,0.0,0.0,0.0,0.0,0.0,0.0,6,3
Arsenal,2021-03-29,6834,8.82981174915805,0.0,0.0,0.0,0.0,0.0,0.0,0.0,0.0,0.0,0.0,0.0,0.0,0.0,0,3
Arsenal,2021-03-30,6279,8.745125259462244,0.0,0.0,0.0,0.0,0.0,0.0,0.0,0.0,0.0,0.0,0.0,0.0,0.0,1,3
Arsenal,2021-03-31,7385,8.90734159541251,0.0,0.0,0.0,0.0,0.0,0.0,0.0,0.0,0.0,0.0,0.0,0.0,0.0,2,3
Arsenal,2021-04-01,7041,8.859647499714997,0.0,0.0,0.0,0.0,0.0,0.0,0.0,0.0,0.0,0.0,0.0,0.0,0.0,3,4
Arsenal,2021-04-02,6758,8.818630229100354,0.0,0.0,0.0,0.0,0.0,0.0,0.0,0.0,0.0,0.0,0.0,0.0,0.0,4,4
Arsenal,2021-04-03,12926,9.467073426283948,1.0,1.0,0.0,3.0,-3.0,0.0,0.0,1.0,0.0,0.0,0.0,0.0,0.0,5,4
Arsenal,2021-04-04,9726,9.18266080286944,0.0,0.0,0.0,0.0,0.0,0.0,0.0,0.0,1.0,0.0,0.0,1.0,0.0,6,4
Arsenal,2021-04-05,7815,8.96392819372262,0.0,0.0,0.0,0.0,0.0,0.0,0.0,0.0,0.0,0.0,0.0,0.0,0.0,0,4
Arsenal,2021-04-06,7795,8.961366060627451,0.0,0.0,0.0,0.0,0.0,0.0,0.0,0.0,0.0,0.0,0.0,0.0,0.0,1,4
Arsenal,2021-04-07,7697,8.948715833843691,0.0,0.0,0.0,0.0,0.0,0.0,0.0,0.0,0.0,0.0,0.0,0.0,0.0,2,4
Arsenal,2021-04-08,11656,9.363662136919832,0.0,0.0,0.0,0.0,0.0,0.0,0.0,0.0,0.0,0.0,0.0,0.0,0.0,3,4
Arsenal,2021-04-09,9027,9.108086137937427,0.0,0.0,0.0,0.0,0.0,0.0,0.0,0.0,0.0,0.0,0.0,0.0,0.0,4,4
Arsenal,2021-04-10,8208,9.012986392348266,0.0,0.0,0.0,0.0,0.0,0.0,0.0,0.0,0.0,0.0,0.0,0.0,0.0,5,4
Arsenal,2021-04-11,12102,9.401208634738603,1.0,0.0,3.0,0.0,3.0,1.0,0.0,0.0,0.0,0.0,0.0,0.0,3.0,6,4
Arsenal,2021-04-12,9703,9.180293450623886,0.0,0.0,0.0,0.0,0.0,0.0,0.0,0.0,1.0,1.0,0.0,0.0,3.0,0,4
Arsenal,2021-04-13,7756,8.956350940490871,0.0,0.0,0.0,0.0,0.0,0.0,0.0,0.0,0.0,0.0,0.0,0.0,3.0,1,4
Arsenal,2021-04-14,8185,9.010180657052349,0.0,0.0,0.0,0.0,0.0,0.0,0.0,0.0,0.0,0.0,0.0,0.0,3.0,2,4
Arsenal,2021-04-15,15209,9.62970838525334,0.0,0.0,0.0,0.0,0.0,0.0,0.0,0.0,0.0,0.0,0.0,0.0,3.0,3,4
Arsenal,2021-04-16,12727,9.451559570017622,0.0,0.0,0.0,0.0,0.0,0.0,0.0,0.0,0.0,0.0,0.0,0.0,0.0,4,4
Arsenal,2021-04-17,9820,9.192278229157774,0.0,0.0,0.0,0.0,0.0,0.0,0.0,0.0,0.0,0.0,0.0,0.0,0.0,5,4
Arsenal,2021-04-18,17085,9.746014693711563,1.0,1.0,1.0,1.0,0.0,0.0,1.0,0.0,0.0,0.0,0.0,0.0,1.0,6,4
Arsenal,2021-04-19,36861,10.514936489111568,0.0,0.0,0.0,0.0,0.0,0.0,0.0,0.0,1.0,0.0,1.0,0.0,1.0,0,4
Arsenal,2021-04-20,31267,10.35035048934022,0.0,0.0,0.0,0.0,0.0,0.0,0.0,0.0,0.0,0.0,0.0,0.0,1.0,1,4
Arsenal,2021-04-21,21301,9.966556244003112,0.0,0.0,0.0,0.0,0.0,0.0,0.0,0.0,0.0,0.0,0.0,0.0,1.0,2,4
Arsenal,2021-04-22,14163,9.558458813231795,0.0,0.0,0.0,0.0,0.0,0.0,0.0,0.0,0.0,0.0,0.0,0.0,1.0,3,4
Arsenal,2021-04-23,20575,9.931880627037346,1.0,1.0,0.0,1.0,-1.0,0.0,0.0,1.0,0.0,0.0,0.0,0.0,0.0,4,4
Arsenal,2021-04-24,17087,9.746131741759921,0.0,0.0,0.0,0.0,0.0,0.0,0.0,0.0,1.0,0.0,0.0,1.0,0.0,5,4
Arsenal,2021-04-25,13774,9.530610634021116,0.0,0.0,0.0,0.0,0.0,0.0,0.0,0.0,0.0,0.0,0.0,0.0,0.0,6,4
Arsenal,2021-04-26,17948,9.795289682058142,0.0,0.0,0.0,0.0,0.0,0.0,0.0,0.0,0.0,0.0,0.0,0.0,0.0,0,4
Arsenal,2021-04-27,13230,9.490317840042412,0.0,0.0,0.0,0.0,0.0,0.0,0.0,0.0,0.0,0.0,0.0,0.0,0.0,1,4
Arsenal,2021-04-28,13453,9.507031738585551,0.0,0.0,0.0,0.0,0.0,0.0,0.0,0.0,0.0,0.0,0.0,0.0,0.0,2,4
Arsenal,2021-04-29,15891,9.67357111693449,0.0,0.0,0.0,0.0,0.0,0.0,0.0,0.0,0.0,0.0,0.0,0.0,0.0,3,4
Arsenal,2021-04-30,11009,9.306559229716726,0.0,0.0,0.0,0.0,0.0,0.0,0.0,0.0,0.0,0.0,0.0,0.0,0.0,4,4
Arsenal,2021-05-01,9017,9.106977858981029,0.0,0.0,0.0,0.0,0.0,0.0,0.0,0.0,0.0,0.0,0.0,0.0,0.0,5,5
Arsenal,2021-05-02,13378,9.50144159247362,1.0,0.0,2.0,0.0,2.0,1.0,0.0,0.0,0.0,0.0,0.0,0.0,3.0,6,5
Arsenal,2021-05-03,10076,9.218010878280403,0.0,0.0,0.0,0.0,0.0,0.0,0.0,0.0,1.0,1.0,0.0,0.0,3.0,0,5
Arsenal,2021-05-04,10384,9.248117736310213,0.0,0.0,0.0,0.0,0.0,0.0,0.0,0.0,0.0,0.0,0.0,0.0,3.0,1,5
Arsenal,2021-05-05,11534,9.353141170607854,0.0,0.0,0.0,0.0,0.0,0.0,0.0,0.0,0.0,0.0,0.0,0.0,3.0,2,5
Arsenal,2021-05-06,23671,10.072048194080045,0.0,0.0,0.0,0.0,0.0,0.0,0.0,0.0,0.0,0.0,0.0,0.0,3.0,3,5
Arsenal,2021-05-07,19820,9.894497260697996,0.0,0.0,0.0,0.0,0.0,0.0,0.0,0.0,0.0,0.0,0.0,0.0,0.0,4,5
Arsenal,2021-05-08,12031,9.39532504618962,0.0,0.0,0.0,0.0,0.0,0.0,0.0,0.0,0.0,0.0,0.0,0.0,0.0,5,5
Arsenal,2021-05-09,15054,9.619465440915834,1.0,1.0,3.0,1.0,2.0,1.0,0.0,0.0,0.0,0.0,0.0,0.0,3.0,6,5
Arsenal,2021-05-10,12222,9.411074701777263,0.0,0.0,0.0,0.0,0.0,0.0,0.0,0.0,1.0,1.0,0.0,0.0,3.0,0,5
Arsenal,2021-05-11,11621,9.360655132635051,0.0,0.0,0.0,0.0,0.0,0.0,0.0,0.0,0.0,0.0,0.0,0.0,3.0,1,5
Arsenal,2021-05-12,15438,9.644652054641927,1.0,0.0,1.0,0.0,1.0,1.0,0.0,0.0,0.0,0.0,0.0,0.0,6.0,2,5
Arsenal,2021-05-13,11267,9.329722128996263,0.0,0.0,0.0,0.0,0.0,0.0,0.0,0.0,1.0,1.0,0.0,0.0,6.0,3,5
Arsenal,2021-05-14,9469,9.155884186180124,0.0,0.0,0.0,0.0,0.0,0.0,0.0,0.0,0.0,0.0,0.0,0.0,3.0,4,5
Arsenal,2021-05-15,13275,9.493713172839865,0.0,0.0,0.0,0.0,0.0,0.0,0.0,0.0,0.0,0.0,0.0,0.0,3.0,5,5
Arsenal,2021-05-16,12324,9.41938499891089,0.0,0.0,0.0,0.0,0.0,0.0,0.0,0.0,0.0,0.0,0.0,0.0,3.0,6,5
Arsenal,2021-05-17,9642,9.173987542510384,0.0,0.0,0.0,0.0,0.0,0.0,0.0,0.0,0.0,0.0,0.0,0.0,0.0,0,5
Arsenal,2021-05-18,10209,9.231122911158712,0.0,0.0,0.0,0.0,0.0,0.0,0.0,0.0,0.0,0.0,0.0,0.0,0.0,1,5
Arsenal,2021-05-19,12431,9.428029072607428,1.0,0.0,3.0,1.0,2.0,1.0,0.0,0.0,0.0,0.0,0.0,0.0,3.0,2,5
Arsenal,2021-05-20,11187,9.32259705432185,0.0,0.0,0.0,0.0,0.0,0.0,0.0,0.0,1.0,1.0,0.0,0.0,3.0,3,5
Arsenal,2021-05-21,8660,9.066585468331045,0.0,0.0,0.0,0.0,0.0,0.0,0.0,0.0,0.0,0.0,0.0,0.0,3.0,4,5
Arsenal,2021-05-22,8257,9.018937706446035,0.0,0.0,0.0,0.0,0.0,0.0,0.0,0.0,0.0,0.0,0.0,0.0,3.0,5,5
Arsenal,2021-05-23,16261,9.696586376767783,1.0,1.0,2.0,0.0,2.0,1.0,0.0,0.0,0.0,0.0,0.0,0.0,6.0,6,5
Arsenal,2021-05-24,13809,9.533148246403337,0.0,0.0,0.0,0.0,0.0,0.0,0.0,0.0,1.0,1.0,0.0,0.0,3.0,0,5
Arsenal,2021-05-25,11541,9.353747835270912,0.0,0.0,0.0,0.0,0.0,0.0,0.0,0.0,0.0,0.0,0.0,0.0,3.0,1,5
Arsenal,2021-05-26,16415,9.706011747970496,0.0,0.0,0.0,0.0,0.0,0.0,0.0,0.0,0.0,0.0,0.0,0.0,3.0,2,5
Arsenal,2021-05-27,14603,9.589050742775527,0.0,0.0,0.0,0.0,0.0,0.0,0.0,0.0,0.0,0.0,0.0,0.0,3.0,3,5
Arsenal,2021-05-28,13116,9.481664377815145,0.0,0.0,0.0,0.0,0.0,0.0,0.0,0.0,0.0,0.0,0.0,0.0,0.0,4,5
Arsenal,2021-05-29,16577,9.715831794151471,0.0,0.0,0.0,0.0,0.0,0.0,0.0,0.0,0.0,0.0,0.0,0.0,0.0,5,5
Arsenal,2021-05-30,17326,9.760021257510846,0.0,0.0,0.0,0.0,0.0,0.0,0.0,0.0,0.0,0.0,0.0,0.0,0.0,6,5
Arsenal,2021-05-31,13287,9.49461665129313,0.0,0.0,0.0,0.0,0.0,0.0,0.0,0.0,0.0,0.0,0.0,0.0,0.0,0,5
Arsenal,2021-06-01,12506,9.434043766548907,0.0,0.0,0.0,0.0,0.0,0.0,0.0,0.0,0.0,0.0,0.0,0.0,0.0,1,6
Arsenal,2021-06-02,11532,9.35296777022594,0.0,0.0,0.0,0.0,0.0,0.0,0.0,0.0,0.0,0.0,0.0,0.0,0.0,2,6
Arsenal,2021-06-03,10610,9.269646477873591,0.0,0.0,0.0,0.0,0.0,0.0,0.0,0.0,0.0,0.0,0.0,0.0,0.0,3,6
Arsenal,2021-06-04,9518,9.161045080251306,0.0,0.0,0.0,0.0,0.0,0.0,0.0,0.0,0.0,0.0,0.0,0.0,0.0,4,6
Arsenal,2021-06-05,8251,9.018210874191142,0.0,0.0,0.0,0.0,0.0,0.0,0.0,0.0,0.0,0.0,0.0,0.0,0.0,5,6
Arsenal,2021-06-06,8516,9.04981944514108,0.0,0.0,0.0,0.0,0.0,0.0,0.0,0.0,0.0,0.0,0.0,0.0,0.0,6,6
Arsenal,2021-06-07,8104,9.000236434169777,0.0,0.0,0.0,0.0,0.0,0.0,0.0,0.0,0.0,0.0,0.0,0.0,0.0,0,6
Arsenal,2021-06-08,8080,8.997270906233448,0.0,0.0,0.0,0.0,0.0,0.0,0.0,0.0,0.0,0.0,0.0,0.0,0.0,1,6
Arsenal,2021-06-09,7833,8.966228514225776,0.0,0.0,0.0,0.0,0.0,0.0,0.0,0.0,0.0,0.0,0.0,0.0,0.0,2,6
Arsenal,2021-06-10,7996,8.98682175033189,0.0,0.0,0.0,0.0,0.0,0.0,0.0,0.0,0.0,0.0,0.0,0.0,0.0,3,6
Arsenal,2021-06-11,7408,8.910450756416656,0.0,0.0,0.0,0.0,0.0,0.0,0.0,0.0,0.0,0.0,0.0,0.0,0.0,4,6
Arsenal,2021-06-12,8001,8.98744678941718,0.0,0.0,0.0,0.0,0.0,0.0,0.0,0.0,0.0,0.0,0.0,0.0,0.0,5,6
Arsenal,2021-06-13,8530,9.051461866908694,0.0,0.0,0.0,0.0,0.0,0.0,0.0,0.0,0.0,0.0,0.0,0.0,0.0,6,6
Arsenal,2021-06-14,7320,8.898502209646642,0.0,0.0,0.0,0.0,0.0,0.0,0.0,0.0,0.0,0.0,0.0,0.0,0.0,0,6
Arsenal,2021-06-15,7765,8.957510510291613,0.0,0.0,0.0,0.0,0.0,0.0,0.0,0.0,0.0,0.0,0.0,0.0,0.0,1,6
Arsenal,2021-06-16,8804,9.083075020930307,0.0,0.0,0.0,0.0,0.0,0.0,0.0,0.0,0.0,0.0,0.0,0.0,0.0,2,6
Arsenal,2021-06-17,7908,8.975756630519417,0.0,0.0,0.0,0.0,0.0,0.0,0.0,0.0,0.0,0.0,0.0,0.0,0.0,3,6
Arsenal,2021-06-18,8049,8.99342737041261,0.0,0.0,0.0,0.0,0.0,0.0,0.0,0.0,0.0,0.0,0.0,0.0,0.0,4,6
Arsenal,2021-06-19,8074,8.996528148090857,0.0,0.0,0.0,0.0,0.0,0.0,0.0,0.0,0.0,0.0,0.0,0.0,0.0,5,6
Arsenal,2021-06-20,7616,8.938137870372788,0.0,0.0,0.0,0.0,0.0,0.0,0.0,0.0,0.0,0.0,0.0,0.0,0.0,6,6
Arsenal,2021-06-21,7734,8.953510763007166,0.0,0.0,0.0,0.0,0.0,0.0,0.0,0.0,0.0,0.0,0.0,0.0,0.0,0,6
Arsenal,2021-06-22,9063,9.112065802707843,0.0,0.0,0.0,0.0,0.0,0.0,0.0,0.0,0.0,0.0,0.0,0.0,0.0,1,6
Arsenal,2021-06-23,7855,8.969032850034301,0.0,0.0,0.0,0.0,0.0,0.0,0.0,0.0,0.0,0.0,0.0,0.0,0.0,2,6
Arsenal,2021-06-24,8096,8.999248901686114,0.0,0.0,0.0,0.0,0.0,0.0,0.0,0.0,0.0,0.0,0.0,0.0,0.0,3,6
Arsenal,2021-06-25,7997,8.986946789406764,0.0,0.0,0.0,0.0,0.0,0.0,0.0,0.0,0.0,0.0,0.0,0.0,0.0,4,6
Arsenal,2021-06-26,8051,8.993675786759683,0.0,0.0,0.0,0.0,0.0,0.0,0.0,0.0,0.0,0.0,0.0,0.0,0.0,5,6
Arsenal,2021-06-27,8195,9.011401509358791,0.0,0.0,0.0,0.0,0.0,0.0,0.0,0.0,0.0,0.0,0.0,0.0,0.0,6,6
Arsenal,2021-06-28,9345,9.142703723260372,0.0,0.0,0.0,0.0,0.0,0.0,0.0,0.0,0.0,0.0,0.0,0.0,0.0,0,6
Arsenal,2021-06-29,12578,9.439784035838873,0.0,0.0,0.0,0.0,0.0,0.0,0.0,0.0,0.0,0.0,0.0,0.0,0.0,1,6
Arsenal,2021-06-30,9702,9.1801903950253,0.0,0.0,0.0,0.0,0.0,0.0,0.0,0.0,0.0,0.0,0.0,0.0,0.0,2,6
Arsenal,2021-07-01,10616,9.270211769013573,0.0,0.0,0.0,0.0,0.0,0.0,0.0,0.0,0.0,0.0,0.0,0.0,0.0,3,7
Arsenal,2021-07-02,11345,9.336620537886512,0.0,0.0,0.0,0.0,0.0,0.0,0.0,0.0,0.0,0.0,0.0,0.0,0.0,4,7
Arsenal,2021-07-03,10466,9.255982729854884,0.0,0.0,0.0,0.0,0.0,0.0,0.0,0.0,0.0,0.0,0.0,0.0,0.0,5,7
Arsenal,2021-07-04,9730,9.18307194482199,0.0,0.0,0.0,0.0,0.0,0.0,0.0,0.0,0.0,0.0,0.0,0.0,0.0,6,7
Arsenal,2021-07-05,9687,9.178643285232928,0.0,0.0,0.0,0.0,0.0,0.0,0.0,0.0,0.0,0.0,0.0,0.0,0.0,0,7
Arsenal,2021-07-06,10715,9.2794932306645,0.0,0.0,0.0,0.0,0.0,0.0,0.0,0.0,0.0,0.0,0.0,0.0,0.0,1,7
Arsenal,2021-07-07,13729,9.527338498762017,0.0,0.0,0.0,0.0,0.0,0.0,0.0,0.0,0.0,0.0,0.0,0.0,0.0,2,7
Arsenal,2021-07-08,10813,9.28859686994195,0.0,0.0,0.0,0.0,0.0,0.0,0.0,0.0,0.0,0.0,0.0,0.0,0.0,3,7
Arsenal,2021-07-09,11492,9.349493433368758,0.0,0.0,0.0,0.0,0.0,0.0,0.0,0.0,0.0,0.0,0.0,0.0,0.0,4,7
Arsenal,2021-07-10,15819,9.669030241321645,0.0,0.0,0.0,0.0,0.0,0.0,0.0,0.0,0.0,0.0,0.0,0.0,0.0,5,7
Arsenal,2021-07-11,16583,9.716193654115616,0.0,0.0,0.0,0.0,0.0,0.0,0.0,0.0,0.0,0.0,0.0,0.0,0.0,6,7
Arsenal,2021-07-12,17393,9.76388059814971,0.0,0.0,0.0,0.0,0.0,0.0,0.0,0.0,0.0,0.0,0.0,0.0,0.0,0,7
Arsenal,2021-07-13,19592,9.882927638570767,0.0,0.0,0.0,0.0,0.0,0.0,0.0,0.0,0.0,0.0,0.0,0.0,0.0,1,7
Arsenal,2021-07-14,15705,9.66179808393482,0.0,0.0,0.0,0.0,0.0,0.0,0.0,0.0,0.0,0.0,0.0,0.0,0.0,2,7
Arsenal,2021-07-15,14108,9.554568170613157,0.0,0.0,0.0,0.0,0.0,0.0,0.0,0.0,0.0,0.0,0.0,0.0,0.0,3,7
Arsenal,2021-07-16,14564,9.586376669393536,0.0,0.0,0.0,0.0,0.0,0.0,0.0,0.0,0.0,0.0,0.0,0.0,0.0,4,7
Arsenal,2021-07-17,17894,9.792276623200125,0.0,0.0,0.0,0.0,0.0,0.0,0.0,0.0,0.0,0.0,0.0,0.0,0.0,5,7
Arsenal,2021-07-18,13275,9.493713172839865,0.0,0.0,0.0,0.0,0.0,0.0,0.0,0.0,0.0,0.0,0.0,0.0,0.0,6,7
Arsenal,2021-07-19,19799,9.893437216682626,0.0,0.0,0.0,0.0,0.0,0.0,0.0,0.0,0.0,0.0,0.0,0.0,0.0,0,7
Arsenal,2021-07-20,15526,9.65033572298117,0.0,0.0,0.0,0.0,0.0,0.0,0.0,0.0,0.0,0.0,0.0,0.0,0.0,1,7
Arsenal,2021-07-21,12697,9.449199779730396,0.0,0.0,0.0,0.0,0.0,0.0,0.0,0.0,0.0,0.0,0.0,0.0,0.0,2,7
Arsenal,2021-07-22,19738,9.890351653142988,0.0,0.0,0.0,0.0,0.0,0.0,0.0,0.0,0.0,0.0,0.0,0.0,0.0,3,7
Arsenal,2021-07-23,15254,9.63266259715077,0.0,0.0,0.0,0.0,0.0,0.0,0.0,0.0,0.0,0.0,0.0,0.0,0.0,4,7
Arsenal,2021-07-24,12125,9.403107186631676,0.0,0.0,0.0,0.0,0.0,0.0,0.0,0.0,0.0,0.0,0.0,0.0,0.0,5,7
Arsenal,2021-07-25,11435,9.344521553442203,0.0,0.0,0.0,0.0,0.0,0.0,0.0,0.0,0.0,0.0,0.0,0.0,0.0,6,7
Arsenal,2021-07-26,12528,9.435801236245553,0.0,0.0,0.0,0.0,0.0,0.0,0.0,0.0,0.0,0.0,0.0,0.0,0.0,0,7
Arsenal,2021-07-27,12670,9.447071196798909,0.0,0.0,0.0,0.0,0.0,0.0,0.0,0.0,0.0,0.0,0.0,0.0,0.0,1,7
Arsenal,2021-07-28,13293,9.495068084601527,0.0,0.0,0.0,0.0,0.0,0.0,0.0,0.0,0.0,0.0,0.0,0.0,0.0,2,7
Arsenal,2021-07-29,12583,9.440181444738114,0.0,0.0,0.0,0.0,0.0,0.0,0.0,0.0,0.0,0.0,0.0,0.0,0.0,3,7
Arsenal,2021-07-30,20557,9.931005438572868,0.0,0.0,0.0,0.0,0.0,0.0,0.0,0.0,0.0,0.0,0.0,0.0,0.0,4,7
Arsenal,2021-07-31,16060,9.684149252062896,0.0,0.0,0.0,0.0,0.0,0.0,0.0,0.0,0.0,0.0,0.0,0.0,0.0,5,7
Arsenal,2021-08-01,15152,9.625953811136162,0.0,0.0,0.0,0.0,0.0,0.0,0.0,0.0,0.0,0.0,0.0,0.0,0.0,6,8
Arsenal,2021-08-02,11594,9.358329249689632,0.0,0.0,0.0,0.0,0.0,0.0,0.0,0.0,0.0,0.0,0.0,0.0,0.0,0,8
Arsenal,2021-08-03,10972,9.3031929889908,0.0,0.0,0.0,0.0,0.0,0.0,0.0,0.0,0.0,0.0,0.0,0.0,0.0,1,8
Arsenal,2021-08-04,11187,9.32259705432185,0.0,0.0,0.0,0.0,0.0,0.0,0.0,0.0,0.0,0.0,0.0,0.0,0.0,2,8
Arsenal,2021-08-05,11848,9.37999875481674,0.0,0.0,0.0,0.0,0.0,0.0,0.0,0.0,0.0,0.0,0.0,0.0,0.0,3,8
Arsenal,2021-08-06,12182,9.407796816354407,0.0,0.0,0.0,0.0,0.0,0.0,0.0,0.0,0.0,0.0,0.0,0.0,0.0,4,8
Arsenal,2021-08-07,13553,9.514436985696058,0.0,0.0,0.0,0.0,0.0,0.0,0.0,0.0,0.0,0.0,0.0,0.0,0.0,5,8
Arsenal,2021-08-08,16506,9.71153981234754,0.0,0.0,0.0,0.0,0.0,0.0,0.0,0.0,0.0,0.0,0.0,0.0,0.0,6,8
Arsenal,2021-08-09,14430,9.577133949436078,0.0,0.0,0.0,0.0,0.0,0.0,0.0,0.0,0.0,0.0,0.0,0.0,0.0,0,8
Arsenal,2021-08-10,14618,9.590077331511615,0.0,0.0,0.0,0.0,0.0,0.0,0.0,0.0,0.0,0.0,0.0,0.0,0.0,1,8
Arsenal,2021-08-11,17056,9.744315955640873,0.0,0.0,0.0,0.0,0.0,0.0,0.0,0.0,0.0,0.0,0.0,0.0,0.0,2,8
Arsenal,2021-08-12,18326,9.816130661317876,0.0,0.0,0.0,0.0,0.0,0.0,0.0,0.0,0.0,0.0,0.0,0.0,0.0,3,8
Arsenal,2021-08-13,49462,10.80898019431077,1.0,0.0,0.0,2.0,-2.0,0.0,0.0,1.0,0.0,0.0,0.0,0.0,0.0,4,8
Arsenal,2021-08-14,31228,10.349102429271342,0.0,0.0,0.0,0.0,0.0,0.0,0.0,0.0,1.0,0.0,0.0,1.0,0.0,5,8
Arsenal,2021-08-15,18628,9.832474785289708,0.0,0.0,0.0,0.0,0.0,0.0,0.0,0.0,0.0,0.0,0.0,0.0,0.0,6,8
Arsenal,2021-08-16,16488,9.710448770900967,0.0,0.0,0.0,0.0,0.0,0.0,0.0,0.0,0.0,0.0,0.0,0.0,0.0,0,8
Arsenal,2021-08-17,16329,9.700759185964511,0.0,0.0,0.0,0.0,0.0,0.0,0.0,0.0,0.0,0.0,0.0,0.0,0.0,1,8
Arsenal,2021-08-18,20769,9.941264916870159,0.0,0.0,0.0,0.0,0.0,0.0,0.0,0.0,0.0,0.0,0.0,0.0,0.0,2,8
Arsenal,2021-08-19,20631,9.934598547561182,0.0,0.0,0.0,0.0,0.0,0.0,0.0,0.0,0.0,0.0,0.0,0.0,0.0,3,8
Arsenal,2021-08-20,38583,10.560592961748808,0.0,0.0,0.0,0.0,0.0,0.0,0.0,0.0,0.0,0.0,0.0,0.0,0.0,4,8
Arsenal,2021-08-21,24114,10.090589332503072,0.0,0.0,0.0,0.0,0.0,0.0,0.0,0.0,0.0,0.0,0.0,0.0,0.0,5,8
Arsenal,2021-08-22,41290,10.628399837526073,1.0,1.0,0.0,2.0,-2.0,0.0,0.0,1.0,0.0,0.0,0.0,0.0,0.0,6,8
Arsenal,2021-08-23,27849,10.23458824535543,0.0,0.0,0.0,0.0,0.0,0.0,0.0,0.0,1.0,0.0,0.0,1.0,0.0,0,8
Arsenal,2021-08-24,21428,9.972500423823082,0.0,0.0,0.0,0.0,0.0,0.0,0.0,0.0,0.0,0.0,0.0,0.0,0.0,1,8
Arsenal,2021-08-25,23313,10.056809317479777,0.0,0.0,0.0,0.0,0.0,0.0,0.0,0.0,0.0,0.0,0.0,0.0,0.0,2,8
Arsenal,2021-08-26,18147,9.806315640783854,0.0,0.0,0.0,0.0,0.0,0.0,0.0,0.0,0.0,0.0,0.0,0.0,0.0,3,8
Arsenal,2021-08-27,17756,9.784535083358834,0.0,0.0,0.0,0.0,0.0,0.0,0.0,0.0,0.0,0.0,0.0,0.0,0.0,4,8
Arsenal,2021-08-28,50545,10.830639091743029,1.0,0.0,0.0,5.0,-5.0,0.0,0.0,1.0,0.0,0.0,0.0,0.0,0.0,5,8
Arsenal,2021-08-29,30368,10.321177630266861,0.0,0.0,0.0,0.0,0.0,0.0,0.0,0.0,1.0,0.0,0.0,1.0,0.0,6,8
Arsenal,2021-08-30,24849,10.120613031524774,0.0,0.0,0.0,0.0,0.0,0.0,0.0,0.0,0.0,0.0,0.0,0.0,0.0,0,8
Arsenal,2021-08-31,37608,10.534998662437673,0.0,0.0,0.0,0.0,0.0,0.0,0.0,0.0,0.0,0.0,0.0,0.0,0.0,1,8
Arsenal,2021-09-01,36766,10.512355982715523,0.0,0.0,0.0,0.0,0.0,0.0,0.0,0.0,0.0,0.0,0.0,0.0,0.0,2,9
Arsenal,2021-09-02,19738,9.890351653142988,0.0,0.0,0.0,0.0,0.0,0.0,0.0,0.0,0.0,0.0,0.0,0.0,0.0,3,9
Arsenal,2021-09-03,15943,9.676837861892631,0.0,0.0,0.0,0.0,0.0,0.0,0.0,0.0,0.0,0.0,0.0,0.0,0.0,4,9
Arsenal,2021-09-04,15403,9.6423824949348,0.0,0.0,0.0,0.0,0.0,0.0,0.0,0.0,0.0,0.0,0.0,0.0,0.0,5,9
Arsenal,2021-09-05,13781,9.531118671917154,0.0,0.0,0.0,0.0,0.0,0.0,0.0,0.0,0.0,0.0,0.0,0.0,0.0,6,9
Arsenal,2021-09-06,12292,9.41678527366734,0.0,0.0,0.0,0.0,0.0,0.0,0.0,0.0,0.0,0.0,0.0,0.0,0.0,0,9
Arsenal,2021-09-07,11848,9.37999875481674,0.0,0.0,0.0,0.0,0.0,0.0,0.0,0.0,0.0,0.0,0.0,0.0,0.0,1,9
Arsenal,2021-09-08,10999,9.305650551780507,0.0,0.0,0.0,0.0,0.0,0.0,0.0,0.0,0.0,0.0,0.0,0.0,0.0,2,9
Arsenal,2021-09-09,11305,9.333088837235236,0.0,0.0,0.0,0.0,0.0,0.0,0.0,0.0,0.0,0.0,0.0,0.0,0.0,3,9
Arsenal,2021-09-10,11229,9.326344047732489,0.0,0.0,0.0,0.0,0.0,0.0,0.0,0.0,0.0,0.0,0.0,0.0,0.0,4,9
Arsenal,2021-09-11,19153,9.860266850081565,1.0,1.0,1.0,0.0,1.0,1.0,0.0,0.0,0.0,0.0,0.0,0.0,3.0,5,9
Arsenal,2021-09-12,14137,9.556621486730899,0.0,0.0,0.0,0.0,0.0,0.0,0.0,0.0,1.0,1.0,0.0,0.0,3.0,6,9
Arsenal,2021-09-13,11795,9.375515769935166,0.0,0.0,0.0,0.0,0.0,0.0,0.0,0.0,0.0,0.0,0.0,0.0,3.0,0,9
Arsenal,2021-09-14,10885,9.295232838994146,0.0,0.0,0.0,0.0,0.0,0.0,0.0,0.0,0.0,0.0,0.0,0.0,3.0,1,9
Arsenal,2021-09-15,10092,9.219597393238859,0.0,0.0,0.0,0.0,0.0,0.0,0.0,0.0,0.0,0.0,0.0,0.0,3.0,2,9
Arsenal,2021-09-16,9803,9.190545744648004,0.0,0.0,0.0,0.0,0.0,0.0,0.0,0.0,0.0,0.0,0.0,0.0,0.0,3,9
Arsenal,2021-09-17,10202,9.230437073675304,0.0,0.0,0.0,0.0,0.0,0.0,0.0,0.0,0.0,0.0,0.0,0.0,0.0,4,9
Arsenal,2021-09-18,15835,9.670041108226021,1.0,0.0,1.0,0.0,1.0,1.0,0.0,0.0,0.0,0.0,0.0,0.0,3.0,5,9
Arsenal,2021-09-19,14023,9.54852542660107,0.0,0.0,0.0,0.0,0.0,0.0,0.0,0.0,1.0,1.0,0.0,0.0,3.0,6,9
Arsenal,2021-09-20,11073,9.312355297382913,0.0,0.0,0.0,0.0,0.0,0.0,0.0,0.0,0.0,0.0,0.0,0.0,3.0,0,9
Arsenal,2021-09-21,11075,9.312535884290853,0.0,0.0,0.0,0.0,0.0,0.0,0.0,0.0,0.0,0.0,0.0,0.0,3.0,1,9
Arsenal,2021-09-22,13215,9.48918349576076,0.0,0.0,0.0,0.0,0.0,0.0,0.0,0.0,0.0,0.0,0.0,0.0,3.0,2,9
Arsenal,2021-09-23,10957,9.301825062098361,0.0,0.0,0.0,0.0,0.0,0.0,0.0,0.0,0.0,0.0,0.0,0.0,0.0,3,9
Arsenal,2021-09-24,9253,9.132811169466946,0.0,0.0,0.0,0.0,0.0,0.0,0.0,0.0,0.0,0.0,0.0,0.0,0.0,4,9
Arsenal,2021-09-25,10369,9.246672301223573,0.0,0.0,0.0,0.0,0.0,0.0,0.0,0.0,0.0,0.0,0.0,0.0,0.0,5,9
Arsenal,2021-09-26,31746,10.36555351166757,1.0,1.0,3.0,1.0,2.0,1.0,0.0,0.0,0.0,0.0,0.0,0.0,3.0,6,9
Arsenal,2021-09-27,20861,9.945684601235916,0.0,0.0,0.0,0.0,0.0,0.0,0.0,0.0,1.0,1.0,0.0,0.0,3.0,0,9
Arsenal,2021-09-28,13241,9.491148875484791,0.0,0.0,0.0,0.0,0.0,0.0,0.0,0.0,0.0,0.0,0.0,0.0,3.0,1,9
Arsenal,2021-09-29,11267,9.329722128996263,0.0,0.0,0.0,0.0,0.0,0.0,0.0,0.0,0.0,0.0,0.0,0.0,3.0,2,9
Arsenal,2021-09-30,10191,9.229358377811945,0.0,0.0,0.0,0.0,0.0,0.0,0.0,0.0,0.0,0.0,0.0,0.0,3.0,3,9
Arsenal,2021-10-01,10043,9.214730720277476,0.0,0.0,0.0,0.0,0.0,0.0,0.0,0.0,0.0,0.0,0.0,0.0,0.0,4,10
Arsenal,2021-10-02,16059,9.684086987500752,1.0,0.0,0.0,0.0,0.0,0.0,1.0,0.0,0.0,0.0,0.0,0.0,1.0,5,10
Arsenal,2021-10-03,10602,9.268892258925797,0.0,0.0,0.0,0.0,0.0,0.0,0.0,0.0,1.0,0.0,1.0,0.0,1.0,6,10
Arsenal,2021-10-04,8528,9.05122740031911,0.0,0.0,0.0,0.0,0.0,0.0,0.0,0.0,0.0,0.0,0.0,0.0,1.0,0,10
Arsenal,2021-10-05,7904,8.975250749643573,0.0,0.0,0.0,0.0,0.0,0.0,0.0,0.0,0.0,0.0,0.0,0.0,1.0,1,10
Arsenal,2021-10-06,7211,8.883501584323207,0.0,0.0,0.0,0.0,0.0,0.0,0.0,0.0,0.0,0.0,0.0,0.0,1.0,2,10
Arsenal,2021-10-07,8959,9.100525505968976,0.0,0.0,0.0,0.0,0.0,0.0,0.0,0.0,0.0,0.0,0.0,0.0,0.0,3,10
Arsenal,2021-10-08,9619,9.171599543659752,0.0,0.0,0.0,0.0,0.0,0.0,0.0,0.0,0.0,0.0,0.0,0.0,0.0,4,10
Arsenal,2021-10-09,8171,9.008468955937513,0.0,0.0,0.0,0.0,0.0,0.0,0.0,0.0,0.0,0.0,0.0,0.0,0.0,5,10
Arsenal,2021-10-10,7857,8.969287400118406,0.0,0.0,0.0,0.0,0.0,0.0,0.0,0.0,0.0,0.0,0.0,0.0,0.0,6,10
Arsenal,2021-10-11,7436,8.9142228207033,0.0,0.0,0.0,0.0,0.0,0.0,0.0,0.0,0.0,0.0,0.0,0.0,0.0,0,10
Arsenal,2021-10-12,7725,8.952346543226227,0.0,0.0,0.0,0.0,0.0,0.0,0.0,0.0,0.0,0.0,0.0,0.0,0.0,1,10
Arsenal,2021-10-13,7304,8.8963143241848,0.0,0.0,0.0,0.0,0.0,0.0,0.0,0.0,0.0,0.0,0.0,0.0,0.0,2,10
Arsenal,2021-10-14,7982,8.9850695596458,0.0,0.0,0.0,0.0,0.0,0.0,0.0,0.0,0.0,0.0,0.0,0.0,0.0,3,10
Arsenal,2021-10-15,7328,8.89959435992585,0.0,0.0,0.0,0.0,0.0,0.0,0.0,0.0,0.0,0.0,0.0,0.0,0.0,4,10
Arsenal,2021-10-16,8030,8.991064332188461,0.0,0.0,0.0,0.0,0.0,0.0,0.0,0.0,0.0,0.0,0.0,0.0,0.0,5,10
Arsenal,2021-10-17,8866,9.090091799380007,0.0,0.0,0.0,0.0,0.0,0.0,0.0,0.0,0.0,0.0,0.0,0.0,0.0,6,10
Arsenal,2021-10-18,16013,9.68121861863258,1.0,1.0,2.0,2.0,0.0,0.0,1.0,0.0,0.0,0.0,0.0,0.0,1.0,0,10
Arsenal,2021-10-19,10416,9.251194365984448,0.0,0.0,0.0,0.0,0.0,0.0,0.0,0.0,1.0,0.0,1.0,0.0,1.0,1,10
Arsenal,2021-10-20,7699,8.948975607841776,0.0,0.0,0.0,0.0,0.0,0.0,0.0,0.0,0.0,0.0,0.0,0.0,1.0,2,10
Arsenal,2021-10-21,7271,8.891786635857315,0.0,0.0,0.0,0.0,0.0,0.0,0.0,0.0,0.0,0.0,0.0,0.0,1.0,3,10
Arsenal,2021-10-22,16148,9.689613407229068,1.0,1.0,3.0,1.0,2.0,1.0,0.0,0.0,0.0,0.0,0.0,0.0,4.0,4,10
Arsenal,2021-10-23,12637,9.444463427333401,0.0,0.0,0.0,0.0,0.0,0.0,0.0,0.0,1.0,1.0,0.0,0.0,3.0,5,10
Arsenal,2021-10-24,10685,9.276689752517717,0.0,0.0,0.0,0.0,0.0,0.0,0.0,0.0,0.0,0.0,0.0,0.0,3.0,6,10
Arsenal,2021-10-25,9898,9.200189020919808,0.0,0.0,0.0,0.0,0.0,0.0,0.0,0.0,0.0,0.0,0.0,0.0,3.0,0,10
Arsenal,2021-10-26,13393,9.502562124469996,0.0,0.0,0.0,0.0,0.0,0.0,0.0,0.0,0.0,0.0,0.0,0.0,3.0,1,10
Arsenal,2021-10-27,11354,9.337413454539659,0.0,0.0,0.0,0.0,0.0,0.0,0.0,0.0,0.0,0.0,0.0,0.0,0.0,2,10
Arsenal,2021-10-28,9544,9.163772736159848,0.0,0.0,0.0,0.0,0.0,0.0,0.0,0.0,0.0,0.0,0.0,0.0,0.0,3,10
Arsenal,2021-10-29,8379,9.033603193476129,0.0,0.0,0.0,0.0,0.0,0.0,0.0,0.0,0.0,0.0,0.0,0.0,0.0,4,10
Arsenal,2021-10-30,22311,10.012879929307324,1.0,0.0,2.0,0.0,2.0,1.0,0.0,0.0,0.0,0.0,0.0,0.0,3.0,5,10
Arsenal,2021-10-31,14037,9.549523217290366,0.0,0.0,0.0,0.0,0.0,0.0,0.0,0.0,1.0,1.0,0.0,0.0,3.0,6,10
Arsenal,2021-11-01,12307,9.418004736441933,0.0,0.0,0.0,0.0,0.0,0.0,0.0,0.0,0.0,0.0,0.0,0.0,3.0,0,11
Arsenal,2021-11-02,12161,9.406071615680055,0.0,0.0,0.0,0.0,0.0,0.0,0.0,0.0,0.0,0.0,0.0,0.0,3.0,1,11
Arsenal,2021-11-03,9200,9.127067452782361,0.0,0.0,0.0,0.0,0.0,0.0,0.0,0.0,0.0,0.0,0.0,0.0,3.0,2,11
Arsenal,2021-11-04,8447,9.041685005946043,0.0,0.0,0.0,0.0,0.0,0.0,0.0,0.0,0.0,0.0,0.0,0.0,0.0,3,11
Arsenal,2021-11-05,8208,9.012986392348266,0.0,0.0,0.0,0.0,0.0,0.0,0.0,0.0,0.0,0.0,0.0,0.0,0.0,4,11
Arsenal,2021-11-06,9412,9.14984699154722,0.0,0.0,0.0,0.0,0.0,0.0,0.0,0.0,0.0,0.0,0.0,0.0,0.0,5,11
Arsenal,2021-11-07,18946,9.849400886632361,1.0,1.0,1.0,0.0,1.0,1.0,0.0,0.0,0.0,0.0,0.0,0.0,3.0,6,11
Arsenal,2021-11-08,14372,9.573106725551233,0.0,0.0,0.0,0.0,0.0,0.0,0.0,0.0,1.0,1.0,0.0,0.0,3.0,0,11
Arsenal,2021-11-09,10572,9.266058860732526,0.0,0.0,0.0,0.0,0.0,0.0,0.0,0.0,0.0,0.0,0.0,0.0,3.0,1,11
Arsenal,2021-11-10,9459,9.154827662045925,0.0,0.0,0.0,0.0,0.0,0.0,0.0,0.0,0.0,0.0,0.0,0.0,3.0,2,11
Arsenal,2021-11-11,8674,9.06820060481506,0.0,0.0,0.0,0.0,0.0,0.0,0.0,0.0,0.0,0.0,0.0,0.0,3.0,3,11
Arsenal,2021-11-12,7753,8.955964118230874,0.0,0.0,0.0,0.0,0.0,0.0,0.0,0.0,0.0,0.0,0.0,0.0,0.0,4,11
Arsenal,2021-11-13,7288,8.894121641382213,0.0,0.0,0.0,0.0,0.0,0.0,0.0,0.0,0.0,0.0,0.0,0.0,0.0,5,11
Arsenal,2021-11-14,7137,8.873187904050106,0.0,0.0,0.0,0.0,0.0,0.0,0.0,0.0,0.0,0.0,0.0,0.0,0.0,6,11
Arsenal,2021-11-15,7756,8.956350940490871,0.0,0.0,0.0,0.0,0.0,0.0,0.0,0.0,0.0,0.0,0.0,0.0,0.0,0,11
Arsenal,2021-11-16,7605,8.936692688488204,0.0,0.0,0.0,0.0,0.0,0.0,0.0,0.0,0.0,0.0,0.0,0.0,0.0,1,11
Arsenal,2021-11-17,6839,8.830543010616596,0.0,0.0,0.0,0.0,0.0,0.0,0.0,0.0,0.0,0.0,0.0,0.0,0.0,2,11
Arsenal,2021-11-18,7446,8.915566545710645,0.0,0.0,0.0,0.0,0.0,0.0,0.0,0.0,0.0,0.0,0.0,0.0,0.0,3,11
Arsenal,2021-11-19,7887,8.973097896282471,0.0,0.0,0.0,0.0,0.0,0.0,0.0,0.0,0.0,0.0,0.0,0.0,0.0,4,11
Arsenal,2021-11-20,16827,9.730799444710412,1.0,0.0,0.0,4.0,-4.0,0.0,0.0,1.0,0.0,0.0,0.0,0.0,0.0,5,11
Arsenal,2021-11-21,10503,9.259511415982631,0.0,0.0,0.0,0.0,0.0,0.0,0.0,0.0,1.0,0.0,0.0,1.0,0.0,6,11
Arsenal,2021-11-22,8201,9.012133305952004,0.0,0.0,0.0,0.0,0.0,0.0,0.0,0.0,0.0,0.0,0.0,0.0,0.0,0,11
Arsenal,2021-11-23,7829,8.965717788984849,0.0,0.0,0.0,0.0,0.0,0.0,0.0,0.0,0.0,0.0,0.0,0.0,0.0,1,11
Arsenal,2021-11-24,7228,8.885855993000296,0.0,0.0,0.0,0.0,0.0,0.0,0.0,0.0,0.0,0.0,0.0,0.0,0.0,2,11
Arsenal,2021-11-25,7397,8.908964972392399,0.0,0.0,0.0,0.0,0.0,0.0,0.0,0.0,0.0,0.0,0.0,0.0,0.0,3,11
Arsenal,2021-11-26,6946,8.846065190692881,0.0,0.0,0.0,0.0,0.0,0.0,0.0,0.0,0.0,0.0,0.0,0.0,0.0,4,11
Arsenal,2021-11-27,15040,9.618535084655214,1.0,1.0,2.0,0.0,2.0,1.0,0.0,0.0,0.0,0.0,0.0,0.0,3.0,5,11
Arsenal,2021-11-28,10105,9.220884585851854,0.0,0.0,0.0,0.0,0.0,0.0,0.0,0.0,1.0,1.0,0.0,0.0,3.0,6,11
Arsenal,2021-11-29,8093,8.998878325435811,0.0,0.0,0.0,0.0,0.0,0.0,0.0,0.0,0.0,0.0,0.0,0.0,3.0,0,11
Arsenal,2021-11-30,7995,8.98669669562029,0.0,0.0,0.0,0.0,0.0,0.0,0.0,0.0,0.0,0.0,0.0,0.0,3.0,1,11
Arsenal,2021-12-01,8417,9.038127549330516,0.0,0.0,0.0,0.0,0.0,0.0,0.0,0.0,0.0,0.0,0.0,0.0,3.0,2,12
Arsenal,2021-12-02,16091,9.686077533069678,1.0,0.0,2.0,3.0,-1.0,0.0,0.0,1.0,0.0,0.0,0.0,0.0,0.0,3,12
Arsenal,2021-12-03,9592,9.168788944817948,0.0,0.0,0.0,0.0,0.0,0.0,0.0,0.0,1.0,0.0,0.0,1.0,0.0,4,12
Arsenal,2021-12-04,7458,8.917176635955164,0.0,0.0,0.0,0.0,0.0,0.0,0.0,0.0,0.0,0.0,0.0,0.0,0.0,5,12
Arsenal,2021-12-05,7413,8.911125383710678,0.0,0.0,0.0,0.0,0.0,0.0,0.0,0.0,0.0,0.0,0.0,0.0,0.0,6,12
Arsenal,2021-12-06,12497,9.433323910489028,1.0,0.0,1.0,2.0,-1.0,0.0,0.0,1.0,0.0,0.0,0.0,0.0,0.0,0,12
Arsenal,2021-12-07,9139,9.120415664448196,0.0,0.0,0.0,0.0,0.0,0.0,0.0,0.0,1.0,0.0,0.0,1.0,0.0,1,12
Arsenal,2021-12-08,6624,8.798605650854423,0.0,0.0,0.0,0.0,0.0,0.0,0.0,0.0,0.0,0.0,0.0,0.0,0.0,2,12
Arsenal,2021-12-09,6365,8.758726607842037,0.0,0.0,0.0,0.0,0.0,0.0,0.0,0.0,0.0,0.0,0.0,0.0,0.0,3,12
Arsenal,2021-12-10,6078,8.712595487748722,0.0,0.0,0.0,0.0,0.0,0.0,0.0,0.0,0.0,0.0,0.0,0.0,0.0,4,12
Arsenal,2021-12-11,10434,9.252920819511301,1.0,1.0,3.0,0.0,3.0,1.0,0.0,0.0,0.0,0.0,0.0,0.0,3.0,5,12
Arsenal,2021-12-12,8683,9.069237530998182,0.0,0.0,0.0,0.0,0.0,0.0,0.0,0.0,1.0,1.0,0.0,0.0,3.0,6,12
Arsenal,2021-12-13,7751,8.955706153570603,0.0,0.0,0.0,0.0,0.0,0.0,0.0,0.0,0.0,0.0,0.0,0.0,3.0,0,12
Arsenal,2021-12-14,17414,9.765087182800102,0.0,0.0,0.0,0.0,0.0,0.0,0.0,0.0,0.0,0.0,0.0,0.0,3.0,1,12
Arsenal,2021-12-15,16816,9.73014555852275,1.0,1.0,2.0,0.0,2.0,1.0,0.0,0.0,0.0,0.0,0.0,0.0,6.0,2,12
Arsenal,2021-12-16,14423,9.576648764883153,0.0,0.0,0.0,0.0,0.0,0.0,0.0,0.0,1.0,1.0,0.0,0.0,3.0,3,12
Arsenal,2021-12-17,9226,9.129889247578555,0.0,0.0,0.0,0.0,0.0,0.0,0.0,0.0,0.0,0.0,0.0,0.0,3.0,4,12
Arsenal,2021-12-18,17195,9.752432077616172,1.0,0.0,4.0,1.0,3.0,1.0,0.0,0.0,0.0,0.0,0.0,0.0,6.0,5,12
Arsenal,2021-12-19,13745,9.52850315168155,0.0,0.0,0.0,0.0,0.0,0.0,0.0,0.0,1.0,1.0,0.0,0.0,6.0,6,12
Arsenal,2021-12-20,9965,9.20693457884135,0.0,0.0,0.0,0.0,0.0,0.0,0.0,0.0,0.0,0.0,0.0,0.0,3.0,0,12
Arsenal,2021-12-21,15268,9.633579908183512,0.0,0.0,0.0,0.0,0.0,0.0,0.0,0.0,0.0,0.0,0.0,0.0,3.0,1,12
Arsenal,2021-12-22,14426,9.576856729945773,0.0,0.0,0.0,0.0,0.0,0.0,0.0,0.0,0.0,0.0,0.0,0.0,3.0,2,12
Arsenal,2021-12-23,9562,9.165656764349542,0.0,0.0,0.0,0.0,0.0,0.0,0.0,0.0,0.0,0.0,0.0,0.0,0.0,3,12
Arsenal,2021-12-24,9787,9.188912424562563,0.0,0.0,0.0,0.0,0.0,0.0,0.0,0.0,0.0,0.0,0.0,0.0,0.0,4,12
Arsenal,2021-12-25,8106,9.000483164987708,0.0,0.0,0.0,0.0,0.0,0.0,0.0,0.0,0.0,0.0,0.0,0.0,0.0,5,12
Arsenal,2021-12-26,16359,9.702594610156739,1.0,0.0,5.0,0.0,5.0,1.0,0.0,0.0,0.0,0.0,0.0,0.0,3.0,6,12
Arsenal,2021-12-27,13257,9.492356422801336,0.0,0.0,0.0,0.0,0.0,0.0,0.0,0.0,1.0,1.0,0.0,0.0,3.0,0,12
Arsenal,2021-12-28,10766,9.284241179815718,0.0,0.0,0.0,0.0,0.0,0.0,0.0,0.0,0.0,0.0,0.0,0.0,3.0,1,12
Arsenal,2021-12-29,10605,9.269175157697076,0.0,0.0,0.0,0.0,0.0,0.0,0.0,0.0,0.0,0.0,0.0,0.0,3.0,2,12
Arsenal,2021-12-30,10015,9.211939093339879,0.0,0.0,0.0,0.0,0.0,0.0,0.0,0.0,0.0,0.0,0.0,0.0,3.0,3,12
Arsenal,2021-12-31,8716,9.073030421011577,0.0,0.0,0.0,0.0,0.0,0.0,0.0,0.0,0.0,0.0,0.0,0.0,0.0,4,12
Arsenal,2022-01-01,28044,10.241565641942437,1.0,1.0,1.0,2.0,-1.0,0.0,0.0,1.0,0.0,0.0,0.0,0.0,0.0,5,1
Arsenal,2022-01-02,13467,9.508071780280964,0.0,0.0,0.0,0.0,0.0,0.0,0.0,0.0,1.0,0.0,0.0,1.0,0.0,6,1
Arsenal,2022-01-03,10726,9.280519206597429,0.0,0.0,0.0,0.0,0.0,0.0,0.0,0.0,0.0,0.0,0.0,0.0,0.0,0,1
Arsenal,2022-01-04,10056,9.21602418844448,0.0,0.0,0.0,0.0,0.0,0.0,0.0,0.0,0.0,0.0,0.0,0.0,0.0,1,1
Arsenal,2022-01-05,10423,9.251866118804681,0.0,0.0,0.0,0.0,0.0,0.0,0.0,0.0,0.0,0.0,0.0,0.0,0.0,2,1
Arsenal,2022-01-06,10037,9.214133170214879,0.0,0.0,0.0,0.0,0.0,0.0,0.0,0.0,0.0,0.0,0.0,0.0,0.0,3,1
Arsenal,2022-01-07,10982,9.304103901788347,0.0,0.0,0.0,0.0,0.0,0.0,0.0,0.0,0.0,0.0,0.0,0.0,0.0,4,1
Arsenal,2022-01-08,11642,9.362460420037015,0.0,0.0,0.0,0.0,0.0,0.0,0.0,0.0,0.0,0.0,0.0,0.0,0.0,5,1
Arsenal,2022-01-09,20784,9.941986851686737,0.0,0.0,0.0,0.0,0.0,0.0,0.0,0.0,0.0,0.0,0.0,0.0,0.0,6,1
Arsenal,2022-01-10,11808,9.376617231601282,0.0,0.0,0.0,0.0,0.0,0.0,0.0,0.0,0.0,0.0,0.0,0.0,0.0,0,1
Arsenal,2022-01-11,8783,9.080687163749312,0.0,0.0,0.0,0.0,0.0,0.0,0.0,0.0,0.0,0.0,0.0,0.0,0.0,1,1
Arsenal,2022-01-12,9465,9.155461710466193,0.0,0.0,0.0,0.0,0.0,0.0,0.0,0.0,0.0,0.0,0.0,0.0,0.0,2,1
Arsenal,2022-01-13,14969,9.613803477413674,0.0,0.0,0.0,0.0,0.0,0.0,0.0,0.0,0.0,0.0,0.0,0.0,0.0,3,1
Arsenal,2022-01-14,10928,9.299175085676673,0.0,0.0,0.0,0.0,0.0,0.0,0.0,0.0,0.0,0.0,0.0,0.0,0.0,4,1
Arsenal,2022-01-15,10355,9.245321340871428,0.0,0.0,0.0,0.0,0.0,0.0,0.0,0.0,0.0,0.0,0.0,0.0,0.0,5,1
Arsenal,2022-01-16,9203,9.127393451155257,0.0,0.0,0.0,0.0,0.0,0.0,0.0,0.0,0.0,0.0,0.0,0.0,0.0,6,1
Arsenal,2022-01-17,8452,9.042276686928927,0.0,0.0,0.0,0.0,0.0,0.0,0.0,0.0,0.0,0.0,0.0,0.0,0.0,0,1
Arsenal,2022-01-18,10665,9.274816391160547,0.0,0.0,0.0,0.0,0.0,0.0,0.0,0.0,0.0,0.0,0.0,0.0,0.0,1,1
Arsenal,2022-01-19,9460,9.154933364704444,0.0,0.0,0.0,0.0,0.0,0.0,0.0,0.0,0.0,0.0,0.0,0.0,0.0,2,1
Arsenal,2022-01-20,15545,9.651558649790164,0.0,0.0,0.0,0.0,0.0,0.0,0.0,0.0,0.0,0.0,0.0,0.0,0.0,3,1
Arsenal,2022-01-21,9701,9.180087328805161,0.0,0.0,0.0,0.0,0.0,0.0,0.0,0.0,0.0,0.0,0.0,0.0,0.0,4,1
Arsenal,2022-01-22,8204,9.01249900352419,0.0,0.0,0.0,0.0,0.0,0.0,0.0,0.0,0.0,0.0,0.0,0.0,0.0,5,1
Arsenal,2022-01-23,12156,9.405660414555793,1.0,1.0,0.0,0.0,0.0,0.0,1.0,0.0,0.0,0.0,0.0,0.0,1.0,6,1
Arsenal,2022-01-24,8052,8.993799971795545,0.0,0.0,0.0,0.0,0.0,0.0,0.0,0.0,1.0,0.0,1.0,0.0,1.0,0,1
Arsenal,2022-01-25,7559,8.930626469173578,0.0,0.0,0.0,0.0,0.0,0.0,0.0,0.0,0.0,0.0,0.0,0.0,1.0,1,1
Arsenal,2022-01-26,7132,8.872487182278038,0.0,0.0,0.0,0.0,0.0,0.0,0.0,0.0,0.0,0.0,0.0,0.0,1.0,2,1
Arsenal,2022-01-27,9535,9.16282938930513,0.0,0.0,0.0,0.0,0.0,0.0,0.0,0.0,0.0,0.0,0.0,0.0,1.0,3,1
Arsenal,2022-01-28,11154,9.319643106866632,0.0,0.0,0.0,0.0,0.0,0.0,0.0,0.0,0.0,0.0,0.0,0.0,0.0,4,1
Arsenal,2022-01-29,8993,9.104312967330653,0.0,0.0,0.0,0.0,0.0,0.0,0.0,0.0,0.0,0.0,0.0,0.0,0.0,5,1
Arsenal,2022-01-30,8935,9.097843340749037,0.0,0.0,0.0,0.0,0.0,0.0,0.0,0.0,0.0,0.0,0.0,0.0,0.0,6,1
Arsenal,2022-01-31,20625,9.934307694876015,0.0,0.0,0.0,0.0,0.0,0.0,0.0,0.0,0.0,0.0,0.0,0.0,0.0,0,1
Arsenal,2022-02-01,25996,10.165736425730918,0.0,0.0,0.0,0.0,0.0,0.0,0.0,0.0,0.0,0.0,0.0,0.0,0.0,1,2
Arsenal,2022-02-02,15421,9.643550340392906,0.0,0.0,0.0,0.0,0.0,0.0,0.0,0.0,0.0,0.0,0.0,0.0,0.0,2,2
Arsenal,2022-02-03,10919,9.298351249298896,0.0,0.0,0.0,0.0,0.0,0.0,0.0,0.0,0.0,0.0,0.0,0.0,0.0,3,2
Arsenal,2022-02-04,9253,9.132811169466946,0.0,0.0,0.0,0.0,0.0,0.0,0.0,0.0,0.0,0.0,0.0,0.0,0.0,4,2
Arsenal,2022-02-05,8822,9.085117227222105,0.0,0.0,0.0,0.0,0.0,0.0,0.0,0.0,0.0,0.0,0.0,0.0,0.0,5,2
Arsenal,2022-02-06,8901,9.0940312495758,0.0,0.0,0.0,0.0,0.0,0.0,0.0,0.0,0.0,0.0,0.0,0.0,0.0,6,2
Arsenal,2022-02-07,7840,8.967121656230923,0.0,0.0,0.0,0.0,0.0,0.0,0.0,0.0,0.0,0.0,0.0,0.0,0.0,0,2
Arsenal,2022-02-08,8189,9.010669176847115,0.0,0.0,0.0,0.0,0.0,0.0,0.0,0.0,0.0,0.0,0.0,0.0,0.0,1,2
Arsenal,2022-02-09,8148,9.00565049932022,0.0,0.0,0.0,0.0,0.0,0.0,0.0,0.0,0.0,0.0,0.0,0.0,0.0,2,2
Arsenal,2022-02-10,10872,9.29403793099775,1.0,0.0,1.0,0.0,1.0,1.0,0.0,0.0,0.0,0.0,0.0,0.0,3.0,3,2
Arsenal,2022-02-11,9639,9.17367638760459,0.0,0.0,0.0,0.0,0.0,0.0,0.0,0.0,1.0,1.0,0.0,0.0,3.0,4,2
Arsenal,2022-02-12,8691,9.07015834137632,0.0,0.0,0.0,0.0,0.0,0.0,0.0,0.0,0.0,0.0,0.0,0.0,3.0,5,2
Arsenal,2022-02-13,10247,9.234837843576571,0.0,0.0,0.0,0.0,0.0,0.0,0.0,0.0,0.0,0.0,0.0,0.0,3.0,6,2
Arsenal,2022-02-14,16506,9.71153981234754,0.0,0.0,0.0,0.0,0.0,0.0,0.0,0.0,0.0,0.0,0.0,0.0,3.0,0,2
Arsenal,2022-02-15,8348,9.029897050194,0.0,0.0,0.0,0.0,0.0,0.0,0.0,0.0,0.0,0.0,0.0,0.0,0.0,1,2
Arsenal,2022-02-16,7914,8.976514972315112,0.0,0.0,0.0,0.0,0.0,0.0,0.0,0.0,0.0,0.0,0.0,0.0,0.0,2,2
Arsenal,2022-02-17,7317,8.898092345579153,0.0,0.0,0.0,0.0,0.0,0.0,0.0,0.0,0.0,0.0,0.0,0.0,0.0,3,2
Arsenal,2022-02-18,7212,8.883640232503673,0.0,0.0,0.0,0.0,0.0,0.0,0.0,0.0,0.0,0.0,0.0,0.0,0.0,4,2
Arsenal,2022-02-19,11313,9.333796175903101,1.0,1.0,2.0,1.0,1.0,1.0,0.0,0.0,0.0,0.0,0.0,0.0,3.0,5,2
Arsenal,2022-02-20,10864,9.29330189269053,0.0,0.0,0.0,0.0,0.0,0.0,0.0,0.0,1.0,1.0,0.0,0.0,3.0,6,2
Arsenal,2022-02-21,8684,9.069352678675205,0.0,0.0,0.0,0.0,0.0,0.0,0.0,0.0,0.0,0.0,0.0,0.0,3.0,0,2
Arsenal,2022-02-22,8392,9.035153304082828,0.0,0.0,0.0,0.0,0.0,0.0,0.0,0.0,0.0,0.0,0.0,0.0,3.0,1,2
Arsenal,2022-02-23,7985,8.985445287623167,0.0,0.0,0.0,0.0,0.0,0.0,0.0,0.0,0.0,0.0,0.0,0.0,3.0,2,2
Arsenal,2022-02-24,11678,9.365547636278565,1.0,1.0,2.0,1.0,1.0,1.0,0.0,0.0,0.0,0.0,0.0,0.0,3.0,3,2
Arsenal,2022-02-25,9788,9.18901458526143,0.0,0.0,0.0,0.0,0.0,0.0,0.0,0.0,1.0,1.0,0.0,0.0,3.0,4,2
Arsenal,2022-02-26,8118,9.001962272862446,0.0,0.0,0.0,0.0,0.0,0.0,0.0,0.0,0.0,0.0,0.0,0.0,3.0,5,2
Arsenal,2022-02-27,9147,9.121290555142672,0.0,0.0,0.0,0.0,0.0,0.0,0.0,0.0,0.0,0.0,0.0,0.0,3.0,6,2
Arsenal,2022-02-28,8106,9.000483164987708,0.0,0.0,0.0,0.0,0.0,0.0,0.0,0.0,0.0,0.0,0.0,0.0,3.0,0,2
Arsenal,2022-03-01,7596,8.935508711503221,0.0,0.0,0.0,0.0,0.0,0.0,0.0,0.0,0.0,0.0,0.0,0.0,0.0,1,3
Arsenal,2022-03-02,9429,9.151651375627504,0.0,0.0,0.0,0.0,0.0,0.0,0.0,0.0,0.0,0.0,0.0,0.0,0.0,2,3
Arsenal,2022-03-03,8761,9.078179468373843,0.0,0.0,0.0,0.0,0.0,0.0,0.0,0.0,0.0,0.0,0.0,0.0,0.0,3,3
Arsenal,2022-03-04,7490,8.921457578947884,0.0,0.0,0.0,0.0,0.0,0.0,0.0,0.0,0.0,0.0,0.0,0.0,0.0,4,3
Arsenal,2022-03-05,10251,9.235228087483963,0.0,0.0,0.0,0.0,0.0,0.0,0.0,0.0,0.0,0.0,0.0,0.0,0.0,5,3
Arsenal,2022-03-06,16215,9.693753688131835,1.0,0.0,3.0,2.0,1.0,1.0,0.0,0.0,0.0,0.0,0.0,0.0,3.0,6,3
Arsenal,2022-03-07,12240,9.412546252075513,0.0,0.0,0.0,0.0,0.0,0.0,0.0,0.0,1.0,1.0,0.0,0.0,3.0,0,3
Arsenal,2022-03-08,10016,9.212038928611765,0.0,0.0,0.0,0.0,0.0,0.0,0.0,0.0,0.0,0.0,0.0,0.0,3.0,1,3
Arsenal,2022-03-09,8046,8.993054630146133,0.0,0.0,0.0,0.0,0.0,0.0,0.0,0.0,0.0,0.0,0.0,0.0,3.0,2,3
Arsenal,2022-03-10,9205,9.127610724377186,0.0,0.0,0.0,0.0,0.0,0.0,0.0,0.0,0.0,0.0,0.0,0.0,3.0,3,3
Arsenal,2022-03-11,8504,9.048409504829962,0.0,0.0,0.0,0.0,0.0,0.0,0.0,0.0,0.0,0.0,0.0,0.0,0.0,4,3
Arsenal,2022-03-12,8856,9.088963385809583,0.0,0.0,0.0,0.0,0.0,0.0,0.0,0.0,0.0,0.0,0.0,0.0,0.0,5,3
Arsenal,2022-03-13,18639,9.833065088239582,1.0,1.0,2.0,0.0,2.0,1.0,0.0,0.0,0.0,0.0,0.0,0.0,3.0,6,3
Arsenal,2022-03-14,13062,9.477539085486564,0.0,0.0,0.0,0.0,0.0,0.0,0.0,0.0,1.0,1.0,0.0,0.0,3.0,0,3
Arsenal,2022-03-15,10513,9.260462981379394,0.0,0.0,0.0,0.0,0.0,0.0,0.0,0.0,0.0,0.0,0.0,0.0,3.0,1,3
Arsenal,2022-03-16,18408,9.820594954446562,1.0,1.0,0.0,2.0,-2.0,0.0,0.0,1.0,0.0,0.0,0.0,0.0,3.0,2,3
Arsenal,2022-03-17,11897,9.38412559774785,0.0,0.0,0.0,0.0,0.0,0.0,0.0,0.0,1.0,0.0,0.0,1.0,3.0,3,3
Arsenal,2022-03-18,8854,9.088737550216933,0.0,0.0,0.0,0.0,0.0,0.0,0.0,0.0,0.0,0.0,0.0,0.0,0.0,4,3
Arsenal,2022-03-19,17127,9.748469830269519,1.0,0.0,1.0,0.0,1.0,1.0,0.0,0.0,0.0,0.0,0.0,0.0,3.0,5,3
Arsenal,2022-03-20,11596,9.358501722956703,0.0,0.0,0.0,0.0,0.0,0.0,0.0,0.0,1.0,1.0,0.0,0.0,3.0,6,3
Arsenal,2022-03-21,8951,9.09963224999176,0.0,0.0,0.0,0.0,0.0,0.0,0.0,0.0,0.0,0.0,0.0,0.0,3.0,0,3
Arsenal,2022-03-22,9278,9.13550906135318,0.0,0.0,0.0,0.0,0.0,0.0,0.0,0.0,0.0,0.0,0.0,0.0,3.0,1,3
Arsenal,2022-03-23,7507,8.9237243977064,0.0,0.0,0.0,0.0,0.0,0.0,0.0,0.0,0.0,0.0,0.0,0.0,3.0,2,3
Arsenal,2022-03-24,6997,8.853379672927634,0.0,0.0,0.0,0.0,0.0,0.0,0.0,0.0,0.0,0.0,0.0,0.0,0.0,3,3
Arsenal,2022-03-25,6722,8.813289762469037,0.0,0.0,0.0,0.0,0.0,0.0,0.0,0.0,0.0,0.0,0.0,0.0,0.0,4,3
Arsenal,2022-03-26,6545,8.786609455061125,0.0,0.0,0.0,0.0,0.0,0.0,0.0,0.0,0.0,0.0,0.0,0.0,0.0,5,3
Arsenal,2022-03-27,6336,8.754160749323518,0.0,0.0,0.0,0.0,0.0,0.0,0.0,0.0,0.0,0.0,0.0,0.0,0.0,6,3
Arsenal,2022-03-28,6229,8.737131611781498,0.0,0.0,0.0,0.0,0.0,0.0,0.0,0.0,0.0,0.0,0.0,0.0,0.0,0,3
Arsenal,2022-03-29,6693,8.808966881771273,0.0,0.0,0.0,0.0,0.0,0.0,0.0,0.0,0.0,0.0,0.0,0.0,0.0,1,3
Arsenal,2022-03-30,6446,8.77137018531062,0.0,0.0,0.0,0.0,0.0,0.0,0.0,0.0,0.0,0.0,0.0,0.0,0.0,2,3
Arsenal,2022-03-31,6605,8.795733605950735,0.0,0.0,0.0,0.0,0.0,0.0,0.0,0.0,0.0,0.0,0.0,0.0,0.0,3,3
Arsenal,2022-04-01,6199,8.732304571033183,0.0,0.0,0.0,0.0,0.0,0.0,0.0,0.0,0.0,0.0,0.0,0.0,0.0,4,4
Arsenal,2022-04-02,6974,8.850087606689566,0.0,0.0,0.0,0.0,0.0,0.0,0.0,0.0,0.0,0.0,0.0,0.0,0.0,5,4
Arsenal,2022-04-03,8027,8.990690709916228,0.0,0.0,0.0,0.0,0.0,0.0,0.0,0.0,0.0,0.0,0.0,0.0,0.0,6,4
Arsenal,2022-04-04,13058,9.477232830220407,1.0,0.0,0.0,3.0,-3.0,0.0,0.0,1.0,0.0,0.0,0.0,0.0,0.0,0,4
Arsenal,2022-04-05,8806,9.08330213880546,0.0,0.0,0.0,0.0,0.0,0.0,0.0,0.0,1.0,0.0,0.0,1.0,0.0,1,4
Arsenal,2022-04-06,7611,8.93748122841604,0.0,0.0,0.0,0.0,0.0,0.0,0.0,0.0,0.0,0.0,0.0,0.0,0.0,2,4
Arsenal,2022-04-07,7029,8.857941984804711,0.0,0.0,0.0,0.0,0.0,0.0,0.0,0.0,0.0,0.0,0.0,0.0,0.0,3,4
Arsenal,2022-04-08,6490,8.778171881033469,0.0,0.0,0.0,0.0,0.0,0.0,0.0,0.0,0.0,0.0,0.0,0.0,0.0,4,4
Arsenal,2022-04-09,10922,9.298625936843543,1.0,1.0,1.0,2.0,-1.0,0.0,0.0,1.0,0.0,0.0,0.0,0.0,0.0,5,4
Arsenal,2022-04-10,8069,8.995908761263994,0.0,0.0,0.0,0.0,0.0,0.0,0.0,0.0,1.0,0.0,0.0,1.0,0.0,6,4
Arsenal,2022-04-11,7014,8.855805992536562,0.0,0.0,0.0,0.0,0.0,0.0,0.0,0.0,0.0,0.0,0.0,0.0,0.0,0,4
Arsenal,2022-04-12,7662,8.944158830970403,0.0,0.0,0.0,0.0,0.0,0.0,0.0,0.0,0.0,0.0,0.0,0.0,0.0,1,4
Arsenal,2022-04-13,7951,8.98117874833641,0.0,0.0,0.0,0.0,0.0,0.0,0.0,0.0,0.0,0.0,0.0,0.0,0.0,2,4
Arsenal,2022-04-14,6966,8.848939995030118,0.0,0.0,0.0,0.0,0.0,0.0,0.0,0.0,0.0,0.0,0.0,0.0,0.0,3,4
Arsenal,2022-04-15,6883,8.83695515733143,0.0,0.0,0.0,0.0,0.0,0.0,0.0,0.0,0.0,0.0,0.0,0.0,0.0,4,4
Arsenal,2022-04-16,11576,9.356775650205728,1.0,0.0,0.0,1.0,-1.0,0.0,0.0,1.0,0.0,0.0,0.0,0.0,0.0,5,4
Arsenal,2022-04-17,9077,9.113609183016411,0.0,0.0,0.0,0.0,0.0,0.0,0.0,0.0,1.0,0.0,0.0,1.0,0.0,6,4
Arsenal,2022-04-18,7917,8.976893927666076,0.0,0.0,0.0,0.0,0.0,0.0,0.0,0.0,0.0,0.0,0.0,0.0,0.0,0,4
Arsenal,2022-04-19,8280,9.0217190130337,0.0,0.0,0.0,0.0,0.0,0.0,0.0,0.0,0.0,0.0,0.0,0.0,0.0,1,4
Arsenal,2022-04-20,17213,9.75347828520942,1.0,0.0,4.0,2.0,2.0,1.0,0.0,0.0,0.0,0.0,0.0,0.0,3.0,2,4
Arsenal,2022-04-21,14526,9.583764265872883,0.0,0.0,0.0,0.0,0.0,0.0,0.0,0.0,1.0,1.0,0.0,0.0,3.0,3,4
Arsenal,2022-04-22,9556,9.16502914926618,0.0,0.0,0.0,0.0,0.0,0.0,0.0,0.0,0.0,0.0,0.0,0.0,3.0,4,4
Arsenal,2022-04-23,24254,10.096378060679317,1.0,1.0,3.0,1.0,2.0,1.0,0.0,0.0,0.0,0.0,0.0,0.0,6.0,5,4
Arsenal,2022-04-24,14375,9.573315428463395,0.0,0.0,0.0,0.0,0.0,0.0,0.0,0.0,1.0,1.0,0.0,0.0,6.0,6,4
Arsenal,2022-04-25,11366,9.33846969968671,0.0,0.0,0.0,0.0,0.0,0.0,0.0,0.0,0.0,0.0,0.0,0.0,3.0,0,4
Arsenal,2022-04-26,9951,9.20552881497896,0.0,0.0,0.0,0.0,0.0,0.0,0.0,0.0,0.0,0.0,0.0,0.0,3.0,1,4
Arsenal,2022-04-27,9805,9.190749722211178,0.0,0.0,0.0,0.0,0.0,0.0,0.0,0.0,0.0,0.0,0.0,0.0,3.0,2,4
Arsenal,2022-04-28,9059,9.111624399037025,0.0,0.0,0.0,0.0,0.0,0.0,0.0,0.0,0.0,0.0,0.0,0.0,0.0,3,4
Arsenal,2022-04-29,7790,8.960724500330858,0.0,0.0,0.0,0.0,0.0,0.0,0.0,0.0,0.0,0.0,0.0,0.0,0.0,4,4
Arsenal,2022-04-30,8152,9.006141236662911,0.0,0.0,0.0,0.0,0.0,0.0,0.0,0.0,0.0,0.0,0.0,0.0,0.0,5,4
Arsenal,2022-05-01,17273,9.756957759840232,1.0,0.0,2.0,1.0,1.0,1.0,0.0,0.0,0.0,0.0,0.0,0.0,3.0,6,5
Arsenal,2022-05-02,12345,9.421087402953841,0.0,0.0,0.0,0.0,0.0,0.0,0.0,0.0,1.0,1.0,0.0,0.0,3.0,0,5
Arsenal,2022-05-03,11002,9.305923241869912,0.0,0.0,0.0,0.0,0.0,0.0,0.0,0.0,0.0,0.0,0.0,0.0,3.0,1,5
Arsenal,2022-05-04,11612,9.359880439245758,0.0,0.0,0.0,0.0,0.0,0.0,0.0,0.0,0.0,0.0,0.0,0.0,3.0,2,5
Arsenal,2022-05-05,9341,9.142275641062053,0.0,0.0,0.0,0.0,0.0,0.0,0.0,0.0,0.0,0.0,0.0,0.0,3.0,3,5
Arsenal,2022-05-06,9415,9.150165648940114,0.0,0.0,0.0,0.0,0.0,0.0,0.0,0.0,0.0,0.0,0.0,0.0,0.0,4,5
Arsenal,2022-05-07,10419,9.251482315307358,0.0,0.0,0.0,0.0,0.0,0.0,0.0,0.0,0.0,0.0,0.0,0.0,0.0,5,5
Arsenal,2022-05-08,17249,9.755567422459507,1.0,1.0,2.0,1.0,1.0,1.0,0.0,0.0,0.0,0.0,0.0,0.0,3.0,6,5
Arsenal,2022-05-09,11713,9.368539986649727,0.0,0.0,0.0,0.0,0.0,0.0,0.0,0.0,1.0,1.0,0.0,0.0,3.0,0,5
Arsenal,2022-05-10,11197,9.323490469908839,0.0,0.0,0.0,0.0,0.0,0.0,0.0,0.0,0.0,0.0,0.0,0.0,3.0,1,5
Arsenal,2022-05-11,10654,9.273784544532717,0.0,0.0,0.0,0.0,0.0,0.0,0.0,0.0,0.0,0.0,0.0,0.0,3.0,2,5
Arsenal,2022-05-12,20341,9.920442993185542,1.0,0.0,0.0,3.0,-3.0,0.0,0.0,1.0,0.0,0.0,0.0,0.0,3.0,3,5
Arsenal,2022-05-13,12546,9.4372368721597,0.0,0.0,0.0,0.0,0.0,0.0,0.0,0.0,1.0,0.0,0.0,1.0,0.0,4,5
Arsenal,2022-05-14,14341,9.57094757444252,0.0,0.0,0.0,0.0,0.0,0.0,0.0,0.0,0.0,0.0,0.0,0.0,0.0,5,5
Arsenal,2022-05-15,12074,9.398892478520773,0.0,0.0,0.0,0.0,0.0,0.0,0.0,0.0,0.0,0.0,0.0,0.0,0.0,6,5
Arsenal,2022-05-16,19876,9.897318563390598,1.0,0.0,0.0,2.0,-2.0,0.0,0.0,1.0,0.0,0.0,0.0,0.0,0.0,0,5
Arsenal,2022-05-17,15908,9.67464026580524,0.0,0.0,0.0,0.0,0.0,0.0,0.0,0.0,1.0,0.0,0.0,1.0,0.0,1,5
Arsenal,2022-05-18,11002,9.305923241869912,0.0,0.0,0.0,0.0,0.0,0.0,0.0,0.0,0.0,0.0,0.0,0.0,0.0,2,5
Arsenal,2022-05-19,12486,9.432443382115146,0.0,0.0,0.0,0.0,0.0,0.0,0.0,0.0,0.0,0.0,0.0,0.0,0.0,3,5
Arsenal,2022-05-20,9826,9.192888978362427,0.0,0.0,0.0,0.0,0.0,0.0,0.0,0.0,0.0,0.0,0.0,0.0,0.0,4,5
Arsenal,2022-05-21,8478,9.045347797304004,0.0,0.0,0.0,0.0,0.0,0.0,0.0,0.0,0.0,0.0,0.0,0.0,0.0,5,5
Arsenal,2022-05-22,18435,9.8220605538404,1.0,1.0,5.0,1.0,4.0,1.0,0.0,0.0,0.0,0.0,0.0,0.0,3.0,6,5
Arsenal,2022-05-23,16218,9.69393867348769,0.0,0.0,0.0,0.0,0.0,0.0,0.0,0.0,1.0,1.0,0.0,0.0,3.0,0,5
Arsenal,2022-05-24,12046,9.396570945266852,0.0,0.0,0.0,0.0,0.0,0.0,0.0,0.0,0.0,0.0,0.0,0.0,3.0,1,5
Arsenal,2022-05-25,12031,9.39532504618962,0.0,0.0,0.0,0.0,0.0,0.0,0.0,0.0,0.0,0.0,0.0,0.0,3.0,2,5
Arsenal,2022-05-26,10949,9.301094735244646,0.0,0.0,0.0,0.0,0.0,0.0,0.0,0.0,0.0,0.0,0.0,0.0,3.0,3,5
Arsenal,2022-05-27,9039,9.109414453386222,0.0,0.0,0.0,0.0,0.0,0.0,0.0,0.0,0.0,0.0,0.0,0.0,0.0,4,5
Arsenal,2022-05-28,11734,9.370331108285123,0.0,0.0,0.0,0.0,0.0,0.0,0.0,0.0,0.0,0.0,0.0,0.0,0.0,5,5
Arsenal,2022-05-29,11492,9.349493433368758,0.0,0.0,0.0,0.0,0.0,0.0,0.0,0.0,0.0,0.0,0.0,0.0,0.0,6,5
Arsenal,2022-05-30,10425,9.252057965328051,0.0,0.0,0.0,0.0,0.0,0.0,0.0,0.0,0.0,0.0,0.0,0.0,0.0,0,5
Arsenal,2022-05-31,9618,9.171495588152615,0.0,0.0,0.0,0.0,0.0,0.0,0.0,0.0,0.0,0.0,0.0,0.0,0.0,1,5
Arsenal,2022-06-01,8998,9.104868739033948,0.0,0.0,0.0,0.0,0.0,0.0,0.0,0.0,0.0,0.0,0.0,0.0,0.0,2,6
Arsenal,2022-06-02,8625,9.062536177207788,0.0,0.0,0.0,0.0,0.0,0.0,0.0,0.0,0.0,0.0,0.0,0.0,0.0,3,6
Arsenal,2022-06-03,9586,9.168163293076997,0.0,0.0,0.0,0.0,0.0,0.0,0.0,0.0,0.0,0.0,0.0,0.0,0.0,4,6
Arsenal,2022-06-04,8031,8.99118884193151,0.0,0.0,0.0,0.0,0.0,0.0,0.0,0.0,0.0,0.0,0.0,0.0,0.0,5,6
Arsenal,2022-06-05,8439,9.040737587590003,0.0,0.0,0.0,0.0,0.0,0.0,0.0,0.0,0.0,0.0,0.0,0.0,0.0,6,6
Arsenal,2022-06-06,8224,9.014933575633572,0.0,0.0,0.0,0.0,0.0,0.0,0.0,0.0,0.0,0.0,0.0,0.0,0.0,0,6
Arsenal,2022-06-07,7723,8.952087643548404,0.0,0.0,0.0,0.0,0.0,0.0,0.0,0.0,0.0,0.0,0.0,0.0,0.0,1,6
Arsenal,2022-06-08,7897,8.974364841846596,0.0,0.0,0.0,0.0,0.0,0.0,0.0,0.0,0.0,0.0,0.0,0.0,0.0,2,6
Arsenal,2022-06-09,9687,9.178643285232928,0.0,0.0,0.0,0.0,0.0,0.0,0.0,0.0,0.0,0.0,0.0,0.0,0.0,3,6
Arsenal,2022-06-10,8617,9.061608318175784,0.0,0.0,0.0,0.0,0.0,0.0,0.0,0.0,0.0,0.0,0.0,0.0,0.0,4,6
Arsenal,2022-06-11,8159,9.006999447958153,0.0,0.0,0.0,0.0,0.0,0.0,0.0,0.0,0.0,0.0,0.0,0.0,0.0,5,6
Arsenal,2022-06-12,7781,8.9595686535445,0.0,0.0,0.0,0.0,0.0,0.0,0.0,0.0,0.0,0.0,0.0,0.0,0.0,6,6
Arsenal,2022-06-13,10413,9.250906333722844,0.0,0.0,0.0,0.0,0.0,0.0,0.0,0.0,0.0,0.0,0.0,0.0,0.0,0,6
Arsenal,2022-06-14,10042,9.21463115339334,0.0,0.0,0.0,0.0,0.0,0.0,0.0,0.0,0.0,0.0,0.0,0.0,0.0,1,6
Arsenal,2022-06-15,8726,9.074176947163311,0.0,0.0,0.0,0.0,0.0,0.0,0.0,0.0,0.0,0.0,0.0,0.0,0.0,2,6
Arsenal,2022-06-16,11194,9.323222529032856,0.0,0.0,0.0,0.0,0.0,0.0,0.0,0.0,0.0,0.0,0.0,0.0,0.0,3,6
Arsenal,2022-06-17,13526,9.512442967089195,0.0,0.0,0.0,0.0,0.0,0.0,0.0,0.0,0.0,0.0,0.0,0.0,0.0,4,6
Arsenal,2022-06-18,15051,9.619266151713328,0.0,0.0,0.0,0.0,0.0,0.0,0.0,0.0,0.0,0.0,0.0,0.0,0.0,5,6
Arsenal,2022-06-19,11581,9.357207447785735,0.0,0.0,0.0,0.0,0.0,0.0,0.0,0.0,0.0,0.0,0.0,0.0,0.0,6,6
Arsenal,2022-06-20,12056,9.397400683117311,0.0,0.0,0.0,0.0,0.0,0.0,0.0,0.0,0.0,0.0,0.0,0.0,0.0,0,6
Arsenal,2022-06-21,15264,9.633317905168978,0.0,0.0,0.0,0.0,0.0,0.0,0.0,0.0,0.0,0.0,0.0,0.0,0.0,1,6
Arsenal,2022-06-22,13132,9.48288342558516,0.0,0.0,0.0,0.0,0.0,0.0,0.0,0.0,0.0,0.0,0.0,0.0,0.0,2,6
Arsenal,2022-06-23,10386,9.248310303227811,0.0,0.0,0.0,0.0,0.0,0.0,0.0,0.0,0.0,0.0,0.0,0.0,0.0,3,6
Arsenal,2022-06-24,9533,9.162619635764772,0.0,0.0,0.0,0.0,0.0,0.0,0.0,0.0,0.0,0.0,0.0,0.0,0.0,4,6
Arsenal,2022-06-25,11525,9.352360631996612,0.0,0.0,0.0,0.0,0.0,0.0,0.0,0.0,0.0,0.0,0.0,0.0,0.0,5,6
Arsenal,2022-06-26,12822,9.458995712459116,0.0,0.0,0.0,0.0,0.0,0.0,0.0,0.0,0.0,0.0,0.0,0.0,0.0,6,6
Arsenal,2022-06-27,21947,9.996431298178866,0.0,0.0,0.0,0.0,0.0,0.0,0.0,0.0,0.0,0.0,0.0,0.0,0.0,0,6
Arsenal,2022-06-28,15817,9.668903811079362,0.0,0.0,0.0,0.0,0.0,0.0,0.0,0.0,0.0,0.0,0.0,0.0,0.0,1,6
Arsenal,2022-06-29,12260,9.414178772232386,0.0,0.0,0.0,0.0,0.0,0.0,0.0,0.0,0.0,0.0,0.0,0.0,0.0,2,6
Arsenal,2022-06-30,11910,9.385217621880901,0.0,0.0,0.0,0.0,0.0,0.0,0.0,0.0,0.0,0.0,0.0,0.0,0.0,3,6
Arsenal,2022-07-01,12796,9.456966047437597,0.0,0.0,0.0,0.0,0.0,0.0,0.0,0.0,0.0,0.0,0.0,0.0,0.0,4,7
Arsenal,2022-07-02,11307,9.33326571881348,0.0,0.0,0.0,0.0,0.0,0.0,0.0,0.0,0.0,0.0,0.0,0.0,0.0,5,7
Arsenal,2022-07-03,10660,9.274347501950475,0.0,0.0,0.0,0.0,0.0,0.0,0.0,0.0,0.0,0.0,0.0,0.0,0.0,6,7
Arsenal,2022-07-04,43853,10.688621213708446,0.0,0.0,0.0,0.0,0.0,0.0,0.0,0.0,0.0,0.0,0.0,0.0,0.0,0,7
Arsenal,2022-07-05,30723,10.332799387118573,0.0,0.0,0.0,0.0,0.0,0.0,0.0,0.0,0.0,0.0,0.0,0.0,0.0,1,7
Arsenal,2022-07-06,15329,9.63756697186586,0.0,0.0,0.0,0.0,0.0,0.0,0.0,0.0,0.0,0.0,0.0,0.0,0.0,2,7
Arsenal,2022-07-07,11954,9.388904879892426,0.0,0.0,0.0,0.0,0.0,0.0,0.0,0.0,0.0,0.0,0.0,0.0,0.0,3,7
Arsenal,2022-07-08,16319,9.700146628518098,0.0,0.0,0.0,0.0,0.0,0.0,0.0,0.0,0.0,0.0,0.0,0.0,0.0,4,7
Arsenal,2022-07-09,13588,9.517015920920498,0.0,0.0,0.0,0.0,0.0,0.0,0.0,0.0,0.0,0.0,0.0,0.0,0.0,5,7
Arsenal,2022-07-10,11731,9.37007543009734,0.0,0.0,0.0,0.0,0.0,0.0,0.0,0.0,0.0,0.0,0.0,0.0,0.0,6,7
Arsenal,2022-07-11,12508,9.434203664214742,0.0,0.0,0.0,0.0,0.0,0.0,0.0,0.0,0.0,0.0,0.0,0.0,0.0,0,7
Arsenal,2022-07-12,11957,9.38915578944085,0.0,0.0,0.0,0.0,0.0,0.0,0.0,0.0,0.0,0.0,0.0,0.0,0.0,1,7
Arsenal,2022-07-13,11817,9.37737907190562,0.0,0.0,0.0,0.0,0.0,0.0,0.0,0.0,0.0,0.0,0.0,0.0,0.0,2,7
Arsenal,2022-07-14,11997,9.392495248213038,0.0,0.0,0.0,0.0,0.0,0.0,0.0,0.0,0.0,0.0,0.0,0.0,0.0,3,7
Arsenal,2022-07-15,12264,9.41450495669259,0.0,0.0,0.0,0.0,0.0,0.0,0.0,0.0,0.0,0.0,0.0,0.0,0.0,4,7
Arsenal,2022-07-16,15050,9.619199713152362,0.0,0.0,0.0,0.0,0.0,0.0,0.0,0.0,0.0,0.0,0.0,0.0,0.0,5,7
Arsenal,2022-07-17,16216,9.693815353719375,0.0,0.0,0.0,0.0,0.0,0.0,0.0,0.0,0.0,0.0,0.0,0.0,0.0,6,7
Arsenal,2022-07-18,15873,9.672437829650821,0.0,0.0,0.0,0.0,0.0,0.0,0.0,0.0,0.0,0.0,0.0,0.0,0.0,0,7
Arsenal,2022-07-19,17244,9.755277525370941,0.0,0.0,0.0,0.0,0.0,0.0,0.0,0.0,0.0,0.0,0.0,0.0,0.0,1,7
Arsenal,2022-07-20,16497,9.710994440420677,0.0,0.0,0.0,0.0,0.0,0.0,0.0,0.0,0.0,0.0,0.0,0.0,0.0,2,7
Arsenal,2022-07-21,17359,9.761923988214342,0.0,0.0,0.0,0.0,0.0,0.0,0.0,0.0,0.0,0.0,0.0,0.0,0.0,3,7
Arsenal,2022-07-22,22317,10.013148806745647,0.0,0.0,0.0,0.0,0.0,0.0,0.0,0.0,0.0,0.0,0.0,0.0,0.0,4,7
Arsenal,2022-07-23,25139,10.132215482144238,0.0,0.0,0.0,0.0,0.0,0.0,0.0,0.0,0.0,0.0,0.0,0.0,0.0,5,7
Arsenal,2022-07-24,27887,10.235951767759802,0.0,0.0,0.0,0.0,0.0,0.0,0.0,0.0,0.0,0.0,0.0,0.0,0.0,6,7
Arsenal,2022-07-25,17042,9.743494841225237,0.0,0.0,0.0,0.0,0.0,0.0,0.0,0.0,0.0,0.0,0.0,0.0,0.0,0,7
Arsenal,2022-07-26,14130,9.556126244582746,0.0,0.0,0.0,0.0,0.0,0.0,0.0,0.0,0.0,0.0,0.0,0.0,0.0,1,7
Arsenal,2022-07-27,14052,9.550591175100745,0.0,0.0,0.0,0.0,0.0,0.0,0.0,0.0,0.0,0.0,0.0,0.0,0.0,2,7
Arsenal,2022-07-28,14184,9.559940347242952,0.0,0.0,0.0,0.0,0.0,0.0,0.0,0.0,0.0,0.0,0.0,0.0,0.0,3,7
Arsenal,2022-07-29,13849,9.536040511615484,0.0,0.0,0.0,0.0,0.0,0.0,0.0,0.0,0.0,0.0,0.0,0.0,0.0,4,7
Arsenal,2022-07-30,30652,10.330485815856711,0.0,0.0,0.0,0.0,0.0,0.0,0.0,0.0,0.0,0.0,0.0,0.0,0.0,5,7
Arsenal,2022-07-31,18480,9.824498456285756,0.0,0.0,0.0,0.0,0.0,0.0,0.0,0.0,0.0,0.0,0.0,0.0,0.0,6,7
Arsenal,2022-08-01,16630,9.71902370267014,0.0,0.0,0.0,0.0,0.0,0.0,0.0,0.0,0.0,0.0,0.0,0.0,0.0,0,8
Arsenal,2022-08-02,18283,9.813781639451635,0.0,0.0,0.0,0.0,0.0,0.0,0.0,0.0,0.0,0.0,0.0,0.0,0.0,1,8
Arsenal,2022-08-03,23878,10.080754690582811,0.0,0.0,0.0,0.0,0.0,0.0,0.0,0.0,0.0,0.0,0.0,0.0,0.0,2,8
Arsenal,2022-08-04,27380,10.217604621184988,0.0,0.0,0.0,0.0,0.0,0.0,0.0,0.0,0.0,0.0,0.0,0.0,0.0,3,8
Arsenal,2022-08-05,50372,10.827210596227578,1.0,0.0,2.0,0.0,2.0,1.0,0.0,0.0,0.0,0.0,0.0,0.0,3.0,4,8
Arsenal,2022-08-06,29380,10.288103485908332,0.0,0.0,0.0,0.0,0.0,0.0,0.0,0.0,1.0,1.0,0.0,0.0,3.0,5,8
Arsenal,2022-08-07,21640,9.982344942613622,0.0,0.0,0.0,0.0,0.0,0.0,0.0,0.0,0.0,0.0,0.0,0.0,3.0,6,8
Arsenal,2022-08-08,19754,9.891161902845491,0.0,0.0,0.0,0.0,0.0,0.0,0.0,0.0,0.0,0.0,0.0,0.0,3.0,0,8
Arsenal,2022-08-09,17768,9.785210644945074,0.0,0.0,0.0,0.0,0.0,0.0,0.0,0.0,0.0,0.0,0.0,0.0,3.0,1,8
Arsenal,2022-08-10,16692,9.722744748855389,0.0,0.0,0.0,0.0,0.0,0.0,0.0,0.0,0.0,0.0,0.0,0.0,0.0,2,8
Arsenal,2022-08-11,20737,9.939723045118223,0.0,0.0,0.0,0.0,0.0,0.0,0.0,0.0,0.0,0.0,0.0,0.0,0.0,3,8
Arsenal,2022-08-12,21951,9.996613530525611,0.0,0.0,0.0,0.0,0.0,0.0,0.0,0.0,0.0,0.0,0.0,0.0,0.0,4,8
Arsenal,2022-08-13,38313,10.553570643625047,1.0,1.0,4.0,2.0,2.0,1.0,0.0,0.0,0.0,0.0,0.0,0.0,3.0,5,8
Arsenal,2022-08-14,28211,10.24750269832807,0.0,0.0,0.0,0.0,0.0,0.0,0.0,0.0,1.0,1.0,0.0,0.0,3.0,6,8
Arsenal,2022-08-15,24737,10.116095801934955,0.0,0.0,0.0,0.0,0.0,0.0,0.0,0.0,0.0,0.0,0.0,0.0,3.0,0,8
Arsenal,2022-08-16,20023,9.90468683311161,0.0,0.0,0.0,0.0,0.0,0.0,0.0,0.0,0.0,0.0,0.0,0.0,3.0,1,8
Arsenal,2022-08-17,18810,9.842197084093021,0.0,0.0,0.0,0.0,0.0,0.0,0.0,0.0,0.0,0.0,0.0,0.0,3.0,2,8
Arsenal,2022-08-18,19871,9.897066984733206,0.0,0.0,0.0,0.0,0.0,0.0,0.0,0.0,0.0,0.0,0.0,0.0,0.0,3,8
Arsenal,2022-08-19,19387,9.872409596965266,0.0,0.0,0.0,0.0,0.0,0.0,0.0,0.0,0.0,0.0,0.0,0.0,0.0,4,8
Arsenal,2022-08-20,37165,10.523149643833596,1.0,0.0,3.0,0.0,3.0,1.0,0.0,0.0,0.0,0.0,0.0,0.0,3.0,5,8
Arsenal,2022-08-21,29676,10.298127614005459,0.0,0.0,0.0,0.0,0.0,0.0,0.0,0.0,1.0,1.0,0.0,0.0,3.0,6,8
Arsenal,2022-08-22,25272,10.137491911183083,0.0,0.0,0.0,0.0,0.0,0.0,0.0,0.0,0.0,0.0,0.0,0.0,3.0,0,8
Arsenal,2022-08-23,21022,9.953372355465126,0.0,0.0,0.0,0.0,0.0,0.0,0.0,0.0,0.0,0.0,0.0,0.0,3.0,1,8
Arsenal,2022-08-24,18318,9.81569405158546,0.0,0.0,0.0,0.0,0.0,0.0,0.0,0.0,0.0,0.0,0.0,0.0,3.0,2,8
Arsenal,2022-08-25,21187,9.961190262664417,0.0,0.0,0.0,0.0,0.0,0.0,0.0,0.0,0.0,0.0,0.0,0.0,0.0,3,8
Arsenal,2022-08-26,22313,10.012969563153126,0.0,0.0,0.0,0.0,0.0,0.0,0.0,0.0,0.0,0.0,0.0,0.0,0.0,4,8
Arsenal,2022-08-27,56601,10.94379959925603,1.0,1.0,2.0,1.0,1.0,1.0,0.0,0.0,0.0,0.0,0.0,0.0,3.0,5,8
Arsenal,2022-08-28,34242,10.441237443239979,0.0,0.0,0.0,0.0,0.0,0.0,0.0,0.0,1.0,1.0,0.0,0.0,3.0,6,8
Arsenal,2022-08-29,22422,10.01784249677353,0.0,0.0,0.0,0.0,0.0,0.0,0.0,0.0,0.0,0.0,0.0,0.0,3.0,0,8
Arsenal,2022-08-30,17836,9.789030230558303,0.0,0.0,0.0,0.0,0.0,0.0,0.0,0.0,0.0,0.0,0.0,0.0,3.0,1,8
Arsenal,2022-08-31,34226,10.440770085264479,1.0,1.0,2.0,1.0,1.0,1.0,0.0,0.0,0.0,0.0,0.0,0.0,6.0,2,8
Arsenal,2022-09-01,34371,10.444997558433114,0.0,0.0,0.0,0.0,0.0,0.0,0.0,0.0,1.0,1.0,0.0,0.0,3.0,3,9
Arsenal,2022-09-02,32486,10.38859528829649,0.0,0.0,0.0,0.0,0.0,0.0,0.0,0.0,0.0,0.0,0.0,0.0,3.0,4,9
Arsenal,2022-09-03,26637,10.190094046760976,0.0,0.0,0.0,0.0,0.0,0.0,0.0,0.0,0.0,0.0,0.0,0.0,3.0,5,9
Arsenal,2022-09-04,59882,11.000147937478992,1.0,0.0,1.0,3.0,-2.0,0.0,0.0,1.0,0.0,0.0,0.0,0.0,3.0,6,9
Arsenal,2022-09-05,23851,10.079623350242997,0.0,0.0,0.0,0.0,0.0,0.0,0.0,0.0,1.0,0.0,0.0,1.0,0.0,0,9
Arsenal,2022-09-06,14673,9.59383249927394,0.0,0.0,0.0,0.0,0.0,0.0,0.0,0.0,0.0,0.0,0.0,0.0,0.0,1,9
Arsenal,2022-09-07,15168,9.627009150591672,0.0,0.0,0.0,0.0,0.0,0.0,0.0,0.0,0.0,0.0,0.0,0.0,0.0,2,9
Arsenal,2022-09-08,20584,9.932317934204004,0.0,0.0,0.0,0.0,0.0,0.0,0.0,0.0,0.0,0.0,0.0,0.0,0.0,3,9
Arsenal,2022-09-09,14127,9.555913922843741,0.0,0.0,0.0,0.0,0.0,0.0,0.0,0.0,0.0,0.0,0.0,0.0,0.0,4,9
Arsenal,2022-09-10,10530,9.262078567380597,0.0,0.0,0.0,0.0,0.0,0.0,0.0,0.0,0.0,0.0,0.0,0.0,0.0,5,9
Arsenal,2022-09-11,9874,9.197761589769323,0.0,0.0,0.0,0.0,0.0,0.0,0.0,0.0,0.0,0.0,0.0,0.0,0.0,6,9
Arsenal,2022-09-12,10243,9.234447447319416,0.0,0.0,0.0,0.0,0.0,0.0,0.0,0.0,0.0,0.0,0.0,0.0,0.0,0,9
Arsenal,2022-09-13,13052,9.47677327138879,0.0,0.0,0.0,0.0,0.0,0.0,0.0,0.0,0.0,0.0,0.0,0.0,0.0,1,9
Arsenal,2022-09-14,14632,9.591034531092426,0.0,0.0,0.0,0.0,0.0,0.0,0.0,0.0,0.0,0.0,0.0,0.0,0.0,2,9
Arsenal,2022-09-15,19678,9.88730735630709,0.0,0.0,0.0,0.0,0.0,0.0,0.0,0.0,0.0,0.0,0.0,0.0,0.0,3,9
Arsenal,2022-09-16,11537,9.353401214816834,0.0,0.0,0.0,0.0,0.0,0.0,0.0,0.0,0.0,0.0,0.0,0.0,0.0,4,9
Arsenal,2022-09-17,10509,9.260082463870997,0.0,0.0,0.0,0.0,0.0,0.0,0.0,0.0,0.0,0.0,0.0,0.0,0.0,5,9
Arsenal,2022-09-18,52607,10.870623478415851,1.0,0.0,3.0,0.0,3.0,1.0,0.0,0.0,0.0,0.0,0.0,0.0,3.0,6,9
Arsenal,2022-09-19,19483,9.877348894926433,0.0,0.0,0.0,0.0,0.0,0.0,0.0,0.0,1.0,1.0,0.0,0.0,3.0,0,9
Arsenal,2022-09-20,13881,9.53834831589953,0.0,0.0,0.0,0.0,0.0,0.0,0.0,0.0,0.0,0.0,0.0,0.0,3.0,1,9
Arsenal,2022-09-21,13183,9.486759252149254,0.0,0.0,0.0,0.0,0.0,0.0,0.0,0.0,0.0,0.0,0.0,0.0,3.0,2,9
Arsenal,2022-09-22,10369,9.246672301223573,0.0,0.0,0.0,0.0,0.0,0.0,0.0,0.0,0.0,0.0,0.0,0.0,3.0,3,9
Arsenal,2022-09-23,9019,9.10719961305667,0.0,0.0,0.0,0.0,0.0,0.0,0.0,0.0,0.0,0.0,0.0,0.0,0.0,4,9
Arsenal,2022-09-24,12433,9.428189934829282,0.0,0.0,0.0,0.0,0.0,0.0,0.0,0.0,0.0,0.0,0.0,0.0,0.0,5,9
Arsenal,2022-09-25,9098,9.11591979635669,0.0,0.0,0.0,0.0,0.0,0.0,0.0,0.0,0.0,0.0,0.0,0.0,0.0,6,9
Arsenal,2022-09-26,8036,8.991811158212718,0.0,0.0,0.0,0.0,0.0,0.0,0.0,0.0,0.0,0.0,0.0,0.0,0.0,0,9
Arsenal,2022-09-27,7644,8.941807118363164,0.0,0.0,0.0,0.0,0.0,0.0,0.0,0.0,0.0,0.0,0.0,0.0,0.0,1,9
Arsenal,2022-09-28,7369,8.905172985183382,0.0,0.0,0.0,0.0,0.0,0.0,0.0,0.0,0.0,0.0,0.0,0.0,0.0,2,9
Arsenal,2022-09-29,7406,8.91018077801329,0.0,0.0,0.0,0.0,0.0,0.0,0.0,0.0,0.0,0.0,0.0,0.0,0.0,3,9
Arsenal,2022-09-30,8979,9.102755161296246,0.0,0.0,0.0,0.0,0.0,0.0,0.0,0.0,0.0,0.0,0.0,0.0,0.0,4,9
Arsenal,2022-10-01,26184,10.172942006713589,1.0,1.0,3.0,1.0,2.0,1.0,0.0,0.0,0.0,0.0,0.0,0.0,3.0,5,10
Arsenal,2022-10-02,17303,9.758692967632895,0.0,0.0,0.0,0.0,0.0,0.0,0.0,0.0,1.0,1.0,0.0,0.0,3.0,6,10
Arsenal,2022-10-03,16605,9.717519354821976,0.0,0.0,0.0,0.0,0.0,0.0,0.0,0.0,0.0,0.0,0.0,0.0,3.0,0,10
Arsenal,2022-10-04,13175,9.486152271857476,0.0,0.0,0.0,0.0,0.0,0.0,0.0,0.0,0.0,0.0,0.0,0.0,3.0,1,10
Arsenal,2022-10-05,11844,9.379661116592885,0.0,0.0,0.0,0.0,0.0,0.0,0.0,0.0,0.0,0.0,0.0,0.0,3.0,2,10
Arsenal,2022-10-06,20322,9.919508528590306,0.0,0.0,0.0,0.0,0.0,0.0,0.0,0.0,0.0,0.0,0.0,0.0,0.0,3,10
Arsenal,2022-10-07,19477,9.877040902521145,0.0,0.0,0.0,0.0,0.0,0.0,0.0,0.0,0.0,0.0,0.0,0.0,0.0,4,10
Arsenal,2022-10-08,12846,9.46086560003161,0.0,0.0,0.0,0.0,0.0,0.0,0.0,0.0,0.0,0.0,0.0,0.0,0.0,5,10
Arsenal,2022-10-09,47831,10.77545015056074,1.0,1.0,3.0,2.0,1.0,1.0,0.0,0.0,0.0,0.0,0.0,0.0,3.0,6,10
Arsenal,2022-10-10,29163,10.28069035092632,0.0,0.0,0.0,0.0,0.0,0.0,0.0,0.0,1.0,1.0,0.0,0.0,3.0,0,10
Arsenal,2022-10-11,19808,9.893891658862682,0.0,0.0,0.0,0.0,0.0,0.0,0.0,0.0,0.0,0.0,0.0,0.0,3.0,1,10
Arsenal,2022-10-12,14556,9.585827256564661,0.0,0.0,0.0,0.0,0.0,0.0,0.0,0.0,0.0,0.0,0.0,0.0,3.0,2,10
Arsenal,2022-10-13,16462,9.708870717648022,0.0,0.0,0.0,0.0,0.0,0.0,0.0,0.0,0.0,0.0,0.0,0.0,3.0,3,10
Arsenal,2022-10-14,12378,9.42375676753181,0.0,0.0,0.0,0.0,0.0,0.0,0.0,0.0,0.0,0.0,0.0,0.0,0.0,4,10
Arsenal,2022-10-15,14076,9.552297538827965,0.0,0.0,0.0,0.0,0.0,0.0,0.0,0.0,0.0,0.0,0.0,0.0,0.0,5,10
Arsenal,2022-10-16,27985,10.239459664115659,1.0,0.0,1.0,0.0,1.0,1.0,0.0,0.0,0.0,0.0,0.0,0.0,3.0,6,10
Arsenal,2022-10-17,14735,9.598048758495088,0.0,0.0,0.0,0.0,0.0,0.0,0.0,0.0,1.0,1.0,0.0,0.0,3.0,0,10
Arsenal,2022-10-18,12654,9.445807672979225,0.0,0.0,0.0,0.0,0.0,0.0,0.0,0.0,0.0,0.0,0.0,0.0,3.0,1,10
Arsenal,2022-10-19,12586,9.440419814291506,0.0,0.0,0.0,0.0,0.0,0.0,0.0,0.0,0.0,0.0,0.0,0.0,3.0,2,10
Arsenal,2022-10-20,41662,10.637368723744101,0.0,0.0,0.0,0.0,0.0,0.0,0.0,0.0,0.0,0.0,0.0,0.0,3.0,3,10
Arsenal,2022-10-21,25482,10.145766842158814,0.0,0.0,0.0,0.0,0.0,0.0,0.0,0.0,0.0,0.0,0.0,0.0,0.0,4,10
Arsenal,2022-10-22,28546,10.259307130753884,0.0,0.0,0.0,0.0,0.0,0.0,0.0,0.0,0.0,0.0,0.0,0.0,0.0,5,10
Arsenal,2022-10-23,42317,10.652967806436234,1.0,0.0,1.0,1.0,0.0,0.0,1.0,0.0,0.0,0.0,0.0,0.0,1.0,6,10
Arsenal,2022-10-24,12619,9.443038136095204,0.0,0.0,0.0,0.0,0.0,0.0,0.0,0.0,1.0,0.0,1.0,0.0,1.0,0,10
Arsenal,2022-10-25,10344,9.244258590179644,0.0,0.0,0.0,0.0,0.0,0.0,0.0,0.0,0.0,0.0,0.0,0.0,1.0,1,10
Arsenal,2022-10-26,9522,9.161465204194046,0.0,0.0,0.0,0.0,0.0,0.0,0.0,0.0,0.0,0.0,0.0,0.0,1.0,2,10
Arsenal,2022-10-27,16450,9.708141544619421,0.0,0.0,0.0,0.0,0.0,0.0,0.0,0.0,0.0,0.0,0.0,0.0,1.0,3,10
Arsenal,2022-10-28,10502,9.259416209622776,0.0,0.0,0.0,0.0,0.0,0.0,0.0,0.0,0.0,0.0,0.0,0.0,0.0,4,10
Arsenal,2022-10-29,10770,9.28461261635077,0.0,0.0,0.0,0.0,0.0,0.0,0.0,0.0,0.0,0.0,0.0,0.0,0.0,5,10
Arsenal,2022-10-30,23408,10.06087584278487,1.0,1.0,5.0,0.0,5.0,1.0,0.0,0.0,0.0,0.0,0.0,0.0,3.0,6,10
Arsenal,2022-10-31,13502,9.510667161961042,0.0,0.0,0.0,0.0,0.0,0.0,0.0,0.0,1.0,1.0,0.0,0.0,3.0,0,10
Arsenal,2022-11-01,9788,9.18901458526143,0.0,0.0,0.0,0.0,0.0,0.0,0.0,0.0,0.0,0.0,0.0,0.0,3.0,1,11
Arsenal,2022-11-02,9689,9.178849704884811,0.0,0.0,0.0,0.0,0.0,0.0,0.0,0.0,0.0,0.0,0.0,0.0,3.0,2,11
Arsenal,2022-11-03,14489,9.581214035314728,0.0,0.0,0.0,0.0,0.0,0.0,0.0,0.0,0.0,0.0,0.0,0.0,3.0,3,11
Arsenal,2022-11-04,11311,9.333619388136354,0.0,0.0,0.0,0.0,0.0,0.0,0.0,0.0,0.0,0.0,0.0,0.0,0.0,4,11
Arsenal,2022-11-05,21441,9.973106894416185,0.0,0.0,0.0,0.0,0.0,0.0,0.0,0.0,0.0,0.0,0.0,0.0,0.0,5,11
Arsenal,2022-11-06,43232,10.67435937150647,1.0,0.0,1.0,0.0,1.0,1.0,0.0,0.0,0.0,0.0,0.0,0.0,3.0,6,11
Arsenal,2022-11-07,26765,10.19488770435632,0.0,0.0,0.0,0.0,0.0,0.0,0.0,0.0,1.0,1.0,0.0,0.0,3.0,0,11
Arsenal,2022-11-08,18749,9.838949031398556,0.0,0.0,0.0,0.0,0.0,0.0,0.0,0.0,0.0,0.0,0.0,0.0,3.0,1,11
Arsenal,2022-11-09,21513,9.976459164991951,0.0,0.0,0.0,0.0,0.0,0.0,0.0,0.0,0.0,0.0,0.0,0.0,3.0,2,11
Arsenal,2022-11-10,14302,9.5682245844549,0.0,0.0,0.0,0.0,0.0,0.0,0.0,0.0,0.0,0.0,0.0,0.0,3.0,3,11
Arsenal,2022-11-11,12215,9.410501846898468,0.0,0.0,0.0,0.0,0.0,0.0,0.0,0.0,0.0,0.0,0.0,0.0,0.0,4,11
Arsenal,2022-11-12,40299,10.604106747934773,1.0,0.0,2.0,0.0,2.0,1.0,0.0,0.0,0.0,0.0,0.0,0.0,3.0,5,11
Arsenal,2022-11-13,23701,10.073314711748393,0.0,0.0,0.0,0.0,0.0,0.0,0.0,0.0,1.0,1.0,0.0,0.0,3.0,6,11
Arsenal,2022-11-14,15289,9.634954298923107,0.0,0.0,0.0,0.0,0.0,0.0,0.0,0.0,0.0,0.0,0.0,0.0,3.0,0,11
Arsenal,2022-11-15,14289,9.567315270923913,0.0,0.0,0.0,0.0,0.0,0.0,0.0,0.0,0.0,0.0,0.0,0.0,3.0,1,11
Arsenal,2022-11-16,13517,9.511777409660299,0.0,0.0,0.0,0.0,0.0,0.0,0.0,0.0,0.0,0.0,0.0,0.0,3.0,2,11
Arsenal,2022-11-17,11033,9.308736693832376,0.0,0.0,0.0,0.0,0.0,0.0,0.0,0.0,0.0,0.0,0.0,0.0,0.0,3,11
Arsenal,2022-11-18,12836,9.460086905084927,0.0,0.0,0.0,0.0,0.0,0.0,0.0,0.0,0.0,0.0,0.0,0.0,0.0,4,11
Arsenal,2022-11-19,16180,9.691592993399809,0.0,0.0,0.0,0.0,0.0,0.0,0.0,0.0,0.0,0.0,0.0,0.0,0.0,5,11
Arsenal,2022-11-20,14659,9.592877975440642,0.0,0.0,0.0,0.0,0.0,0.0,0.0,0.0,0.0,0.0,0.0,0.0,0.0,6,11
Arsenal,2022-11-21,17394,9.763938087586043,0.0,0.0,0.0,0.0,0.0,0.0,0.0,0.0,0.0,0.0,0.0,0.0,0.0,0,11
Arsenal,2022-11-22,15721,9.662816284353703,0.0,0.0,0.0,0.0,0.0,0.0,0.0,0.0,0.0,0.0,0.0,0.0,0.0,1,11
Arsenal,2022-11-23,15622,9.656499466411903,0.0,0.0,0.0,0.0,0.0,0.0,0.0,0.0,0.0,0.0,0.0,0.0,0.0,2,11
Arsenal,2022-11-24,14070,9.551871220788255,0.0,0.0,0.0,0.0,0.0,0.0,0.0,0.0,0.0,0.0,0.0,0.0,0.0,3,11
Arsenal,2022-11-25,19250,9.865318286418624,0.0,0.0,0.0,0.0,0.0,0.0,0.0,0.0,0.0,0.0,0.0,0.0,0.0,4,11
Arsenal,2022-11-26,13607,9.518413134075697,0.0,0.0,0.0,0.0,0.0,0.0,0.0,0.0,0.0,0.0,0.0,0.0,0.0,5,11
Arsenal,2022-11-27,12594,9.441055188786711,0.0,0.0,0.0,0.0,0.0,0.0,0.0,0.0,0.0,0.0,0.0,0.0,0.0,6,11
Arsenal,2022-11-28,11873,9.38210641483062,0.0,0.0,0.0,0.0,0.0,0.0,0.0,0.0,0.0,0.0,0.0,0.0,0.0,0,11
Arsenal,2022-11-29,13062,9.477539085486564,0.0,0.0,0.0,0.0,0.0,0.0,0.0,0.0,0.0,0.0,0.0,0.0,0.0,1,11
Arsenal,2022-11-30,12729,9.451716691551452,0.0,0.0,0.0,0.0,0.0,0.0,0.0,0.0,0.0,0.0,0.0,0.0,0.0,2,11
Arsenal,2022-12-01,10975,9.303466349965667,0.0,0.0,0.0,0.0,0.0,0.0,0.0,0.0,0.0,0.0,0.0,0.0,0.0,3,12
Arsenal,2022-12-02,10299,9.239899174217728,0.0,0.0,0.0,0.0,0.0,0.0,0.0,0.0,0.0,0.0,0.0,0.0,0.0,4,12
Arsenal,2022-12-03,14632,9.591034531092426,0.0,0.0,0.0,0.0,0.0,0.0,0.0,0.0,0.0,0.0,0.0,0.0,0.0,5,12
Arsenal,2022-12-04,15697,9.66128859468676,0.0,0.0,0.0,0.0,0.0,0.0,0.0,0.0,0.0,0.0,0.0,0.0,0.0,6,12
Arsenal,2022-12-05,11981,9.39116080264387,0.0,0.0,0.0,0.0,0.0,0.0,0.0,0.0,0.0,0.0,0.0,0.0,0.0,0,12
Arsenal,2022-12-06,10650,9.273409063443166,0.0,0.0,0.0,0.0,0.0,0.0,0.0,0.0,0.0,0.0,0.0,0.0,0.0,1,12
Arsenal,2022-12-07,8777,9.080003870248179,0.0,0.0,0.0,0.0,0.0,0.0,0.0,0.0,0.0,0.0,0.0,0.0,0.0,2,12
Arsenal,2022-12-08,9210,9.128153700988236,0.0,0.0,0.0,0.0,0.0,0.0,0.0,0.0,0.0,0.0,0.0,0.0,0.0,3,12
Arsenal,2022-12-09,10055,9.215924750270084,0.0,0.0,0.0,0.0,0.0,0.0,0.0,0.0,0.0,0.0,0.0,0.0,0.0,4,12
Arsenal,2022-12-10,15510,9.64930472862475,0.0,0.0,0.0,0.0,0.0,0.0,0.0,0.0,0.0,0.0,0.0,0.0,0.0,5,12
Arsenal,2022-12-11,12092,9.400382051785275,0.0,0.0,0.0,0.0,0.0,0.0,0.0,0.0,0.0,0.0,0.0,0.0,0.0,6,12
Arsenal,2022-12-12,9634,9.173157580848466,0.0,0.0,0.0,0.0,0.0,0.0,0.0,0.0,0.0,0.0,0.0,0.0,0.0,0,12
Arsenal,2022-12-13,12809,9.45798139489078,0.0,0.0,0.0,0.0,0.0,0.0,0.0,0.0,0.0,0.0,0.0,0.0,0.0,1,12
Arsenal,2022-12-14,12264,9.41450495669259,0.0,0.0,0.0,0.0,0.0,0.0,0.0,0.0,0.0,0.0,0.0,0.0,0.0,2,12
Arsenal,2022-12-15,10014,9.211839248099919,0.0,0.0,0.0,0.0,0.0,0.0,0.0,0.0,0.0,0.0,0.0,0.0,0.0,3,12
Arsenal,2022-12-16,8993,9.104312967330653,0.0,0.0,0.0,0.0,0.0,0.0,0.0,0.0,0.0,0.0,0.0,0.0,0.0,4,12
Arsenal,2022-12-17,10761,9.283776690049365,0.0,0.0,0.0,0.0,0.0,0.0,0.0,0.0,0.0,0.0,0.0,0.0,0.0,5,12
Arsenal,2022-12-18,16685,9.72232532346202,0.0,0.0,0.0,0.0,0.0,0.0,0.0,0.0,0.0,0.0,0.0,0.0,0.0,6,12
Arsenal,2022-12-19,16133,9.68868412549692,0.0,0.0,0.0,0.0,0.0,0.0,0.0,0.0,0.0,0.0,0.0,0.0,0.0,0,12
Arsenal,2022-12-20,12055,9.397317740306331,0.0,0.0,0.0,0.0,0.0,0.0,0.0,0.0,0.0,0.0,0.0,0.0,0.0,1,12
Arsenal,2022-12-21,11690,9.366574594006819,0.0,0.0,0.0,0.0,0.0,0.0,0.0,0.0,0.0,0.0,0.0,0.0,0.0,2,12
Arsenal,2022-12-22,11367,9.338557669776936,0.0,0.0,0.0,0.0,0.0,0.0,0.0,0.0,0.0,0.0,0.0,0.0,0.0,3,12
Arsenal,2022-12-23,11262,9.329278296047697,0.0,0.0,0.0,0.0,0.0,0.0,0.0,0.0,0.0,0.0,0.0,0.0,0.0,4,12
Arsenal,2022-12-24,10603,9.268986567408916,0.0,0.0,0.0,0.0,0.0,0.0,0.0,0.0,0.0,0.0,0.0,0.0,0.0,5,12
Arsenal,2022-12-25,10885,9.295232838994146,0.0,0.0,0.0,0.0,0.0,0.0,0.0,0.0,0.0,0.0,0.0,0.0,0.0,6,12
Arsenal,2022-12-26,32364,10.384832870979611,1.0,1.0,3.0,1.0,2.0,1.0,0.0,0.0,0.0,0.0,0.0,0.0,3.0,0,12
Arsenal,2022-12-27,25321,10.139428862080198,0.0,0.0,0.0,0.0,0.0,0.0,0.0,0.0,1.0,1.0,0.0,0.0,3.0,1,12
Arsenal,2022-12-28,18702,9.836439217783001,0.0,0.0,0.0,0.0,0.0,0.0,0.0,0.0,0.0,0.0,0.0,0.0,3.0,2,12
Arsenal,2022-12-29,15330,9.637632201310455,0.0,0.0,0.0,0.0,0.0,0.0,0.0,0.0,0.0,0.0,0.0,0.0,3.0,3,12
Arsenal,2022-12-30,13617,9.519147726042911,0.0,0.0,0.0,0.0,0.0,0.0,0.0,0.0,0.0,0.0,0.0,0.0,3.0,4,12
Arsenal,2022-12-31,35350,10.473081959467745,1.0,0.0,4.0,2.0,2.0,1.0,0.0,0.0,0.0,0.0,0.0,0.0,3.0,5,12
Arsenal,2023-01-01,27072,10.206292200258018,0.0,0.0,0.0,0.0,0.0,0.0,0.0,0.0,1.0,1.0,0.0,0.0,3.0,6,1
Arsenal,2023-01-02,24371,10.101190211368385,0.0,0.0,0.0,0.0,0.0,0.0,0.0,0.0,0.0,0.0,0.0,0.0,3.0,0,1
Arsenal,2023-01-03,33985,10.433703954094051,1.0,1.0,0.0,0.0,0.0,0.0,1.0,0.0,0.0,0.0,0.0,0.0,4.0,1,1
Arsenal,2023-01-04,17222,9.754000978835746,0.0,0.0,0.0,0.0,0.0,0.0,0.0,0.0,1.0,0.0,1.0,0.0,4.0,2,1
Arsenal,2023-01-05,14510,9.582662261491093,0.0,0.0,0.0,0.0,0.0,0.0,0.0,0.0,0.0,0.0,0.0,0.0,1.0,3,1
Arsenal,2023-01-06,13981,9.54552606707193,0.0,0.0,0.0,0.0,0.0,0.0,0.0,0.0,0.0,0.0,0.0,0.0,1.0,4,1
Arsenal,2023-01-07,13403,9.5033084488572,0.0,0.0,0.0,0.0,0.0,0.0,0.0,0.0,0.0,0.0,0.0,0.0,1.0,5,1
Arsenal,2023-01-08,13885,9.538636417313219,0.0,0.0,0.0,0.0,0.0,0.0,0.0,0.0,0.0,0.0,0.0,0.0,0.0,6,1
Arsenal,2023-01-09,20769,9.941264916870159,0.0,0.0,0.0,0.0,0.0,0.0,0.0,0.0,0.0,0.0,0.0,0.0,0.0,0,1
Arsenal,2023-01-10,15480,9.647368744540465,0.0,0.0,0.0,0.0,0.0,0.0,0.0,0.0,0.0,0.0,0.0,0.0,0.0,1,1
Arsenal,2023-01-11,12624,9.443434254143561,0.0,0.0,0.0,0.0,0.0,0.0,0.0,0.0,0.0,0.0,0.0,0.0,0.0,2,1
Arsenal,2023-01-12,13053,9.476849879195163,0.0,0.0,0.0,0.0,0.0,0.0,0.0,0.0,0.0,0.0,0.0,0.0,0.0,3,1
Arsenal,2023-01-13,13094,9.479985756941812,0.0,0.0,0.0,0.0,0.0,0.0,0.0,0.0,0.0,0.0,0.0,0.0,0.0,4,1
Arsenal,2023-01-14,24845,10.120452052773622,0.0,0.0,0.0,0.0,0.0,0.0,0.0,0.0,0.0,0.0,0.0,0.0,0.0,5,1
Arsenal,2023-01-15,73836,11.20961523996568,1.0,0.0,2.0,0.0,2.0,1.0,0.0,0.0,0.0,0.0,0.0,0.0,3.0,6,1
Arsenal,2023-01-16,33365,10.41529269641562,0.0,0.0,0.0,0.0,0.0,0.0,0.0,0.0,1.0,1.0,0.0,0.0,3.0,0,1
Arsenal,2023-01-17,26523,10.185805262488758,0.0,0.0,0.0,0.0,0.0,0.0,0.0,0.0,0.0,0.0,0.0,0.0,3.0,1,1
Arsenal,2023-01-18,26661,10.190994609673622,0.0,0.0,0.0,0.0,0.0,0.0,0.0,0.0,0.0,0.0,0.0,0.0,3.0,2,1
Arsenal,2023-01-19,33011,10.404626410712575,0.0,0.0,0.0,0.0,0.0,0.0,0.0,0.0,0.0,0.0,0.0,0.0,3.0,3,1
Arsenal,2023-01-20,38871,10.568029476085739,0.0,0.0,0.0,0.0,0.0,0.0,0.0,0.0,0.0,0.0,0.0,0.0,0.0,4,1
Arsenal,2023-01-21,41857,10.642038216549922,0.0,0.0,0.0,0.0,0.0,0.0,0.0,0.0,0.0,0.0,0.0,0.0,0.0,5,1
Arsenal,2023-01-22,126031,11.744291121943105,1.0,1.0,3.0,2.0,1.0,1.0,0.0,0.0,0.0,0.0,0.0,0.0,3.0,6,1
Arsenal,2023-01-23,56711,10.945741107534854,0.0,0.0,0.0,0.0,0.0,0.0,0.0,0.0,1.0,1.0,0.0,0.0,3.0,0,1
Arsenal,2023-01-24,40724,10.614597433470246,0.0,0.0,0.0,0.0,0.0,0.0,0.0,0.0,0.0,0.0,0.0,0.0,3.0,1,1
Arsenal,2023-01-25,29935,10.30681704851387,0.0,0.0,0.0,0.0,0.0,0.0,0.0,0.0,0.0,0.0,0.0,0.0,3.0,2,1
Arsenal,2023-01-26,24615,10.111151917001878,0.0,0.0,0.0,0.0,0.0,0.0,0.0,0.0,0.0,0.0,0.0,0.0,3.0,3,1
Arsenal,2023-01-27,45855,10.733261330627899,0.0,0.0,0.0,0.0,0.0,0.0,0.0,0.0,0.0,0.0,0.0,0.0,0.0,4,1
Arsenal,2023-01-28,31644,10.362335437209406,0.0,0.0,0.0,0.0,0.0,0.0,0.0,0.0,0.0,0.0,0.0,0.0,0.0,5,1
Arsenal,2023-01-29,29890,10.305312710723697,0.0,0.0,0.0,0.0,0.0,0.0,0.0,0.0,0.0,0.0,0.0,0.0,0.0,6,1
Arsenal,2023-01-30,24086,10.089427554852794,0.0,0.0,0.0,0.0,0.0,0.0,0.0,0.0,0.0,0.0,0.0,0.0,0.0,0,1
Arsenal,2023-01-31,44631,10.706206369525365,0.0,0.0,0.0,0.0,0.0,0.0,0.0,0.0,0.0,0.0,0.0,0.0,0.0,1,1
Arsenal,2023-02-01,39726,10.589786336267235,0.0,0.0,0.0,0.0,0.0,0.0,0.0,0.0,0.0,0.0,0.0,0.0,0.0,2,2
Arsenal,2023-02-02,28334,10.251853068603719,0.0,0.0,0.0,0.0,0.0,0.0,0.0,0.0,0.0,0.0,0.0,0.0,0.0,3,2
Arsenal,2023-02-03,24692,10.114275081640754,0.0,0.0,0.0,0.0,0.0,0.0,0.0,0.0,0.0,0.0,0.0,0.0,0.0,4,2
Arsenal,2023-02-04,50957,10.838757043008064,1.0,0.0,0.0,1.0,-1.0,0.0,0.0,1.0,0.0,0.0,0.0,0.0,0.0,5,2
Arsenal,2023-02-05,25796,10.158013485079007,0.0,0.0,0.0,0.0,0.0,0.0,0.0,0.0,1.0,0.0,0.0,1.0,0.0,6,2
Arsenal,2023-02-06,27624,10.226476438820054,0.0,0.0,0.0,0.0,0.0,0.0,0.0,0.0,0.0,0.0,0.0,0.0,0.0,0,2
Arsenal,2023-02-07,18644,9.833333292612922,0.0,0.0,0.0,0.0,0.0,0.0,0.0,0.0,0.0,0.0,0.0,0.0,0.0,1,2
Arsenal,2023-02-08,22276,10.011310035064874,0.0,0.0,0.0,0.0,0.0,0.0,0.0,0.0,0.0,0.0,0.0,0.0,0.0,2,2
Arsenal,2023-02-09,20502,9.928326495883047,0.0,0.0,0.0,0.0,0.0,0.0,0.0,0.0,0.0,0.0,0.0,0.0,0.0,3,2
Arsenal,2023-02-10,20584,9.932317934204004,0.0,0.0,0.0,0.0,0.0,0.0,0.0,0.0,0.0,0.0,0.0,0.0,0.0,4,2
Arsenal,2023-02-11,45767,10.731340435948365,1.0,1.0,1.0,1.0,0.0,0.0,1.0,0.0,0.0,0.0,0.0,0.0,1.0,5,2
Arsenal,2023-02-12,21419,9.97208034400174,0.0,0.0,0.0,0.0,0.0,0.0,0.0,0.0,1.0,0.0,1.0,0.0,1.0,6,2
Arsenal,2023-02-13,15376,9.640628165515693,0.0,0.0,0.0,0.0,0.0,0.0,0.0,0.0,0.0,0.0,0.0,0.0,1.0,0,2
Arsenal,2023-02-14,16662,9.720945971538624,0.0,0.0,0.0,0.0,0.0,0.0,0.0,0.0,0.0,0.0,0.0,0.0,1.0,1,2
Arsenal,2023-02-15,55283,10.920238814723918,1.0,1.0,1.0,3.0,-2.0,0.0,0.0,1.0,0.0,0.0,0.0,0.0,1.0,2,2
Arsenal,2023-02-16,26751,10.194364515884429,0.0,0.0,0.0,0.0,0.0,0.0,0.0,0.0,1.0,0.0,0.0,1.0,0.0,3,2
Arsenal,2023-02-17,13837,9.535173710058757,0.0,0.0,0.0,0.0,0.0,0.0,0.0,0.0,0.0,0.0,0.0,0.0,0.0,4,2
Arsenal,2023-02-18,58051,10.969094439590254,1.0,0.0,4.0,2.0,2.0,1.0,0.0,0.0,0.0,0.0,0.0,0.0,3.0,5,2
Arsenal,2023-02-19,47899,10.776870783399007,0.0,0.0,0.0,0.0,0.0,0.0,0.0,0.0,1.0,1.0,0.0,0.0,3.0,6,2
Arsenal,2023-02-20,29793,10.302062309939538,0.0,0.0,0.0,0.0,0.0,0.0,0.0,0.0,0.0,0.0,0.0,0.0,3.0,0,2
Arsenal,2023-02-21,17331,9.7603097828598,0.0,0.0,0.0,0.0,0.0,0.0,0.0,0.0,0.0,0.0,0.0,0.0,3.0,1,2
Arsenal,2023-02-22,14390,9.574358290170174,0.0,0.0,0.0,0.0,0.0,0.0,0.0,0.0,0.0,0.0,0.0,0.0,3.0,2,2
Arsenal,2023-02-23,19345,9.870240958742492,0.0,0.0,0.0,0.0,0.0,0.0,0.0,0.0,0.0,0.0,0.0,0.0,0.0,3,2
Arsenal,2023-02-24,22984,10.042597108240328,0.0,0.0,0.0,0.0,0.0,0.0,0.0,0.0,0.0,0.0,0.0,0.0,0.0,4,2
Arsenal,2023-02-25,44691,10.707549793667228,1.0,0.0,1.0,0.0,1.0,1.0,0.0,0.0,0.0,0.0,0.0,0.0,3.0,5,2
Arsenal,2023-02-26,26332,10.178578184473086,0.0,0.0,0.0,0.0,0.0,0.0,0.0,0.0,1.0,1.0,0.0,0.0,3.0,6,2
Arsenal,2023-02-27,18254,9.812194294089737,0.0,0.0,0.0,0.0,0.0,0.0,0.0,0.0,0.0,0.0,0.0,0.0,3.0,0,2
Arsenal,2023-02-28,13989,9.546098067659527,0.0,0.0,0.0,0.0,0.0,0.0,0.0,0.0,0.0,0.0,0.0,0.0,3.0,1,2
Arsenal,2023-03-01,25662,10.1528055448198,1.0,1.0,4.0,0.0,4.0,1.0,0.0,0.0,0.0,0.0,0.0,0.0,6.0,2,3
Arsenal,2023-03-02,18838,9.843684468165375,0.0,0.0,0.0,0.0,0.0,0.0,0.0,0.0,1.0,1.0,0.0,0.0,3.0,3,3
Arsenal,2023-03-03,13868,9.537411412656335,0.0,0.0,0.0,0.0,0.0,0.0,0.0,0.0,0.0,0.0,0.0,0.0,3.0,4,3
Arsenal,2023-03-04,61056,11.019563133080542,1.0,1.0,3.0,2.0,1.0,1.0,0.0,0.0,0.0,0.0,0.0,0.0,6.0,5,3
Arsenal,2023-03-05,54007,10.896887462721706,0.0,0.0,0.0,0.0,0.0,0.0,0.0,0.0,1.0,1.0,0.0,0.0,6.0,6,3
Arsenal,2023-03-06,28349,10.252382309155898,0.0,0.0,0.0,0.0,0.0,0.0,0.0,0.0,0.0,0.0,0.0,0.0,3.0,0,3
Arsenal,2023-03-07,18302,9.814820259819962,0.0,0.0,0.0,0.0,0.0,0.0,0.0,0.0,0.0,0.0,0.0,0.0,3.0,1,3
Arsenal,2023-03-08,17807,9.787403073515327,0.0,0.0,0.0,0.0,0.0,0.0,0.0,0.0,0.0,0.0,0.0,0.0,3.0,2,3
Arsenal,2023-03-09,35249,10.470220808240414,0.0,0.0,0.0,0.0,0.0,0.0,0.0,0.0,0.0,0.0,0.0,0.0,0.0,3,3
Arsenal,2023-03-10,17702,9.781489395725279,0.0,0.0,0.0,0.0,0.0,0.0,0.0,0.0,0.0,0.0,0.0,0.0,0.0,4,3
Arsenal,2023-03-11,19775,9.892224360257417,0.0,0.0,0.0,0.0,0.0,0.0,0.0,0.0,0.0,0.0,0.0,0.0,0.0,5,3
Arsenal,2023-03-12,42155,10.649132302053827,1.0,0.0,3.0,0.0,3.0,1.0,0.0,0.0,0.0,0.0,0.0,0.0,3.0,6,3
Arsenal,2023-03-13,21852,9.992093490870152,0.0,0.0,0.0,0.0,0.0,0.0,0.0,0.0,1.0,1.0,0.0,0.0,3.0,0,3
Arsenal,2023-03-14,15836,9.670104253491726,0.0,0.0,0.0,0.0,0.0,0.0,0.0,0.0,0.0,0.0,0.0,0.0,3.0,1,3
Arsenal,2023-03-15,19635,9.885119895177944,0.0,0.0,0.0,0.0,0.0,0.0,0.0,0.0,0.0,0.0,0.0,0.0,3.0,2,3
Arsenal,2023-03-16,45177,10.71836552166722,0.0,0.0,0.0,0.0,0.0,0.0,0.0,0.0,0.0,0.0,0.0,0.0,3.0,3,3
Arsenal,2023-03-17,25403,10.142661920922865,0.0,0.0,0.0,0.0,0.0,0.0,0.0,0.0,0.0,0.0,0.0,0.0,0.0,4,3
Arsenal,2023-03-18,16936,9.737255856891121,0.0,0.0,0.0,0.0,0.0,0.0,0.0,0.0,0.0,0.0,0.0,0.0,0.0,5,3
Arsenal,2023-03-19,37363,10.52846295299274,1.0,1.0,4.0,1.0,3.0,1.0,0.0,0.0,0.0,0.0,0.0,0.0,3.0,6,3
Arsenal,2023-03-20,20193,9.913140809564267,0.0,0.0,0.0,0.0,0.0,0.0,0.0,0.0,1.0,1.0,0.0,0.0,3.0,0,3
Arsenal,2023-03-21,16503,9.711358054751088,0.0,0.0,0.0,0.0,0.0,0.0,0.0,0.0,0.0,0.0,0.0,0.0,3.0,1,3
Arsenal,2023-03-22,14039,9.549665677579801,0.0,0.0,0.0,0.0,0.0,0.0,0.0,0.0,0.0,0.0,0.0,0.0,3.0,2,3
Arsenal,2023-03-23,12350,9.421492310438014,0.0,0.0,0.0,0.0,0.0,0.0,0.0,0.0,0.0,0.0,0.0,0.0,3.0,3,3
Arsenal,2023-03-24,15097,9.62231756369957,0.0,0.0,0.0,0.0,0.0,0.0,0.0,0.0,0.0,0.0,0.0,0.0,0.0,4,3
Arsenal,2023-03-25,15387,9.641343263872185,0.0,0.0,0.0,0.0,0.0,0.0,0.0,0.0,0.0,0.0,0.0,0.0,0.0,5,3
Arsenal,2023-03-26,14442,9.577965147101168,0.0,0.0,0.0,0.0,0.0,0.0,0.0,0.0,0.0,0.0,0.0,0.0,0.0,6,3
Arsenal,2023-03-27,12491,9.43284371840297,0.0,0.0,0.0,0.0,0.0,0.0,0.0,0.0,0.0,0.0,0.0,0.0,0.0,0,3
Arsenal,2023-03-28,11697,9.36717316600297,0.0,0.0,0.0,0.0,0.0,0.0,0.0,0.0,0.0,0.0,0.0,0.0,0.0,1,3
Arsenal,2023-03-29,12329,9.41979059615839,0.0,0.0,0.0,0.0,0.0,0.0,0.0,0.0,0.0,0.0,0.0,0.0,0.0,2,3
Arsenal,2023-03-30,12147,9.404919826165639,0.0,0.0,0.0,0.0,0.0,0.0,0.0,0.0,0.0,0.0,0.0,0.0,0.0,3,3
Arsenal,2023-03-31,15887,9.673319386284954,0.0,0.0,0.0,0.0,0.0,0.0,0.0,0.0,0.0,0.0,0.0,0.0,0.0,4,3
Arsenal,2023-04-01,63325,11.056051266296711,1.0,1.0,4.0,1.0,3.0,1.0,0.0,0.0,0.0,0.0,0.0,0.0,3.0,5,4
Arsenal,2023-04-02,23712,10.073778699946109,0.0,0.0,0.0,0.0,0.0,0.0,0.0,0.0,1.0,1.0,0.0,0.0,3.0,6,4
Arsenal,2023-04-03,15869,9.672185813520455,0.0,0.0,0.0,0.0,0.0,0.0,0.0,0.0,0.0,0.0,0.0,0.0,3.0,0,4
Arsenal,2023-04-04,12934,9.46769209462013,0.0,0.0,0.0,0.0,0.0,0.0,0.0,0.0,0.0,0.0,0.0,0.0,3.0,1,4
Arsenal,2023-04-05,11135,9.317938382574201,0.0,0.0,0.0,0.0,0.0,0.0,0.0,0.0,0.0,0.0,0.0,0.0,3.0,2,4
Arsenal,2023-04-06,10412,9.250810304529896,0.0,0.0,0.0,0.0,0.0,0.0,0.0,0.0,0.0,0.0,0.0,0.0,0.0,3,4
Arsenal,2023-04-07,9688,9.178746500385005,0.0,0.0,0.0,0.0,0.0,0.0,0.0,0.0,0.0,0.0,0.0,0.0,0.0,4,4
Arsenal,2023-04-08,11941,9.387816877106937,0.0,0.0,0.0,0.0,0.0,0.0,0.0,0.0,0.0,0.0,0.0,0.0,0.0,5,4
Arsenal,2023-04-09,28277,10.249839396151787,1.0,0.0,2.0,2.0,0.0,0.0,1.0,0.0,0.0,0.0,0.0,0.0,1.0,6,4
Arsenal,2023-04-10,12634,9.444226019822295,0.0,0.0,0.0,0.0,0.0,0.0,0.0,0.0,1.0,0.0,1.0,0.0,1.0,0,4
Arsenal,2023-04-11,10231,9.23327534325868,0.0,0.0,0.0,0.0,0.0,0.0,0.0,0.0,0.0,0.0,0.0,0.0,1.0,1,4
Arsenal,2023-04-12,9770,9.187174093944343,0.0,0.0,0.0,0.0,0.0,0.0,0.0,0.0,0.0,0.0,0.0,0.0,1.0,2,4
Arsenal,2023-04-13,9502,9.159362817211315,0.0,0.0,0.0,0.0,0.0,0.0,0.0,0.0,0.0,0.0,0.0,0.0,1.0,3,4
Arsenal,2023-04-14,9095,9.115590035430372,0.0,0.0,0.0,0.0,0.0,0.0,0.0,0.0,0.0,0.0,0.0,0.0,0.0,4,4
Arsenal,2023-04-15,11064,9.31154225248515,0.0,0.0,0.0,0.0,0.0,0.0,0.0,0.0,0.0,0.0,0.0,0.0,0.0,5,4
Arsenal,2023-04-16,24057,10.088222860554017,1.0,0.0,2.0,2.0,0.0,0.0,1.0,0.0,0.0,0.0,0.0,0.0,1.0,6,4
Arsenal,2023-04-17,11512,9.351232110673664,0.0,0.0,0.0,0.0,0.0,0.0,0.0,0.0,1.0,0.0,1.0,0.0,1.0,0,4
Arsenal,2023-04-18,9641,9.173883834965567,0.0,0.0,0.0,0.0,0.0,0.0,0.0,0.0,0.0,0.0,0.0,0.0,1.0,1,4
Arsenal,2023-04-19,10284,9.238441802087058,0.0,0.0,0.0,0.0,0.0,0.0,0.0,0.0,0.0,0.0,0.0,0.0,1.0,2,4
Arsenal,2023-04-20,14099,9.55393007636626,0.0,0.0,0.0,0.0,0.0,0.0,0.0,0.0,0.0,0.0,0.0,0.0,1.0,3,4
Arsenal,2023-04-21,62444,11.042041448297185,1.0,1.0,3.0,3.0,0.0,0.0,1.0,0.0,0.0,0.0,0.0,0.0,1.0,4,4
Arsenal,2023-04-22,44442,10.701962748225764,0.0,0.0,0.0,0.0,0.0,0.0,0.0,0.0,1.0,0.0,1.0,0.0,1.0,5,4
Arsenal,2023-04-23,31453,10.35628144005067,0.0,0.0,0.0,0.0,0.0,0.0,0.0,0.0,0.0,0.0,0.0,0.0,1.0,6,4
Arsenal,2023-04-24,22744,10.032100620004105,0.0,0.0,0.0,0.0,0.0,0.0,0.0,0.0,0.0,0.0,0.0,0.0,1.0,0,4
Arsenal,2023-04-25,22025,9.999978852724889,0.0,0.0,0.0,0.0,0.0,0.0,0.0,0.0,0.0,0.0,0.0,0.0,1.0,1,4
Arsenal,2023-04-26,77648,11.259953950193843,1.0,0.0,1.0,4.0,-3.0,0.0,0.0,1.0,0.0,0.0,0.0,0.0,0.0,2,4
Arsenal,2023-04-27,42933,10.667419331814033,0.0,0.0,0.0,0.0,0.0,0.0,0.0,0.0,1.0,0.0,0.0,1.0,0.0,3,4
Arsenal,2023-04-28,21005,9.952563390182721,0.0,0.0,0.0,0.0,0.0,0.0,0.0,0.0,0.0,0.0,0.0,0.0,0.0,4,4
Arsenal,2023-04-29,20449,9.925738161470948,0.0,0.0,0.0,0.0,0.0,0.0,0.0,0.0,0.0,0.0,0.0,0.0,0.0,5,4
Arsenal,2023-04-30,40902,10.618958688974192,0.0,0.0,0.0,0.0,0.0,0.0,0.0,0.0,0.0,0.0,0.0,0.0,0.0,6,4
Arsenal,2023-05-01,28830,10.269206476121777,0.0,0.0,0.0,0.0,0.0,0.0,0.0,0.0,0.0,0.0,0.0,0.0,0.0,0,5
Arsenal,2023-05-02,63175,11.053679761177417,1.0,1.0,3.0,1.0,2.0,1.0,0.0,0.0,0.0,0.0,0.0,0.0,3.0,1,5
Arsenal,2023-05-03,48683,10.793105712994448,0.0,0.0,0.0,0.0,0.0,0.0,0.0,0.0,1.0,1.0,0.0,0.0,3.0,2,5
Arsenal,2023-05-04,27470,10.220886181775843,0.0,0.0,0.0,0.0,0.0,0.0,0.0,0.0,0.0,0.0,0.0,0.0,3.0,3,5
Arsenal,2023-05-05,21103,9.957217874957095,0.0,0.0,0.0,0.0,0.0,0.0,0.0,0.0,0.0,0.0,0.0,0.0,3.0,4,5
Arsenal,2023-05-06,30896,10.338414370793911,0.0,0.0,0.0,0.0,0.0,0.0,0.0,0.0,0.0,0.0,0.0,0.0,3.0,5,5
Arsenal,2023-05-07,66380,11.10316614993904,1.0,0.0,2.0,0.0,2.0,1.0,0.0,0.0,0.0,0.0,0.0,0.0,3.0,6,5
Arsenal,2023-05-08,29561,10.294245031772018,0.0,0.0,0.0,0.0,0.0,0.0,0.0,0.0,1.0,1.0,0.0,0.0,3.0,0,5
Arsenal,2023-05-09,19672,9.887002416276266,0.0,0.0,0.0,0.0,0.0,0.0,0.0,0.0,0.0,0.0,0.0,0.0,3.0,1,5
Arsenal,2023-05-10,15095,9.622185087048386,0.0,0.0,0.0,0.0,0.0,0.0,0.0,0.0,0.0,0.0,0.0,0.0,3.0,2,5
Arsenal,2023-05-11,15736,9.663769906600864,0.0,0.0,0.0,0.0,0.0,0.0,0.0,0.0,0.0,0.0,0.0,0.0,3.0,3,5
Arsenal,2023-05-12,16676,9.721785803621579,0.0,0.0,0.0,0.0,0.0,0.0,0.0,0.0,0.0,0.0,0.0,0.0,0.0,4,5
Arsenal,2023-05-13,27017,10.204258589529626,0.0,0.0,0.0,0.0,0.0,0.0,0.0,0.0,0.0,0.0,0.0,0.0,0.0,5,5
Arsenal,2023-05-14,68509,11.134734998996946,1.0,1.0,0.0,3.0,-3.0,0.0,0.0,1.0,0.0,0.0,0.0,0.0,0.0,6,5
Arsenal,2023-05-15,26833,10.197425019150417,0.0,0.0,0.0,0.0,0.0,0.0,0.0,0.0,1.0,0.0,0.0,1.0,0.0,0,5
Arsenal,2023-05-16,20838,9.944581510071089,0.0,0.0,0.0,0.0,0.0,0.0,0.0,0.0,0.0,0.0,0.0,0.0,0.0,1,5
Arsenal,2023-05-17,18402,9.820268973785195,0.0,0.0,0.0,0.0,0.0,0.0,0.0,0.0,0.0,0.0,0.0,0.0,0.0,2,5
Arsenal,2023-05-18,17499,9.769956159911606,0.0,0.0,0.0,0.0,0.0,0.0,0.0,0.0,0.0,0.0,0.0,0.0,0.0,3,5
Arsenal,2023-05-19,15907,9.67457740632758,0.0,0.0,0.0,0.0,0.0,0.0,0.0,0.0,0.0,0.0,0.0,0.0,0.0,4,5
Arsenal,2023-05-20,50816,10.835986223254492,1.0,0.0,0.0,1.0,-1.0,0.0,0.0,1.0,0.0,0.0,0.0,0.0,0.0,5,5
Arsenal,2023-05-21,45792,10.731886519993346,0.0,0.0,0.0,0.0,0.0,0.0,0.0,0.0,1.0,0.0,0.0,1.0,0.0,6,5
Arsenal,2023-05-22,20047,9.90588467713585,0.0,0.0,0.0,0.0,0.0,0.0,0.0,0.0,0.0,0.0,0.0,0.0,0.0,0,5
Arsenal,2023-05-23,15498,9.648530784697051,0.0,0.0,0.0,0.0,0.0,0.0,0.0,0.0,0.0,0.0,0.0,0.0,0.0,1,5
Arsenal,2023-05-24,13487,9.509555680241636,0.0,0.0,0.0,0.0,0.0,0.0,0.0,0.0,0.0,0.0,0.0,0.0,0.0,2,5
Arsenal,2023-05-25,13828,9.534523115464658,0.0,0.0,0.0,0.0,0.0,0.0,0.0,0.0,0.0,0.0,0.0,0.0,0.0,3,5
Arsenal,2023-05-26,14117,9.555205857955418,0.0,0.0,0.0,0.0,0.0,0.0,0.0,0.0,0.0,0.0,0.0,0.0,0.0,4,5
Arsenal,2023-05-27,13824,9.534233826390535,0.0,0.0,0.0,0.0,0.0,0.0,0.0,0.0,0.0,0.0,0.0,0.0,0.0,5,5
Arsenal,2023-05-28,33194,10.41015454115326,1.0,1.0,5.0,0.0,5.0,1.0,0.0,0.0,0.0,0.0,0.0,0.0,3.0,6,5
Arsenal,2023-05-29,21986,9.99820664859396,0.0,0.0,0.0,0.0,0.0,0.0,0.0,0.0,1.0,1.0,0.0,0.0,3.0,0,5
Arsenal,2023-05-30,14244,9.56416124693201,0.0,0.0,0.0,0.0,0.0,0.0,0.0,0.0,0.0,0.0,0.0,0.0,3.0,1,5
Arsenal,2023-05-31,13173,9.486000469200638,0.0,0.0,0.0,0.0,0.0,0.0,0.0,0.0,0.0,0.0,0.0,0.0,3.0,2,5
Arsenal,2023-06-01,11443,9.345220854170002,0.0,0.0,0.0,0.0,0.0,0.0,0.0,0.0,0.0,0.0,0.0,0.0,3.0,3,6
Arsenal,2023-06-02,11054,9.310638093291546,0.0,0.0,0.0,0.0,0.0,0.0,0.0,0.0,0.0,0.0,0.0,0.0,0.0,4,6
Arsenal,2023-06-03,17208,9.753187781764911,0.0,0.0,0.0,0.0,0.0,0.0,0.0,0.0,0.0,0.0,0.0,0.0,0.0,5,6
Arsenal,2023-06-04,12634,9.444226019822295,0.0,0.0,0.0,0.0,0.0,0.0,0.0,0.0,0.0,0.0,0.0,0.0,0.0,6,6
Arsenal,2023-06-05,11007,9.306377560173125,0.0,0.0,0.0,0.0,0.0,0.0,0.0,0.0,0.0,0.0,0.0,0.0,0.0,0,6
Arsenal,2023-06-06,10393,9.248983995568388,0.0,0.0,0.0,0.0,0.0,0.0,0.0,0.0,0.0,0.0,0.0,0.0,0.0,1,6
Arsenal,2023-06-07,16693,9.722804652410682,0.0,0.0,0.0,0.0,0.0,0.0,0.0,0.0,0.0,0.0,0.0,0.0,0.0,2,6
Arsenal,2023-06-08,17993,9.797793647977064,0.0,0.0,0.0,0.0,0.0,0.0,0.0,0.0,0.0,0.0,0.0,0.0,0.0,3,6
Arsenal,2023-06-09,12430,9.427948631791715,0.0,0.0,0.0,0.0,0.0,0.0,0.0,0.0,0.0,0.0,0.0,0.0,0.0,4,6
Arsenal,2023-06-10,16537,9.713416042282113,0.0,0.0,0.0,0.0,0.0,0.0,0.0,0.0,0.0,0.0,0.0,0.0,0.0,5,6
Arsenal,2023-06-11,16035,9.682591473762397,0.0,0.0,0.0,0.0,0.0,0.0,0.0,0.0,0.0,0.0,0.0,0.0,0.0,6,6
Arsenal,2023-06-12,16631,9.71908382953785,0.0,0.0,0.0,0.0,0.0,0.0,0.0,0.0,0.0,0.0,0.0,0.0,0.0,0,6
Arsenal,2023-06-13,27395,10.218152296317795,0.0,0.0,0.0,0.0,0.0,0.0,0.0,0.0,0.0,0.0,0.0,0.0,0.0,1,6
Arsenal,2023-06-14,16316,9.69996278809107,0.0,0.0,0.0,0.0,0.0,0.0,0.0,0.0,0.0,0.0,0.0,0.0,0.0,2,6
Arsenal,2023-06-15,14750,9.599066156080049,0.0,0.0,0.0,0.0,0.0,0.0,0.0,0.0,0.0,0.0,0.0,0.0,0.0,3,6
Arsenal,2023-06-16,14638,9.591444479171411,0.0,0.0,0.0,0.0,0.0,0.0,0.0,0.0,0.0,0.0,0.0,0.0,0.0,4,6
Arsenal,2023-06-17,13818,9.533799735803484,0.0,0.0,0.0,0.0,0.0,0.0,0.0,0.0,0.0,0.0,0.0,0.0,0.0,5,6
Arsenal,2023-06-18,11234,9.326789184619429,0.0,0.0,0.0,0.0,0.0,0.0,0.0,0.0,0.0,0.0,0.0,0.0,0.0,6,6
Arsenal,2023-06-19,13727,9.527192821727743,0.0,0.0,0.0,0.0,0.0,0.0,0.0,0.0,0.0,0.0,0.0,0.0,0.0,0,6
Arsenal,2023-06-20,13781,9.531118671917154,0.0,0.0,0.0,0.0,0.0,0.0,0.0,0.0,0.0,0.0,0.0,0.0,0.0,1,6
Arsenal,2023-06-21,16514,9.71202433782489,0.0,0.0,0.0,0.0,0.0,0.0,0.0,0.0,0.0,0.0,0.0,0.0,0.0,2,6
Arsenal,2023-06-22,15352,9.639066173658899,0.0,0.0,0.0,0.0,0.0,0.0,0.0,0.0,0.0,0.0,0.0,0.0,0.0,3,6
Arsenal,2023-06-23,13749,9.528794103094718,0.0,0.0,0.0,0.0,0.0,0.0,0.0,0.0,0.0,0.0,0.0,0.0,0.0,4,6
Arsenal,2023-06-24,12623,9.443355043085656,0.0,0.0,0.0,0.0,0.0,0.0,0.0,0.0,0.0,0.0,0.0,0.0,0.0,5,6
Arsenal,2023-06-25,15026,9.617603862025726,0.0,0.0,0.0,0.0,0.0,0.0,0.0,0.0,0.0,0.0,0.0,0.0,0.0,6,6
Arsenal,2023-06-26,15944,9.676900579444158,0.0,0.0,0.0,0.0,0.0,0.0,0.0,0.0,0.0,0.0,0.0,0.0,0.0,0,6
Arsenal,2023-06-27,14743,9.59859149934966,0.0,0.0,0.0,0.0,0.0,0.0,0.0,0.0,0.0,0.0,0.0,0.0,0.0,1,6
Arsenal,2023-06-28,30774,10.334457951052654,0.0,0.0,0.0,0.0,0.0,0.0,0.0,0.0,0.0,0.0,0.0,0.0,0.0,2,6
Arsenal,2023-06-29,33998,10.434086391401058,0.0,0.0,0.0,0.0,0.0,0.0,0.0,0.0,0.0,0.0,0.0,0.0,0.0,3,6
Arsenal,2023-06-30,17087,9.746131741759921,0.0,0.0,0.0,0.0,0.0,0.0,0.0,0.0,0.0,0.0,0.0,0.0,0.0,4,6
Chelsea,2019-08-01,14249,9.564512185696797,0.0,0.0,0.0,0.0,0.0,0.0,0.0,0.0,0.0,0.0,0.0,0.0,0.0,3,8
Chelsea,2019-08-02,13715,9.526318313582811,0.0,0.0,0.0,0.0,0.0,0.0,0.0,0.0,0.0,0.0,0.0,0.0,0.0,4,8
Chelsea,2019-08-03,17334,9.760482858119124,0.0,0.0,0.0,0.0,0.0,0.0,0.0,0.0,0.0,0.0,0.0,0.0,0.0,5,8
Chelsea,2019-08-04,13966,9.54445268330577,0.0,0.0,0.0,0.0,0.0,0.0,0.0,0.0,0.0,0.0,0.0,0.0,0.0,6,8
Chelsea,2019-08-05,14138,9.556692215591841,0.0,0.0,0.0,0.0,0.0,0.0,0.0,0.0,0.0,0.0,0.0,0.0,0.0,0,8
Chelsea,2019-08-06,14431,9.577203242302405,0.0,0.0,0.0,0.0,0.0,0.0,0.0,0.0,0.0,0.0,0.0,0.0,0.0,1,8
Chelsea,2019-08-07,17414,9.765087182800102,0.0,0.0,0.0,0.0,0.0,0.0,0.0,0.0,0.0,0.0,0.0,0.0,0.0,2,8
Chelsea,2019-08-08,36832,10.51414946145713,0.0,0.0,0.0,0.0,0.0,0.0,0.0,0.0,0.0,0.0,0.0,0.0,0.0,3,8
Chelsea,2019-08-09,32345,10.384245644679723,0.0,0.0,0.0,0.0,0.0,0.0,0.0,0.0,0.0,0.0,0.0,0.0,0.0,4,8
Chelsea,2019-08-10,21088,9.956506856511764,0.0,0.0,0.0,0.0,0.0,0.0,0.0,0.0,0.0,0.0,0.0,0.0,0.0,5,8
Chelsea,2019-08-11,47459,10.767642529989754,1.0,0.0,0.0,4.0,-4.0,0.0,0.0,1.0,0.0,0.0,0.0,0.0,0.0,6,8
Chelsea,2019-08-12,22371,10.015565455941479,0.0,0.0,0.0,0.0,0.0,0.0,0.0,0.0,1.0,0.0,0.0,1.0,0.0,0,8
Chelsea,2019-08-13,15630,9.65701140089547,0.0,0.0,0.0,0.0,0.0,0.0,0.0,0.0,0.0,0.0,0.0,0.0,0.0,1,8
Chelsea,2019-08-14,37218,10.524574662559651,0.0,0.0,0.0,0.0,0.0,0.0,0.0,0.0,0.0,0.0,0.0,0.0,0.0,2,8
Chelsea,2019-08-15,20750,9.940349717268694,0.0,0.0,0.0,0.0,0.0,0.0,0.0,0.0,0.0,0.0,0.0,0.0,0.0,3,8
Chelsea,2019-08-16,11827,9.378224880972368,0.0,0.0,0.0,0.0,0.0,0.0,0.0,0.0,0.0,0.0,0.0,0.0,0.0,4,8
Chelsea,2019-08-17,11998,9.392578591964389,0.0,0.0,0.0,0.0,0.0,0.0,0.0,0.0,0.0,0.0,0.0,0.0,0.0,5,8
Chelsea,2019-08-18,25321,10.139428862080198,1.0,1.0,1.0,1.0,0.0,0.0,1.0,0.0,0.0,0.0,0.0,0.0,1.0,6,8
Chelsea,2019-08-19,13465,9.507923269105227,0.0,0.0,0.0,0.0,0.0,0.0,0.0,0.0,1.0,0.0,1.0,0.0,1.0,0,8
Chelsea,2019-08-20,9856,9.19593714166544,0.0,0.0,0.0,0.0,0.0,0.0,0.0,0.0,0.0,0.0,0.0,0.0,1.0,1,8
Chelsea,2019-08-21,10149,9.225228984469933,0.0,0.0,0.0,0.0,0.0,0.0,0.0,0.0,0.0,0.0,0.0,0.0,1.0,2,8
Chelsea,2019-08-22,9130,9.11943049661634,0.0,0.0,0.0,0.0,0.0,0.0,0.0,0.0,0.0,0.0,0.0,0.0,1.0,3,8
Chelsea,2019-08-23,8544,9.053101595549691,0.0,0.0,0.0,0.0,0.0,0.0,0.0,0.0,0.0,0.0,0.0,0.0,0.0,4,8
Chelsea,2019-08-24,20853,9.945301055349539,1.0,0.0,3.0,2.0,1.0,1.0,0.0,0.0,0.0,0.0,0.0,0.0,3.0,5,8
Chelsea,2019-08-25,12977,9.471010895181113,0.0,0.0,0.0,0.0,0.0,0.0,0.0,0.0,1.0,1.0,0.0,0.0,3.0,6,8
Chelsea,2019-08-26,9741,9.184201714366488,0.0,0.0,0.0,0.0,0.0,0.0,0.0,0.0,0.0,0.0,0.0,0.0,3.0,0,8
Chelsea,2019-08-27,8939,9.09829086816756,0.0,0.0,0.0,0.0,0.0,0.0,0.0,0.0,0.0,0.0,0.0,0.0,3.0,1,8
Chelsea,2019-08-28,8769,9.079092085366229,0.0,0.0,0.0,0.0,0.0,0.0,0.0,0.0,0.0,0.0,0.0,0.0,3.0,2,8
Chelsea,2019-08-29,10187,9.228965836099349,0.0,0.0,0.0,0.0,0.0,0.0,0.0,0.0,0.0,0.0,0.0,0.0,0.0,3,8
Chelsea,2019-08-30,9836,9.193906065512758,0.0,0.0,0.0,0.0,0.0,0.0,0.0,0.0,0.0,0.0,0.0,0.0,0.0,4,8
Chelsea,2019-08-31,15838,9.670230532062421,1.0,1.0,2.0,2.0,0.0,0.0,1.0,0.0,0.0,0.0,0.0,0.0,1.0,5,8
Chelsea,2019-09-01,11540,9.353661191420406,0.0,0.0,0.0,0.0,0.0,0.0,0.0,0.0,1.0,0.0,1.0,0.0,1.0,6,9
Chelsea,2019-09-02,10818,9.289059126687574,0.0,0.0,0.0,0.0,0.0,0.0,0.0,0.0,0.0,0.0,0.0,0.0,1.0,0,9
Chelsea,2019-09-03,10189,9.229162126216771,0.0,0.0,0.0,0.0,0.0,0.0,0.0,0.0,0.0,0.0,0.0,0.0,1.0,1,9
Chelsea,2019-09-04,8750,9.076923258535832,0.0,0.0,0.0,0.0,0.0,0.0,0.0,0.0,0.0,0.0,0.0,0.0,1.0,2,9
Chelsea,2019-09-05,7911,8.976135873302548,0.0,0.0,0.0,0.0,0.0,0.0,0.0,0.0,0.0,0.0,0.0,0.0,0.0,3,9
Chelsea,2019-09-06,6608,8.796187635470453,0.0,0.0,0.0,0.0,0.0,0.0,0.0,0.0,0.0,0.0,0.0,0.0,0.0,4,9
Chelsea,2019-09-07,7056,8.86177531100083,0.0,0.0,0.0,0.0,0.0,0.0,0.0,0.0,0.0,0.0,0.0,0.0,0.0,5,9
Chelsea,2019-09-08,6581,8.792093929503284,0.0,0.0,0.0,0.0,0.0,0.0,0.0,0.0,0.0,0.0,0.0,0.0,0.0,6,9
Chelsea,2019-09-09,6783,8.822322177471738,0.0,0.0,0.0,0.0,0.0,0.0,0.0,0.0,0.0,0.0,0.0,0.0,0.0,0,9
Chelsea,2019-09-10,6326,8.752581469146884,0.0,0.0,0.0,0.0,0.0,0.0,0.0,0.0,0.0,0.0,0.0,0.0,0.0,1,9
Chelsea,2019-09-11,6537,8.785386587284156,0.0,0.0,0.0,0.0,0.0,0.0,0.0,0.0,0.0,0.0,0.0,0.0,0.0,2,9
Chelsea,2019-09-12,6462,8.773848885262895,0.0,0.0,0.0,0.0,0.0,0.0,0.0,0.0,0.0,0.0,0.0,0.0,0.0,3,9
Chelsea,2019-09-13,6355,8.757154527656606,0.0,0.0,0.0,0.0,0.0,0.0,0.0,0.0,0.0,0.0,0.0,0.0,0.0,4,9
Chelsea,2019-09-14,17076,9.745487807887239,1.0,0.0,5.0,2.0,3.0,1.0,0.0,0.0,0.0,0.0,0.0,0.0,3.0,5,9
Chelsea,2019-09-15,15672,9.659694765654068,0.0,0.0,0.0,0.0,0.0,0.0,0.0,0.0,1.0,1.0,0.0,0.0,3.0,6,9
Chelsea,2019-09-16,11978,9.39091039573133,0.0,0.0,0.0,0.0,0.0,0.0,0.0,0.0,0.0,0.0,0.0,0.0,3.0,0,9
Chelsea,2019-09-17,13476,9.508739807769159,0.0,0.0,0.0,0.0,0.0,0.0,0.0,0.0,0.0,0.0,0.0,0.0,3.0,1,9
Chelsea,2019-09-18,10978,9.303739636234733,0.0,0.0,0.0,0.0,0.0,0.0,0.0,0.0,0.0,0.0,0.0,0.0,3.0,2,9
Chelsea,2019-09-19,8626,9.062652099076578,0.0,0.0,0.0,0.0,0.0,0.0,0.0,0.0,0.0,0.0,0.0,0.0,0.0,3,9
Chelsea,2019-09-20,8235,9.01627006814768,0.0,0.0,0.0,0.0,0.0,0.0,0.0,0.0,0.0,0.0,0.0,0.0,0.0,4,9
Chelsea,2019-09-21,8265,9.019905995071678,0.0,0.0,0.0,0.0,0.0,0.0,0.0,0.0,0.0,0.0,0.0,0.0,0.0,5,9
Chelsea,2019-09-22,17421,9.765489054378838,1.0,1.0,1.0,2.0,-1.0,0.0,0.0,1.0,0.0,0.0,0.0,0.0,0.0,6,9
Chelsea,2019-09-23,9037,9.109193189971226,0.0,0.0,0.0,0.0,0.0,0.0,0.0,0.0,1.0,0.0,0.0,1.0,0.0,0,9
Chelsea,2019-09-24,7661,8.944028325260595,0.0,0.0,0.0,0.0,0.0,0.0,0.0,0.0,0.0,0.0,0.0,0.0,0.0,1,9
Chelsea,2019-09-25,10134,9.2237500588861,0.0,0.0,0.0,0.0,0.0,0.0,0.0,0.0,0.0,0.0,0.0,0.0,0.0,2,9
Chelsea,2019-09-26,10342,9.244065241377804,0.0,0.0,0.0,0.0,0.0,0.0,0.0,0.0,0.0,0.0,0.0,0.0,0.0,3,9
Chelsea,2019-09-27,8068,8.995784837848506,0.0,0.0,0.0,0.0,0.0,0.0,0.0,0.0,0.0,0.0,0.0,0.0,0.0,4,9
Chelsea,2019-09-28,11180,9.321971188147367,1.0,1.0,2.0,0.0,2.0,1.0,0.0,0.0,0.0,0.0,0.0,0.0,3.0,5,9
Chelsea,2019-09-29,8788,9.081256218564645,0.0,0.0,0.0,0.0,0.0,0.0,0.0,0.0,1.0,1.0,0.0,0.0,3.0,6,9
Chelsea,2019-09-30,7677,8.946114375560743,0.0,0.0,0.0,0.0,0.0,0.0,0.0,0.0,0.0,0.0,0.0,0.0,3.0,0,9
Chelsea,2019-10-01,7812,8.963544291996744,0.0,0.0,0.0,0.0,0.0,0.0,0.0,0.0,0.0,0.0,0.0,0.0,3.0,1,10
Chelsea,2019-10-02,10419,9.251482315307358,0.0,0.0,0.0,0.0,0.0,0.0,0.0,0.0,0.0,0.0,0.0,0.0,3.0,2,10
Chelsea,2019-10-03,11254,9.328567753340833,0.0,0.0,0.0,0.0,0.0,0.0,0.0,0.0,0.0,0.0,0.0,0.0,0.0,3,10
Chelsea,2019-10-04,8738,9.075551045627543,0.0,0.0,0.0,0.0,0.0,0.0,0.0,0.0,0.0,0.0,0.0,0.0,0.0,4,10
Chelsea,2019-10-05,8680,9.068892008391808,0.0,0.0,0.0,0.0,0.0,0.0,0.0,0.0,0.0,0.0,0.0,0.0,0.0,5,10
Chelsea,2019-10-06,15449,9.645364282325891,1.0,0.0,4.0,1.0,3.0,1.0,0.0,0.0,0.0,0.0,0.0,0.0,3.0,6,10
Chelsea,2019-10-07,11643,9.362546304865514,0.0,0.0,0.0,0.0,0.0,0.0,0.0,0.0,1.0,1.0,0.0,0.0,3.0,0,10
Chelsea,2019-10-08,9515,9.160729871422848,0.0,0.0,0.0,0.0,0.0,0.0,0.0,0.0,0.0,0.0,0.0,0.0,3.0,1,10
Chelsea,2019-10-09,7816,8.96405612822033,0.0,0.0,0.0,0.0,0.0,0.0,0.0,0.0,0.0,0.0,0.0,0.0,3.0,2,10
Chelsea,2019-10-10,7542,8.928375259853631,0.0,0.0,0.0,0.0,0.0,0.0,0.0,0.0,0.0,0.0,0.0,0.0,3.0,3,10
Chelsea,2019-10-11,6838,8.830396801098097,0.0,0.0,0.0,0.0,0.0,0.0,0.0,0.0,0.0,0.0,0.0,0.0,0.0,4,10
Chelsea,2019-10-12,6337,8.754318540250866,0.0,0.0,0.0,0.0,0.0,0.0,0.0,0.0,0.0,0.0,0.0,0.0,0.0,5,10
Chelsea,2019-10-13,6934,8.844336332748933,0.0,0.0,0.0,0.0,0.0,0.0,0.0,0.0,0.0,0.0,0.0,0.0,0.0,6,10
Chelsea,2019-10-14,6731,8.814627555310697,0.0,0.0,0.0,0.0,0.0,0.0,0.0,0.0,0.0,0.0,0.0,0.0,0.0,0,10
Chelsea,2019-10-15,6130,8.721113147762688,0.0,0.0,0.0,0.0,0.0,0.0,0.0,0.0,0.0,0.0,0.0,0.0,0.0,1,10
Chelsea,2019-10-16,6500,8.77971129020447,0.0,0.0,0.0,0.0,0.0,0.0,0.0,0.0,0.0,0.0,0.0,0.0,0.0,2,10
Chelsea,2019-10-17,6271,8.743850562030243,0.0,0.0,0.0,0.0,0.0,0.0,0.0,0.0,0.0,0.0,0.0,0.0,0.0,3,10
Chelsea,2019-10-18,5790,8.66406026722579,0.0,0.0,0.0,0.0,0.0,0.0,0.0,0.0,0.0,0.0,0.0,0.0,0.0,4,10
Chelsea,2019-10-19,9395,9.148039345778804,1.0,1.0,1.0,0.0,1.0,1.0,0.0,0.0,0.0,0.0,0.0,0.0,3.0,5,10
Chelsea,2019-10-20,9419,9.150590367570409,0.0,0.0,0.0,0.0,0.0,0.0,0.0,0.0,1.0,1.0,0.0,0.0,3.0,6,10
Chelsea,2019-10-21,7493,8.921857979353632,0.0,0.0,0.0,0.0,0.0,0.0,0.0,0.0,0.0,0.0,0.0,0.0,3.0,0,10
Chelsea,2019-10-22,7471,8.918917979908679,0.0,0.0,0.0,0.0,0.0,0.0,0.0,0.0,0.0,0.0,0.0,0.0,3.0,1,10
Chelsea,2019-10-23,13650,9.521568058002977,0.0,0.0,0.0,0.0,0.0,0.0,0.0,0.0,0.0,0.0,0.0,0.0,3.0,2,10
Chelsea,2019-10-24,10097,9.22009266341886,0.0,0.0,0.0,0.0,0.0,0.0,0.0,0.0,0.0,0.0,0.0,0.0,0.0,3,10
Chelsea,2019-10-25,7536,8.92757950384347,0.0,0.0,0.0,0.0,0.0,0.0,0.0,0.0,0.0,0.0,0.0,0.0,0.0,4,10
Chelsea,2019-10-26,15073,9.620726684403415,1.0,0.0,4.0,2.0,2.0,1.0,0.0,0.0,0.0,0.0,0.0,0.0,3.0,5,10
Chelsea,2019-10-27,11771,9.373479109353363,0.0,0.0,0.0,0.0,0.0,0.0,0.0,0.0,1.0,1.0,0.0,0.0,3.0,6,10
Chelsea,2019-10-28,9136,9.120087382998621,0.0,0.0,0.0,0.0,0.0,0.0,0.0,0.0,0.0,0.0,0.0,0.0,3.0,0,10
Chelsea,2019-10-29,8111,9.001099725830965,0.0,0.0,0.0,0.0,0.0,0.0,0.0,0.0,0.0,0.0,0.0,0.0,3.0,1,10
Chelsea,2019-10-30,11276,9.330520532232288,0.0,0.0,0.0,0.0,0.0,0.0,0.0,0.0,0.0,0.0,0.0,0.0,3.0,2,10
Chelsea,2019-10-31,7312,8.89740886527095,0.0,0.0,0.0,0.0,0.0,0.0,0.0,0.0,0.0,0.0,0.0,0.0,0.0,3,10
Chelsea,2019-11-01,6210,8.734077192559303,0.0,0.0,0.0,0.0,0.0,0.0,0.0,0.0,0.0,0.0,0.0,0.0,0.0,4,11
Chelsea,2019-11-02,11243,9.327589932026422,1.0,0.0,2.0,1.0,1.0,1.0,0.0,0.0,0.0,0.0,0.0,0.0,3.0,5,11
Chelsea,2019-11-03,9498,9.158941808890182,0.0,0.0,0.0,0.0,0.0,0.0,0.0,0.0,1.0,1.0,0.0,0.0,3.0,6,11
Chelsea,2019-11-04,7637,8.940891067785461,0.0,0.0,0.0,0.0,0.0,0.0,0.0,0.0,0.0,0.0,0.0,0.0,3.0,0,11
Chelsea,2019-11-05,13238,9.490922297937656,0.0,0.0,0.0,0.0,0.0,0.0,0.0,0.0,0.0,0.0,0.0,0.0,3.0,1,11
Chelsea,2019-11-06,10940,9.30027247947679,0.0,0.0,0.0,0.0,0.0,0.0,0.0,0.0,0.0,0.0,0.0,0.0,3.0,2,11
Chelsea,2019-11-07,8212,9.013473543740192,0.0,0.0,0.0,0.0,0.0,0.0,0.0,0.0,0.0,0.0,0.0,0.0,0.0,3,11
Chelsea,2019-11-08,7323,8.898911905794401,0.0,0.0,0.0,0.0,0.0,0.0,0.0,0.0,0.0,0.0,0.0,0.0,0.0,4,11
Chelsea,2019-11-09,17855,9.790094865181038,1.0,1.0,2.0,0.0,2.0,1.0,0.0,0.0,0.0,0.0,0.0,0.0,3.0,5,11
Chelsea,2019-11-10,12707,9.449986995389407,0.0,0.0,0.0,0.0,0.0,0.0,0.0,0.0,1.0,1.0,0.0,0.0,3.0,6,11
Chelsea,2019-11-11,10889,9.295600215927006,0.0,0.0,0.0,0.0,0.0,0.0,0.0,0.0,0.0,0.0,0.0,0.0,3.0,0,11
Chelsea,2019-11-12,10019,9.212338374638856,0.0,0.0,0.0,0.0,0.0,0.0,0.0,0.0,0.0,0.0,0.0,0.0,3.0,1,11
Chelsea,2019-11-13,9304,9.13830716907635,0.0,0.0,0.0,0.0,0.0,0.0,0.0,0.0,0.0,0.0,0.0,0.0,3.0,2,11
Chelsea,2019-11-14,8409,9.037176752966994,0.0,0.0,0.0,0.0,0.0,0.0,0.0,0.0,0.0,0.0,0.0,0.0,0.0,3,11
Chelsea,2019-11-15,6280,8.74528448245438,0.0,0.0,0.0,0.0,0.0,0.0,0.0,0.0,0.0,0.0,0.0,0.0,0.0,4,11
Chelsea,2019-11-16,6532,8.78462153484075,0.0,0.0,0.0,0.0,0.0,0.0,0.0,0.0,0.0,0.0,0.0,0.0,0.0,5,11
Chelsea,2019-11-17,6871,8.835210463664092,0.0,0.0,0.0,0.0,0.0,0.0,0.0,0.0,0.0,0.0,0.0,0.0,0.0,6,11
Chelsea,2019-11-18,6303,8.748939631537715,0.0,0.0,0.0,0.0,0.0,0.0,0.0,0.0,0.0,0.0,0.0,0.0,0.0,0,11
Chelsea,2019-11-19,6730,8.814479000010714,0.0,0.0,0.0,0.0,0.0,0.0,0.0,0.0,0.0,0.0,0.0,0.0,0.0,1,11
Chelsea,2019-11-20,12686,9.448333126140598,0.0,0.0,0.0,0.0,0.0,0.0,0.0,0.0,0.0,0.0,0.0,0.0,0.0,2,11
Chelsea,2019-11-21,8804,9.083075020930307,0.0,0.0,0.0,0.0,0.0,0.0,0.0,0.0,0.0,0.0,0.0,0.0,0.0,3,11
Chelsea,2019-11-22,8429,9.039552050995901,0.0,0.0,0.0,0.0,0.0,0.0,0.0,0.0,0.0,0.0,0.0,0.0,0.0,4,11
Chelsea,2019-11-23,14587,9.58795455192857,1.0,0.0,1.0,2.0,-1.0,0.0,0.0,1.0,0.0,0.0,0.0,0.0,0.0,5,11
Chelsea,2019-11-24,8144,9.005159521036145,0.0,0.0,0.0,0.0,0.0,0.0,0.0,0.0,1.0,0.0,0.0,1.0,0.0,6,11
Chelsea,2019-11-25,7012,8.85552084853691,0.0,0.0,0.0,0.0,0.0,0.0,0.0,0.0,0.0,0.0,0.0,0.0,0.0,0,11
Chelsea,2019-11-26,7453,8.916506080039204,0.0,0.0,0.0,0.0,0.0,0.0,0.0,0.0,0.0,0.0,0.0,0.0,0.0,1,11
Chelsea,2019-11-27,11025,9.30801139914963,0.0,0.0,0.0,0.0,0.0,0.0,0.0,0.0,0.0,0.0,0.0,0.0,0.0,2,11
Chelsea,2019-11-28,8141,9.004791129062925,0.0,0.0,0.0,0.0,0.0,0.0,0.0,0.0,0.0,0.0,0.0,0.0,0.0,3,11
Chelsea,2019-11-29,6956,8.847503625923641,0.0,0.0,0.0,0.0,0.0,0.0,0.0,0.0,0.0,0.0,0.0,0.0,0.0,4,11
Chelsea,2019-11-30,9306,9.13852208418571,1.0,1.0,0.0,1.0,-1.0,0.0,0.0,1.0,0.0,0.0,0.0,0.0,0.0,5,11
Chelsea,2019-12-01,6746,8.816853240627426,0.0,0.0,0.0,0.0,0.0,0.0,0.0,0.0,1.0,0.0,0.0,1.0,0.0,6,12
Chelsea,2019-12-02,6305,8.749256840105007,0.0,0.0,0.0,0.0,0.0,0.0,0.0,0.0,0.0,0.0,0.0,0.0,0.0,0,12
Chelsea,2019-12-03,6577,8.791486026749002,0.0,0.0,0.0,0.0,0.0,0.0,0.0,0.0,0.0,0.0,0.0,0.0,0.0,1,12
Chelsea,2019-12-04,8156,9.00663173330058,1.0,1.0,2.0,1.0,1.0,1.0,0.0,0.0,0.0,0.0,0.0,0.0,3.0,2,12
Chelsea,2019-12-05,8599,9.0595174822416,0.0,0.0,0.0,0.0,0.0,0.0,0.0,0.0,1.0,1.0,0.0,0.0,3.0,3,12
Chelsea,2019-12-06,8034,8.991562278171614,0.0,0.0,0.0,0.0,0.0,0.0,0.0,0.0,0.0,0.0,0.0,0.0,3.0,4,12
Chelsea,2019-12-07,10524,9.261508658550582,1.0,0.0,1.0,3.0,-2.0,0.0,0.0,1.0,0.0,0.0,0.0,0.0,3.0,5,12
Chelsea,2019-12-08,7045,8.860215358901183,0.0,0.0,0.0,0.0,0.0,0.0,0.0,0.0,1.0,0.0,0.0,1.0,3.0,6,12
Chelsea,2019-12-09,6589,8.793308627496552,0.0,0.0,0.0,0.0,0.0,0.0,0.0,0.0,0.0,0.0,0.0,0.0,0.0,0,12
Chelsea,2019-12-10,9491,9.158204617555654,0.0,0.0,0.0,0.0,0.0,0.0,0.0,0.0,0.0,0.0,0.0,0.0,0.0,1,12
Chelsea,2019-12-11,10095,9.219894584780995,0.0,0.0,0.0,0.0,0.0,0.0,0.0,0.0,0.0,0.0,0.0,0.0,0.0,2,12
Chelsea,2019-12-12,7212,8.883640232503673,0.0,0.0,0.0,0.0,0.0,0.0,0.0,0.0,0.0,0.0,0.0,0.0,0.0,3,12
Chelsea,2019-12-13,6402,8.764521909518802,0.0,0.0,0.0,0.0,0.0,0.0,0.0,0.0,0.0,0.0,0.0,0.0,0.0,4,12
Chelsea,2019-12-14,8253,9.018453210312527,1.0,1.0,0.0,1.0,-1.0,0.0,0.0,1.0,0.0,0.0,0.0,0.0,0.0,5,12
Chelsea,2019-12-15,7029,8.857941984804711,0.0,0.0,0.0,0.0,0.0,0.0,0.0,0.0,1.0,0.0,0.0,1.0,0.0,6,12
Chelsea,2019-12-16,8606,9.060331104649475,0.0,0.0,0.0,0.0,0.0,0.0,0.0,0.0,0.0,0.0,0.0,0.0,0.0,0,12
Chelsea,2019-12-17,8880,9.091669442258505,0.0,0.0,0.0,0.0,0.0,0.0,0.0,0.0,0.0,0.0,0.0,0.0,0.0,1,12
Chelsea,2019-12-18,9310,9.138951775888529,0.0,0.0,0.0,0.0,0.0,0.0,0.0,0.0,0.0,0.0,0.0,0.0,0.0,2,12
Chelsea,2019-12-19,6305,8.749256840105007,0.0,0.0,0.0,0.0,0.0,0.0,0.0,0.0,0.0,0.0,0.0,0.0,0.0,3,12
Chelsea,2019-12-20,6209,8.733916174927524,0.0,0.0,0.0,0.0,0.0,0.0,0.0,0.0,0.0,0.0,0.0,0.0,0.0,4,12
Chelsea,2019-12-21,8364,9.031811613420924,0.0,0.0,0.0,0.0,0.0,0.0,0.0,0.0,0.0,0.0,0.0,0.0,0.0,5,12
Chelsea,2019-12-22,15468,9.646593300236665,1.0,0.0,2.0,0.0,2.0,1.0,0.0,0.0,0.0,0.0,0.0,0.0,3.0,6,12
Chelsea,2019-12-23,11182,9.322150047028188,0.0,0.0,0.0,0.0,0.0,0.0,0.0,0.0,1.0,1.0,0.0,0.0,3.0,0,12
Chelsea,2019-12-24,8878,9.091444217032327,0.0,0.0,0.0,0.0,0.0,0.0,0.0,0.0,0.0,0.0,0.0,0.0,3.0,1,12
Chelsea,2019-12-25,7456,8.916908467543795,0.0,0.0,0.0,0.0,0.0,0.0,0.0,0.0,0.0,0.0,0.0,0.0,3.0,2,12
Chelsea,2019-12-26,11550,9.35452729228868,1.0,1.0,0.0,2.0,-2.0,0.0,0.0,1.0,0.0,0.0,0.0,0.0,3.0,3,12
Chelsea,2019-12-27,8269,9.020389788017736,0.0,0.0,0.0,0.0,0.0,0.0,0.0,0.0,1.0,0.0,0.0,1.0,0.0,4,12
Chelsea,2019-12-28,8237,9.016512874996026,0.0,0.0,0.0,0.0,0.0,0.0,0.0,0.0,0.0,0.0,0.0,0.0,0.0,5,12
Chelsea,2019-12-29,18519,9.82660650820017,1.0,0.0,2.0,1.0,1.0,1.0,0.0,0.0,0.0,0.0,0.0,0.0,3.0,6,12
Chelsea,2019-12-30,10995,9.305286849285137,0.0,0.0,0.0,0.0,0.0,0.0,0.0,0.0,1.0,1.0,0.0,0.0,3.0,0,12
Chelsea,2019-12-31,8646,9.06496771896043,0.0,0.0,0.0,0.0,0.0,0.0,0.0,0.0,0.0,0.0,0.0,0.0,3.0,1,12
Chelsea,2020-01-01,11653,9.363404747703019,1.0,0.0,1.0,1.0,0.0,0.0,1.0,0.0,0.0,0.0,0.0,0.0,4.0,2,1
Chelsea,2020-01-02,9214,9.128587870103924,0.0,0.0,0.0,0.0,0.0,0.0,0.0,0.0,1.0,0.0,1.0,0.0,4.0,3,1
Chelsea,2020-01-03,8289,9.022805248129341,0.0,0.0,0.0,0.0,0.0,0.0,0.0,0.0,0.0,0.0,0.0,0.0,1.0,4,1
Chelsea,2020-01-04,7697,8.948715833843691,0.0,0.0,0.0,0.0,0.0,0.0,0.0,0.0,0.0,0.0,0.0,0.0,1.0,5,1
Chelsea,2020-01-05,11406,9.341982481027898,0.0,0.0,0.0,0.0,0.0,0.0,0.0,0.0,0.0,0.0,0.0,0.0,1.0,6,1
Chelsea,2020-01-06,7747,8.955190024526887,0.0,0.0,0.0,0.0,0.0,0.0,0.0,0.0,0.0,0.0,0.0,0.0,0.0,0,1
Chelsea,2020-01-07,7934,8.97903863296051,0.0,0.0,0.0,0.0,0.0,0.0,0.0,0.0,0.0,0.0,0.0,0.0,0.0,1,1
Chelsea,2020-01-08,6530,8.784315349902657,0.0,0.0,0.0,0.0,0.0,0.0,0.0,0.0,0.0,0.0,0.0,0.0,0.0,2,1
Chelsea,2020-01-09,6805,8.82555985506085,0.0,0.0,0.0,0.0,0.0,0.0,0.0,0.0,0.0,0.0,0.0,0.0,0.0,3,1
Chelsea,2020-01-10,6407,8.765302488748196,0.0,0.0,0.0,0.0,0.0,0.0,0.0,0.0,0.0,0.0,0.0,0.0,0.0,4,1
Chelsea,2020-01-11,9939,9.20432229965062,1.0,1.0,3.0,0.0,3.0,1.0,0.0,0.0,0.0,0.0,0.0,0.0,3.0,5,1
Chelsea,2020-01-12,9058,9.111514017669288,0.0,0.0,0.0,0.0,0.0,0.0,0.0,0.0,1.0,1.0,0.0,0.0,3.0,6,1
Chelsea,2020-01-13,7377,8.906257878156621,0.0,0.0,0.0,0.0,0.0,0.0,0.0,0.0,0.0,0.0,0.0,0.0,3.0,0,1
Chelsea,2020-01-14,7039,8.859363449152088,0.0,0.0,0.0,0.0,0.0,0.0,0.0,0.0,0.0,0.0,0.0,0.0,3.0,1,1
Chelsea,2020-01-15,6905,8.840145877949938,0.0,0.0,0.0,0.0,0.0,0.0,0.0,0.0,0.0,0.0,0.0,0.0,3.0,2,1
Chelsea,2020-01-16,7307,8.896724917497897,0.0,0.0,0.0,0.0,0.0,0.0,0.0,0.0,0.0,0.0,0.0,0.0,0.0,3,1
Chelsea,2020-01-17,6682,8.80732226751107,0.0,0.0,0.0,0.0,0.0,0.0,0.0,0.0,0.0,0.0,0.0,0.0,0.0,4,1
Chelsea,2020-01-18,9432,9.151969458649853,1.0,0.0,0.0,1.0,-1.0,0.0,0.0,1.0,0.0,0.0,0.0,0.0,0.0,5,1
Chelsea,2020-01-19,7442,8.915029272359911,0.0,0.0,0.0,0.0,0.0,0.0,0.0,0.0,1.0,0.0,0.0,1.0,0.0,6,1
Chelsea,2020-01-20,7042,8.85978949474541,0.0,0.0,0.0,0.0,0.0,0.0,0.0,0.0,0.0,0.0,0.0,0.0,0.0,0,1
Chelsea,2020-01-21,10613,9.26992916338784,1.0,1.0,2.0,2.0,0.0,0.0,1.0,0.0,0.0,0.0,0.0,0.0,1.0,1,1
Chelsea,2020-01-22,8425,9.039077442538963,0.0,0.0,0.0,0.0,0.0,0.0,0.0,0.0,1.0,0.0,1.0,0.0,1.0,2,1
Chelsea,2020-01-23,7779,8.959311617172437,0.0,0.0,0.0,0.0,0.0,0.0,0.0,0.0,0.0,0.0,0.0,0.0,1.0,3,1
Chelsea,2020-01-24,7319,8.898365606955357,0.0,0.0,0.0,0.0,0.0,0.0,0.0,0.0,0.0,0.0,0.0,0.0,1.0,4,1
Chelsea,2020-01-25,8387,9.03455739202181,0.0,0.0,0.0,0.0,0.0,0.0,0.0,0.0,0.0,0.0,0.0,0.0,1.0,5,1
Chelsea,2020-01-26,6747,8.817001443665859,0.0,0.0,0.0,0.0,0.0,0.0,0.0,0.0,0.0,0.0,0.0,0.0,0.0,6,1
Chelsea,2020-01-27,5962,8.693328989123106,0.0,0.0,0.0,0.0,0.0,0.0,0.0,0.0,0.0,0.0,0.0,0.0,0.0,0,1
Chelsea,2020-01-28,5924,8.686935966003333,0.0,0.0,0.0,0.0,0.0,0.0,0.0,0.0,0.0,0.0,0.0,0.0,0.0,1,1
Chelsea,2020-01-29,7024,8.857230494201946,0.0,0.0,0.0,0.0,0.0,0.0,0.0,0.0,0.0,0.0,0.0,0.0,0.0,2,1
Chelsea,2020-01-30,7286,8.893847217670283,0.0,0.0,0.0,0.0,0.0,0.0,0.0,0.0,0.0,0.0,0.0,0.0,0.0,3,1
Chelsea,2020-01-31,8328,9.02749867993534,0.0,0.0,0.0,0.0,0.0,0.0,0.0,0.0,0.0,0.0,0.0,0.0,0.0,4,1
Chelsea,2020-02-01,11728,9.369819686521504,1.0,0.0,2.0,2.0,0.0,0.0,1.0,0.0,0.0,0.0,0.0,0.0,1.0,5,2
Chelsea,2020-02-02,8266,9.020026965252676,0.0,0.0,0.0,0.0,0.0,0.0,0.0,0.0,1.0,0.0,1.0,0.0,1.0,6,2
Chelsea,2020-02-03,6710,8.811503250158239,0.0,0.0,0.0,0.0,0.0,0.0,0.0,0.0,0.0,0.0,0.0,0.0,1.0,0,2
Chelsea,2020-02-04,6210,8.734077192559303,0.0,0.0,0.0,0.0,0.0,0.0,0.0,0.0,0.0,0.0,0.0,0.0,1.0,1,2
Chelsea,2020-02-05,6169,8.727454116899434,0.0,0.0,0.0,0.0,0.0,0.0,0.0,0.0,0.0,0.0,0.0,0.0,1.0,2,2
Chelsea,2020-02-06,5575,8.62622695244036,0.0,0.0,0.0,0.0,0.0,0.0,0.0,0.0,0.0,0.0,0.0,0.0,0.0,3,2
Chelsea,2020-02-07,5099,8.536995818712418,0.0,0.0,0.0,0.0,0.0,0.0,0.0,0.0,0.0,0.0,0.0,0.0,0.0,4,2
Chelsea,2020-02-08,5258,8.567696173589344,0.0,0.0,0.0,0.0,0.0,0.0,0.0,0.0,0.0,0.0,0.0,0.0,0.0,5,2
Chelsea,2020-02-09,5597,8.630164670075398,0.0,0.0,0.0,0.0,0.0,0.0,0.0,0.0,0.0,0.0,0.0,0.0,0.0,6,2
Chelsea,2020-02-10,6076,8.712266432135355,0.0,0.0,0.0,0.0,0.0,0.0,0.0,0.0,0.0,0.0,0.0,0.0,0.0,0,2
Chelsea,2020-02-11,5699,8.648221453822641,0.0,0.0,0.0,0.0,0.0,0.0,0.0,0.0,0.0,0.0,0.0,0.0,0.0,1,2
Chelsea,2020-02-12,6968,8.84922702143852,0.0,0.0,0.0,0.0,0.0,0.0,0.0,0.0,0.0,0.0,0.0,0.0,0.0,2,2
Chelsea,2020-02-13,8954,9.099967314494812,0.0,0.0,0.0,0.0,0.0,0.0,0.0,0.0,0.0,0.0,0.0,0.0,0.0,3,2
Chelsea,2020-02-14,7714,8.950921764797261,0.0,0.0,0.0,0.0,0.0,0.0,0.0,0.0,0.0,0.0,0.0,0.0,0.0,4,2
Chelsea,2020-02-15,7502,8.923058219545728,0.0,0.0,0.0,0.0,0.0,0.0,0.0,0.0,0.0,0.0,0.0,0.0,0.0,5,2
Chelsea,2020-02-16,7620,8.938662873666118,0.0,0.0,0.0,0.0,0.0,0.0,0.0,0.0,0.0,0.0,0.0,0.0,0.0,6,2
Chelsea,2020-02-17,13179,9.486455808056498,1.0,1.0,0.0,2.0,-2.0,0.0,0.0,1.0,0.0,0.0,0.0,0.0,0.0,0,2
Chelsea,2020-02-18,9259,9.133459327640225,0.0,0.0,0.0,0.0,0.0,0.0,0.0,0.0,1.0,0.0,0.0,1.0,0.0,1,2
Chelsea,2020-02-19,7345,8.901911226379612,0.0,0.0,0.0,0.0,0.0,0.0,0.0,0.0,0.0,0.0,0.0,0.0,0.0,2,2
Chelsea,2020-02-20,6647,8.802071336535285,0.0,0.0,0.0,0.0,0.0,0.0,0.0,0.0,0.0,0.0,0.0,0.0,0.0,3,2
Chelsea,2020-02-21,6197,8.731981938347694,0.0,0.0,0.0,0.0,0.0,0.0,0.0,0.0,0.0,0.0,0.0,0.0,0.0,4,2
Chelsea,2020-02-22,12123,9.402942238177694,1.0,1.0,2.0,1.0,1.0,1.0,0.0,0.0,0.0,0.0,0.0,0.0,3.0,5,2
Chelsea,2020-02-23,8264,9.019785010255125,0.0,0.0,0.0,0.0,0.0,0.0,0.0,0.0,1.0,1.0,0.0,0.0,3.0,6,2
Chelsea,2020-02-24,7570,8.932080438103307,0.0,0.0,0.0,0.0,0.0,0.0,0.0,0.0,0.0,0.0,0.0,0.0,3.0,0,2
Chelsea,2020-02-25,14994,9.61547209118311,0.0,0.0,0.0,0.0,0.0,0.0,0.0,0.0,0.0,0.0,0.0,0.0,3.0,1,2
Chelsea,2020-02-26,9841,9.194414221425923,0.0,0.0,0.0,0.0,0.0,0.0,0.0,0.0,0.0,0.0,0.0,0.0,3.0,2,2
Chelsea,2020-02-27,7151,8.87514731685335,0.0,0.0,0.0,0.0,0.0,0.0,0.0,0.0,0.0,0.0,0.0,0.0,0.0,3,2
Chelsea,2020-02-28,6641,8.801168401936692,0.0,0.0,0.0,0.0,0.0,0.0,0.0,0.0,0.0,0.0,0.0,0.0,0.0,4,2
Chelsea,2020-02-29,9575,9.16701524723781,1.0,0.0,2.0,2.0,0.0,0.0,1.0,0.0,0.0,0.0,0.0,0.0,1.0,5,2
Chelsea,2020-03-01,8052,8.993799971795545,0.0,0.0,0.0,0.0,0.0,0.0,0.0,0.0,1.0,0.0,1.0,0.0,1.0,6,3
Chelsea,2020-03-02,6585,8.792701462936309,0.0,0.0,0.0,0.0,0.0,0.0,0.0,0.0,0.0,0.0,0.0,0.0,1.0,0,3
Chelsea,2020-03-03,15251,9.632465920977454,0.0,0.0,0.0,0.0,0.0,0.0,0.0,0.0,0.0,0.0,0.0,0.0,1.0,1,3
Chelsea,2020-03-04,11278,9.330697868639916,0.0,0.0,0.0,0.0,0.0,0.0,0.0,0.0,0.0,0.0,0.0,0.0,1.0,2,3
Chelsea,2020-03-05,7525,8.926118971153382,0.0,0.0,0.0,0.0,0.0,0.0,0.0,0.0,0.0,0.0,0.0,0.0,0.0,3,3
Chelsea,2020-03-06,6436,8.769817872052617,0.0,0.0,0.0,0.0,0.0,0.0,0.0,0.0,0.0,0.0,0.0,0.0,0.0,4,3
Chelsea,2020-03-07,6627,8.799058378546453,0.0,0.0,0.0,0.0,0.0,0.0,0.0,0.0,0.0,0.0,0.0,0.0,0.0,5,3
Chelsea,2020-03-08,18336,9.816676155549164,1.0,1.0,4.0,0.0,4.0,1.0,0.0,0.0,0.0,0.0,0.0,0.0,3.0,6,3
Chelsea,2020-03-09,10971,9.303101852057495,0.0,0.0,0.0,0.0,0.0,0.0,0.0,0.0,1.0,1.0,0.0,0.0,3.0,0,3
Chelsea,2020-03-10,11125,9.317039990635239,0.0,0.0,0.0,0.0,0.0,0.0,0.0,0.0,0.0,0.0,0.0,0.0,3.0,1,3
Chelsea,2020-03-11,8221,9.014568767457824,0.0,0.0,0.0,0.0,0.0,0.0,0.0,0.0,0.0,0.0,0.0,0.0,3.0,2,3
Chelsea,2020-03-12,6532,8.78462153484075,0.0,0.0,0.0,0.0,0.0,0.0,0.0,0.0,0.0,0.0,0.0,0.0,3.0,3,3
Chelsea,2020-03-13,5790,8.66406026722579,0.0,0.0,0.0,0.0,0.0,0.0,0.0,0.0,0.0,0.0,0.0,0.0,0.0,4,3
Chelsea,2020-03-14,5501,8.61286694148452,0.0,0.0,0.0,0.0,0.0,0.0,0.0,0.0,0.0,0.0,0.0,0.0,0.0,5,3
Chelsea,2020-03-15,5191,8.554874258383926,0.0,0.0,0.0,0.0,0.0,0.0,0.0,0.0,0.0,0.0,0.0,0.0,0.0,6,3
Chelsea,2020-03-16,5138,8.54461378699223,0.0,0.0,0.0,0.0,0.0,0.0,0.0,0.0,0.0,0.0,0.0,0.0,0.0,0,3
Chelsea,2020-03-17,5052,8.527737405291909,0.0,0.0,0.0,0.0,0.0,0.0,0.0,0.0,0.0,0.0,0.0,0.0,0.0,1,3
Chelsea,2020-03-18,5530,8.618123909994678,0.0,0.0,0.0,0.0,0.0,0.0,0.0,0.0,0.0,0.0,0.0,0.0,0.0,2,3
Chelsea,2020-03-19,5740,8.655388690167637,0.0,0.0,0.0,0.0,0.0,0.0,0.0,0.0,0.0,0.0,0.0,0.0,0.0,3,3
Chelsea,2020-03-20,5706,8.649448770536708,0.0,0.0,0.0,0.0,0.0,0.0,0.0,0.0,0.0,0.0,0.0,0.0,0.0,4,3
Chelsea,2020-03-21,5739,8.655214489313613,0.0,0.0,0.0,0.0,0.0,0.0,0.0,0.0,0.0,0.0,0.0,0.0,0.0,5,3
Chelsea,2020-03-22,6165,8.726805608446096,0.0,0.0,0.0,0.0,0.0,0.0,0.0,0.0,0.0,0.0,0.0,0.0,0.0,6,3
Chelsea,2020-03-23,5814,8.668196064952765,0.0,0.0,0.0,0.0,0.0,0.0,0.0,0.0,0.0,0.0,0.0,0.0,0.0,0,3
Chelsea,2020-03-24,5934,8.688622307043769,0.0,0.0,0.0,0.0,0.0,0.0,0.0,0.0,0.0,0.0,0.0,0.0,0.0,1,3
Chelsea,2020-03-25,6503,8.780172651227646,0.0,0.0,0.0,0.0,0.0,0.0,0.0,0.0,0.0,0.0,0.0,0.0,0.0,2,3
Chelsea,2020-03-26,6728,8.814181823188319,0.0,0.0,0.0,0.0,0.0,0.0,0.0,0.0,0.0,0.0,0.0,0.0,0.0,3,3
Chelsea,2020-03-27,6683,8.807471889715284,0.0,0.0,0.0,0.0,0.0,0.0,0.0,0.0,0.0,0.0,0.0,0.0,0.0,4,3
Chelsea,2020-03-28,6868,8.834773814213882,0.0,0.0,0.0,0.0,0.0,0.0,0.0,0.0,0.0,0.0,0.0,0.0,0.0,5,3
Chelsea,2020-03-29,7208,8.883085524404578,0.0,0.0,0.0,0.0,0.0,0.0,0.0,0.0,0.0,0.0,0.0,0.0,0.0,6,3
Chelsea,2020-03-30,6951,8.846784666945227,0.0,0.0,0.0,0.0,0.0,0.0,0.0,0.0,0.0,0.0,0.0,0.0,0.0,0,3
Chelsea,2020-03-31,6382,8.761393485256058,0.0,0.0,0.0,0.0,0.0,0.0,0.0,0.0,0.0,0.0,0.0,0.0,0.0,1,3
Chelsea,2020-04-01,7013,8.855663430700124,0.0,0.0,0.0,0.0,0.0,0.0,0.0,0.0,0.0,0.0,0.0,0.0,0.0,2,4
Chelsea,2020-04-02,7489,8.921324076511265,0.0,0.0,0.0,0.0,0.0,0.0,0.0,0.0,0.0,0.0,0.0,0.0,0.0,3,4
Chelsea,2020-04-03,7112,8.869679374733515,0.0,0.0,0.0,0.0,0.0,0.0,0.0,0.0,0.0,0.0,0.0,0.0,0.0,4,4
Chelsea,2020-04-04,7748,8.95531908176395,0.0,0.0,0.0,0.0,0.0,0.0,0.0,0.0,0.0,0.0,0.0,0.0,0.0,5,4
Chelsea,2020-04-05,7528,8.926517509850122,0.0,0.0,0.0,0.0,0.0,0.0,0.0,0.0,0.0,0.0,0.0,0.0,0.0,6,4
Chelsea,2020-04-06,6555,8.78813593986372,0.0,0.0,0.0,0.0,0.0,0.0,0.0,0.0,0.0,0.0,0.0,0.0,0.0,0,4
Chelsea,2020-04-07,6802,8.825118970345061,0.0,0.0,0.0,0.0,0.0,0.0,0.0,0.0,0.0,0.0,0.0,0.0,0.0,1,4
Chelsea,2020-04-08,7013,8.855663430700124,0.0,0.0,0.0,0.0,0.0,0.0,0.0,0.0,0.0,0.0,0.0,0.0,0.0,2,4
Chelsea,2020-04-09,7278,8.892748769118258,0.0,0.0,0.0,0.0,0.0,0.0,0.0,0.0,0.0,0.0,0.0,0.0,0.0,3,4
Chelsea,2020-04-10,7453,8.916506080039204,0.0,0.0,0.0,0.0,0.0,0.0,0.0,0.0,0.0,0.0,0.0,0.0,0.0,4,4
Chelsea,2020-04-11,8000,8.987321812850125,0.0,0.0,0.0,0.0,0.0,0.0,0.0,0.0,0.0,0.0,0.0,0.0,0.0,5,4
Chelsea,2020-04-12,9293,9.137124309644923,0.0,0.0,0.0,0.0,0.0,0.0,0.0,0.0,0.0,0.0,0.0,0.0,0.0,6,4
Chelsea,2020-04-13,8300,9.024131268455035,0.0,0.0,0.0,0.0,0.0,0.0,0.0,0.0,0.0,0.0,0.0,0.0,0.0,0,4
Chelsea,2020-04-14,7913,8.97638862194537,0.0,0.0,0.0,0.0,0.0,0.0,0.0,0.0,0.0,0.0,0.0,0.0,0.0,1,4
Chelsea,2020-04-15,7727,8.952605375892354,0.0,0.0,0.0,0.0,0.0,0.0,0.0,0.0,0.0,0.0,0.0,0.0,0.0,2,4
Chelsea,2020-04-16,7842,8.967376693212666,0.0,0.0,0.0,0.0,0.0,0.0,0.0,0.0,0.0,0.0,0.0,0.0,0.0,3,4
Chelsea,2020-04-17,7675,8.94585385712759,0.0,0.0,0.0,0.0,0.0,0.0,0.0,0.0,0.0,0.0,0.0,0.0,0.0,4,4
Chelsea,2020-04-18,8330,9.027738775974909,0.0,0.0,0.0,0.0,0.0,0.0,0.0,0.0,0.0,0.0,0.0,0.0,0.0,5,4
Chelsea,2020-04-19,8479,9.045465728785949,0.0,0.0,0.0,0.0,0.0,0.0,0.0,0.0,0.0,0.0,0.0,0.0,0.0,6,4
Chelsea,2020-04-20,8080,8.997270906233448,0.0,0.0,0.0,0.0,0.0,0.0,0.0,0.0,0.0,0.0,0.0,0.0,0.0,0,4
Chelsea,2020-04-21,8013,8.98894529119609,0.0,0.0,0.0,0.0,0.0,0.0,0.0,0.0,0.0,0.0,0.0,0.0,0.0,1,4
Chelsea,2020-04-22,8133,9.00380808646717,0.0,0.0,0.0,0.0,0.0,0.0,0.0,0.0,0.0,0.0,0.0,0.0,0.0,2,4
Chelsea,2020-04-23,8057,8.994420665751292,0.0,0.0,0.0,0.0,0.0,0.0,0.0,0.0,0.0,0.0,0.0,0.0,0.0,3,4
Chelsea,2020-04-24,7955,8.981681639973862,0.0,0.0,0.0,0.0,0.0,0.0,0.0,0.0,0.0,0.0,0.0,0.0,0.0,4,4
Chelsea,2020-04-25,8347,9.029777268197092,0.0,0.0,0.0,0.0,0.0,0.0,0.0,0.0,0.0,0.0,0.0,0.0,0.0,5,4
Chelsea,2020-04-26,8097,8.999372396592106,0.0,0.0,0.0,0.0,0.0,0.0,0.0,0.0,0.0,0.0,0.0,0.0,0.0,6,4
Chelsea,2020-04-27,8189,9.010669176847115,0.0,0.0,0.0,0.0,0.0,0.0,0.0,0.0,0.0,0.0,0.0,0.0,0.0,0,4
Chelsea,2020-04-28,7944,8.980298078970817,0.0,0.0,0.0,0.0,0.0,0.0,0.0,0.0,0.0,0.0,0.0,0.0,0.0,1,4
Chelsea,2020-04-29,7839,8.966994113344454,0.0,0.0,0.0,0.0,0.0,0.0,0.0,0.0,0.0,0.0,0.0,0.0,0.0,2,4
Chelsea,2020-04-30,9534,9.16272451803452,0.0,0.0,0.0,0.0,0.0,0.0,0.0,0.0,0.0,0.0,0.0,0.0,0.0,3,4
Chelsea,2020-05-01,8324,9.027018314848645,0.0,0.0,0.0,0.0,0.0,0.0,0.0,0.0,0.0,0.0,0.0,0.0,0.0,4,5
Chelsea,2020-05-02,9367,9.145054905277552,0.0,0.0,0.0,0.0,0.0,0.0,0.0,0.0,0.0,0.0,0.0,0.0,0.0,5,5
Chelsea,2020-05-03,9158,9.122492281402987,0.0,0.0,0.0,0.0,0.0,0.0,0.0,0.0,0.0,0.0,0.0,0.0,0.0,6,5
Chelsea,2020-05-04,7701,8.949235314374855,0.0,0.0,0.0,0.0,0.0,0.0,0.0,0.0,0.0,0.0,0.0,0.0,0.0,0,5
Chelsea,2020-05-05,7451,8.916237731721479,0.0,0.0,0.0,0.0,0.0,0.0,0.0,0.0,0.0,0.0,0.0,0.0,0.0,1,5
Chelsea,2020-05-06,7381,8.906799883589944,0.0,0.0,0.0,0.0,0.0,0.0,0.0,0.0,0.0,0.0,0.0,0.0,0.0,2,5
Chelsea,2020-05-07,6915,8.84159284680318,0.0,0.0,0.0,0.0,0.0,0.0,0.0,0.0,0.0,0.0,0.0,0.0,0.0,3,5
Chelsea,2020-05-08,6518,8.782476268924539,0.0,0.0,0.0,0.0,0.0,0.0,0.0,0.0,0.0,0.0,0.0,0.0,0.0,4,5
Chelsea,2020-05-09,7176,8.878636747430072,0.0,0.0,0.0,0.0,0.0,0.0,0.0,0.0,0.0,0.0,0.0,0.0,0.0,5,5
Chelsea,2020-05-10,7085,8.865876285425417,0.0,0.0,0.0,0.0,0.0,0.0,0.0,0.0,0.0,0.0,0.0,0.0,0.0,6,5
Chelsea,2020-05-11,6896,8.83884181343129,0.0,0.0,0.0,0.0,0.0,0.0,0.0,0.0,0.0,0.0,0.0,0.0,0.0,0,5
Chelsea,2020-05-12,6666,8.80492526261806,0.0,0.0,0.0,0.0,0.0,0.0,0.0,0.0,0.0,0.0,0.0,0.0,0.0,1,5
Chelsea,2020-05-13,6820,8.82776136765472,0.0,0.0,0.0,0.0,0.0,0.0,0.0,0.0,0.0,0.0,0.0,0.0,0.0,2,5
Chelsea,2020-05-14,6534,8.784927626058323,0.0,0.0,0.0,0.0,0.0,0.0,0.0,0.0,0.0,0.0,0.0,0.0,0.0,3,5
Chelsea,2020-05-15,7220,8.884748726451182,0.0,0.0,0.0,0.0,0.0,0.0,0.0,0.0,0.0,0.0,0.0,0.0,0.0,4,5
Chelsea,2020-05-16,7230,8.886132618174951,0.0,0.0,0.0,0.0,0.0,0.0,0.0,0.0,0.0,0.0,0.0,0.0,0.0,5,5
Chelsea,2020-05-17,6976,8.850374303939237,0.0,0.0,0.0,0.0,0.0,0.0,0.0,0.0,0.0,0.0,0.0,0.0,0.0,6,5
Chelsea,2020-05-18,6756,8.818334283552174,0.0,0.0,0.0,0.0,0.0,0.0,0.0,0.0,0.0,0.0,0.0,0.0,0.0,0,5
Chelsea,2020-05-19,7501,8.922924930641832,0.0,0.0,0.0,0.0,0.0,0.0,0.0,0.0,0.0,0.0,0.0,0.0,0.0,1,5
Chelsea,2020-05-20,7337,8.900821604915228,0.0,0.0,0.0,0.0,0.0,0.0,0.0,0.0,0.0,0.0,0.0,0.0,0.0,2,5
Chelsea,2020-05-21,7169,8.877660933593667,0.0,0.0,0.0,0.0,0.0,0.0,0.0,0.0,0.0,0.0,0.0,0.0,0.0,3,5
Chelsea,2020-05-22,7160,8.87640491500694,0.0,0.0,0.0,0.0,0.0,0.0,0.0,0.0,0.0,0.0,0.0,0.0,0.0,4,5
Chelsea,2020-05-23,7954,8.981555940771887,0.0,0.0,0.0,0.0,0.0,0.0,0.0,0.0,0.0,0.0,0.0,0.0,0.0,5,5
Chelsea,2020-05-24,7453,8.916506080039204,0.0,0.0,0.0,0.0,0.0,0.0,0.0,0.0,0.0,0.0,0.0,0.0,0.0,6,5
Chelsea,2020-05-25,6407,8.765302488748196,0.0,0.0,0.0,0.0,0.0,0.0,0.0,0.0,0.0,0.0,0.0,0.0,0.0,0,5
Chelsea,2020-05-26,5972,8.695004592732307,0.0,0.0,0.0,0.0,0.0,0.0,0.0,0.0,0.0,0.0,0.0,0.0,0.0,1,5
Chelsea,2020-05-27,5680,8.644882552557126,0.0,0.0,0.0,0.0,0.0,0.0,0.0,0.0,0.0,0.0,0.0,0.0,0.0,2,5
Chelsea,2020-05-28,6040,8.706324840138741,0.0,0.0,0.0,0.0,0.0,0.0,0.0,0.0,0.0,0.0,0.0,0.0,0.0,3,5
Chelsea,2020-05-29,6045,8.707152175339404,0.0,0.0,0.0,0.0,0.0,0.0,0.0,0.0,0.0,0.0,0.0,0.0,0.0,4,5
Chelsea,2020-05-30,5763,8.659386957119413,0.0,0.0,0.0,0.0,0.0,0.0,0.0,0.0,0.0,0.0,0.0,0.0,0.0,5,5
Chelsea,2020-05-31,5579,8.626944055375356,0.0,0.0,0.0,0.0,0.0,0.0,0.0,0.0,0.0,0.0,0.0,0.0,0.0,6,5
Chelsea,2020-06-01,5305,8.576593534697684,0.0,0.0,0.0,0.0,0.0,0.0,0.0,0.0,0.0,0.0,0.0,0.0,0.0,0,6
Chelsea,2020-06-02,5196,8.555836815008442,0.0,0.0,0.0,0.0,0.0,0.0,0.0,0.0,0.0,0.0,0.0,0.0,0.0,1,6
Chelsea,2020-06-03,5267,8.569406062863171,0.0,0.0,0.0,0.0,0.0,0.0,0.0,0.0,0.0,0.0,0.0,0.0,0.0,2,6
Chelsea,2020-06-04,10221,9.232297539328226,0.0,0.0,0.0,0.0,0.0,0.0,0.0,0.0,0.0,0.0,0.0,0.0,0.0,3,6
Chelsea,2020-06-05,13023,9.474549088242322,0.0,0.0,0.0,0.0,0.0,0.0,0.0,0.0,0.0,0.0,0.0,0.0,0.0,4,6
Chelsea,2020-06-06,9437,9.152499372286332,0.0,0.0,0.0,0.0,0.0,0.0,0.0,0.0,0.0,0.0,0.0,0.0,0.0,5,6
Chelsea,2020-06-07,7682,8.946765374867635,0.0,0.0,0.0,0.0,0.0,0.0,0.0,0.0,0.0,0.0,0.0,0.0,0.0,6,6
Chelsea,2020-06-08,7544,8.928640371201949,0.0,0.0,0.0,0.0,0.0,0.0,0.0,0.0,0.0,0.0,0.0,0.0,0.0,0,6
Chelsea,2020-06-09,8421,9.038602608721874,0.0,0.0,0.0,0.0,0.0,0.0,0.0,0.0,0.0,0.0,0.0,0.0,0.0,1,6
Chelsea,2020-06-10,7712,8.950662495933999,0.0,0.0,0.0,0.0,0.0,0.0,0.0,0.0,0.0,0.0,0.0,0.0,0.0,2,6
Chelsea,2020-06-11,7676,8.945984124827898,0.0,0.0,0.0,0.0,0.0,0.0,0.0,0.0,0.0,0.0,0.0,0.0,0.0,3,6
Chelsea,2020-06-12,6948,8.846353043314327,0.0,0.0,0.0,0.0,0.0,0.0,0.0,0.0,0.0,0.0,0.0,0.0,0.0,4,6
Chelsea,2020-06-13,6254,8.741136422901011,0.0,0.0,0.0,0.0,0.0,0.0,0.0,0.0,0.0,0.0,0.0,0.0,0.0,5,6
Chelsea,2020-06-14,6754,8.818038250394299,0.0,0.0,0.0,0.0,0.0,0.0,0.0,0.0,0.0,0.0,0.0,0.0,0.0,6,6
Chelsea,2020-06-15,6867,8.834628222017367,0.0,0.0,0.0,0.0,0.0,0.0,0.0,0.0,0.0,0.0,0.0,0.0,0.0,0,6
Chelsea,2020-06-16,8145,9.005282288208358,0.0,0.0,0.0,0.0,0.0,0.0,0.0,0.0,0.0,0.0,0.0,0.0,0.0,1,6
Chelsea,2020-06-17,8687,9.069698042173716,0.0,0.0,0.0,0.0,0.0,0.0,0.0,0.0,0.0,0.0,0.0,0.0,0.0,2,6
Chelsea,2020-06-18,17404,9.764512800245539,0.0,0.0,0.0,0.0,0.0,0.0,0.0,0.0,0.0,0.0,0.0,0.0,0.0,3,6
Chelsea,2020-06-19,11606,9.359363643368622,0.0,0.0,0.0,0.0,0.0,0.0,0.0,0.0,0.0,0.0,0.0,0.0,0.0,4,6
Chelsea,2020-06-20,9651,9.174920426744922,0.0,0.0,0.0,0.0,0.0,0.0,0.0,0.0,0.0,0.0,0.0,0.0,0.0,5,6
Chelsea,2020-06-21,17792,9.786560400506836,1.0,0.0,2.0,1.0,1.0,1.0,0.0,0.0,0.0,0.0,0.0,0.0,3.0,6,6
Chelsea,2020-06-22,12923,9.466841326944389,0.0,0.0,0.0,0.0,0.0,0.0,0.0,0.0,1.0,1.0,0.0,0.0,3.0,0,6
Chelsea,2020-06-23,8999,9.104979856318357,0.0,0.0,0.0,0.0,0.0,0.0,0.0,0.0,0.0,0.0,0.0,0.0,3.0,1,6
Chelsea,2020-06-24,9495,9.158625936289503,0.0,0.0,0.0,0.0,0.0,0.0,0.0,0.0,0.0,0.0,0.0,0.0,3.0,2,6
Chelsea,2020-06-25,22922,10.039896052315676,1.0,1.0,2.0,1.0,1.0,1.0,0.0,0.0,0.0,0.0,0.0,0.0,6.0,3,6
Chelsea,2020-06-26,22609,10.026147565272016,0.0,0.0,0.0,0.0,0.0,0.0,0.0,0.0,1.0,1.0,0.0,0.0,3.0,4,6
Chelsea,2020-06-27,13934,9.542158939916048,0.0,0.0,0.0,0.0,0.0,0.0,0.0,0.0,0.0,0.0,0.0,0.0,3.0,5,6
Chelsea,2020-06-28,18477,9.824336114230691,0.0,0.0,0.0,0.0,0.0,0.0,0.0,0.0,0.0,0.0,0.0,0.0,3.0,6,6
Chelsea,2020-06-29,11922,9.386224586806131,0.0,0.0,0.0,0.0,0.0,0.0,0.0,0.0,0.0,0.0,0.0,0.0,3.0,0,6
Chelsea,2020-06-30,11354,9.337413454539659,0.0,0.0,0.0,0.0,0.0,0.0,0.0,0.0,0.0,0.0,0.0,0.0,0.0,1,6
Chelsea,2020-07-01,21017,9.953134492425542,1.0,0.0,2.0,3.0,-1.0,0.0,0.0,1.0,0.0,0.0,0.0,0.0,0.0,2,7
Chelsea,2020-07-02,19231,9.864330837334935,0.0,0.0,0.0,0.0,0.0,0.0,0.0,0.0,1.0,0.0,0.0,1.0,0.0,3,7
Chelsea,2020-07-03,11227,9.326165937481774,0.0,0.0,0.0,0.0,0.0,0.0,0.0,0.0,0.0,0.0,0.0,0.0,0.0,4,7
Chelsea,2020-07-04,16399,9.70503661381229,1.0,1.0,3.0,0.0,3.0,1.0,0.0,0.0,0.0,0.0,0.0,0.0,3.0,5,7
Chelsea,2020-07-05,15923,9.675582684120208,0.0,0.0,0.0,0.0,0.0,0.0,0.0,0.0,1.0,1.0,0.0,0.0,3.0,6,7
Chelsea,2020-07-06,11623,9.36082720525012,0.0,0.0,0.0,0.0,0.0,0.0,0.0,0.0,0.0,0.0,0.0,0.0,3.0,0,7
Chelsea,2020-07-07,17406,9.764627703152708,1.0,0.0,3.0,2.0,1.0,1.0,0.0,0.0,0.0,0.0,0.0,0.0,6.0,1,7
Chelsea,2020-07-08,15416,9.643226075660339,0.0,0.0,0.0,0.0,0.0,0.0,0.0,0.0,1.0,1.0,0.0,0.0,6.0,2,7
Chelsea,2020-07-09,12183,9.407878894574997,0.0,0.0,0.0,0.0,0.0,0.0,0.0,0.0,0.0,0.0,0.0,0.0,3.0,3,7
Chelsea,2020-07-10,10431,9.252633284166434,0.0,0.0,0.0,0.0,0.0,0.0,0.0,0.0,0.0,0.0,0.0,0.0,3.0,4,7
Chelsea,2020-07-11,16335,9.701126540404447,1.0,0.0,0.0,3.0,-3.0,0.0,0.0,1.0,0.0,0.0,0.0,0.0,3.0,5,7
Chelsea,2020-07-12,11347,9.336796795928741,0.0,0.0,0.0,0.0,0.0,0.0,0.0,0.0,1.0,0.0,0.0,1.0,0.0,6,7
Chelsea,2020-07-13,11328,9.335121088873489,0.0,0.0,0.0,0.0,0.0,0.0,0.0,0.0,0.0,0.0,0.0,0.0,0.0,0,7
Chelsea,2020-07-14,15587,9.6542566664586,1.0,1.0,1.0,0.0,1.0,1.0,0.0,0.0,0.0,0.0,0.0,0.0,3.0,1,7
Chelsea,2020-07-15,12472,9.431321587125709,0.0,0.0,0.0,0.0,0.0,0.0,0.0,0.0,1.0,1.0,0.0,0.0,3.0,2,7
Chelsea,2020-07-16,11211,9.324739912284679,0.0,0.0,0.0,0.0,0.0,0.0,0.0,0.0,0.0,0.0,0.0,0.0,3.0,3,7
Chelsea,2020-07-17,11292,9.331938343723671,0.0,0.0,0.0,0.0,0.0,0.0,0.0,0.0,0.0,0.0,0.0,0.0,3.0,4,7
Chelsea,2020-07-18,12516,9.434842999328023,0.0,0.0,0.0,0.0,0.0,0.0,0.0,0.0,0.0,0.0,0.0,0.0,3.0,5,7
Chelsea,2020-07-19,27358,10.216800821360927,0.0,0.0,0.0,0.0,0.0,0.0,0.0,0.0,0.0,0.0,0.0,0.0,0.0,6,7
Chelsea,2020-07-20,18623,9.832206350531164,0.0,0.0,0.0,0.0,0.0,0.0,0.0,0.0,0.0,0.0,0.0,0.0,0.0,0,7
Chelsea,2020-07-21,13746,9.52857589747142,0.0,0.0,0.0,0.0,0.0,0.0,0.0,0.0,0.0,0.0,0.0,0.0,0.0,1,7
Chelsea,2020-07-22,20966,9.950705052145238,1.0,0.0,3.0,5.0,-2.0,0.0,0.0,1.0,0.0,0.0,0.0,0.0,0.0,2,7
Chelsea,2020-07-23,18093,9.803335670585687,0.0,0.0,0.0,0.0,0.0,0.0,0.0,0.0,1.0,0.0,0.0,1.0,0.0,3,7
Chelsea,2020-07-24,13062,9.477539085486564,0.0,0.0,0.0,0.0,0.0,0.0,0.0,0.0,0.0,0.0,0.0,0.0,0.0,4,7
Chelsea,2020-07-25,11674,9.365205082537098,0.0,0.0,0.0,0.0,0.0,0.0,0.0,0.0,0.0,0.0,0.0,0.0,0.0,5,7
Chelsea,2020-07-26,23320,10.057109521191693,1.0,1.0,2.0,0.0,2.0,1.0,0.0,0.0,0.0,0.0,0.0,0.0,3.0,6,7
Chelsea,2020-07-27,22011,9.99934303817965,0.0,0.0,0.0,0.0,0.0,0.0,0.0,0.0,1.0,1.0,0.0,0.0,3.0,0,7
Chelsea,2020-07-28,16180,9.691592993399809,0.0,0.0,0.0,0.0,0.0,0.0,0.0,0.0,0.0,0.0,0.0,0.0,3.0,1,7
Chelsea,2020-07-29,13949,9.543234787249512,0.0,0.0,0.0,0.0,0.0,0.0,0.0,0.0,0.0,0.0,0.0,0.0,3.0,2,7
Chelsea,2020-07-30,13875,9.53791600808964,0.0,0.0,0.0,0.0,0.0,0.0,0.0,0.0,0.0,0.0,0.0,0.0,3.0,3,7
Chelsea,2020-07-31,14820,9.603800372956915,0.0,0.0,0.0,0.0,0.0,0.0,0.0,0.0,0.0,0.0,0.0,0.0,0.0,4,7
Chelsea,2020-08-01,37937,10.543708527286668,0.0,0.0,0.0,0.0,0.0,0.0,0.0,0.0,0.0,0.0,0.0,0.0,0.0,5,8
Chelsea,2020-08-02,21338,9.968291663401624,0.0,0.0,0.0,0.0,0.0,0.0,0.0,0.0,0.0,0.0,0.0,0.0,0.0,6,8
Chelsea,2020-08-03,13043,9.47608353690921,0.0,0.0,0.0,0.0,0.0,0.0,0.0,0.0,0.0,0.0,0.0,0.0,0.0,0,8
Chelsea,2020-08-04,12804,9.457590998633625,0.0,0.0,0.0,0.0,0.0,0.0,0.0,0.0,0.0,0.0,0.0,0.0,0.0,1,8
Chelsea,2020-08-05,12067,9.398312600278953,0.0,0.0,0.0,0.0,0.0,0.0,0.0,0.0,0.0,0.0,0.0,0.0,0.0,2,8
Chelsea,2020-08-06,11328,9.335121088873489,0.0,0.0,0.0,0.0,0.0,0.0,0.0,0.0,0.0,0.0,0.0,0.0,0.0,3,8
Chelsea,2020-08-07,11654,9.363490551469857,0.0,0.0,0.0,0.0,0.0,0.0,0.0,0.0,0.0,0.0,0.0,0.0,0.0,4,8
Chelsea,2020-08-08,16901,9.735187237104428,0.0,0.0,0.0,0.0,0.0,0.0,0.0,0.0,0.0,0.0,0.0,0.0,0.0,5,8
Chelsea,2020-08-09,16284,9.697999717710333,0.0,0.0,0.0,0.0,0.0,0.0,0.0,0.0,0.0,0.0,0.0,0.0,0.0,6,8
Chelsea,2020-08-10,14135,9.556480013999533,0.0,0.0,0.0,0.0,0.0,0.0,0.0,0.0,0.0,0.0,0.0,0.0,0.0,0,8
Chelsea,2020-08-11,11671,9.364948090202622,0.0,0.0,0.0,0.0,0.0,0.0,0.0,0.0,0.0,0.0,0.0,0.0,0.0,1,8
Chelsea,2020-08-12,11096,9.314430080500564,0.0,0.0,0.0,0.0,0.0,0.0,0.0,0.0,0.0,0.0,0.0,0.0,0.0,2,8
Chelsea,2020-08-13,11324,9.334767950351235,0.0,0.0,0.0,0.0,0.0,0.0,0.0,0.0,0.0,0.0,0.0,0.0,0.0,3,8
Chelsea,2020-08-14,15512,9.64943366106433,0.0,0.0,0.0,0.0,0.0,0.0,0.0,0.0,0.0,0.0,0.0,0.0,0.0,4,8
Chelsea,2020-08-15,12844,9.460709909543985,0.0,0.0,0.0,0.0,0.0,0.0,0.0,0.0,0.0,0.0,0.0,0.0,0.0,5,8
Chelsea,2020-08-16,12852,9.461332526110132,0.0,0.0,0.0,0.0,0.0,0.0,0.0,0.0,0.0,0.0,0.0,0.0,0.0,6,8
Chelsea,2020-08-17,12673,9.447307929883463,0.0,0.0,0.0,0.0,0.0,0.0,0.0,0.0,0.0,0.0,0.0,0.0,0.0,0,8
Chelsea,2020-08-18,12470,9.431161227920747,0.0,0.0,0.0,0.0,0.0,0.0,0.0,0.0,0.0,0.0,0.0,0.0,0.0,1,8
Chelsea,2020-08-19,11510,9.351058378915061,0.0,0.0,0.0,0.0,0.0,0.0,0.0,0.0,0.0,0.0,0.0,0.0,0.0,2,8
Chelsea,2020-08-20,12693,9.448884719866415,0.0,0.0,0.0,0.0,0.0,0.0,0.0,0.0,0.0,0.0,0.0,0.0,0.0,3,8
Chelsea,2020-08-21,16155,9.690046776683303,0.0,0.0,0.0,0.0,0.0,0.0,0.0,0.0,0.0,0.0,0.0,0.0,0.0,4,8
Chelsea,2020-08-22,13729,9.527338498762017,0.0,0.0,0.0,0.0,0.0,0.0,0.0,0.0,0.0,0.0,0.0,0.0,0.0,5,8
Chelsea,2020-08-23,14593,9.588365764325566,0.0,0.0,0.0,0.0,0.0,0.0,0.0,0.0,0.0,0.0,0.0,0.0,0.0,6,8
Chelsea,2020-08-24,20327,9.919754525,0.0,0.0,0.0,0.0,0.0,0.0,0.0,0.0,0.0,0.0,0.0,0.0,0.0,0,8
Chelsea,2020-08-25,21986,9.99820664859396,0.0,0.0,0.0,0.0,0.0,0.0,0.0,0.0,0.0,0.0,0.0,0.0,0.0,1,8
Chelsea,2020-08-26,30900,10.33854382482173,0.0,0.0,0.0,0.0,0.0,0.0,0.0,0.0,0.0,0.0,0.0,0.0,0.0,2,8
Chelsea,2020-08-27,31732,10.365112427854497,0.0,0.0,0.0,0.0,0.0,0.0,0.0,0.0,0.0,0.0,0.0,0.0,0.0,3,8
Chelsea,2020-08-28,41441,10.632050138317028,0.0,0.0,0.0,0.0,0.0,0.0,0.0,0.0,0.0,0.0,0.0,0.0,0.0,4,8
Chelsea,2020-08-29,35901,10.488548283231015,0.0,0.0,0.0,0.0,0.0,0.0,0.0,0.0,0.0,0.0,0.0,0.0,0.0,5,8
Chelsea,2020-08-30,24300,10.098272780745283,0.0,0.0,0.0,0.0,0.0,0.0,0.0,0.0,0.0,0.0,0.0,0.0,0.0,6,8
Chelsea,2020-08-31,20036,9.905335843393745,0.0,0.0,0.0,0.0,0.0,0.0,0.0,0.0,0.0,0.0,0.0,0.0,0.0,0,8
Chelsea,2020-09-01,17469,9.768240403128102,0.0,0.0,0.0,0.0,0.0,0.0,0.0,0.0,0.0,0.0,0.0,0.0,0.0,1,9
Chelsea,2020-09-02,17221,9.753942915256111,0.0,0.0,0.0,0.0,0.0,0.0,0.0,0.0,0.0,0.0,0.0,0.0,0.0,2,9
Chelsea,2020-09-03,17782,9.785998223743661,0.0,0.0,0.0,0.0,0.0,0.0,0.0,0.0,0.0,0.0,0.0,0.0,0.0,3,9
Chelsea,2020-09-04,30593,10.32855919028321,0.0,0.0,0.0,0.0,0.0,0.0,0.0,0.0,0.0,0.0,0.0,0.0,0.0,4,9
Chelsea,2020-09-05,35075,10.465272414899246,0.0,0.0,0.0,0.0,0.0,0.0,0.0,0.0,0.0,0.0,0.0,0.0,0.0,5,9
Chelsea,2020-09-06,21177,9.9607181859904,0.0,0.0,0.0,0.0,0.0,0.0,0.0,0.0,0.0,0.0,0.0,0.0,0.0,6,9
Chelsea,2020-09-07,21490,9.975389521825207,0.0,0.0,0.0,0.0,0.0,0.0,0.0,0.0,0.0,0.0,0.0,0.0,0.0,0,9
Chelsea,2020-09-08,21882,9.99346535865436,0.0,0.0,0.0,0.0,0.0,0.0,0.0,0.0,0.0,0.0,0.0,0.0,0.0,1,9
Chelsea,2020-09-09,25400,10.142543822310387,0.0,0.0,0.0,0.0,0.0,0.0,0.0,0.0,0.0,0.0,0.0,0.0,0.0,2,9
Chelsea,2020-09-10,30936,10.339708157564283,0.0,0.0,0.0,0.0,0.0,0.0,0.0,0.0,0.0,0.0,0.0,0.0,0.0,3,9
Chelsea,2020-09-11,22169,10.006495302610357,0.0,0.0,0.0,0.0,0.0,0.0,0.0,0.0,0.0,0.0,0.0,0.0,0.0,4,9
Chelsea,2020-09-12,21667,9.98359179677779,0.0,0.0,0.0,0.0,0.0,0.0,0.0,0.0,0.0,0.0,0.0,0.0,0.0,5,9
Chelsea,2020-09-13,17690,9.780811314668615,0.0,0.0,0.0,0.0,0.0,0.0,0.0,0.0,0.0,0.0,0.0,0.0,0.0,6,9
Chelsea,2020-09-14,31052,10.343450701051859,1.0,0.0,3.0,1.0,2.0,1.0,0.0,0.0,0.0,0.0,0.0,0.0,3.0,0,9
Chelsea,2020-09-15,21322,9.967541581326234,0.0,0.0,0.0,0.0,0.0,0.0,0.0,0.0,1.0,1.0,0.0,0.0,3.0,1,9
Chelsea,2020-09-16,13041,9.475930197953147,0.0,0.0,0.0,0.0,0.0,0.0,0.0,0.0,0.0,0.0,0.0,0.0,3.0,2,9
Chelsea,2020-09-17,13188,9.487138427825885,0.0,0.0,0.0,0.0,0.0,0.0,0.0,0.0,0.0,0.0,0.0,0.0,3.0,3,9
Chelsea,2020-09-18,13554,9.514510761932765,0.0,0.0,0.0,0.0,0.0,0.0,0.0,0.0,0.0,0.0,0.0,0.0,3.0,4,9
Chelsea,2020-09-19,15388,9.641408247463852,0.0,0.0,0.0,0.0,0.0,0.0,0.0,0.0,0.0,0.0,0.0,0.0,0.0,5,9
Chelsea,2020-09-20,27539,10.223394772282646,1.0,1.0,0.0,2.0,-2.0,0.0,0.0,1.0,0.0,0.0,0.0,0.0,0.0,6,9
Chelsea,2020-09-21,17131,9.748703338735261,0.0,0.0,0.0,0.0,0.0,0.0,0.0,0.0,1.0,0.0,0.0,1.0,0.0,0,9
Chelsea,2020-09-22,14125,9.555772349968867,0.0,0.0,0.0,0.0,0.0,0.0,0.0,0.0,0.0,0.0,0.0,0.0,0.0,1,9
Chelsea,2020-09-23,16906,9.735483016336966,0.0,0.0,0.0,0.0,0.0,0.0,0.0,0.0,0.0,0.0,0.0,0.0,0.0,2,9
Chelsea,2020-09-24,28285,10.250122261580445,0.0,0.0,0.0,0.0,0.0,0.0,0.0,0.0,0.0,0.0,0.0,0.0,0.0,3,9
Chelsea,2020-09-25,17431,9.766062876624456,0.0,0.0,0.0,0.0,0.0,0.0,0.0,0.0,0.0,0.0,0.0,0.0,0.0,4,9
Chelsea,2020-09-26,27152,10.20924281649528,1.0,0.0,3.0,3.0,0.0,0.0,1.0,0.0,0.0,0.0,0.0,0.0,1.0,5,9
Chelsea,2020-09-27,15946,9.677026002747972,0.0,0.0,0.0,0.0,0.0,0.0,0.0,0.0,1.0,0.0,1.0,0.0,1.0,6,9
Chelsea,2020-09-28,12312,9.418410893792872,0.0,0.0,0.0,0.0,0.0,0.0,0.0,0.0,0.0,0.0,0.0,0.0,1.0,0,9
Chelsea,2020-09-29,18737,9.838308826511133,0.0,0.0,0.0,0.0,0.0,0.0,0.0,0.0,0.0,0.0,0.0,0.0,1.0,1,9
Chelsea,2020-09-30,16838,9.73145290361031,0.0,0.0,0.0,0.0,0.0,0.0,0.0,0.0,0.0,0.0,0.0,0.0,1.0,2,9
Chelsea,2020-10-01,12469,9.431081038674082,0.0,0.0,0.0,0.0,0.0,0.0,0.0,0.0,0.0,0.0,0.0,0.0,0.0,3,10
Chelsea,2020-10-02,10538,9.262837940933936,0.0,0.0,0.0,0.0,0.0,0.0,0.0,0.0,0.0,0.0,0.0,0.0,0.0,4,10
Chelsea,2020-10-03,19399,9.87302834505142,1.0,1.0,4.0,0.0,4.0,1.0,0.0,0.0,0.0,0.0,0.0,0.0,3.0,5,10
Chelsea,2020-10-04,14936,9.611596635310292,0.0,0.0,0.0,0.0,0.0,0.0,0.0,0.0,1.0,1.0,0.0,0.0,3.0,6,10
Chelsea,2020-10-05,16819,9.73032393352694,0.0,0.0,0.0,0.0,0.0,0.0,0.0,0.0,0.0,0.0,0.0,0.0,3.0,0,10
Chelsea,2020-10-06,20377,9.92221116653423,0.0,0.0,0.0,0.0,0.0,0.0,0.0,0.0,0.0,0.0,0.0,0.0,3.0,1,10
Chelsea,2020-10-07,13290,9.494842393421333,0.0,0.0,0.0,0.0,0.0,0.0,0.0,0.0,0.0,0.0,0.0,0.0,3.0,2,10
Chelsea,2020-10-08,10209,9.231122911158712,0.0,0.0,0.0,0.0,0.0,0.0,0.0,0.0,0.0,0.0,0.0,0.0,0.0,3,10
Chelsea,2020-10-09,9255,9.133027268873512,0.0,0.0,0.0,0.0,0.0,0.0,0.0,0.0,0.0,0.0,0.0,0.0,0.0,4,10
Chelsea,2020-10-10,8632,9.063347348235522,0.0,0.0,0.0,0.0,0.0,0.0,0.0,0.0,0.0,0.0,0.0,0.0,0.0,5,10
Chelsea,2020-10-11,8790,9.081483749851179,0.0,0.0,0.0,0.0,0.0,0.0,0.0,0.0,0.0,0.0,0.0,0.0,0.0,6,10
Chelsea,2020-10-12,8309,9.025214887849494,0.0,0.0,0.0,0.0,0.0,0.0,0.0,0.0,0.0,0.0,0.0,0.0,0.0,0,10
Chelsea,2020-10-13,7975,8.984192311641674,0.0,0.0,0.0,0.0,0.0,0.0,0.0,0.0,0.0,0.0,0.0,0.0,0.0,1,10
Chelsea,2020-10-14,7467,8.918382504661613,0.0,0.0,0.0,0.0,0.0,0.0,0.0,0.0,0.0,0.0,0.0,0.0,0.0,2,10
Chelsea,2020-10-15,7555,8.9300972286214,0.0,0.0,0.0,0.0,0.0,0.0,0.0,0.0,0.0,0.0,0.0,0.0,0.0,3,10
Chelsea,2020-10-16,8490,9.046762057999363,0.0,0.0,0.0,0.0,0.0,0.0,0.0,0.0,0.0,0.0,0.0,0.0,0.0,4,10
Chelsea,2020-10-17,15545,9.651558649790164,1.0,1.0,3.0,3.0,0.0,0.0,1.0,0.0,0.0,0.0,0.0,0.0,1.0,5,10
Chelsea,2020-10-18,10445,9.253974408996244,0.0,0.0,0.0,0.0,0.0,0.0,0.0,0.0,1.0,0.0,1.0,0.0,1.0,6,10
Chelsea,2020-10-19,9263,9.133891199812776,0.0,0.0,0.0,0.0,0.0,0.0,0.0,0.0,0.0,0.0,0.0,0.0,1.0,0,10
Chelsea,2020-10-20,18633,9.83274314801037,0.0,0.0,0.0,0.0,0.0,0.0,0.0,0.0,0.0,0.0,0.0,0.0,1.0,1,10
Chelsea,2020-10-21,18575,9.829625703937673,0.0,0.0,0.0,0.0,0.0,0.0,0.0,0.0,0.0,0.0,0.0,0.0,1.0,2,10
Chelsea,2020-10-22,10901,9.296701537624227,0.0,0.0,0.0,0.0,0.0,0.0,0.0,0.0,0.0,0.0,0.0,0.0,0.0,3,10
Chelsea,2020-10-23,9653,9.175127616220438,0.0,0.0,0.0,0.0,0.0,0.0,0.0,0.0,0.0,0.0,0.0,0.0,0.0,4,10
Chelsea,2020-10-24,18242,9.811536723788219,1.0,0.0,0.0,0.0,0.0,0.0,1.0,0.0,0.0,0.0,0.0,0.0,1.0,5,10
Chelsea,2020-10-25,10612,9.269834943761822,0.0,0.0,0.0,0.0,0.0,0.0,0.0,0.0,1.0,0.0,1.0,0.0,1.0,6,10
Chelsea,2020-10-26,7980,8.984818995876008,0.0,0.0,0.0,0.0,0.0,0.0,0.0,0.0,0.0,0.0,0.0,0.0,1.0,0,10
Chelsea,2020-10-27,8096,8.999248901686114,0.0,0.0,0.0,0.0,0.0,0.0,0.0,0.0,0.0,0.0,0.0,0.0,1.0,1,10
Chelsea,2020-10-28,12751,9.453443401029997,0.0,0.0,0.0,0.0,0.0,0.0,0.0,0.0,0.0,0.0,0.0,0.0,1.0,2,10
Chelsea,2020-10-29,10238,9.233959237574817,0.0,0.0,0.0,0.0,0.0,0.0,0.0,0.0,0.0,0.0,0.0,0.0,0.0,3,10
Chelsea,2020-10-30,8448,9.041803370152845,0.0,0.0,0.0,0.0,0.0,0.0,0.0,0.0,0.0,0.0,0.0,0.0,0.0,4,10
Chelsea,2020-10-31,13197,9.487820581943367,1.0,0.0,3.0,0.0,3.0,1.0,0.0,0.0,0.0,0.0,0.0,0.0,3.0,5,10
Chelsea,2020-11-01,10317,9.241645221804594,0.0,0.0,0.0,0.0,0.0,0.0,0.0,0.0,1.0,1.0,0.0,0.0,3.0,6,11
Chelsea,2020-11-02,8575,9.056722883310583,0.0,0.0,0.0,0.0,0.0,0.0,0.0,0.0,0.0,0.0,0.0,0.0,3.0,0,11
Chelsea,2020-11-03,8421,9.038602608721874,0.0,0.0,0.0,0.0,0.0,0.0,0.0,0.0,0.0,0.0,0.0,0.0,3.0,1,11
Chelsea,2020-11-04,10290,9.239025005836092,0.0,0.0,0.0,0.0,0.0,0.0,0.0,0.0,0.0,0.0,0.0,0.0,3.0,2,11
Chelsea,2020-11-05,10034,9.213834261230438,0.0,0.0,0.0,0.0,0.0,0.0,0.0,0.0,0.0,0.0,0.0,0.0,0.0,3,11
Chelsea,2020-11-06,7247,8.888480847722816,0.0,0.0,0.0,0.0,0.0,0.0,0.0,0.0,0.0,0.0,0.0,0.0,0.0,4,11
Chelsea,2020-11-07,13796,9.532206456208034,1.0,1.0,4.0,1.0,3.0,1.0,0.0,0.0,0.0,0.0,0.0,0.0,3.0,5,11
Chelsea,2020-11-08,12050,9.396902923027392,0.0,0.0,0.0,0.0,0.0,0.0,0.0,0.0,1.0,1.0,0.0,0.0,3.0,6,11
Chelsea,2020-11-09,8403,9.036463061964891,0.0,0.0,0.0,0.0,0.0,0.0,0.0,0.0,0.0,0.0,0.0,0.0,3.0,0,11
Chelsea,2020-11-10,7311,8.897272113133987,0.0,0.0,0.0,0.0,0.0,0.0,0.0,0.0,0.0,0.0,0.0,0.0,3.0,1,11
Chelsea,2020-11-11,6905,8.840145877949938,0.0,0.0,0.0,0.0,0.0,0.0,0.0,0.0,0.0,0.0,0.0,0.0,3.0,2,11
Chelsea,2020-11-12,6882,8.836809882398365,0.0,0.0,0.0,0.0,0.0,0.0,0.0,0.0,0.0,0.0,0.0,0.0,0.0,3,11
Chelsea,2020-11-13,6198,8.73214326770192,0.0,0.0,0.0,0.0,0.0,0.0,0.0,0.0,0.0,0.0,0.0,0.0,0.0,4,11
Chelsea,2020-11-14,6634,8.800113946766308,0.0,0.0,0.0,0.0,0.0,0.0,0.0,0.0,0.0,0.0,0.0,0.0,0.0,5,11
Chelsea,2020-11-15,6988,8.85209276347713,0.0,0.0,0.0,0.0,0.0,0.0,0.0,0.0,0.0,0.0,0.0,0.0,0.0,6,11
Chelsea,2020-11-16,6696,8.80941494391005,0.0,0.0,0.0,0.0,0.0,0.0,0.0,0.0,0.0,0.0,0.0,0.0,0.0,0,11
Chelsea,2020-11-17,6516,8.78216942633238,0.0,0.0,0.0,0.0,0.0,0.0,0.0,0.0,0.0,0.0,0.0,0.0,0.0,1,11
Chelsea,2020-11-18,7011,8.855378246041125,0.0,0.0,0.0,0.0,0.0,0.0,0.0,0.0,0.0,0.0,0.0,0.0,0.0,2,11
Chelsea,2020-11-19,6455,8.772765209949785,0.0,0.0,0.0,0.0,0.0,0.0,0.0,0.0,0.0,0.0,0.0,0.0,0.0,3,11
Chelsea,2020-11-20,6296,8.747828608488742,0.0,0.0,0.0,0.0,0.0,0.0,0.0,0.0,0.0,0.0,0.0,0.0,0.0,4,11
Chelsea,2020-11-21,12830,9.459619396895018,1.0,0.0,2.0,0.0,2.0,1.0,0.0,0.0,0.0,0.0,0.0,0.0,3.0,5,11
Chelsea,2020-11-22,10123,9.222664121665014,0.0,0.0,0.0,0.0,0.0,0.0,0.0,0.0,1.0,1.0,0.0,0.0,3.0,6,11
Chelsea,2020-11-23,8316,9.026056891868688,0.0,0.0,0.0,0.0,0.0,0.0,0.0,0.0,0.0,0.0,0.0,0.0,3.0,0,11
Chelsea,2020-11-24,11448,9.345657668923812,0.0,0.0,0.0,0.0,0.0,0.0,0.0,0.0,0.0,0.0,0.0,0.0,3.0,1,11
Chelsea,2020-11-25,9034,9.10886120302633,0.0,0.0,0.0,0.0,0.0,0.0,0.0,0.0,0.0,0.0,0.0,0.0,3.0,2,11
Chelsea,2020-11-26,7342,8.90150275745161,0.0,0.0,0.0,0.0,0.0,0.0,0.0,0.0,0.0,0.0,0.0,0.0,0.0,3,11
Chelsea,2020-11-27,7190,8.880585523102495,0.0,0.0,0.0,0.0,0.0,0.0,0.0,0.0,0.0,0.0,0.0,0.0,0.0,4,11
Chelsea,2020-11-28,9562,9.165656764349542,0.0,0.0,0.0,0.0,0.0,0.0,0.0,0.0,0.0,0.0,0.0,0.0,0.0,5,11
Chelsea,2020-11-29,18141,9.80598497117489,1.0,1.0,0.0,0.0,0.0,0.0,1.0,0.0,0.0,0.0,0.0,0.0,1.0,6,11
Chelsea,2020-11-30,9249,9.132378830506472,0.0,0.0,0.0,0.0,0.0,0.0,0.0,0.0,1.0,0.0,1.0,0.0,1.0,0,11
Chelsea,2020-12-01,7954,8.981555940771887,0.0,0.0,0.0,0.0,0.0,0.0,0.0,0.0,0.0,0.0,0.0,0.0,1.0,1,12
Chelsea,2020-12-02,10181,9.228376734462282,0.0,0.0,0.0,0.0,0.0,0.0,0.0,0.0,0.0,0.0,0.0,0.0,1.0,2,12
Chelsea,2020-12-03,11485,9.348884181424243,0.0,0.0,0.0,0.0,0.0,0.0,0.0,0.0,0.0,0.0,0.0,0.0,1.0,3,12
Chelsea,2020-12-04,8095,8.999125391527247,0.0,0.0,0.0,0.0,0.0,0.0,0.0,0.0,0.0,0.0,0.0,0.0,0.0,4,12
Chelsea,2020-12-05,14311,9.568853625188556,1.0,1.0,3.0,1.0,2.0,1.0,0.0,0.0,0.0,0.0,0.0,0.0,3.0,5,12
Chelsea,2020-12-06,14060,9.551160286590816,0.0,0.0,0.0,0.0,0.0,0.0,0.0,0.0,1.0,1.0,0.0,0.0,3.0,6,12
Chelsea,2020-12-07,9832,9.193499354780156,0.0,0.0,0.0,0.0,0.0,0.0,0.0,0.0,0.0,0.0,0.0,0.0,3.0,0,12
Chelsea,2020-12-08,10981,9.304012847838818,0.0,0.0,0.0,0.0,0.0,0.0,0.0,0.0,0.0,0.0,0.0,0.0,3.0,1,12
Chelsea,2020-12-09,9422,9.150908788206756,0.0,0.0,0.0,0.0,0.0,0.0,0.0,0.0,0.0,0.0,0.0,0.0,3.0,2,12
Chelsea,2020-12-10,8270,9.020510699691906,0.0,0.0,0.0,0.0,0.0,0.0,0.0,0.0,0.0,0.0,0.0,0.0,0.0,3,12
Chelsea,2020-12-11,7129,8.872066513408342,0.0,0.0,0.0,0.0,0.0,0.0,0.0,0.0,0.0,0.0,0.0,0.0,0.0,4,12
Chelsea,2020-12-12,11178,9.321792297270326,1.0,0.0,0.0,1.0,-1.0,0.0,0.0,1.0,0.0,0.0,0.0,0.0,0.0,5,12
Chelsea,2020-12-13,8955,9.100078977718645,0.0,0.0,0.0,0.0,0.0,0.0,0.0,0.0,1.0,0.0,0.0,1.0,0.0,6,12
Chelsea,2020-12-14,9056,9.111293218374948,0.0,0.0,0.0,0.0,0.0,0.0,0.0,0.0,0.0,0.0,0.0,0.0,0.0,0,12
Chelsea,2020-12-15,12379,9.423837546238587,1.0,0.0,1.0,2.0,-1.0,0.0,0.0,1.0,0.0,0.0,0.0,0.0,0.0,1,12
Chelsea,2020-12-16,8936,9.097955241381392,0.0,0.0,0.0,0.0,0.0,0.0,0.0,0.0,1.0,0.0,0.0,1.0,0.0,2,12
Chelsea,2020-12-17,6712,8.811801223938751,0.0,0.0,0.0,0.0,0.0,0.0,0.0,0.0,0.0,0.0,0.0,0.0,0.0,3,12
Chelsea,2020-12-18,6197,8.731981938347694,0.0,0.0,0.0,0.0,0.0,0.0,0.0,0.0,0.0,0.0,0.0,0.0,0.0,4,12
Chelsea,2020-12-19,6927,8.843326450242271,0.0,0.0,0.0,0.0,0.0,0.0,0.0,0.0,0.0,0.0,0.0,0.0,0.0,5,12
Chelsea,2020-12-20,7588,8.934455109403913,0.0,0.0,0.0,0.0,0.0,0.0,0.0,0.0,0.0,0.0,0.0,0.0,0.0,6,12
Chelsea,2020-12-21,11009,9.306559229716726,1.0,1.0,3.0,0.0,3.0,1.0,0.0,0.0,0.0,0.0,0.0,0.0,3.0,0,12
Chelsea,2020-12-22,9814,9.191667106710561,0.0,0.0,0.0,0.0,0.0,0.0,0.0,0.0,1.0,1.0,0.0,0.0,3.0,1,12
Chelsea,2020-12-23,7579,8.933268478636418,0.0,0.0,0.0,0.0,0.0,0.0,0.0,0.0,0.0,0.0,0.0,0.0,3.0,2,12
Chelsea,2020-12-24,6331,8.753371421000903,0.0,0.0,0.0,0.0,0.0,0.0,0.0,0.0,0.0,0.0,0.0,0.0,3.0,3,12
Chelsea,2020-12-25,6140,8.722742874329398,0.0,0.0,0.0,0.0,0.0,0.0,0.0,0.0,0.0,0.0,0.0,0.0,3.0,4,12
Chelsea,2020-12-26,15129,9.624434806782402,1.0,0.0,1.0,3.0,-2.0,0.0,0.0,1.0,0.0,0.0,0.0,0.0,0.0,5,12
Chelsea,2020-12-27,9917,9.202106567049078,0.0,0.0,0.0,0.0,0.0,0.0,0.0,0.0,1.0,0.0,0.0,1.0,0.0,6,12
Chelsea,2020-12-28,13370,9.500843461614666,1.0,1.0,1.0,1.0,0.0,0.0,1.0,0.0,0.0,0.0,0.0,0.0,1.0,0,12
Chelsea,2020-12-29,9265,9.134107065976593,0.0,0.0,0.0,0.0,0.0,0.0,0.0,0.0,1.0,0.0,1.0,0.0,1.0,1,12
Chelsea,2020-12-30,7120,8.870803443982124,0.0,0.0,0.0,0.0,0.0,0.0,0.0,0.0,0.0,0.0,0.0,0.0,1.0,2,12
Chelsea,2020-12-31,6149,8.724207360800564,0.0,0.0,0.0,0.0,0.0,0.0,0.0,0.0,0.0,0.0,0.0,0.0,1.0,3,12
Chelsea,2021-01-01,6826,8.82864061741828,0.0,0.0,0.0,0.0,0.0,0.0,0.0,0.0,0.0,0.0,0.0,0.0,1.0,4,1
Chelsea,2021-01-02,7756,8.956350940490871,0.0,0.0,0.0,0.0,0.0,0.0,0.0,0.0,0.0,0.0,0.0,0.0,0.0,5,1
Chelsea,2021-01-03,17580,9.774574052442789,1.0,1.0,1.0,3.0,-2.0,0.0,0.0,1.0,0.0,0.0,0.0,0.0,0.0,6,1
Chelsea,2021-01-04,11908,9.385049695767997,0.0,0.0,0.0,0.0,0.0,0.0,0.0,0.0,1.0,0.0,0.0,1.0,0.0,0,1
Chelsea,2021-01-05,8881,9.091782035852047,0.0,0.0,0.0,0.0,0.0,0.0,0.0,0.0,0.0,0.0,0.0,0.0,0.0,1,1
Chelsea,2021-01-06,7560,8.93075873555827,0.0,0.0,0.0,0.0,0.0,0.0,0.0,0.0,0.0,0.0,0.0,0.0,0.0,2,1
Chelsea,2021-01-07,6751,8.817594036275793,0.0,0.0,0.0,0.0,0.0,0.0,0.0,0.0,0.0,0.0,0.0,0.0,0.0,3,1
Chelsea,2021-01-08,6605,8.795733605950735,0.0,0.0,0.0,0.0,0.0,0.0,0.0,0.0,0.0,0.0,0.0,0.0,0.0,4,1
Chelsea,2021-01-09,7096,8.867427438524983,0.0,0.0,0.0,0.0,0.0,0.0,0.0,0.0,0.0,0.0,0.0,0.0,0.0,5,1
Chelsea,2021-01-10,9033,9.108750516214549,0.0,0.0,0.0,0.0,0.0,0.0,0.0,0.0,0.0,0.0,0.0,0.0,0.0,6,1
Chelsea,2021-01-11,6675,8.806274284781725,0.0,0.0,0.0,0.0,0.0,0.0,0.0,0.0,0.0,0.0,0.0,0.0,0.0,0,1
Chelsea,2021-01-12,7010,8.855235623206967,0.0,0.0,0.0,0.0,0.0,0.0,0.0,0.0,0.0,0.0,0.0,0.0,0.0,1,1
Chelsea,2021-01-13,7475,8.919453168575453,0.0,0.0,0.0,0.0,0.0,0.0,0.0,0.0,0.0,0.0,0.0,0.0,0.0,2,1
Chelsea,2021-01-14,7987,8.985695694535705,0.0,0.0,0.0,0.0,0.0,0.0,0.0,0.0,0.0,0.0,0.0,0.0,0.0,3,1
Chelsea,2021-01-15,7412,8.910990494656719,0.0,0.0,0.0,0.0,0.0,0.0,0.0,0.0,0.0,0.0,0.0,0.0,0.0,4,1
Chelsea,2021-01-16,11020,9.307557822691543,1.0,0.0,1.0,0.0,1.0,1.0,0.0,0.0,0.0,0.0,0.0,0.0,3.0,5,1
Chelsea,2021-01-17,9874,9.197761589769323,0.0,0.0,0.0,0.0,0.0,0.0,0.0,0.0,1.0,1.0,0.0,0.0,3.0,6,1
Chelsea,2021-01-18,7896,8.97423821949758,0.0,0.0,0.0,0.0,0.0,0.0,0.0,0.0,0.0,0.0,0.0,0.0,3.0,0,1
Chelsea,2021-01-19,11938,9.387565631345389,1.0,0.0,0.0,2.0,-2.0,0.0,0.0,1.0,0.0,0.0,0.0,0.0,3.0,1,1
Chelsea,2021-01-20,10969,9.302919553269277,0.0,0.0,0.0,0.0,0.0,0.0,0.0,0.0,1.0,0.0,0.0,1.0,3.0,2,1
Chelsea,2021-01-21,7801,8.962135390066601,0.0,0.0,0.0,0.0,0.0,0.0,0.0,0.0,0.0,0.0,0.0,0.0,0.0,3,1
Chelsea,2021-01-22,8262,9.019542996701185,0.0,0.0,0.0,0.0,0.0,0.0,0.0,0.0,0.0,0.0,0.0,0.0,0.0,4,1
Chelsea,2021-01-23,8771,9.079320109537779,0.0,0.0,0.0,0.0,0.0,0.0,0.0,0.0,0.0,0.0,0.0,0.0,0.0,5,1
Chelsea,2021-01-24,13048,9.476466781462246,0.0,0.0,0.0,0.0,0.0,0.0,0.0,0.0,0.0,0.0,0.0,0.0,0.0,6,1
Chelsea,2021-01-25,51710,10.853425803822502,0.0,0.0,0.0,0.0,0.0,0.0,0.0,0.0,0.0,0.0,0.0,0.0,0.0,0,1
Chelsea,2021-01-26,39756,10.590541205207513,0.0,0.0,0.0,0.0,0.0,0.0,0.0,0.0,0.0,0.0,0.0,0.0,0.0,1,1
Chelsea,2021-01-27,31717,10.364639622058545,1.0,1.0,0.0,0.0,0.0,0.0,1.0,0.0,0.0,0.0,0.0,0.0,1.0,2,1
Chelsea,2021-01-28,15653,9.658481754364784,0.0,0.0,0.0,0.0,0.0,0.0,0.0,0.0,1.0,0.0,1.0,0.0,1.0,3,1
Chelsea,2021-01-29,10638,9.272281773516365,0.0,0.0,0.0,0.0,0.0,0.0,0.0,0.0,0.0,0.0,0.0,0.0,1.0,4,1
Chelsea,2021-01-30,11473,9.347838885161817,0.0,0.0,0.0,0.0,0.0,0.0,0.0,0.0,0.0,0.0,0.0,0.0,1.0,5,1
Chelsea,2021-01-31,17404,9.764512800245539,1.0,1.0,2.0,0.0,2.0,1.0,0.0,0.0,0.0,0.0,0.0,0.0,4.0,6,1
Chelsea,2021-02-01,11015,9.307104040408491,0.0,0.0,0.0,0.0,0.0,0.0,0.0,0.0,1.0,1.0,0.0,0.0,3.0,0,2
Chelsea,2021-02-02,10510,9.260177606823355,0.0,0.0,0.0,0.0,0.0,0.0,0.0,0.0,0.0,0.0,0.0,0.0,3.0,1,2
Chelsea,2021-02-03,9970,9.207436158828793,0.0,0.0,0.0,0.0,0.0,0.0,0.0,0.0,0.0,0.0,0.0,0.0,3.0,2,2
Chelsea,2021-02-04,16202,9.692951689261001,1.0,0.0,1.0,0.0,1.0,1.0,0.0,0.0,0.0,0.0,0.0,0.0,6.0,3,2
Chelsea,2021-02-05,11030,9.308464769969381,0.0,0.0,0.0,0.0,0.0,0.0,0.0,0.0,1.0,1.0,0.0,0.0,3.0,4,2
Chelsea,2021-02-06,9665,9.17636985240503,0.0,0.0,0.0,0.0,0.0,0.0,0.0,0.0,0.0,0.0,0.0,0.0,3.0,5,2
Chelsea,2021-02-07,13451,9.50688307286016,1.0,0.0,2.0,1.0,1.0,1.0,0.0,0.0,0.0,0.0,0.0,0.0,6.0,6,2
Chelsea,2021-02-08,9754,9.185535253057212,0.0,0.0,0.0,0.0,0.0,0.0,0.0,0.0,1.0,1.0,0.0,0.0,6.0,0,2
Chelsea,2021-02-09,8703,9.071537969095724,0.0,0.0,0.0,0.0,0.0,0.0,0.0,0.0,0.0,0.0,0.0,0.0,3.0,1,2
Chelsea,2021-02-10,8479,9.045465728785949,0.0,0.0,0.0,0.0,0.0,0.0,0.0,0.0,0.0,0.0,0.0,0.0,3.0,2,2
Chelsea,2021-02-11,11670,9.364862411412354,0.0,0.0,0.0,0.0,0.0,0.0,0.0,0.0,0.0,0.0,0.0,0.0,3.0,3,2
Chelsea,2021-02-12,7918,8.977020214210413,0.0,0.0,0.0,0.0,0.0,0.0,0.0,0.0,0.0,0.0,0.0,0.0,0.0,4,2
Chelsea,2021-02-13,8488,9.046526486737967,0.0,0.0,0.0,0.0,0.0,0.0,0.0,0.0,0.0,0.0,0.0,0.0,0.0,5,2
Chelsea,2021-02-14,7834,8.966356154790121,0.0,0.0,0.0,0.0,0.0,0.0,0.0,0.0,0.0,0.0,0.0,0.0,0.0,6,2
Chelsea,2021-02-15,12531,9.436040652072082,1.0,1.0,2.0,0.0,2.0,1.0,0.0,0.0,0.0,0.0,0.0,0.0,3.0,0,2
Chelsea,2021-02-16,10725,9.280425979542871,0.0,0.0,0.0,0.0,0.0,0.0,0.0,0.0,1.0,1.0,0.0,0.0,3.0,1,2
Chelsea,2021-02-17,8269,9.020389788017736,0.0,0.0,0.0,0.0,0.0,0.0,0.0,0.0,0.0,0.0,0.0,0.0,3.0,2,2
Chelsea,2021-02-18,7809,8.963160242833732,0.0,0.0,0.0,0.0,0.0,0.0,0.0,0.0,0.0,0.0,0.0,0.0,3.0,3,2
Chelsea,2021-02-19,7237,8.887100204123687,0.0,0.0,0.0,0.0,0.0,0.0,0.0,0.0,0.0,0.0,0.0,0.0,3.0,4,2
Chelsea,2021-02-20,12508,9.434203664214742,1.0,0.0,1.0,1.0,0.0,0.0,1.0,0.0,0.0,0.0,0.0,0.0,1.0,5,2
Chelsea,2021-02-21,9181,9.125000324809168,0.0,0.0,0.0,0.0,0.0,0.0,0.0,0.0,1.0,0.0,1.0,0.0,1.0,6,2
Chelsea,2021-02-22,8158,9.0068768914288,0.0,0.0,0.0,0.0,0.0,0.0,0.0,0.0,0.0,0.0,0.0,0.0,1.0,0,2
Chelsea,2021-02-23,16436,9.707290170206525,0.0,0.0,0.0,0.0,0.0,0.0,0.0,0.0,0.0,0.0,0.0,0.0,1.0,1,2
Chelsea,2021-02-24,13945,9.542948007780955,0.0,0.0,0.0,0.0,0.0,0.0,0.0,0.0,0.0,0.0,0.0,0.0,1.0,2,2
Chelsea,2021-02-25,9046,9.110188490025742,0.0,0.0,0.0,0.0,0.0,0.0,0.0,0.0,0.0,0.0,0.0,0.0,0.0,3,2
Chelsea,2021-02-26,8319,9.026417533815254,0.0,0.0,0.0,0.0,0.0,0.0,0.0,0.0,0.0,0.0,0.0,0.0,0.0,4,2
Chelsea,2021-02-27,8799,9.082507000466299,0.0,0.0,0.0,0.0,0.0,0.0,0.0,0.0,0.0,0.0,0.0,0.0,0.0,5,2
Chelsea,2021-02-28,18287,9.814000386034591,1.0,1.0,0.0,0.0,0.0,0.0,1.0,0.0,0.0,0.0,0.0,0.0,1.0,6,2
Chelsea,2021-03-01,9622,9.171911345356401,0.0,0.0,0.0,0.0,0.0,0.0,0.0,0.0,1.0,0.0,1.0,0.0,1.0,0,3
Chelsea,2021-03-02,8806,9.08330213880546,0.0,0.0,0.0,0.0,0.0,0.0,0.0,0.0,0.0,0.0,0.0,0.0,1.0,1,3
Chelsea,2021-03-03,8665,9.067162602299854,0.0,0.0,0.0,0.0,0.0,0.0,0.0,0.0,0.0,0.0,0.0,0.0,1.0,2,3
Chelsea,2021-03-04,15534,9.650850821827147,1.0,0.0,1.0,0.0,1.0,1.0,0.0,0.0,0.0,0.0,0.0,0.0,4.0,3,3
Chelsea,2021-03-05,12964,9.470008697972764,0.0,0.0,0.0,0.0,0.0,0.0,0.0,0.0,1.0,1.0,0.0,0.0,3.0,4,3
Chelsea,2021-03-06,9592,9.168788944817948,0.0,0.0,0.0,0.0,0.0,0.0,0.0,0.0,0.0,0.0,0.0,0.0,3.0,5,3
Chelsea,2021-03-07,10418,9.251386341412184,0.0,0.0,0.0,0.0,0.0,0.0,0.0,0.0,0.0,0.0,0.0,0.0,3.0,6,3
Chelsea,2021-03-08,14632,9.591034531092426,1.0,1.0,2.0,0.0,2.0,1.0,0.0,0.0,0.0,0.0,0.0,0.0,6.0,0,3
Chelsea,2021-03-09,12368,9.42294862137501,0.0,0.0,0.0,0.0,0.0,0.0,0.0,0.0,1.0,1.0,0.0,0.0,3.0,1,3
Chelsea,2021-03-10,13649,9.521494800613105,0.0,0.0,0.0,0.0,0.0,0.0,0.0,0.0,0.0,0.0,0.0,0.0,3.0,2,3
Chelsea,2021-03-11,10105,9.220884585851854,0.0,0.0,0.0,0.0,0.0,0.0,0.0,0.0,0.0,0.0,0.0,0.0,3.0,3,3
Chelsea,2021-03-12,8911,9.095153962167066,0.0,0.0,0.0,0.0,0.0,0.0,0.0,0.0,0.0,0.0,0.0,0.0,3.0,4,3
Chelsea,2021-03-13,12043,9.396321889601625,1.0,0.0,0.0,0.0,0.0,0.0,1.0,0.0,0.0,0.0,0.0,0.0,1.0,5,3
Chelsea,2021-03-14,9084,9.114379980830272,0.0,0.0,0.0,0.0,0.0,0.0,0.0,0.0,1.0,0.0,1.0,0.0,1.0,6,3
Chelsea,2021-03-15,8116,9.001715906761175,0.0,0.0,0.0,0.0,0.0,0.0,0.0,0.0,0.0,0.0,0.0,0.0,1.0,0,3
Chelsea,2021-03-16,8183,9.009936307631463,0.0,0.0,0.0,0.0,0.0,0.0,0.0,0.0,0.0,0.0,0.0,0.0,1.0,1,3
Chelsea,2021-03-17,20603,9.933240510685476,0.0,0.0,0.0,0.0,0.0,0.0,0.0,0.0,0.0,0.0,0.0,0.0,1.0,2,3
Chelsea,2021-03-18,17504,9.770241833388766,0.0,0.0,0.0,0.0,0.0,0.0,0.0,0.0,0.0,0.0,0.0,0.0,0.0,3,3
Chelsea,2021-03-19,13556,9.51465829807939,0.0,0.0,0.0,0.0,0.0,0.0,0.0,0.0,0.0,0.0,0.0,0.0,0.0,4,3
Chelsea,2021-03-20,11084,9.313348122050412,0.0,0.0,0.0,0.0,0.0,0.0,0.0,0.0,0.0,0.0,0.0,0.0,0.0,5,3
Chelsea,2021-03-21,16423,9.70649895869877,0.0,0.0,0.0,0.0,0.0,0.0,0.0,0.0,0.0,0.0,0.0,0.0,0.0,6,3
Chelsea,2021-03-22,9654,9.175231194862615,0.0,0.0,0.0,0.0,0.0,0.0,0.0,0.0,0.0,0.0,0.0,0.0,0.0,0,3
Chelsea,2021-03-23,8165,9.007734471879521,0.0,0.0,0.0,0.0,0.0,0.0,0.0,0.0,0.0,0.0,0.0,0.0,0.0,1,3
Chelsea,2021-03-24,8019,8.98969370086056,0.0,0.0,0.0,0.0,0.0,0.0,0.0,0.0,0.0,0.0,0.0,0.0,0.0,2,3
Chelsea,2021-03-25,8227,9.015298250772847,0.0,0.0,0.0,0.0,0.0,0.0,0.0,0.0,0.0,0.0,0.0,0.0,0.0,3,3
Chelsea,2021-03-26,7210,8.88336291691676,0.0,0.0,0.0,0.0,0.0,0.0,0.0,0.0,0.0,0.0,0.0,0.0,0.0,4,3
Chelsea,2021-03-27,6984,8.851520271691061,0.0,0.0,0.0,0.0,0.0,0.0,0.0,0.0,0.0,0.0,0.0,0.0,0.0,5,3
Chelsea,2021-03-28,7187,8.88016824790345,0.0,0.0,0.0,0.0,0.0,0.0,0.0,0.0,0.0,0.0,0.0,0.0,0.0,6,3
Chelsea,2021-03-29,6907,8.84043543926657,0.0,0.0,0.0,0.0,0.0,0.0,0.0,0.0,0.0,0.0,0.0,0.0,0.0,0,3
Chelsea,2021-03-30,6873,8.835501457409778,0.0,0.0,0.0,0.0,0.0,0.0,0.0,0.0,0.0,0.0,0.0,0.0,0.0,1,3
Chelsea,2021-03-31,7144,8.874168090363968,0.0,0.0,0.0,0.0,0.0,0.0,0.0,0.0,0.0,0.0,0.0,0.0,0.0,2,3
Chelsea,2021-04-01,6672,8.805824812903607,0.0,0.0,0.0,0.0,0.0,0.0,0.0,0.0,0.0,0.0,0.0,0.0,0.0,3,4
Chelsea,2021-04-02,7466,8.918248591035702,0.0,0.0,0.0,0.0,0.0,0.0,0.0,0.0,0.0,0.0,0.0,0.0,0.0,4,4
Chelsea,2021-04-03,12898,9.464905067965136,1.0,1.0,2.0,5.0,-3.0,0.0,0.0,1.0,0.0,0.0,0.0,0.0,0.0,5,4
Chelsea,2021-04-04,8406,9.036819971135296,0.0,0.0,0.0,0.0,0.0,0.0,0.0,0.0,1.0,0.0,0.0,1.0,0.0,6,4
Chelsea,2021-04-05,7929,8.978408314628894,0.0,0.0,0.0,0.0,0.0,0.0,0.0,0.0,0.0,0.0,0.0,0.0,0.0,0,4
Chelsea,2021-04-06,8682,9.069122370060645,0.0,0.0,0.0,0.0,0.0,0.0,0.0,0.0,0.0,0.0,0.0,0.0,0.0,1,4
Chelsea,2021-04-07,15600,9.65509029374725,0.0,0.0,0.0,0.0,0.0,0.0,0.0,0.0,0.0,0.0,0.0,0.0,0.0,2,4
Chelsea,2021-04-08,12892,9.464439807410837,0.0,0.0,0.0,0.0,0.0,0.0,0.0,0.0,0.0,0.0,0.0,0.0,0.0,3,4
Chelsea,2021-04-09,8062,8.995040974685022,0.0,0.0,0.0,0.0,0.0,0.0,0.0,0.0,0.0,0.0,0.0,0.0,0.0,4,4
Chelsea,2021-04-10,13926,9.541584681053092,1.0,0.0,4.0,1.0,3.0,1.0,0.0,0.0,0.0,0.0,0.0,0.0,3.0,5,4
Chelsea,2021-04-11,10880,9.294773427951013,0.0,0.0,0.0,0.0,0.0,0.0,0.0,0.0,1.0,1.0,0.0,0.0,3.0,6,4
Chelsea,2021-04-12,9082,9.114159813502214,0.0,0.0,0.0,0.0,0.0,0.0,0.0,0.0,0.0,0.0,0.0,0.0,3.0,0,4
Chelsea,2021-04-13,16400,9.70509758756311,0.0,0.0,0.0,0.0,0.0,0.0,0.0,0.0,0.0,0.0,0.0,0.0,3.0,1,4
Chelsea,2021-04-14,18152,9.80659111529043,0.0,0.0,0.0,0.0,0.0,0.0,0.0,0.0,0.0,0.0,0.0,0.0,3.0,2,4
Chelsea,2021-04-15,15411,9.642901705746048,0.0,0.0,0.0,0.0,0.0,0.0,0.0,0.0,0.0,0.0,0.0,0.0,0.0,3,4
Chelsea,2021-04-16,11039,9.309280319831087,0.0,0.0,0.0,0.0,0.0,0.0,0.0,0.0,0.0,0.0,0.0,0.0,0.0,4,4
Chelsea,2021-04-17,22604,10.025926399728705,0.0,0.0,0.0,0.0,0.0,0.0,0.0,0.0,0.0,0.0,0.0,0.0,0.0,5,4
Chelsea,2021-04-18,18650,9.833655042937448,0.0,0.0,0.0,0.0,0.0,0.0,0.0,0.0,0.0,0.0,0.0,0.0,0.0,6,4
Chelsea,2021-04-19,25899,10.16199824768763,0.0,0.0,0.0,0.0,0.0,0.0,0.0,0.0,0.0,0.0,0.0,0.0,0.0,0,4
Chelsea,2021-04-20,30758,10.3339379133382,1.0,1.0,0.0,0.0,0.0,0.0,1.0,0.0,0.0,0.0,0.0,0.0,1.0,1,4
Chelsea,2021-04-21,19339,9.869930769007285,0.0,0.0,0.0,0.0,0.0,0.0,0.0,0.0,1.0,0.0,1.0,0.0,1.0,2,4
Chelsea,2021-04-22,12113,9.402117087540892,0.0,0.0,0.0,0.0,0.0,0.0,0.0,0.0,0.0,0.0,0.0,0.0,1.0,3,4
Chelsea,2021-04-23,10729,9.280798835624744,0.0,0.0,0.0,0.0,0.0,0.0,0.0,0.0,0.0,0.0,0.0,0.0,1.0,4,4
Chelsea,2021-04-24,15627,9.656819456174961,1.0,0.0,1.0,0.0,1.0,1.0,0.0,0.0,0.0,0.0,0.0,0.0,4.0,5,4
Chelsea,2021-04-25,14121,9.555489144076292,0.0,0.0,0.0,0.0,0.0,0.0,0.0,0.0,1.0,1.0,0.0,0.0,3.0,6,4
Chelsea,2021-04-26,13137,9.483264073452418,0.0,0.0,0.0,0.0,0.0,0.0,0.0,0.0,0.0,0.0,0.0,0.0,3.0,0,4
Chelsea,2021-04-27,30503,10.3256131015374,0.0,0.0,0.0,0.0,0.0,0.0,0.0,0.0,0.0,0.0,0.0,0.0,3.0,1,4
Chelsea,2021-04-28,20548,9.93056755693987,0.0,0.0,0.0,0.0,0.0,0.0,0.0,0.0,0.0,0.0,0.0,0.0,3.0,2,4
Chelsea,2021-04-29,13743,9.528357644224037,0.0,0.0,0.0,0.0,0.0,0.0,0.0,0.0,0.0,0.0,0.0,0.0,0.0,3,4
Chelsea,2021-04-30,10500,9.259225769705994,0.0,0.0,0.0,0.0,0.0,0.0,0.0,0.0,0.0,0.0,0.0,0.0,0.0,4,4
Chelsea,2021-05-01,16091,9.686077533069678,1.0,1.0,2.0,0.0,2.0,1.0,0.0,0.0,0.0,0.0,0.0,0.0,3.0,5,5
Chelsea,2021-05-02,13575,9.516058806914062,0.0,0.0,0.0,0.0,0.0,0.0,0.0,0.0,1.0,1.0,0.0,0.0,3.0,6,5
Chelsea,2021-05-03,11563,9.355652103136237,0.0,0.0,0.0,0.0,0.0,0.0,0.0,0.0,0.0,0.0,0.0,0.0,3.0,0,5
Chelsea,2021-05-04,16552,9.714322633260165,0.0,0.0,0.0,0.0,0.0,0.0,0.0,0.0,0.0,0.0,0.0,0.0,3.0,1,5
Chelsea,2021-05-05,74804,11.222640006648332,0.0,0.0,0.0,0.0,0.0,0.0,0.0,0.0,0.0,0.0,0.0,0.0,3.0,2,5
Chelsea,2021-05-06,63171,11.053616443989945,0.0,0.0,0.0,0.0,0.0,0.0,0.0,0.0,0.0,0.0,0.0,0.0,0.0,3,5
Chelsea,2021-05-07,25611,10.150816270638693,0.0,0.0,0.0,0.0,0.0,0.0,0.0,0.0,0.0,0.0,0.0,0.0,0.0,4,5
Chelsea,2021-05-08,30888,10.338155412452387,1.0,0.0,2.0,1.0,1.0,1.0,0.0,0.0,0.0,0.0,0.0,0.0,3.0,5,5
Chelsea,2021-05-09,25403,10.142661920922865,0.0,0.0,0.0,0.0,0.0,0.0,0.0,0.0,1.0,1.0,0.0,0.0,3.0,6,5
Chelsea,2021-05-10,17458,9.767610553984774,0.0,0.0,0.0,0.0,0.0,0.0,0.0,0.0,0.0,0.0,0.0,0.0,3.0,0,5
Chelsea,2021-05-11,18613,9.831669264745656,0.0,0.0,0.0,0.0,0.0,0.0,0.0,0.0,0.0,0.0,0.0,0.0,3.0,1,5
Chelsea,2021-05-12,20830,9.944197540783914,1.0,1.0,0.0,1.0,-1.0,0.0,0.0,1.0,0.0,0.0,0.0,0.0,3.0,2,5
Chelsea,2021-05-13,15199,9.629050706834368,0.0,0.0,0.0,0.0,0.0,0.0,0.0,0.0,1.0,0.0,0.0,1.0,0.0,3,5
Chelsea,2021-05-14,13362,9.500244972781061,0.0,0.0,0.0,0.0,0.0,0.0,0.0,0.0,0.0,0.0,0.0,0.0,0.0,4,5
Chelsea,2021-05-15,32098,10.376580155984879,0.0,0.0,0.0,0.0,0.0,0.0,0.0,0.0,0.0,0.0,0.0,0.0,0.0,5,5
Chelsea,2021-05-16,17377,9.762960317399152,0.0,0.0,0.0,0.0,0.0,0.0,0.0,0.0,0.0,0.0,0.0,0.0,0.0,6,5
Chelsea,2021-05-17,13278,9.493939118990328,0.0,0.0,0.0,0.0,0.0,0.0,0.0,0.0,0.0,0.0,0.0,0.0,0.0,0,5
Chelsea,2021-05-18,18785,9.84086719055446,1.0,1.0,2.0,1.0,1.0,1.0,0.0,0.0,0.0,0.0,0.0,0.0,3.0,1,5
Chelsea,2021-05-19,16844,9.731809155840653,0.0,0.0,0.0,0.0,0.0,0.0,0.0,0.0,1.0,1.0,0.0,0.0,3.0,2,5
Chelsea,2021-05-20,12552,9.437714959818209,0.0,0.0,0.0,0.0,0.0,0.0,0.0,0.0,0.0,0.0,0.0,0.0,3.0,3,5
Chelsea,2021-05-21,11299,9.332558004700433,0.0,0.0,0.0,0.0,0.0,0.0,0.0,0.0,0.0,0.0,0.0,0.0,3.0,4,5
Chelsea,2021-05-22,10993,9.305104948420606,0.0,0.0,0.0,0.0,0.0,0.0,0.0,0.0,0.0,0.0,0.0,0.0,3.0,5,5
Chelsea,2021-05-23,17697,9.781206917827296,1.0,0.0,1.0,2.0,-1.0,0.0,0.0,1.0,0.0,0.0,0.0,0.0,0.0,6,5
Chelsea,2021-05-24,15361,9.639652206558628,0.0,0.0,0.0,0.0,0.0,0.0,0.0,0.0,1.0,0.0,0.0,1.0,0.0,0,5
Chelsea,2021-05-25,13061,9.477462530462603,0.0,0.0,0.0,0.0,0.0,0.0,0.0,0.0,0.0,0.0,0.0,0.0,0.0,1,5
Chelsea,2021-05-26,16315,9.699901500437448,0.0,0.0,0.0,0.0,0.0,0.0,0.0,0.0,0.0,0.0,0.0,0.0,0.0,2,5
Chelsea,2021-05-27,16730,9.725018565057663,0.0,0.0,0.0,0.0,0.0,0.0,0.0,0.0,0.0,0.0,0.0,0.0,0.0,3,5
Chelsea,2021-05-28,18024,9.79951496215315,0.0,0.0,0.0,0.0,0.0,0.0,0.0,0.0,0.0,0.0,0.0,0.0,0.0,4,5
Chelsea,2021-05-29,206255,12.236873394682886,0.0,0.0,0.0,0.0,0.0,0.0,0.0,0.0,0.0,0.0,0.0,0.0,0.0,5,5
Chelsea,2021-05-30,183344,12.119124902879474,0.0,0.0,0.0,0.0,0.0,0.0,0.0,0.0,0.0,0.0,0.0,0.0,0.0,6,5
Chelsea,2021-05-31,67383,11.1181628799952,0.0,0.0,0.0,0.0,0.0,0.0,0.0,0.0,0.0,0.0,0.0,0.0,0.0,0,5
Chelsea,2021-06-01,41760,10.639718168629964,0.0,0.0,0.0,0.0,0.0,0.0,0.0,0.0,0.0,0.0,0.0,0.0,0.0,1,6
Chelsea,2021-06-02,29649,10.297217404425872,0.0,0.0,0.0,0.0,0.0,0.0,0.0,0.0,0.0,0.0,0.0,0.0,0.0,2,6
Chelsea,2021-06-03,22536,10.022913682018666,0.0,0.0,0.0,0.0,0.0,0.0,0.0,0.0,0.0,0.0,0.0,0.0,0.0,3,6
Chelsea,2021-06-04,21632,9.981975205584869,0.0,0.0,0.0,0.0,0.0,0.0,0.0,0.0,0.0,0.0,0.0,0.0,0.0,4,6
Chelsea,2021-06-05,17955,9.795679599901822,0.0,0.0,0.0,0.0,0.0,0.0,0.0,0.0,0.0,0.0,0.0,0.0,0.0,5,6
Chelsea,2021-06-06,14839,9.605081516721372,0.0,0.0,0.0,0.0,0.0,0.0,0.0,0.0,0.0,0.0,0.0,0.0,0.0,6,6
Chelsea,2021-06-07,14356,9.571992907127694,0.0,0.0,0.0,0.0,0.0,0.0,0.0,0.0,0.0,0.0,0.0,0.0,0.0,0,6
Chelsea,2021-06-08,13661,9.522373535291795,0.0,0.0,0.0,0.0,0.0,0.0,0.0,0.0,0.0,0.0,0.0,0.0,0.0,1,6
Chelsea,2021-06-09,13495,9.510148624225804,0.0,0.0,0.0,0.0,0.0,0.0,0.0,0.0,0.0,0.0,0.0,0.0,0.0,2,6
Chelsea,2021-06-10,12080,9.399389249519563,0.0,0.0,0.0,0.0,0.0,0.0,0.0,0.0,0.0,0.0,0.0,0.0,0.0,3,6
Chelsea,2021-06-11,12726,9.451480999992047,0.0,0.0,0.0,0.0,0.0,0.0,0.0,0.0,0.0,0.0,0.0,0.0,0.0,4,6
Chelsea,2021-06-12,12070,9.398561160701128,0.0,0.0,0.0,0.0,0.0,0.0,0.0,0.0,0.0,0.0,0.0,0.0,0.0,5,6
Chelsea,2021-06-13,13169,9.485696794737327,0.0,0.0,0.0,0.0,0.0,0.0,0.0,0.0,0.0,0.0,0.0,0.0,0.0,6,6
Chelsea,2021-06-14,10966,9.302646042760209,0.0,0.0,0.0,0.0,0.0,0.0,0.0,0.0,0.0,0.0,0.0,0.0,0.0,0,6
Chelsea,2021-06-15,15820,9.669093450449063,0.0,0.0,0.0,0.0,0.0,0.0,0.0,0.0,0.0,0.0,0.0,0.0,0.0,1,6
Chelsea,2021-06-16,11568,9.356084386028888,0.0,0.0,0.0,0.0,0.0,0.0,0.0,0.0,0.0,0.0,0.0,0.0,0.0,2,6
Chelsea,2021-06-17,12413,9.426580146973597,0.0,0.0,0.0,0.0,0.0,0.0,0.0,0.0,0.0,0.0,0.0,0.0,0.0,3,6
Chelsea,2021-06-18,13083,9.479145388658274,0.0,0.0,0.0,0.0,0.0,0.0,0.0,0.0,0.0,0.0,0.0,0.0,0.0,4,6
Chelsea,2021-06-19,14541,9.584796293210003,0.0,0.0,0.0,0.0,0.0,0.0,0.0,0.0,0.0,0.0,0.0,0.0,0.0,5,6
Chelsea,2021-06-20,12718,9.450852217451484,0.0,0.0,0.0,0.0,0.0,0.0,0.0,0.0,0.0,0.0,0.0,0.0,0.0,6,6
Chelsea,2021-06-21,12215,9.410501846898468,0.0,0.0,0.0,0.0,0.0,0.0,0.0,0.0,0.0,0.0,0.0,0.0,0.0,0,6
Chelsea,2021-06-22,10719,9.279866434624793,0.0,0.0,0.0,0.0,0.0,0.0,0.0,0.0,0.0,0.0,0.0,0.0,0.0,1,6
Chelsea,2021-06-23,10273,9.237371711027214,0.0,0.0,0.0,0.0,0.0,0.0,0.0,0.0,0.0,0.0,0.0,0.0,0.0,2,6
Chelsea,2021-06-24,9181,9.125000324809168,0.0,0.0,0.0,0.0,0.0,0.0,0.0,0.0,0.0,0.0,0.0,0.0,0.0,3,6
Chelsea,2021-06-25,8847,9.087946723762116,0.0,0.0,0.0,0.0,0.0,0.0,0.0,0.0,0.0,0.0,0.0,0.0,0.0,4,6
Chelsea,2021-06-26,10343,9.244161920451694,0.0,0.0,0.0,0.0,0.0,0.0,0.0,0.0,0.0,0.0,0.0,0.0,0.0,5,6
Chelsea,2021-06-27,11889,9.383452989684827,0.0,0.0,0.0,0.0,0.0,0.0,0.0,0.0,0.0,0.0,0.0,0.0,0.0,6,6
Chelsea,2021-06-28,12814,9.458371638798171,0.0,0.0,0.0,0.0,0.0,0.0,0.0,0.0,0.0,0.0,0.0,0.0,0.0,0,6
Chelsea,2021-06-29,14549,9.585346272599638,0.0,0.0,0.0,0.0,0.0,0.0,0.0,0.0,0.0,0.0,0.0,0.0,0.0,1,6
Chelsea,2021-06-30,11473,9.347838885161817,0.0,0.0,0.0,0.0,0.0,0.0,0.0,0.0,0.0,0.0,0.0,0.0,0.0,2,6
Chelsea,2021-07-01,12284,9.41613428495528,0.0,0.0,0.0,0.0,0.0,0.0,0.0,0.0,0.0,0.0,0.0,0.0,0.0,3,7
Chelsea,2021-07-02,15572,9.653293924495339,0.0,0.0,0.0,0.0,0.0,0.0,0.0,0.0,0.0,0.0,0.0,0.0,0.0,4,7
Chelsea,2021-07-03,15659,9.658864969544794,0.0,0.0,0.0,0.0,0.0,0.0,0.0,0.0,0.0,0.0,0.0,0.0,0.0,5,7
Chelsea,2021-07-04,12135,9.403931521028369,0.0,0.0,0.0,0.0,0.0,0.0,0.0,0.0,0.0,0.0,0.0,0.0,0.0,6,7
Chelsea,2021-07-05,11480,9.348448774093812,0.0,0.0,0.0,0.0,0.0,0.0,0.0,0.0,0.0,0.0,0.0,0.0,0.0,0,7
Chelsea,2021-07-06,17561,9.773492755919941,0.0,0.0,0.0,0.0,0.0,0.0,0.0,0.0,0.0,0.0,0.0,0.0,0.0,1,7
Chelsea,2021-07-07,15778,9.66643522103567,0.0,0.0,0.0,0.0,0.0,0.0,0.0,0.0,0.0,0.0,0.0,0.0,0.0,2,7
Chelsea,2021-07-08,13019,9.47424191576256,0.0,0.0,0.0,0.0,0.0,0.0,0.0,0.0,0.0,0.0,0.0,0.0,0.0,3,7
Chelsea,2021-07-09,12722,9.4511666581427,0.0,0.0,0.0,0.0,0.0,0.0,0.0,0.0,0.0,0.0,0.0,0.0,0.0,4,7
Chelsea,2021-07-10,11886,9.383200644980624,0.0,0.0,0.0,0.0,0.0,0.0,0.0,0.0,0.0,0.0,0.0,0.0,0.0,5,7
Chelsea,2021-07-11,21171,9.960434832977878,0.0,0.0,0.0,0.0,0.0,0.0,0.0,0.0,0.0,0.0,0.0,0.0,0.0,6,7
Chelsea,2021-07-12,19039,9.854297308345357,0.0,0.0,0.0,0.0,0.0,0.0,0.0,0.0,0.0,0.0,0.0,0.0,0.0,0,7
Chelsea,2021-07-13,18000,9.798182590890704,0.0,0.0,0.0,0.0,0.0,0.0,0.0,0.0,0.0,0.0,0.0,0.0,0.0,1,7
Chelsea,2021-07-14,16924,9.736547097780475,0.0,0.0,0.0,0.0,0.0,0.0,0.0,0.0,0.0,0.0,0.0,0.0,0.0,2,7
Chelsea,2021-07-15,17789,9.786391780659882,0.0,0.0,0.0,0.0,0.0,0.0,0.0,0.0,0.0,0.0,0.0,0.0,0.0,3,7
Chelsea,2021-07-16,15728,9.663261421240643,0.0,0.0,0.0,0.0,0.0,0.0,0.0,0.0,0.0,0.0,0.0,0.0,0.0,4,7
Chelsea,2021-07-17,17105,9.747184558140727,0.0,0.0,0.0,0.0,0.0,0.0,0.0,0.0,0.0,0.0,0.0,0.0,0.0,5,7
Chelsea,2021-07-18,15704,9.661734411972747,0.0,0.0,0.0,0.0,0.0,0.0,0.0,0.0,0.0,0.0,0.0,0.0,0.0,6,7
Chelsea,2021-07-19,15027,9.61767040669386,0.0,0.0,0.0,0.0,0.0,0.0,0.0,0.0,0.0,0.0,0.0,0.0,0.0,0,7
Chelsea,2021-07-20,13916,9.540866393419853,0.0,0.0,0.0,0.0,0.0,0.0,0.0,0.0,0.0,0.0,0.0,0.0,0.0,1,7
Chelsea,2021-07-21,13130,9.482731125859004,0.0,0.0,0.0,0.0,0.0,0.0,0.0,0.0,0.0,0.0,0.0,0.0,0.0,2,7
Chelsea,2021-07-22,13487,9.509555680241636,0.0,0.0,0.0,0.0,0.0,0.0,0.0,0.0,0.0,0.0,0.0,0.0,0.0,3,7
Chelsea,2021-07-23,12906,9.465525078835189,0.0,0.0,0.0,0.0,0.0,0.0,0.0,0.0,0.0,0.0,0.0,0.0,0.0,4,7
Chelsea,2021-07-24,12082,9.399554785027307,0.0,0.0,0.0,0.0,0.0,0.0,0.0,0.0,0.0,0.0,0.0,0.0,0.0,5,7
Chelsea,2021-07-25,11342,9.336356092559043,0.0,0.0,0.0,0.0,0.0,0.0,0.0,0.0,0.0,0.0,0.0,0.0,0.0,6,7
Chelsea,2021-07-26,12529,9.435881047890113,0.0,0.0,0.0,0.0,0.0,0.0,0.0,0.0,0.0,0.0,0.0,0.0,0.0,0,7
Chelsea,2021-07-27,18767,9.839908570893257,0.0,0.0,0.0,0.0,0.0,0.0,0.0,0.0,0.0,0.0,0.0,0.0,0.0,1,7
Chelsea,2021-07-28,17502,9.770127573790836,0.0,0.0,0.0,0.0,0.0,0.0,0.0,0.0,0.0,0.0,0.0,0.0,0.0,2,7
Chelsea,2021-07-29,15156,9.626217750431657,0.0,0.0,0.0,0.0,0.0,0.0,0.0,0.0,0.0,0.0,0.0,0.0,0.0,3,7
Chelsea,2021-07-30,12416,9.426821780416843,0.0,0.0,0.0,0.0,0.0,0.0,0.0,0.0,0.0,0.0,0.0,0.0,0.0,4,7
Chelsea,2021-07-31,11534,9.353141170607854,0.0,0.0,0.0,0.0,0.0,0.0,0.0,0.0,0.0,0.0,0.0,0.0,0.0,5,7
Chelsea,2021-08-01,15722,9.662879887470275,0.0,0.0,0.0,0.0,0.0,0.0,0.0,0.0,0.0,0.0,0.0,0.0,0.0,6,8
Chelsea,2021-08-02,13243,9.491299898667137,0.0,0.0,0.0,0.0,0.0,0.0,0.0,0.0,0.0,0.0,0.0,0.0,0.0,0,8
Chelsea,2021-08-03,12747,9.453129675537227,0.0,0.0,0.0,0.0,0.0,0.0,0.0,0.0,0.0,0.0,0.0,0.0,0.0,1,8
Chelsea,2021-08-04,17326,9.760021257510846,0.0,0.0,0.0,0.0,0.0,0.0,0.0,0.0,0.0,0.0,0.0,0.0,0.0,2,8
Chelsea,2021-08-05,17442,9.766693701018134,0.0,0.0,0.0,0.0,0.0,0.0,0.0,0.0,0.0,0.0,0.0,0.0,0.0,3,8
Chelsea,2021-08-06,17360,9.761981590241948,0.0,0.0,0.0,0.0,0.0,0.0,0.0,0.0,0.0,0.0,0.0,0.0,0.0,4,8
Chelsea,2021-08-07,22694,10.029899914890565,0.0,0.0,0.0,0.0,0.0,0.0,0.0,0.0,0.0,0.0,0.0,0.0,0.0,5,8
Chelsea,2021-08-08,22066,10.001838558883081,0.0,0.0,0.0,0.0,0.0,0.0,0.0,0.0,0.0,0.0,0.0,0.0,0.0,6,8
Chelsea,2021-08-09,23438,10.062156580664855,0.0,0.0,0.0,0.0,0.0,0.0,0.0,0.0,0.0,0.0,0.0,0.0,0.0,0,8
Chelsea,2021-08-10,27028,10.20466564265568,0.0,0.0,0.0,0.0,0.0,0.0,0.0,0.0,0.0,0.0,0.0,0.0,0.0,1,8
Chelsea,2021-08-11,63387,11.0570298480627,0.0,0.0,0.0,0.0,0.0,0.0,0.0,0.0,0.0,0.0,0.0,0.0,0.0,2,8
Chelsea,2021-08-12,72454,11.190720958480025,0.0,0.0,0.0,0.0,0.0,0.0,0.0,0.0,0.0,0.0,0.0,0.0,0.0,3,8
Chelsea,2021-08-13,49894,10.817676076318413,0.0,0.0,0.0,0.0,0.0,0.0,0.0,0.0,0.0,0.0,0.0,0.0,0.0,4,8
Chelsea,2021-08-14,53585,10.88904311891194,1.0,1.0,3.0,0.0,3.0,1.0,0.0,0.0,0.0,0.0,0.0,0.0,3.0,5,8
Chelsea,2021-08-15,38795,10.566072427513433,0.0,0.0,0.0,0.0,0.0,0.0,0.0,0.0,1.0,1.0,0.0,0.0,3.0,6,8
Chelsea,2021-08-16,30610,10.329114700468233,0.0,0.0,0.0,0.0,0.0,0.0,0.0,0.0,0.0,0.0,0.0,0.0,3.0,0,8
Chelsea,2021-08-17,36097,10.493992741124194,0.0,0.0,0.0,0.0,0.0,0.0,0.0,0.0,0.0,0.0,0.0,0.0,3.0,1,8
Chelsea,2021-08-18,32930,10.402169742355426,0.0,0.0,0.0,0.0,0.0,0.0,0.0,0.0,0.0,0.0,0.0,0.0,3.0,2,8
Chelsea,2021-08-19,24253,10.096336831216737,0.0,0.0,0.0,0.0,0.0,0.0,0.0,0.0,0.0,0.0,0.0,0.0,0.0,3,8
Chelsea,2021-08-20,22103,10.003513866603253,0.0,0.0,0.0,0.0,0.0,0.0,0.0,0.0,0.0,0.0,0.0,0.0,0.0,4,8
Chelsea,2021-08-21,20053,9.90618391408387,0.0,0.0,0.0,0.0,0.0,0.0,0.0,0.0,0.0,0.0,0.0,0.0,0.0,5,8
Chelsea,2021-08-22,40964,10.620473322575915,1.0,0.0,2.0,0.0,2.0,1.0,0.0,0.0,0.0,0.0,0.0,0.0,3.0,6,8
Chelsea,2021-08-23,27417,10.218955010995845,0.0,0.0,0.0,0.0,0.0,0.0,0.0,0.0,1.0,1.0,0.0,0.0,3.0,0,8
Chelsea,2021-08-24,23828,10.078658605301241,0.0,0.0,0.0,0.0,0.0,0.0,0.0,0.0,0.0,0.0,0.0,0.0,3.0,1,8
Chelsea,2021-08-25,20269,9.916897239446046,0.0,0.0,0.0,0.0,0.0,0.0,0.0,0.0,0.0,0.0,0.0,0.0,3.0,2,8
Chelsea,2021-08-26,24442,10.10409915534325,0.0,0.0,0.0,0.0,0.0,0.0,0.0,0.0,0.0,0.0,0.0,0.0,3.0,3,8
Chelsea,2021-08-27,25493,10.146198409342867,0.0,0.0,0.0,0.0,0.0,0.0,0.0,0.0,0.0,0.0,0.0,0.0,0.0,4,8
Chelsea,2021-08-28,39898,10.594106539907239,1.0,0.0,1.0,1.0,0.0,0.0,1.0,0.0,0.0,0.0,0.0,0.0,1.0,5,8
Chelsea,2021-08-29,26384,10.180550945839768,0.0,0.0,0.0,0.0,0.0,0.0,0.0,0.0,1.0,0.0,1.0,0.0,1.0,6,8
Chelsea,2021-08-30,22150,10.00563792118106,0.0,0.0,0.0,0.0,0.0,0.0,0.0,0.0,0.0,0.0,0.0,0.0,1.0,0,8
Chelsea,2021-08-31,36110,10.494352807047845,0.0,0.0,0.0,0.0,0.0,0.0,0.0,0.0,0.0,0.0,0.0,0.0,1.0,1,8
Chelsea,2021-09-01,50069,10.82117730532399,0.0,0.0,0.0,0.0,0.0,0.0,0.0,0.0,0.0,0.0,0.0,0.0,1.0,2,9
Chelsea,2021-09-02,26795,10.196007901628159,0.0,0.0,0.0,0.0,0.0,0.0,0.0,0.0,0.0,0.0,0.0,0.0,0.0,3,9
Chelsea,2021-09-03,18679,9.835208711782833,0.0,0.0,0.0,0.0,0.0,0.0,0.0,0.0,0.0,0.0,0.0,0.0,0.0,4,9
Chelsea,2021-09-04,17065,9.744843459096531,0.0,0.0,0.0,0.0,0.0,0.0,0.0,0.0,0.0,0.0,0.0,0.0,0.0,5,9
Chelsea,2021-09-05,14785,9.601436066117046,0.0,0.0,0.0,0.0,0.0,0.0,0.0,0.0,0.0,0.0,0.0,0.0,0.0,6,9
Chelsea,2021-09-06,13281,9.494165014100659,0.0,0.0,0.0,0.0,0.0,0.0,0.0,0.0,0.0,0.0,0.0,0.0,0.0,0,9
Chelsea,2021-09-07,12779,9.455636727931525,0.0,0.0,0.0,0.0,0.0,0.0,0.0,0.0,0.0,0.0,0.0,0.0,0.0,1,9
Chelsea,2021-09-08,12478,9.431802510507854,0.0,0.0,0.0,0.0,0.0,0.0,0.0,0.0,0.0,0.0,0.0,0.0,0.0,2,9
Chelsea,2021-09-09,13134,9.48303570211964,0.0,0.0,0.0,0.0,0.0,0.0,0.0,0.0,0.0,0.0,0.0,0.0,0.0,3,9
Chelsea,2021-09-10,12481,9.432042885493988,0.0,0.0,0.0,0.0,0.0,0.0,0.0,0.0,0.0,0.0,0.0,0.0,0.0,4,9
Chelsea,2021-09-11,26292,10.17705802304326,1.0,1.0,3.0,0.0,3.0,1.0,0.0,0.0,0.0,0.0,0.0,0.0,3.0,5,9
Chelsea,2021-09-12,20276,9.917242517768464,0.0,0.0,0.0,0.0,0.0,0.0,0.0,0.0,1.0,1.0,0.0,0.0,3.0,6,9
Chelsea,2021-09-13,16480,9.70996348123418,0.0,0.0,0.0,0.0,0.0,0.0,0.0,0.0,0.0,0.0,0.0,0.0,3.0,0,9
Chelsea,2021-09-14,27825,10.233726114401822,0.0,0.0,0.0,0.0,0.0,0.0,0.0,0.0,0.0,0.0,0.0,0.0,3.0,1,9
Chelsea,2021-09-15,24144,10.091832598307642,0.0,0.0,0.0,0.0,0.0,0.0,0.0,0.0,0.0,0.0,0.0,0.0,3.0,2,9
Chelsea,2021-09-16,15170,9.627140989748092,0.0,0.0,0.0,0.0,0.0,0.0,0.0,0.0,0.0,0.0,0.0,0.0,0.0,3,9
Chelsea,2021-09-17,12504,9.433883843311719,0.0,0.0,0.0,0.0,0.0,0.0,0.0,0.0,0.0,0.0,0.0,0.0,0.0,4,9
Chelsea,2021-09-18,13087,9.479451058842528,0.0,0.0,0.0,0.0,0.0,0.0,0.0,0.0,0.0,0.0,0.0,0.0,0.0,5,9
Chelsea,2021-09-19,30426,10.323085651110205,1.0,0.0,3.0,0.0,3.0,1.0,0.0,0.0,0.0,0.0,0.0,0.0,3.0,6,9
Chelsea,2021-09-20,19882,9.89762037425808,0.0,0.0,0.0,0.0,0.0,0.0,0.0,0.0,1.0,1.0,0.0,0.0,3.0,0,9
Chelsea,2021-09-21,15723,9.662943486541751,0.0,0.0,0.0,0.0,0.0,0.0,0.0,0.0,0.0,0.0,0.0,0.0,3.0,1,9
Chelsea,2021-09-22,18947,9.849453664043642,0.0,0.0,0.0,0.0,0.0,0.0,0.0,0.0,0.0,0.0,0.0,0.0,3.0,2,9
Chelsea,2021-09-23,15401,9.642252650099195,0.0,0.0,0.0,0.0,0.0,0.0,0.0,0.0,0.0,0.0,0.0,0.0,3.0,3,9
Chelsea,2021-09-24,13426,9.505022884072709,0.0,0.0,0.0,0.0,0.0,0.0,0.0,0.0,0.0,0.0,0.0,0.0,0.0,4,9
Chelsea,2021-09-25,20688,9.937357437043744,1.0,1.0,0.0,1.0,-1.0,0.0,0.0,1.0,0.0,0.0,0.0,0.0,0.0,5,9
Chelsea,2021-09-26,11715,9.368710707947624,0.0,0.0,0.0,0.0,0.0,0.0,0.0,0.0,1.0,0.0,0.0,1.0,0.0,6,9
Chelsea,2021-09-27,11439,9.344871264933788,0.0,0.0,0.0,0.0,0.0,0.0,0.0,0.0,0.0,0.0,0.0,0.0,0.0,0,9
Chelsea,2021-09-28,17799,9.786953736280177,0.0,0.0,0.0,0.0,0.0,0.0,0.0,0.0,0.0,0.0,0.0,0.0,0.0,1,9
Chelsea,2021-09-29,22848,10.036662631688545,0.0,0.0,0.0,0.0,0.0,0.0,0.0,0.0,0.0,0.0,0.0,0.0,0.0,2,9
Chelsea,2021-09-30,12883,9.46374151045109,0.0,0.0,0.0,0.0,0.0,0.0,0.0,0.0,0.0,0.0,0.0,0.0,0.0,3,9
Chelsea,2021-10-01,9342,9.142382678792956,0.0,0.0,0.0,0.0,0.0,0.0,0.0,0.0,0.0,0.0,0.0,0.0,0.0,4,10
Chelsea,2021-10-02,18063,9.801676286389442,1.0,1.0,3.0,1.0,2.0,1.0,0.0,0.0,0.0,0.0,0.0,0.0,3.0,5,10
Chelsea,2021-10-03,14313,9.568993358298544,0.0,0.0,0.0,0.0,0.0,0.0,0.0,0.0,1.0,1.0,0.0,0.0,3.0,6,10
Chelsea,2021-10-04,11585,9.35755275165657,0.0,0.0,0.0,0.0,0.0,0.0,0.0,0.0,0.0,0.0,0.0,0.0,3.0,0,10
Chelsea,2021-10-05,10315,9.241451367001236,0.0,0.0,0.0,0.0,0.0,0.0,0.0,0.0,0.0,0.0,0.0,0.0,3.0,1,10
Chelsea,2021-10-06,9448,9.153664194782626,0.0,0.0,0.0,0.0,0.0,0.0,0.0,0.0,0.0,0.0,0.0,0.0,3.0,2,10
Chelsea,2021-10-07,12306,9.417923485172336,0.0,0.0,0.0,0.0,0.0,0.0,0.0,0.0,0.0,0.0,0.0,0.0,0.0,3,10
Chelsea,2021-10-08,12984,9.471550124096849,0.0,0.0,0.0,0.0,0.0,0.0,0.0,0.0,0.0,0.0,0.0,0.0,0.0,4,10
Chelsea,2021-10-09,10202,9.230437073675304,0.0,0.0,0.0,0.0,0.0,0.0,0.0,0.0,0.0,0.0,0.0,0.0,0.0,5,10
Chelsea,2021-10-10,9610,9.170663554823284,0.0,0.0,0.0,0.0,0.0,0.0,0.0,0.0,0.0,0.0,0.0,0.0,0.0,6,10
Chelsea,2021-10-11,9098,9.11591979635669,0.0,0.0,0.0,0.0,0.0,0.0,0.0,0.0,0.0,0.0,0.0,0.0,0.0,0,10
Chelsea,2021-10-12,9055,9.111182800442965,0.0,0.0,0.0,0.0,0.0,0.0,0.0,0.0,0.0,0.0,0.0,0.0,0.0,1,10
Chelsea,2021-10-13,8719,9.073374516903025,0.0,0.0,0.0,0.0,0.0,0.0,0.0,0.0,0.0,0.0,0.0,0.0,0.0,2,10
Chelsea,2021-10-14,9377,9.146121799649531,0.0,0.0,0.0,0.0,0.0,0.0,0.0,0.0,0.0,0.0,0.0,0.0,0.0,3,10
Chelsea,2021-10-15,8480,9.0455836463617,0.0,0.0,0.0,0.0,0.0,0.0,0.0,0.0,0.0,0.0,0.0,0.0,0.0,4,10
Chelsea,2021-10-16,18158,9.806921584559797,1.0,0.0,1.0,0.0,1.0,1.0,0.0,0.0,0.0,0.0,0.0,0.0,3.0,5,10
Chelsea,2021-10-17,14637,9.591376166161172,0.0,0.0,0.0,0.0,0.0,0.0,0.0,0.0,1.0,1.0,0.0,0.0,3.0,6,10
Chelsea,2021-10-18,12755,9.453757028129948,0.0,0.0,0.0,0.0,0.0,0.0,0.0,0.0,0.0,0.0,0.0,0.0,3.0,0,10
Chelsea,2021-10-19,17004,9.741262697441297,0.0,0.0,0.0,0.0,0.0,0.0,0.0,0.0,0.0,0.0,0.0,0.0,3.0,1,10
Chelsea,2021-10-20,19935,9.90028242158718,0.0,0.0,0.0,0.0,0.0,0.0,0.0,0.0,0.0,0.0,0.0,0.0,3.0,2,10
Chelsea,2021-10-21,14523,9.583557732534226,0.0,0.0,0.0,0.0,0.0,0.0,0.0,0.0,0.0,0.0,0.0,0.0,0.0,3,10
Chelsea,2021-10-22,10510,9.260177606823355,0.0,0.0,0.0,0.0,0.0,0.0,0.0,0.0,0.0,0.0,0.0,0.0,0.0,4,10
Chelsea,2021-10-23,22851,10.036793919844353,1.0,1.0,7.0,0.0,7.0,1.0,0.0,0.0,0.0,0.0,0.0,0.0,3.0,5,10
Chelsea,2021-10-24,18230,9.810878720803466,0.0,0.0,0.0,0.0,0.0,0.0,0.0,0.0,1.0,1.0,0.0,0.0,3.0,6,10
Chelsea,2021-10-25,17670,9.779680156808055,0.0,0.0,0.0,0.0,0.0,0.0,0.0,0.0,0.0,0.0,0.0,0.0,3.0,0,10
Chelsea,2021-10-26,19598,9.88323382350886,0.0,0.0,0.0,0.0,0.0,0.0,0.0,0.0,0.0,0.0,0.0,0.0,3.0,1,10
Chelsea,2021-10-27,14551,9.585483720197958,0.0,0.0,0.0,0.0,0.0,0.0,0.0,0.0,0.0,0.0,0.0,0.0,3.0,2,10
Chelsea,2021-10-28,11455,9.346268889200427,0.0,0.0,0.0,0.0,0.0,0.0,0.0,0.0,0.0,0.0,0.0,0.0,0.0,3,10
Chelsea,2021-10-29,11575,9.35668926831132,0.0,0.0,0.0,0.0,0.0,0.0,0.0,0.0,0.0,0.0,0.0,0.0,0.0,4,10
Chelsea,2021-10-30,17038,9.74326011321524,1.0,0.0,3.0,0.0,3.0,1.0,0.0,0.0,0.0,0.0,0.0,0.0,3.0,5,10
Chelsea,2021-10-31,14146,9.557257866458935,0.0,0.0,0.0,0.0,0.0,0.0,0.0,0.0,1.0,1.0,0.0,0.0,3.0,6,10
Chelsea,2021-11-01,16244,9.6955404481032,0.0,0.0,0.0,0.0,0.0,0.0,0.0,0.0,0.0,0.0,0.0,0.0,3.0,0,11
Chelsea,2021-11-02,26251,10.175497455593613,0.0,0.0,0.0,0.0,0.0,0.0,0.0,0.0,0.0,0.0,0.0,0.0,3.0,1,11
Chelsea,2021-11-03,19067,9.855766816324715,0.0,0.0,0.0,0.0,0.0,0.0,0.0,0.0,0.0,0.0,0.0,0.0,3.0,2,11
Chelsea,2021-11-04,12489,9.432683603119623,0.0,0.0,0.0,0.0,0.0,0.0,0.0,0.0,0.0,0.0,0.0,0.0,0.0,3,11
Chelsea,2021-11-05,10456,9.25502688959859,0.0,0.0,0.0,0.0,0.0,0.0,0.0,0.0,0.0,0.0,0.0,0.0,0.0,4,11
Chelsea,2021-11-06,14367,9.57275879054198,1.0,1.0,1.0,1.0,0.0,0.0,1.0,0.0,0.0,0.0,0.0,0.0,1.0,5,11
Chelsea,2021-11-07,12766,9.45461899582035,0.0,0.0,0.0,0.0,0.0,0.0,0.0,0.0,1.0,0.0,1.0,0.0,1.0,6,11
Chelsea,2021-11-08,10190,9.229260256828693,0.0,0.0,0.0,0.0,0.0,0.0,0.0,0.0,0.0,0.0,0.0,0.0,1.0,0,11
Chelsea,2021-11-09,9502,9.159362817211315,0.0,0.0,0.0,0.0,0.0,0.0,0.0,0.0,0.0,0.0,0.0,0.0,1.0,1,11
Chelsea,2021-11-10,8881,9.091782035852047,0.0,0.0,0.0,0.0,0.0,0.0,0.0,0.0,0.0,0.0,0.0,0.0,1.0,2,11
Chelsea,2021-11-11,8914,9.09549053029724,0.0,0.0,0.0,0.0,0.0,0.0,0.0,0.0,0.0,0.0,0.0,0.0,0.0,3,11
Chelsea,2021-11-12,8135,9.004053937728395,0.0,0.0,0.0,0.0,0.0,0.0,0.0,0.0,0.0,0.0,0.0,0.0,0.0,4,11
Chelsea,2021-11-13,8318,9.026297334283887,0.0,0.0,0.0,0.0,0.0,0.0,0.0,0.0,0.0,0.0,0.0,0.0,0.0,5,11
Chelsea,2021-11-14,7955,8.981681639973862,0.0,0.0,0.0,0.0,0.0,0.0,0.0,0.0,0.0,0.0,0.0,0.0,0.0,6,11
Chelsea,2021-11-15,7832,8.96610085736724,0.0,0.0,0.0,0.0,0.0,0.0,0.0,0.0,0.0,0.0,0.0,0.0,0.0,0,11
Chelsea,2021-11-16,7288,8.894121641382213,0.0,0.0,0.0,0.0,0.0,0.0,0.0,0.0,0.0,0.0,0.0,0.0,0.0,1,11
Chelsea,2021-11-17,7160,8.87640491500694,0.0,0.0,0.0,0.0,0.0,0.0,0.0,0.0,0.0,0.0,0.0,0.0,0.0,2,11
Chelsea,2021-11-18,7894,8.973984926689743,0.0,0.0,0.0,0.0,0.0,0.0,0.0,0.0,0.0,0.0,0.0,0.0,0.0,3,11
Chelsea,2021-11-19,7503,8.92319149068606,0.0,0.0,0.0,0.0,0.0,0.0,0.0,0.0,0.0,0.0,0.0,0.0,0.0,4,11
Chelsea,2021-11-20,16646,9.719985298994011,1.0,0.0,3.0,0.0,3.0,1.0,0.0,0.0,0.0,0.0,0.0,0.0,3.0,5,11
Chelsea,2021-11-21,14445,9.578172838610792,0.0,0.0,0.0,0.0,0.0,0.0,0.0,0.0,1.0,1.0,0.0,0.0,3.0,6,11
Chelsea,2021-11-22,12418,9.426982836948033,0.0,0.0,0.0,0.0,0.0,0.0,0.0,0.0,0.0,0.0,0.0,0.0,3.0,0,11
Chelsea,2021-11-23,24572,10.109403558183711,0.0,0.0,0.0,0.0,0.0,0.0,0.0,0.0,0.0,0.0,0.0,0.0,3.0,1,11
Chelsea,2021-11-24,23439,10.06219924369095,0.0,0.0,0.0,0.0,0.0,0.0,0.0,0.0,0.0,0.0,0.0,0.0,3.0,2,11
Chelsea,2021-11-25,13677,9.523543981658042,0.0,0.0,0.0,0.0,0.0,0.0,0.0,0.0,0.0,0.0,0.0,0.0,0.0,3,11
Chelsea,2021-11-26,11336,9.335826992017598,0.0,0.0,0.0,0.0,0.0,0.0,0.0,0.0,0.0,0.0,0.0,0.0,0.0,4,11
Chelsea,2021-11-27,11762,9.372714290960442,0.0,0.0,0.0,0.0,0.0,0.0,0.0,0.0,0.0,0.0,0.0,0.0,0.0,5,11
Chelsea,2021-11-28,22202,10.007982693865577,1.0,1.0,1.0,1.0,0.0,0.0,1.0,0.0,0.0,0.0,0.0,0.0,1.0,6,11
Chelsea,2021-11-29,13935,9.542230699092284,0.0,0.0,0.0,0.0,0.0,0.0,0.0,0.0,1.0,0.0,1.0,0.0,1.0,0,11
Chelsea,2021-11-30,13217,9.489334816030398,0.0,0.0,0.0,0.0,0.0,0.0,0.0,0.0,0.0,0.0,0.0,0.0,1.0,1,11
Chelsea,2021-12-01,15052,9.619332585860503,1.0,0.0,2.0,1.0,1.0,1.0,0.0,0.0,0.0,0.0,0.0,0.0,4.0,2,12
Chelsea,2021-12-02,14009,9.547526639331053,0.0,0.0,0.0,0.0,0.0,0.0,0.0,0.0,1.0,1.0,0.0,0.0,4.0,3,12
Chelsea,2021-12-03,11712,9.368454615069874,0.0,0.0,0.0,0.0,0.0,0.0,0.0,0.0,0.0,0.0,0.0,0.0,3.0,4,12
Chelsea,2021-12-04,17420,9.76543165404016,1.0,0.0,2.0,3.0,-1.0,0.0,0.0,1.0,0.0,0.0,0.0,0.0,3.0,5,12
Chelsea,2021-12-05,11186,9.32250766884693,0.0,0.0,0.0,0.0,0.0,0.0,0.0,0.0,1.0,0.0,0.0,1.0,3.0,6,12
Chelsea,2021-12-06,10379,9.24763615671988,0.0,0.0,0.0,0.0,0.0,0.0,0.0,0.0,0.0,0.0,0.0,0.0,0.0,0,12
Chelsea,2021-12-07,15811,9.668524424416576,0.0,0.0,0.0,0.0,0.0,0.0,0.0,0.0,0.0,0.0,0.0,0.0,0.0,1,12
Chelsea,2021-12-08,21879,9.993328256535918,0.0,0.0,0.0,0.0,0.0,0.0,0.0,0.0,0.0,0.0,0.0,0.0,0.0,2,12
Chelsea,2021-12-09,11949,9.388486557359657,0.0,0.0,0.0,0.0,0.0,0.0,0.0,0.0,0.0,0.0,0.0,0.0,0.0,3,12
Chelsea,2021-12-10,8797,9.082279701908664,0.0,0.0,0.0,0.0,0.0,0.0,0.0,0.0,0.0,0.0,0.0,0.0,0.0,4,12
Chelsea,2021-12-11,13192,9.487441664883777,1.0,1.0,3.0,2.0,1.0,1.0,0.0,0.0,0.0,0.0,0.0,0.0,3.0,5,12
Chelsea,2021-12-12,10741,9.281916570465405,0.0,0.0,0.0,0.0,0.0,0.0,0.0,0.0,1.0,1.0,0.0,0.0,3.0,6,12
Chelsea,2021-12-13,13656,9.522007489678424,0.0,0.0,0.0,0.0,0.0,0.0,0.0,0.0,0.0,0.0,0.0,0.0,3.0,0,12
Chelsea,2021-12-14,9629,9.172638504792172,0.0,0.0,0.0,0.0,0.0,0.0,0.0,0.0,0.0,0.0,0.0,0.0,3.0,1,12
Chelsea,2021-12-15,9383,9.146761390333312,0.0,0.0,0.0,0.0,0.0,0.0,0.0,0.0,0.0,0.0,0.0,0.0,3.0,2,12
Chelsea,2021-12-16,12544,9.437077458800523,1.0,1.0,1.0,1.0,0.0,0.0,1.0,0.0,0.0,0.0,0.0,0.0,1.0,3,12
Chelsea,2021-12-17,9400,9.148571345578551,0.0,0.0,0.0,0.0,0.0,0.0,0.0,0.0,1.0,0.0,1.0,0.0,1.0,4,12
Chelsea,2021-12-18,7933,8.978912601074276,0.0,0.0,0.0,0.0,0.0,0.0,0.0,0.0,0.0,0.0,0.0,0.0,1.0,5,12
Chelsea,2021-12-19,12005,9.393161803811788,1.0,0.0,0.0,0.0,0.0,0.0,1.0,0.0,0.0,0.0,0.0,0.0,2.0,6,12
Chelsea,2021-12-20,8426,9.039196115772354,0.0,0.0,0.0,0.0,0.0,0.0,0.0,0.0,1.0,0.0,1.0,0.0,2.0,0,12
Chelsea,2021-12-21,8031,8.99118884193151,0.0,0.0,0.0,0.0,0.0,0.0,0.0,0.0,0.0,0.0,0.0,0.0,1.0,1,12
Chelsea,2021-12-22,11711,9.368369236201092,0.0,0.0,0.0,0.0,0.0,0.0,0.0,0.0,0.0,0.0,0.0,0.0,1.0,2,12
Chelsea,2021-12-23,9364,9.144734614878189,0.0,0.0,0.0,0.0,0.0,0.0,0.0,0.0,0.0,0.0,0.0,0.0,1.0,3,12
Chelsea,2021-12-24,7018,8.856376036730422,0.0,0.0,0.0,0.0,0.0,0.0,0.0,0.0,0.0,0.0,0.0,0.0,0.0,4,12
Chelsea,2021-12-25,6900,8.839421607620602,0.0,0.0,0.0,0.0,0.0,0.0,0.0,0.0,0.0,0.0,0.0,0.0,0.0,5,12
Chelsea,2021-12-26,17510,9.7705845338719,1.0,0.0,3.0,1.0,2.0,1.0,0.0,0.0,0.0,0.0,0.0,0.0,3.0,6,12
Chelsea,2021-12-27,10476,9.256937657352966,0.0,0.0,0.0,0.0,0.0,0.0,0.0,0.0,1.0,1.0,0.0,0.0,3.0,0,12
Chelsea,2021-12-28,10889,9.295600215927006,0.0,0.0,0.0,0.0,0.0,0.0,0.0,0.0,0.0,0.0,0.0,0.0,3.0,1,12
Chelsea,2021-12-29,14930,9.611194867526663,1.0,1.0,1.0,1.0,0.0,0.0,1.0,0.0,0.0,0.0,0.0,0.0,4.0,2,12
Chelsea,2021-12-30,11651,9.363233118079325,0.0,0.0,0.0,0.0,0.0,0.0,0.0,0.0,1.0,0.0,1.0,0.0,4.0,3,12
Chelsea,2021-12-31,9280,9.135724578595394,0.0,0.0,0.0,0.0,0.0,0.0,0.0,0.0,0.0,0.0,0.0,0.0,1.0,4,12
Chelsea,2022-01-01,9988,9.20923976653215,0.0,0.0,0.0,0.0,0.0,0.0,0.0,0.0,0.0,0.0,0.0,0.0,1.0,5,1
Chelsea,2022-01-02,24028,10.087016713216245,1.0,1.0,2.0,2.0,0.0,0.0,1.0,0.0,0.0,0.0,0.0,0.0,2.0,6,1
Chelsea,2022-01-03,14487,9.58107599956325,0.0,0.0,0.0,0.0,0.0,0.0,0.0,0.0,1.0,0.0,1.0,0.0,1.0,0,1
Chelsea,2022-01-04,11801,9.376024287617113,0.0,0.0,0.0,0.0,0.0,0.0,0.0,0.0,0.0,0.0,0.0,0.0,1.0,1,1
Chelsea,2022-01-05,17661,9.779170718028748,0.0,0.0,0.0,0.0,0.0,0.0,0.0,0.0,0.0,0.0,0.0,0.0,1.0,2,1
Chelsea,2022-01-06,12228,9.41156545918937,0.0,0.0,0.0,0.0,0.0,0.0,0.0,0.0,0.0,0.0,0.0,0.0,1.0,3,1
Chelsea,2022-01-07,10831,9.290259995152056,0.0,0.0,0.0,0.0,0.0,0.0,0.0,0.0,0.0,0.0,0.0,0.0,0.0,4,1
Chelsea,2022-01-08,16776,9.7277641797704,0.0,0.0,0.0,0.0,0.0,0.0,0.0,0.0,0.0,0.0,0.0,0.0,0.0,5,1
Chelsea,2022-01-09,13236,9.490771217713771,0.0,0.0,0.0,0.0,0.0,0.0,0.0,0.0,0.0,0.0,0.0,0.0,0.0,6,1
Chelsea,2022-01-10,10701,9.27818591887125,0.0,0.0,0.0,0.0,0.0,0.0,0.0,0.0,0.0,0.0,0.0,0.0,0.0,0,1
Chelsea,2022-01-11,10483,9.257605564443297,0.0,0.0,0.0,0.0,0.0,0.0,0.0,0.0,0.0,0.0,0.0,0.0,0.0,1,1
Chelsea,2022-01-12,15436,9.644522504181841,0.0,0.0,0.0,0.0,0.0,0.0,0.0,0.0,0.0,0.0,0.0,0.0,0.0,2,1
Chelsea,2022-01-13,12986,9.471704136110091,0.0,0.0,0.0,0.0,0.0,0.0,0.0,0.0,0.0,0.0,0.0,0.0,0.0,3,1
Chelsea,2022-01-14,10200,9.23024103368252,0.0,0.0,0.0,0.0,0.0,0.0,0.0,0.0,0.0,0.0,0.0,0.0,0.0,4,1
Chelsea,2022-01-15,17555,9.773151050808124,1.0,0.0,0.0,1.0,-1.0,0.0,0.0,1.0,0.0,0.0,0.0,0.0,0.0,5,1
Chelsea,2022-01-16,10418,9.251386341412184,0.0,0.0,0.0,0.0,0.0,0.0,0.0,0.0,1.0,0.0,0.0,1.0,0.0,6,1
Chelsea,2022-01-17,9910,9.201400530406708,0.0,0.0,0.0,0.0,0.0,0.0,0.0,0.0,0.0,0.0,0.0,0.0,0.0,0,1
Chelsea,2022-01-18,13150,9.484253080341965,1.0,0.0,1.0,1.0,0.0,0.0,1.0,0.0,0.0,0.0,0.0,0.0,1.0,1,1
Chelsea,2022-01-19,10820,9.289243969571649,0.0,0.0,0.0,0.0,0.0,0.0,0.0,0.0,1.0,0.0,1.0,0.0,1.0,2,1
Chelsea,2022-01-20,10955,9.301642530382969,0.0,0.0,0.0,0.0,0.0,0.0,0.0,0.0,0.0,0.0,0.0,0.0,1.0,3,1
Chelsea,2022-01-21,8913,9.0953783535065,0.0,0.0,0.0,0.0,0.0,0.0,0.0,0.0,0.0,0.0,0.0,0.0,1.0,4,1
Chelsea,2022-01-22,9201,9.127176130715414,0.0,0.0,0.0,0.0,0.0,0.0,0.0,0.0,0.0,0.0,0.0,0.0,1.0,5,1
Chelsea,2022-01-23,17552,9.772980154456345,1.0,1.0,2.0,0.0,2.0,1.0,0.0,0.0,0.0,0.0,0.0,0.0,3.0,6,1
Chelsea,2022-01-24,11474,9.347926034928745,0.0,0.0,0.0,0.0,0.0,0.0,0.0,0.0,1.0,1.0,0.0,0.0,3.0,0,1
Chelsea,2022-01-25,9680,9.177920480720072,0.0,0.0,0.0,0.0,0.0,0.0,0.0,0.0,0.0,0.0,0.0,0.0,3.0,1,1
Chelsea,2022-01-26,9514,9.16062477973025,0.0,0.0,0.0,0.0,0.0,0.0,0.0,0.0,0.0,0.0,0.0,0.0,3.0,2,1
Chelsea,2022-01-27,9005,9.105646300861517,0.0,0.0,0.0,0.0,0.0,0.0,0.0,0.0,0.0,0.0,0.0,0.0,3.0,3,1
Chelsea,2022-01-28,8802,9.082847851460906,0.0,0.0,0.0,0.0,0.0,0.0,0.0,0.0,0.0,0.0,0.0,0.0,0.0,4,1
Chelsea,2022-01-29,8658,9.066354521447801,0.0,0.0,0.0,0.0,0.0,0.0,0.0,0.0,0.0,0.0,0.0,0.0,0.0,5,1
Chelsea,2022-01-30,9127,9.119101891541911,0.0,0.0,0.0,0.0,0.0,0.0,0.0,0.0,0.0,0.0,0.0,0.0,0.0,6,1
Chelsea,2022-01-31,11443,9.345220854170002,0.0,0.0,0.0,0.0,0.0,0.0,0.0,0.0,0.0,0.0,0.0,0.0,0.0,0,1
Chelsea,2022-02-01,11895,9.383957488139991,0.0,0.0,0.0,0.0,0.0,0.0,0.0,0.0,0.0,0.0,0.0,0.0,0.0,1,2
Chelsea,2022-02-02,9805,9.190749722211178,0.0,0.0,0.0,0.0,0.0,0.0,0.0,0.0,0.0,0.0,0.0,0.0,0.0,2,2
Chelsea,2022-02-03,9996,9.210040326967182,0.0,0.0,0.0,0.0,0.0,0.0,0.0,0.0,0.0,0.0,0.0,0.0,0.0,3,2
Chelsea,2022-02-04,10162,9.226508953137767,0.0,0.0,0.0,0.0,0.0,0.0,0.0,0.0,0.0,0.0,0.0,0.0,0.0,4,2
Chelsea,2022-02-05,14315,9.569133071885917,0.0,0.0,0.0,0.0,0.0,0.0,0.0,0.0,0.0,0.0,0.0,0.0,0.0,5,2
Chelsea,2022-02-06,12223,9.411156511406302,0.0,0.0,0.0,0.0,0.0,0.0,0.0,0.0,0.0,0.0,0.0,0.0,0.0,6,2
Chelsea,2022-02-07,10171,9.227394126542011,0.0,0.0,0.0,0.0,0.0,0.0,0.0,0.0,0.0,0.0,0.0,0.0,0.0,0,2
Chelsea,2022-02-08,10976,9.303557453687317,0.0,0.0,0.0,0.0,0.0,0.0,0.0,0.0,0.0,0.0,0.0,0.0,0.0,1,2
Chelsea,2022-02-09,17082,9.745839095947058,0.0,0.0,0.0,0.0,0.0,0.0,0.0,0.0,0.0,0.0,0.0,0.0,0.0,2,2
Chelsea,2022-02-10,11966,9.389908140573516,0.0,0.0,0.0,0.0,0.0,0.0,0.0,0.0,0.0,0.0,0.0,0.0,0.0,3,2
Chelsea,2022-02-11,9857,9.196038587265322,0.0,0.0,0.0,0.0,0.0,0.0,0.0,0.0,0.0,0.0,0.0,0.0,0.0,4,2
Chelsea,2022-02-12,39931,10.594933286456316,0.0,0.0,0.0,0.0,0.0,0.0,0.0,0.0,0.0,0.0,0.0,0.0,0.0,5,2
Chelsea,2022-02-13,35352,10.473138533353255,0.0,0.0,0.0,0.0,0.0,0.0,0.0,0.0,0.0,0.0,0.0,0.0,0.0,6,2
Chelsea,2022-02-14,17193,9.752315764734389,0.0,0.0,0.0,0.0,0.0,0.0,0.0,0.0,0.0,0.0,0.0,0.0,0.0,0,2
Chelsea,2022-02-15,17753,9.784366121628265,0.0,0.0,0.0,0.0,0.0,0.0,0.0,0.0,0.0,0.0,0.0,0.0,0.0,1,2
Chelsea,2022-02-16,14914,9.61012269694885,0.0,0.0,0.0,0.0,0.0,0.0,0.0,0.0,0.0,0.0,0.0,0.0,0.0,2,2
Chelsea,2022-02-17,11380,9.33970057728189,0.0,0.0,0.0,0.0,0.0,0.0,0.0,0.0,0.0,0.0,0.0,0.0,0.0,3,2
Chelsea,2022-02-18,9933,9.203718495667296,0.0,0.0,0.0,0.0,0.0,0.0,0.0,0.0,0.0,0.0,0.0,0.0,0.0,4,2
Chelsea,2022-02-19,13546,9.513920399580737,1.0,0.0,1.0,0.0,1.0,1.0,0.0,0.0,0.0,0.0,0.0,0.0,3.0,5,2
Chelsea,2022-02-20,11148,9.319105086767571,0.0,0.0,0.0,0.0,0.0,0.0,0.0,0.0,1.0,1.0,0.0,0.0,3.0,6,2
Chelsea,2022-02-21,10999,9.305650551780507,0.0,0.0,0.0,0.0,0.0,0.0,0.0,0.0,0.0,0.0,0.0,0.0,3.0,0,2
Chelsea,2022-02-22,22707,10.030472564290617,0.0,0.0,0.0,0.0,0.0,0.0,0.0,0.0,0.0,0.0,0.0,0.0,3.0,1,2
Chelsea,2022-02-23,18697,9.836171845251261,0.0,0.0,0.0,0.0,0.0,0.0,0.0,0.0,0.0,0.0,0.0,0.0,3.0,2,2
Chelsea,2022-02-24,17835,9.788974165747367,0.0,0.0,0.0,0.0,0.0,0.0,0.0,0.0,0.0,0.0,0.0,0.0,0.0,3,2
Chelsea,2022-02-25,14886,9.608243627877057,0.0,0.0,0.0,0.0,0.0,0.0,0.0,0.0,0.0,0.0,0.0,0.0,0.0,4,2
Chelsea,2022-02-26,29257,10.283908319538032,0.0,0.0,0.0,0.0,0.0,0.0,0.0,0.0,0.0,0.0,0.0,0.0,0.0,5,2
Chelsea,2022-02-27,47069,10.759391134395187,0.0,0.0,0.0,0.0,0.0,0.0,0.0,0.0,0.0,0.0,0.0,0.0,0.0,6,2
Chelsea,2022-02-28,21705,9.985343999005961,0.0,0.0,0.0,0.0,0.0,0.0,0.0,0.0,0.0,0.0,0.0,0.0,0.0,0,2
Chelsea,2022-03-01,15653,9.658481754364784,0.0,0.0,0.0,0.0,0.0,0.0,0.0,0.0,0.0,0.0,0.0,0.0,0.0,1,3
Chelsea,2022-03-02,45672,10.729262592657507,0.0,0.0,0.0,0.0,0.0,0.0,0.0,0.0,0.0,0.0,0.0,0.0,0.0,2,3
Chelsea,2022-03-03,41838,10.641584197879567,0.0,0.0,0.0,0.0,0.0,0.0,0.0,0.0,0.0,0.0,0.0,0.0,0.0,3,3
Chelsea,2022-03-04,19351,9.870551052289864,0.0,0.0,0.0,0.0,0.0,0.0,0.0,0.0,0.0,0.0,0.0,0.0,0.0,4,3
Chelsea,2022-03-05,19465,9.876424632986438,1.0,0.0,4.0,0.0,4.0,1.0,0.0,0.0,0.0,0.0,0.0,0.0,3.0,5,3
Chelsea,2022-03-06,15594,9.654705629041903,0.0,0.0,0.0,0.0,0.0,0.0,0.0,0.0,1.0,1.0,0.0,0.0,3.0,6,3
Chelsea,2022-03-07,13757,9.52937575208596,0.0,0.0,0.0,0.0,0.0,0.0,0.0,0.0,0.0,0.0,0.0,0.0,3.0,0,3
Chelsea,2022-03-08,12261,9.414260328322634,0.0,0.0,0.0,0.0,0.0,0.0,0.0,0.0,0.0,0.0,0.0,0.0,3.0,1,3
Chelsea,2022-03-09,12598,9.44137272471063,0.0,0.0,0.0,0.0,0.0,0.0,0.0,0.0,0.0,0.0,0.0,0.0,3.0,2,3
Chelsea,2022-03-10,48885,10.797246335903196,1.0,0.0,3.0,1.0,2.0,1.0,0.0,0.0,0.0,0.0,0.0,0.0,3.0,3,3
Chelsea,2022-03-11,29552,10.293940540523788,0.0,0.0,0.0,0.0,0.0,0.0,0.0,0.0,1.0,1.0,0.0,0.0,3.0,4,3
Chelsea,2022-03-12,23440,10.062241904896988,0.0,0.0,0.0,0.0,0.0,0.0,0.0,0.0,0.0,0.0,0.0,0.0,3.0,5,3
Chelsea,2022-03-13,25018,10.12739081519658,1.0,1.0,1.0,0.0,1.0,1.0,0.0,0.0,0.0,0.0,0.0,0.0,6.0,6,3
Chelsea,2022-03-14,18023,9.79945948211208,0.0,0.0,0.0,0.0,0.0,0.0,0.0,0.0,1.0,1.0,0.0,0.0,6.0,0,3
Chelsea,2022-03-15,19899,9.898475010712584,0.0,0.0,0.0,0.0,0.0,0.0,0.0,0.0,0.0,0.0,0.0,0.0,3.0,1,3
Chelsea,2022-03-16,22385,10.016191042449213,0.0,0.0,0.0,0.0,0.0,0.0,0.0,0.0,0.0,0.0,0.0,0.0,3.0,2,3
Chelsea,2022-03-17,16688,9.722505098743403,0.0,0.0,0.0,0.0,0.0,0.0,0.0,0.0,0.0,0.0,0.0,0.0,3.0,3,3
Chelsea,2022-03-18,16032,9.682404377188837,0.0,0.0,0.0,0.0,0.0,0.0,0.0,0.0,0.0,0.0,0.0,0.0,0.0,4,3
Chelsea,2022-03-19,19558,9.881190817537517,0.0,0.0,0.0,0.0,0.0,0.0,0.0,0.0,0.0,0.0,0.0,0.0,0.0,5,3
Chelsea,2022-03-20,14292,9.567525185909115,0.0,0.0,0.0,0.0,0.0,0.0,0.0,0.0,0.0,0.0,0.0,0.0,0.0,6,3
Chelsea,2022-03-21,11963,9.389657419749838,0.0,0.0,0.0,0.0,0.0,0.0,0.0,0.0,0.0,0.0,0.0,0.0,0.0,0,3
Chelsea,2022-03-22,11888,9.383368881858544,0.0,0.0,0.0,0.0,0.0,0.0,0.0,0.0,0.0,0.0,0.0,0.0,0.0,1,3
Chelsea,2022-03-23,9906,9.20099685697303,0.0,0.0,0.0,0.0,0.0,0.0,0.0,0.0,0.0,0.0,0.0,0.0,0.0,2,3
Chelsea,2022-03-24,9543,9.163667963777751,0.0,0.0,0.0,0.0,0.0,0.0,0.0,0.0,0.0,0.0,0.0,0.0,0.0,3,3
Chelsea,2022-03-25,9109,9.117127990254003,0.0,0.0,0.0,0.0,0.0,0.0,0.0,0.0,0.0,0.0,0.0,0.0,0.0,4,3
Chelsea,2022-03-26,8057,8.994420665751292,0.0,0.0,0.0,0.0,0.0,0.0,0.0,0.0,0.0,0.0,0.0,0.0,0.0,5,3
Chelsea,2022-03-27,7762,8.95712413640568,0.0,0.0,0.0,0.0,0.0,0.0,0.0,0.0,0.0,0.0,0.0,0.0,0.0,6,3
Chelsea,2022-03-28,9309,9.138844370271112,0.0,0.0,0.0,0.0,0.0,0.0,0.0,0.0,0.0,0.0,0.0,0.0,0.0,0,3
Chelsea,2022-03-29,10248,9.234935418831563,0.0,0.0,0.0,0.0,0.0,0.0,0.0,0.0,0.0,0.0,0.0,0.0,0.0,1,3
Chelsea,2022-03-30,9042,9.10974625674048,0.0,0.0,0.0,0.0,0.0,0.0,0.0,0.0,0.0,0.0,0.0,0.0,0.0,2,3
Chelsea,2022-03-31,8483,9.045937315684574,0.0,0.0,0.0,0.0,0.0,0.0,0.0,0.0,0.0,0.0,0.0,0.0,0.0,3,3
Chelsea,2022-04-01,7881,8.97233695775495,0.0,0.0,0.0,0.0,0.0,0.0,0.0,0.0,0.0,0.0,0.0,0.0,0.0,4,4
Chelsea,2022-04-02,13544,9.513772754519195,1.0,1.0,1.0,4.0,-3.0,0.0,0.0,1.0,0.0,0.0,0.0,0.0,0.0,5,4
Chelsea,2022-04-03,10088,9.219201000408379,0.0,0.0,0.0,0.0,0.0,0.0,0.0,0.0,1.0,0.0,0.0,1.0,0.0,6,4
Chelsea,2022-04-04,9511,9.160309438370618,0.0,0.0,0.0,0.0,0.0,0.0,0.0,0.0,0.0,0.0,0.0,0.0,0.0,0,4
Chelsea,2022-04-05,14065,9.551515816867964,0.0,0.0,0.0,0.0,0.0,0.0,0.0,0.0,0.0,0.0,0.0,0.0,0.0,1,4
Chelsea,2022-04-06,26218,10.174239617765064,0.0,0.0,0.0,0.0,0.0,0.0,0.0,0.0,0.0,0.0,0.0,0.0,0.0,2,4
Chelsea,2022-04-07,13452,9.506957408485542,0.0,0.0,0.0,0.0,0.0,0.0,0.0,0.0,0.0,0.0,0.0,0.0,0.0,3,4
Chelsea,2022-04-08,8335,9.028338763993148,0.0,0.0,0.0,0.0,0.0,0.0,0.0,0.0,0.0,0.0,0.0,0.0,0.0,4,4
Chelsea,2022-04-09,14001,9.546955455537143,1.0,0.0,6.0,0.0,6.0,1.0,0.0,0.0,0.0,0.0,0.0,0.0,3.0,5,4
Chelsea,2022-04-10,11569,9.356170820187723,0.0,0.0,0.0,0.0,0.0,0.0,0.0,0.0,1.0,1.0,0.0,0.0,3.0,6,4
Chelsea,2022-04-11,10126,9.222960403332285,0.0,0.0,0.0,0.0,0.0,0.0,0.0,0.0,0.0,0.0,0.0,0.0,3.0,0,4
Chelsea,2022-04-12,32768,10.397238225511654,0.0,0.0,0.0,0.0,0.0,0.0,0.0,0.0,0.0,0.0,0.0,0.0,3.0,1,4
Chelsea,2022-04-13,19297,9.86775674258033,0.0,0.0,0.0,0.0,0.0,0.0,0.0,0.0,0.0,0.0,0.0,0.0,3.0,2,4
Chelsea,2022-04-14,11918,9.385889044482708,0.0,0.0,0.0,0.0,0.0,0.0,0.0,0.0,0.0,0.0,0.0,0.0,0.0,3,4
Chelsea,2022-04-15,10042,9.21463115339334,0.0,0.0,0.0,0.0,0.0,0.0,0.0,0.0,0.0,0.0,0.0,0.0,0.0,4,4
Chelsea,2022-04-16,11660,9.364005219520333,0.0,0.0,0.0,0.0,0.0,0.0,0.0,0.0,0.0,0.0,0.0,0.0,0.0,5,4
Chelsea,2022-04-17,20966,9.950705052145238,0.0,0.0,0.0,0.0,0.0,0.0,0.0,0.0,0.0,0.0,0.0,0.0,0.0,6,4
Chelsea,2022-04-18,12783,9.455949668006056,0.0,0.0,0.0,0.0,0.0,0.0,0.0,0.0,0.0,0.0,0.0,0.0,0.0,0,4
Chelsea,2022-04-19,11042,9.30955202204713,0.0,0.0,0.0,0.0,0.0,0.0,0.0,0.0,0.0,0.0,0.0,0.0,0.0,1,4
Chelsea,2022-04-20,17264,9.756436609824092,1.0,1.0,2.0,4.0,-2.0,0.0,0.0,1.0,0.0,0.0,0.0,0.0,0.0,2,4
Chelsea,2022-04-21,13892,9.539140395148861,0.0,0.0,0.0,0.0,0.0,0.0,0.0,0.0,1.0,0.0,0.0,1.0,0.0,3,4
Chelsea,2022-04-22,9961,9.20653313363323,0.0,0.0,0.0,0.0,0.0,0.0,0.0,0.0,0.0,0.0,0.0,0.0,0.0,4,4
Chelsea,2022-04-23,10628,9.271341393533582,0.0,0.0,0.0,0.0,0.0,0.0,0.0,0.0,0.0,0.0,0.0,0.0,0.0,5,4
Chelsea,2022-04-24,16876,9.733707027236484,1.0,1.0,1.0,0.0,1.0,1.0,0.0,0.0,0.0,0.0,0.0,0.0,3.0,6,4
Chelsea,2022-04-25,12680,9.447860089234899,0.0,0.0,0.0,0.0,0.0,0.0,0.0,0.0,1.0,1.0,0.0,0.0,3.0,0,4
Chelsea,2022-04-26,14820,9.603800372956915,0.0,0.0,0.0,0.0,0.0,0.0,0.0,0.0,0.0,0.0,0.0,0.0,3.0,1,4
Chelsea,2022-04-27,13826,9.534378481388618,0.0,0.0,0.0,0.0,0.0,0.0,0.0,0.0,0.0,0.0,0.0,0.0,3.0,2,4
Chelsea,2022-04-28,15714,9.662370949231669,1.0,0.0,1.0,1.0,0.0,0.0,1.0,0.0,0.0,0.0,0.0,0.0,4.0,3,4
Chelsea,2022-04-29,11802,9.37610901542907,0.0,0.0,0.0,0.0,0.0,0.0,0.0,0.0,1.0,0.0,1.0,0.0,1.0,4,4
Chelsea,2022-04-30,12663,9.446518601560848,0.0,0.0,0.0,0.0,0.0,0.0,0.0,0.0,0.0,0.0,0.0,0.0,1.0,5,4
Chelsea,2022-05-01,15808,9.668334677096187,1.0,0.0,0.0,1.0,-1.0,0.0,0.0,1.0,0.0,0.0,0.0,0.0,1.0,6,5
Chelsea,2022-05-02,11368,9.338645632129106,0.0,0.0,0.0,0.0,0.0,0.0,0.0,0.0,1.0,0.0,0.0,1.0,1.0,0,5
Chelsea,2022-05-03,15607,9.655538882302947,0.0,0.0,0.0,0.0,0.0,0.0,0.0,0.0,0.0,0.0,0.0,0.0,0.0,1,5
Chelsea,2022-05-04,23940,10.08334774933398,0.0,0.0,0.0,0.0,0.0,0.0,0.0,0.0,0.0,0.0,0.0,0.0,0.0,2,5
Chelsea,2022-05-05,16557,9.71462464769875,0.0,0.0,0.0,0.0,0.0,0.0,0.0,0.0,0.0,0.0,0.0,0.0,0.0,3,5
Chelsea,2022-05-06,11972,9.390409393716844,0.0,0.0,0.0,0.0,0.0,0.0,0.0,0.0,0.0,0.0,0.0,0.0,0.0,4,5
Chelsea,2022-05-07,39682,10.588678163379617,1.0,1.0,2.0,2.0,0.0,0.0,1.0,0.0,0.0,0.0,0.0,0.0,1.0,5,5
Chelsea,2022-05-08,21915,9.994972242658307,0.0,0.0,0.0,0.0,0.0,0.0,0.0,0.0,1.0,0.0,1.0,0.0,1.0,6,5
Chelsea,2022-05-09,17243,9.755219535867026,0.0,0.0,0.0,0.0,0.0,0.0,0.0,0.0,0.0,0.0,0.0,0.0,1.0,0,5
Chelsea,2022-05-10,17257,9.756031083068253,0.0,0.0,0.0,0.0,0.0,0.0,0.0,0.0,0.0,0.0,0.0,0.0,1.0,1,5
Chelsea,2022-05-11,19075,9.856186279418115,1.0,0.0,3.0,0.0,3.0,1.0,0.0,0.0,0.0,0.0,0.0,0.0,4.0,2,5
Chelsea,2022-05-12,15861,9.671681590643265,0.0,0.0,0.0,0.0,0.0,0.0,0.0,0.0,1.0,1.0,0.0,0.0,3.0,3,5
Chelsea,2022-05-13,14939,9.611797458686809,0.0,0.0,0.0,0.0,0.0,0.0,0.0,0.0,0.0,0.0,0.0,0.0,3.0,4,5
Chelsea,2022-05-14,40493,10.608909093971462,0.0,0.0,0.0,0.0,0.0,0.0,0.0,0.0,0.0,0.0,0.0,0.0,3.0,5,5
Chelsea,2022-05-15,18431,9.821843563495618,0.0,0.0,0.0,0.0,0.0,0.0,0.0,0.0,0.0,0.0,0.0,0.0,3.0,6,5
Chelsea,2022-05-16,13647,9.52134826973146,0.0,0.0,0.0,0.0,0.0,0.0,0.0,0.0,0.0,0.0,0.0,0.0,0.0,0,5
Chelsea,2022-05-17,12187,9.408207140105599,0.0,0.0,0.0,0.0,0.0,0.0,0.0,0.0,0.0,0.0,0.0,0.0,0.0,1,5
Chelsea,2022-05-18,12439,9.42867236629317,0.0,0.0,0.0,0.0,0.0,0.0,0.0,0.0,0.0,0.0,0.0,0.0,0.0,2,5
Chelsea,2022-05-19,14725,9.597369917928662,1.0,1.0,1.0,1.0,0.0,0.0,1.0,0.0,0.0,0.0,0.0,0.0,1.0,3,5
Chelsea,2022-05-20,12175,9.407222080101468,0.0,0.0,0.0,0.0,0.0,0.0,0.0,0.0,1.0,0.0,1.0,0.0,1.0,4,5
Chelsea,2022-05-21,10770,9.28461261635077,0.0,0.0,0.0,0.0,0.0,0.0,0.0,0.0,0.0,0.0,0.0,0.0,1.0,5,5
Chelsea,2022-05-22,21238,9.963594393268247,1.0,1.0,2.0,1.0,1.0,1.0,0.0,0.0,0.0,0.0,0.0,0.0,4.0,6,5
Chelsea,2022-05-23,19213,9.863394458969683,0.0,0.0,0.0,0.0,0.0,0.0,0.0,0.0,1.0,1.0,0.0,0.0,4.0,0,5
Chelsea,2022-05-24,15990,9.679781342959442,0.0,0.0,0.0,0.0,0.0,0.0,0.0,0.0,0.0,0.0,0.0,0.0,3.0,1,5
Chelsea,2022-05-25,21302,9.966603186850204,0.0,0.0,0.0,0.0,0.0,0.0,0.0,0.0,0.0,0.0,0.0,0.0,3.0,2,5
Chelsea,2022-05-26,18406,9.820486306032722,0.0,0.0,0.0,0.0,0.0,0.0,0.0,0.0,0.0,0.0,0.0,0.0,3.0,3,5
Chelsea,2022-05-27,14858,9.606361021256347,0.0,0.0,0.0,0.0,0.0,0.0,0.0,0.0,0.0,0.0,0.0,0.0,0.0,4,5
Chelsea,2022-05-28,30394,10.322033400182823,0.0,0.0,0.0,0.0,0.0,0.0,0.0,0.0,0.0,0.0,0.0,0.0,0.0,5,5
Chelsea,2022-05-29,20228,9.914872497402692,0.0,0.0,0.0,0.0,0.0,0.0,0.0,0.0,0.0,0.0,0.0,0.0,0.0,6,5
Chelsea,2022-05-30,25766,10.156849882434335,0.0,0.0,0.0,0.0,0.0,0.0,0.0,0.0,0.0,0.0,0.0,0.0,0.0,0,5
Chelsea,2022-05-31,18436,9.82211479407039,0.0,0.0,0.0,0.0,0.0,0.0,0.0,0.0,0.0,0.0,0.0,0.0,0.0,1,5
Chelsea,2022-06-01,13454,9.507106063161006,0.0,0.0,0.0,0.0,0.0,0.0,0.0,0.0,0.0,0.0,0.0,0.0,0.0,2,6
Chelsea,2022-06-02,13062,9.477539085486564,0.0,0.0,0.0,0.0,0.0,0.0,0.0,0.0,0.0,0.0,0.0,0.0,0.0,3,6
Chelsea,2022-06-03,10583,9.267098705794792,0.0,0.0,0.0,0.0,0.0,0.0,0.0,0.0,0.0,0.0,0.0,0.0,0.0,4,6
Chelsea,2022-06-04,9614,9.17107965802288,0.0,0.0,0.0,0.0,0.0,0.0,0.0,0.0,0.0,0.0,0.0,0.0,0.0,5,6
Chelsea,2022-06-05,9461,9.155039056191093,0.0,0.0,0.0,0.0,0.0,0.0,0.0,0.0,0.0,0.0,0.0,0.0,0.0,6,6
Chelsea,2022-06-06,9488,9.15788851197376,0.0,0.0,0.0,0.0,0.0,0.0,0.0,0.0,0.0,0.0,0.0,0.0,0.0,0,6
Chelsea,2022-06-07,9690,9.17895289873455,0.0,0.0,0.0,0.0,0.0,0.0,0.0,0.0,0.0,0.0,0.0,0.0,0.0,1,6
Chelsea,2022-06-08,9772,9.187378760338836,0.0,0.0,0.0,0.0,0.0,0.0,0.0,0.0,0.0,0.0,0.0,0.0,0.0,2,6
Chelsea,2022-06-09,9006,9.105757331783742,0.0,0.0,0.0,0.0,0.0,0.0,0.0,0.0,0.0,0.0,0.0,0.0,0.0,3,6
Chelsea,2022-06-10,10062,9.216620609933333,0.0,0.0,0.0,0.0,0.0,0.0,0.0,0.0,0.0,0.0,0.0,0.0,0.0,4,6
Chelsea,2022-06-11,9217,9.128913373280454,0.0,0.0,0.0,0.0,0.0,0.0,0.0,0.0,0.0,0.0,0.0,0.0,0.0,5,6
Chelsea,2022-06-12,8716,9.073030421011577,0.0,0.0,0.0,0.0,0.0,0.0,0.0,0.0,0.0,0.0,0.0,0.0,0.0,6,6
Chelsea,2022-06-13,9291,9.1369090938903,0.0,0.0,0.0,0.0,0.0,0.0,0.0,0.0,0.0,0.0,0.0,0.0,0.0,0,6
Chelsea,2022-06-14,9249,9.132378830506472,0.0,0.0,0.0,0.0,0.0,0.0,0.0,0.0,0.0,0.0,0.0,0.0,0.0,1,6
Chelsea,2022-06-15,8774,9.079662048334066,0.0,0.0,0.0,0.0,0.0,0.0,0.0,0.0,0.0,0.0,0.0,0.0,0.0,2,6
Chelsea,2022-06-16,9522,9.161465204194046,0.0,0.0,0.0,0.0,0.0,0.0,0.0,0.0,0.0,0.0,0.0,0.0,0.0,3,6
Chelsea,2022-06-17,8540,9.052633375946147,0.0,0.0,0.0,0.0,0.0,0.0,0.0,0.0,0.0,0.0,0.0,0.0,0.0,4,6
Chelsea,2022-06-18,8490,9.046762057999363,0.0,0.0,0.0,0.0,0.0,0.0,0.0,0.0,0.0,0.0,0.0,0.0,0.0,5,6
Chelsea,2022-06-19,9395,9.148039345778804,0.0,0.0,0.0,0.0,0.0,0.0,0.0,0.0,0.0,0.0,0.0,0.0,0.0,6,6
Chelsea,2022-06-20,11595,9.358415490041546,0.0,0.0,0.0,0.0,0.0,0.0,0.0,0.0,0.0,0.0,0.0,0.0,0.0,0,6
Chelsea,2022-06-21,11260,9.329100707697025,0.0,0.0,0.0,0.0,0.0,0.0,0.0,0.0,0.0,0.0,0.0,0.0,0.0,1,6
Chelsea,2022-06-22,12784,9.456027887725288,0.0,0.0,0.0,0.0,0.0,0.0,0.0,0.0,0.0,0.0,0.0,0.0,0.0,2,6
Chelsea,2022-06-23,9479,9.156939595249067,0.0,0.0,0.0,0.0,0.0,0.0,0.0,0.0,0.0,0.0,0.0,0.0,0.0,3,6
Chelsea,2022-06-24,8747,9.076580381796658,0.0,0.0,0.0,0.0,0.0,0.0,0.0,0.0,0.0,0.0,0.0,0.0,0.0,4,6
Chelsea,2022-06-25,9549,9.164296433474776,0.0,0.0,0.0,0.0,0.0,0.0,0.0,0.0,0.0,0.0,0.0,0.0,0.0,5,6
Chelsea,2022-06-26,9661,9.175955945114351,0.0,0.0,0.0,0.0,0.0,0.0,0.0,0.0,0.0,0.0,0.0,0.0,0.0,6,6
Chelsea,2022-06-27,11141,9.31847703058076,0.0,0.0,0.0,0.0,0.0,0.0,0.0,0.0,0.0,0.0,0.0,0.0,0.0,0,6
Chelsea,2022-06-28,12626,9.44359265743868,0.0,0.0,0.0,0.0,0.0,0.0,0.0,0.0,0.0,0.0,0.0,0.0,0.0,1,6
Chelsea,2022-06-29,13835,9.53502917005706,0.0,0.0,0.0,0.0,0.0,0.0,0.0,0.0,0.0,0.0,0.0,0.0,0.0,2,6
Chelsea,2022-06-30,12643,9.444938073335509,0.0,0.0,0.0,0.0,0.0,0.0,0.0,0.0,0.0,0.0,0.0,0.0,0.0,3,6
Chelsea,2022-07-01,11486,9.348971240145405,0.0,0.0,0.0,0.0,0.0,0.0,0.0,0.0,0.0,0.0,0.0,0.0,0.0,4,7
Chelsea,2022-07-02,11172,9.321255432547337,0.0,0.0,0.0,0.0,0.0,0.0,0.0,0.0,0.0,0.0,0.0,0.0,0.0,5,7
Chelsea,2022-07-03,10338,9.243678431586693,0.0,0.0,0.0,0.0,0.0,0.0,0.0,0.0,0.0,0.0,0.0,0.0,0.0,6,7
Chelsea,2022-07-04,16187,9.692025505995757,0.0,0.0,0.0,0.0,0.0,0.0,0.0,0.0,0.0,0.0,0.0,0.0,0.0,0,7
Chelsea,2022-07-05,14775,9.600759521879075,0.0,0.0,0.0,0.0,0.0,0.0,0.0,0.0,0.0,0.0,0.0,0.0,0.0,1,7
Chelsea,2022-07-06,15184,9.62806337747985,0.0,0.0,0.0,0.0,0.0,0.0,0.0,0.0,0.0,0.0,0.0,0.0,0.0,2,7
Chelsea,2022-07-07,16379,9.70381635740706,0.0,0.0,0.0,0.0,0.0,0.0,0.0,0.0,0.0,0.0,0.0,0.0,0.0,3,7
Chelsea,2022-07-08,14358,9.572132202294377,0.0,0.0,0.0,0.0,0.0,0.0,0.0,0.0,0.0,0.0,0.0,0.0,0.0,4,7
Chelsea,2022-07-09,14198,9.560926818574357,0.0,0.0,0.0,0.0,0.0,0.0,0.0,0.0,0.0,0.0,0.0,0.0,0.0,5,7
Chelsea,2022-07-10,14964,9.6134694202868,0.0,0.0,0.0,0.0,0.0,0.0,0.0,0.0,0.0,0.0,0.0,0.0,0.0,6,7
Chelsea,2022-07-11,13370,9.500843461614666,0.0,0.0,0.0,0.0,0.0,0.0,0.0,0.0,0.0,0.0,0.0,0.0,0.0,0,7
Chelsea,2022-07-12,14179,9.559587800086119,0.0,0.0,0.0,0.0,0.0,0.0,0.0,0.0,0.0,0.0,0.0,0.0,0.0,1,7
Chelsea,2022-07-13,34107,10.43728723986194,0.0,0.0,0.0,0.0,0.0,0.0,0.0,0.0,0.0,0.0,0.0,0.0,0.0,2,7
Chelsea,2022-07-14,32376,10.385203573155552,0.0,0.0,0.0,0.0,0.0,0.0,0.0,0.0,0.0,0.0,0.0,0.0,0.0,3,7
Chelsea,2022-07-15,22569,10.024376869811581,0.0,0.0,0.0,0.0,0.0,0.0,0.0,0.0,0.0,0.0,0.0,0.0,0.0,4,7
Chelsea,2022-07-16,31188,10.347820747529674,0.0,0.0,0.0,0.0,0.0,0.0,0.0,0.0,0.0,0.0,0.0,0.0,0.0,5,7
Chelsea,2022-07-17,28801,10.268200108157329,0.0,0.0,0.0,0.0,0.0,0.0,0.0,0.0,0.0,0.0,0.0,0.0,0.0,6,7
Chelsea,2022-07-18,20822,9.943813424007693,0.0,0.0,0.0,0.0,0.0,0.0,0.0,0.0,0.0,0.0,0.0,0.0,0.0,0,7
Chelsea,2022-07-19,19714,9.889135046311727,0.0,0.0,0.0,0.0,0.0,0.0,0.0,0.0,0.0,0.0,0.0,0.0,0.0,1,7
Chelsea,2022-07-20,19679,9.887358170606245,0.0,0.0,0.0,0.0,0.0,0.0,0.0,0.0,0.0,0.0,0.0,0.0,0.0,2,7
Chelsea,2022-07-21,22880,10.038062150832348,0.0,0.0,0.0,0.0,0.0,0.0,0.0,0.0,0.0,0.0,0.0,0.0,0.0,3,7
Chelsea,2022-07-22,19070,9.855924135604518,0.0,0.0,0.0,0.0,0.0,0.0,0.0,0.0,0.0,0.0,0.0,0.0,0.0,4,7
Chelsea,2022-07-23,17641,9.778037701818713,0.0,0.0,0.0,0.0,0.0,0.0,0.0,0.0,0.0,0.0,0.0,0.0,0.0,5,7
Chelsea,2022-07-24,20555,9.93090814811212,0.0,0.0,0.0,0.0,0.0,0.0,0.0,0.0,0.0,0.0,0.0,0.0,0.0,6,7
Chelsea,2022-07-25,17892,9.792164853891862,0.0,0.0,0.0,0.0,0.0,0.0,0.0,0.0,0.0,0.0,0.0,0.0,0.0,0,7
Chelsea,2022-07-26,18365,9.818256408173468,0.0,0.0,0.0,0.0,0.0,0.0,0.0,0.0,0.0,0.0,0.0,0.0,0.0,1,7
Chelsea,2022-07-27,17278,9.757247170313121,0.0,0.0,0.0,0.0,0.0,0.0,0.0,0.0,0.0,0.0,0.0,0.0,0.0,2,7
Chelsea,2022-07-28,17773,9.78549199429842,0.0,0.0,0.0,0.0,0.0,0.0,0.0,0.0,0.0,0.0,0.0,0.0,0.0,3,7
Chelsea,2022-07-29,24918,10.123385843685309,0.0,0.0,0.0,0.0,0.0,0.0,0.0,0.0,0.0,0.0,0.0,0.0,0.0,4,7
Chelsea,2022-07-30,24105,10.090216051148289,0.0,0.0,0.0,0.0,0.0,0.0,0.0,0.0,0.0,0.0,0.0,0.0,0.0,5,7
Chelsea,2022-07-31,18040,9.800402224452803,0.0,0.0,0.0,0.0,0.0,0.0,0.0,0.0,0.0,0.0,0.0,0.0,0.0,6,7
Chelsea,2022-08-01,18011,9.798793481421463,0.0,0.0,0.0,0.0,0.0,0.0,0.0,0.0,0.0,0.0,0.0,0.0,0.0,0,8
Chelsea,2022-08-02,22355,10.01485002038959,0.0,0.0,0.0,0.0,0.0,0.0,0.0,0.0,0.0,0.0,0.0,0.0,0.0,1,8
Chelsea,2022-08-03,25622,10.151245664614256,0.0,0.0,0.0,0.0,0.0,0.0,0.0,0.0,0.0,0.0,0.0,0.0,0.0,2,8
Chelsea,2022-08-04,31795,10.367095774693004,0.0,0.0,0.0,0.0,0.0,0.0,0.0,0.0,0.0,0.0,0.0,0.0,0.0,3,8
Chelsea,2022-08-05,44870,10.711546985327436,0.0,0.0,0.0,0.0,0.0,0.0,0.0,0.0,0.0,0.0,0.0,0.0,0.0,4,8
Chelsea,2022-08-06,61976,11.034518627459738,1.0,0.0,1.0,0.0,1.0,1.0,0.0,0.0,0.0,0.0,0.0,0.0,3.0,5,8
Chelsea,2022-08-07,30413,10.322658307700404,0.0,0.0,0.0,0.0,0.0,0.0,0.0,0.0,1.0,1.0,0.0,0.0,3.0,6,8
Chelsea,2022-08-08,22301,10.012431639525307,0.0,0.0,0.0,0.0,0.0,0.0,0.0,0.0,0.0,0.0,0.0,0.0,3.0,0,8
Chelsea,2022-08-09,24130,10.091252599948522,0.0,0.0,0.0,0.0,0.0,0.0,0.0,0.0,0.0,0.0,0.0,0.0,3.0,1,8
Chelsea,2022-08-10,24828,10.119767603828935,0.0,0.0,0.0,0.0,0.0,0.0,0.0,0.0,0.0,0.0,0.0,0.0,3.0,2,8
Chelsea,2022-08-11,21414,9.971846890049472,0.0,0.0,0.0,0.0,0.0,0.0,0.0,0.0,0.0,0.0,0.0,0.0,0.0,3,8
Chelsea,2022-08-12,19437,9.874985192063416,0.0,0.0,0.0,0.0,0.0,0.0,0.0,0.0,0.0,0.0,0.0,0.0,0.0,4,8
Chelsea,2022-08-13,24940,10.12426831466115,0.0,0.0,0.0,0.0,0.0,0.0,0.0,0.0,0.0,0.0,0.0,0.0,0.0,5,8
Chelsea,2022-08-14,85016,11.35060651547512,1.0,1.0,2.0,2.0,0.0,0.0,1.0,0.0,0.0,0.0,0.0,0.0,1.0,6,8
Chelsea,2022-08-15,31724,10.364860292582588,0.0,0.0,0.0,0.0,0.0,0.0,0.0,0.0,1.0,0.0,1.0,0.0,1.0,0,8
Chelsea,2022-08-16,19339,9.869930769007285,0.0,0.0,0.0,0.0,0.0,0.0,0.0,0.0,0.0,0.0,0.0,0.0,1.0,1,8
Chelsea,2022-08-17,19025,9.853561743766402,0.0,0.0,0.0,0.0,0.0,0.0,0.0,0.0,0.0,0.0,0.0,0.0,1.0,2,8
Chelsea,2022-08-18,17861,9.790430830243832,0.0,0.0,0.0,0.0,0.0,0.0,0.0,0.0,0.0,0.0,0.0,0.0,1.0,3,8
Chelsea,2022-08-19,20951,9.949989386187548,0.0,0.0,0.0,0.0,0.0,0.0,0.0,0.0,0.0,0.0,0.0,0.0,0.0,4,8
Chelsea,2022-08-20,21925,9.995428426234485,0.0,0.0,0.0,0.0,0.0,0.0,0.0,0.0,0.0,0.0,0.0,0.0,0.0,5,8
Chelsea,2022-08-21,53732,10.891782616893368,1.0,0.0,0.0,3.0,-3.0,0.0,0.0,1.0,0.0,0.0,0.0,0.0,0.0,6,8
Chelsea,2022-08-22,22459,10.019491228292434,0.0,0.0,0.0,0.0,0.0,0.0,0.0,0.0,1.0,0.0,0.0,1.0,0.0,0,8
Chelsea,2022-08-23,18671,9.834780354526337,0.0,0.0,0.0,0.0,0.0,0.0,0.0,0.0,0.0,0.0,0.0,0.0,0.0,1,8
Chelsea,2022-08-24,18833,9.84341902607001,0.0,0.0,0.0,0.0,0.0,0.0,0.0,0.0,0.0,0.0,0.0,0.0,0.0,2,8
Chelsea,2022-08-25,18714,9.83708062033853,0.0,0.0,0.0,0.0,0.0,0.0,0.0,0.0,0.0,0.0,0.0,0.0,0.0,3,8
Chelsea,2022-08-26,19383,9.872203262496361,0.0,0.0,0.0,0.0,0.0,0.0,0.0,0.0,0.0,0.0,0.0,0.0,0.0,4,8
Chelsea,2022-08-27,46085,10.738264495226737,1.0,1.0,2.0,1.0,1.0,1.0,0.0,0.0,0.0,0.0,0.0,0.0,3.0,5,8
Chelsea,2022-08-28,23811,10.077944934273281,0.0,0.0,0.0,0.0,0.0,0.0,0.0,0.0,1.0,1.0,0.0,0.0,3.0,6,8
Chelsea,2022-08-29,23810,10.077902937758985,0.0,0.0,0.0,0.0,0.0,0.0,0.0,0.0,0.0,0.0,0.0,0.0,3.0,0,8
Chelsea,2022-08-30,46624,10.749892156946117,1.0,0.0,1.0,2.0,-1.0,0.0,0.0,1.0,0.0,0.0,0.0,0.0,3.0,1,8
Chelsea,2022-08-31,43022,10.669490135397321,0.0,0.0,0.0,0.0,0.0,0.0,0.0,0.0,1.0,0.0,0.0,1.0,3.0,2,8
Chelsea,2022-09-01,50315,10.826078396958764,0.0,0.0,0.0,0.0,0.0,0.0,0.0,0.0,0.0,0.0,0.0,0.0,0.0,3,9
Chelsea,2022-09-02,75509,11.232020376797472,0.0,0.0,0.0,0.0,0.0,0.0,0.0,0.0,0.0,0.0,0.0,0.0,0.0,4,9
Chelsea,2022-09-03,62282,11.03944379434466,1.0,1.0,2.0,1.0,1.0,1.0,0.0,0.0,0.0,0.0,0.0,0.0,3.0,5,9
Chelsea,2022-09-04,28817,10.268755470892879,0.0,0.0,0.0,0.0,0.0,0.0,0.0,0.0,1.0,1.0,0.0,0.0,3.0,6,9
Chelsea,2022-09-05,25005,10.126871075054945,0.0,0.0,0.0,0.0,0.0,0.0,0.0,0.0,0.0,0.0,0.0,0.0,3.0,0,9
Chelsea,2022-09-06,44257,10.697791425055811,0.0,0.0,0.0,0.0,0.0,0.0,0.0,0.0,0.0,0.0,0.0,0.0,3.0,1,9
Chelsea,2022-09-07,106406,11.575026643199333,0.0,0.0,0.0,0.0,0.0,0.0,0.0,0.0,0.0,0.0,0.0,0.0,3.0,2,9
Chelsea,2022-09-08,66558,11.105844051343766,0.0,0.0,0.0,0.0,0.0,0.0,0.0,0.0,0.0,0.0,0.0,0.0,0.0,3,9
Chelsea,2022-09-09,32684,10.39467153604683,0.0,0.0,0.0,0.0,0.0,0.0,0.0,0.0,0.0,0.0,0.0,0.0,0.0,4,9
Chelsea,2022-09-10,20140,9.910512817472881,0.0,0.0,0.0,0.0,0.0,0.0,0.0,0.0,0.0,0.0,0.0,0.0,0.0,5,9
Chelsea,2022-09-11,16344,9.70167731915831,0.0,0.0,0.0,0.0,0.0,0.0,0.0,0.0,0.0,0.0,0.0,0.0,0.0,6,9
Chelsea,2022-09-12,16573,9.715590481408988,0.0,0.0,0.0,0.0,0.0,0.0,0.0,0.0,0.0,0.0,0.0,0.0,0.0,0,9
Chelsea,2022-09-13,17416,9.765202019731785,0.0,0.0,0.0,0.0,0.0,0.0,0.0,0.0,0.0,0.0,0.0,0.0,0.0,1,9
Chelsea,2022-09-14,50294,10.825660947568439,0.0,0.0,0.0,0.0,0.0,0.0,0.0,0.0,0.0,0.0,0.0,0.0,0.0,2,9
Chelsea,2022-09-15,19710,9.888932134526929,0.0,0.0,0.0,0.0,0.0,0.0,0.0,0.0,0.0,0.0,0.0,0.0,0.0,3,9
Chelsea,2022-09-16,11434,9.344434106456882,0.0,0.0,0.0,0.0,0.0,0.0,0.0,0.0,0.0,0.0,0.0,0.0,0.0,4,9
Chelsea,2022-09-17,20935,9.949225444209981,0.0,0.0,0.0,0.0,0.0,0.0,0.0,0.0,0.0,0.0,0.0,0.0,0.0,5,9
Chelsea,2022-09-18,19730,9.889946281969461,0.0,0.0,0.0,0.0,0.0,0.0,0.0,0.0,0.0,0.0,0.0,0.0,0.0,6,9
Chelsea,2022-09-19,12060,9.397732385583243,0.0,0.0,0.0,0.0,0.0,0.0,0.0,0.0,0.0,0.0,0.0,0.0,0.0,0,9
Chelsea,2022-09-20,11415,9.342771159156673,0.0,0.0,0.0,0.0,0.0,0.0,0.0,0.0,0.0,0.0,0.0,0.0,0.0,1,9
Chelsea,2022-09-21,14021,9.548382803766913,0.0,0.0,0.0,0.0,0.0,0.0,0.0,0.0,0.0,0.0,0.0,0.0,0.0,2,9
Chelsea,2022-09-22,14568,9.586651262653996,0.0,0.0,0.0,0.0,0.0,0.0,0.0,0.0,0.0,0.0,0.0,0.0,0.0,3,9
Chelsea,2022-09-23,12506,9.434043766548907,0.0,0.0,0.0,0.0,0.0,0.0,0.0,0.0,0.0,0.0,0.0,0.0,0.0,4,9
Chelsea,2022-09-24,11665,9.364433907313582,0.0,0.0,0.0,0.0,0.0,0.0,0.0,0.0,0.0,0.0,0.0,0.0,0.0,5,9
Chelsea,2022-09-25,11174,9.32143441948177,0.0,0.0,0.0,0.0,0.0,0.0,0.0,0.0,0.0,0.0,0.0,0.0,0.0,6,9
Chelsea,2022-09-26,10999,9.305650551780507,0.0,0.0,0.0,0.0,0.0,0.0,0.0,0.0,0.0,0.0,0.0,0.0,0.0,0,9
Chelsea,2022-09-27,10488,9.258082367961604,0.0,0.0,0.0,0.0,0.0,0.0,0.0,0.0,0.0,0.0,0.0,0.0,0.0,1,9
Chelsea,2022-09-28,10516,9.260748274520028,0.0,0.0,0.0,0.0,0.0,0.0,0.0,0.0,0.0,0.0,0.0,0.0,0.0,2,9
Chelsea,2022-09-29,10341,9.243968552956167,0.0,0.0,0.0,0.0,0.0,0.0,0.0,0.0,0.0,0.0,0.0,0.0,0.0,3,9
Chelsea,2022-09-30,11141,9.31847703058076,0.0,0.0,0.0,0.0,0.0,0.0,0.0,0.0,0.0,0.0,0.0,0.0,0.0,4,9
Chelsea,2022-10-01,35181,10.46828986715885,1.0,0.0,2.0,1.0,1.0,1.0,0.0,0.0,0.0,0.0,0.0,0.0,3.0,5,10
Chelsea,2022-10-02,19183,9.861831877267296,0.0,0.0,0.0,0.0,0.0,0.0,0.0,0.0,1.0,1.0,0.0,0.0,3.0,6,10
Chelsea,2022-10-03,15099,9.622450022803015,0.0,0.0,0.0,0.0,0.0,0.0,0.0,0.0,0.0,0.0,0.0,0.0,3.0,0,10
Chelsea,2022-10-04,15567,9.652972804425787,0.0,0.0,0.0,0.0,0.0,0.0,0.0,0.0,0.0,0.0,0.0,0.0,3.0,1,10
Chelsea,2022-10-05,35786,10.485339977950055,0.0,0.0,0.0,0.0,0.0,0.0,0.0,0.0,0.0,0.0,0.0,0.0,3.0,2,10
Chelsea,2022-10-06,20796,9.942564024517921,0.0,0.0,0.0,0.0,0.0,0.0,0.0,0.0,0.0,0.0,0.0,0.0,0.0,3,10
Chelsea,2022-10-07,14556,9.585827256564661,0.0,0.0,0.0,0.0,0.0,0.0,0.0,0.0,0.0,0.0,0.0,0.0,0.0,4,10
Chelsea,2022-10-08,36260,10.498498062527567,1.0,1.0,3.0,0.0,3.0,1.0,0.0,0.0,0.0,0.0,0.0,0.0,3.0,5,10
Chelsea,2022-10-09,22667,10.02870951728951,0.0,0.0,0.0,0.0,0.0,0.0,0.0,0.0,1.0,1.0,0.0,0.0,3.0,6,10
Chelsea,2022-10-10,15890,9.673508190212637,0.0,0.0,0.0,0.0,0.0,0.0,0.0,0.0,0.0,0.0,0.0,0.0,3.0,0,10
Chelsea,2022-10-11,28810,10.26851253764627,0.0,0.0,0.0,0.0,0.0,0.0,0.0,0.0,0.0,0.0,0.0,0.0,3.0,1,10
Chelsea,2022-10-12,18396,9.819942886825784,0.0,0.0,0.0,0.0,0.0,0.0,0.0,0.0,0.0,0.0,0.0,0.0,3.0,2,10
Chelsea,2022-10-13,14370,9.572967566074247,0.0,0.0,0.0,0.0,0.0,0.0,0.0,0.0,0.0,0.0,0.0,0.0,0.0,3,10
Chelsea,2022-10-14,13159,9.484937204879309,0.0,0.0,0.0,0.0,0.0,0.0,0.0,0.0,0.0,0.0,0.0,0.0,0.0,4,10
Chelsea,2022-10-15,16348,9.701922012375412,0.0,0.0,0.0,0.0,0.0,0.0,0.0,0.0,0.0,0.0,0.0,0.0,0.0,5,10
Chelsea,2022-10-16,35179,10.46823301829155,1.0,0.0,2.0,0.0,2.0,1.0,0.0,0.0,0.0,0.0,0.0,0.0,3.0,6,10
Chelsea,2022-10-17,16846,9.731927878386204,0.0,0.0,0.0,0.0,0.0,0.0,0.0,0.0,1.0,1.0,0.0,0.0,3.0,0,10
Chelsea,2022-10-18,15649,9.658226195968298,0.0,0.0,0.0,0.0,0.0,0.0,0.0,0.0,0.0,0.0,0.0,0.0,3.0,1,10
Chelsea,2022-10-19,27120,10.208063614530875,1.0,0.0,0.0,0.0,0.0,0.0,1.0,0.0,0.0,0.0,0.0,0.0,4.0,2,10
Chelsea,2022-10-20,17402,9.764397884134175,0.0,0.0,0.0,0.0,0.0,0.0,0.0,0.0,1.0,0.0,1.0,0.0,4.0,3,10
Chelsea,2022-10-21,17921,9.793784287444165,0.0,0.0,0.0,0.0,0.0,0.0,0.0,0.0,0.0,0.0,0.0,0.0,1.0,4,10
Chelsea,2022-10-22,58997,10.985258824008211,1.0,1.0,1.0,1.0,0.0,0.0,1.0,0.0,0.0,0.0,0.0,0.0,2.0,5,10
Chelsea,2022-10-23,20755,9.94059064048763,0.0,0.0,0.0,0.0,0.0,0.0,0.0,0.0,1.0,0.0,1.0,0.0,2.0,6,10
Chelsea,2022-10-24,16080,9.685393729854024,0.0,0.0,0.0,0.0,0.0,0.0,0.0,0.0,0.0,0.0,0.0,0.0,1.0,0,10
Chelsea,2022-10-25,33546,10.420702719623787,0.0,0.0,0.0,0.0,0.0,0.0,0.0,0.0,0.0,0.0,0.0,0.0,1.0,1,10
Chelsea,2022-10-26,19163,9.860788798003012,0.0,0.0,0.0,0.0,0.0,0.0,0.0,0.0,0.0,0.0,0.0,0.0,1.0,2,10
Chelsea,2022-10-27,14279,9.566615235893575,0.0,0.0,0.0,0.0,0.0,0.0,0.0,0.0,0.0,0.0,0.0,0.0,0.0,3,10
Chelsea,2022-10-28,11621,9.360655132635051,0.0,0.0,0.0,0.0,0.0,0.0,0.0,0.0,0.0,0.0,0.0,0.0,0.0,4,10
Chelsea,2022-10-29,32729,10.396047367495227,1.0,0.0,1.0,4.0,-3.0,0.0,0.0,1.0,0.0,0.0,0.0,0.0,0.0,5,10
Chelsea,2022-10-30,15306,9.636065519091707,0.0,0.0,0.0,0.0,0.0,0.0,0.0,0.0,1.0,0.0,0.0,1.0,0.0,6,10
Chelsea,2022-10-31,13052,9.47677327138879,0.0,0.0,0.0,0.0,0.0,0.0,0.0,0.0,0.0,0.0,0.0,0.0,0.0,0,10
Chelsea,2022-11-01,15166,9.626877294051397,0.0,0.0,0.0,0.0,0.0,0.0,0.0,0.0,0.0,0.0,0.0,0.0,0.0,1,11
Chelsea,2022-11-02,35361,10.473393076238034,0.0,0.0,0.0,0.0,0.0,0.0,0.0,0.0,0.0,0.0,0.0,0.0,0.0,2,11
Chelsea,2022-11-03,18952,9.8497175093263,0.0,0.0,0.0,0.0,0.0,0.0,0.0,0.0,0.0,0.0,0.0,0.0,0.0,3,11
Chelsea,2022-11-04,13136,9.483187955469509,0.0,0.0,0.0,0.0,0.0,0.0,0.0,0.0,0.0,0.0,0.0,0.0,0.0,4,11
Chelsea,2022-11-05,16958,9.738553945343401,0.0,0.0,0.0,0.0,0.0,0.0,0.0,0.0,0.0,0.0,0.0,0.0,0.0,5,11
Chelsea,2022-11-06,46745,10.752483969558913,1.0,1.0,0.0,1.0,-1.0,0.0,0.0,1.0,0.0,0.0,0.0,0.0,0.0,6,11
Chelsea,2022-11-07,18198,9.809121926500406,0.0,0.0,0.0,0.0,0.0,0.0,0.0,0.0,1.0,0.0,0.0,1.0,0.0,0,11
Chelsea,2022-11-08,14514,9.58293787645873,0.0,0.0,0.0,0.0,0.0,0.0,0.0,0.0,0.0,0.0,0.0,0.0,0.0,1,11
Chelsea,2022-11-09,25880,10.161264387744689,0.0,0.0,0.0,0.0,0.0,0.0,0.0,0.0,0.0,0.0,0.0,0.0,0.0,2,11
Chelsea,2022-11-10,17044,9.743612184572003,0.0,0.0,0.0,0.0,0.0,0.0,0.0,0.0,0.0,0.0,0.0,0.0,0.0,3,11
Chelsea,2022-11-11,12365,9.422706050118514,0.0,0.0,0.0,0.0,0.0,0.0,0.0,0.0,0.0,0.0,0.0,0.0,0.0,4,11
Chelsea,2022-11-12,33862,10.4300782518805,1.0,0.0,0.0,1.0,-1.0,0.0,0.0,1.0,0.0,0.0,0.0,0.0,0.0,5,11
Chelsea,2022-11-13,17714,9.782167017299573,0.0,0.0,0.0,0.0,0.0,0.0,0.0,0.0,1.0,0.0,0.0,1.0,0.0,6,11
Chelsea,2022-11-14,11677,9.365462008843483,0.0,0.0,0.0,0.0,0.0,0.0,0.0,0.0,0.0,0.0,0.0,0.0,0.0,0,11
Chelsea,2022-11-15,12125,9.403107186631676,0.0,0.0,0.0,0.0,0.0,0.0,0.0,0.0,0.0,0.0,0.0,0.0,0.0,1,11
Chelsea,2022-11-16,11192,9.323043861889268,0.0,0.0,0.0,0.0,0.0,0.0,0.0,0.0,0.0,0.0,0.0,0.0,0.0,2,11
Chelsea,2022-11-17,9427,9.151439264056021,0.0,0.0,0.0,0.0,0.0,0.0,0.0,0.0,0.0,0.0,0.0,0.0,0.0,3,11
Chelsea,2022-11-18,8955,9.100078977718645,0.0,0.0,0.0,0.0,0.0,0.0,0.0,0.0,0.0,0.0,0.0,0.0,0.0,4,11
Chelsea,2022-11-19,9554,9.164819856674374,0.0,0.0,0.0,0.0,0.0,0.0,0.0,0.0,0.0,0.0,0.0,0.0,0.0,5,11
Chelsea,2022-11-20,10455,9.254931255304058,0.0,0.0,0.0,0.0,0.0,0.0,0.0,0.0,0.0,0.0,0.0,0.0,0.0,6,11
Chelsea,2022-11-21,15704,9.661734411972747,0.0,0.0,0.0,0.0,0.0,0.0,0.0,0.0,0.0,0.0,0.0,0.0,0.0,0,11
Chelsea,2022-11-22,13958,9.543879740512757,0.0,0.0,0.0,0.0,0.0,0.0,0.0,0.0,0.0,0.0,0.0,0.0,0.0,1,11
Chelsea,2022-11-23,18787,9.840973647146885,0.0,0.0,0.0,0.0,0.0,0.0,0.0,0.0,0.0,0.0,0.0,0.0,0.0,2,11
Chelsea,2022-11-24,15200,9.62911649414402,0.0,0.0,0.0,0.0,0.0,0.0,0.0,0.0,0.0,0.0,0.0,0.0,0.0,3,11
Chelsea,2022-11-25,19796,9.893285690051531,0.0,0.0,0.0,0.0,0.0,0.0,0.0,0.0,0.0,0.0,0.0,0.0,0.0,4,11
Chelsea,2022-11-26,13980,9.545454543987825,0.0,0.0,0.0,0.0,0.0,0.0,0.0,0.0,0.0,0.0,0.0,0.0,0.0,5,11
Chelsea,2022-11-27,16665,9.721125994942152,0.0,0.0,0.0,0.0,0.0,0.0,0.0,0.0,0.0,0.0,0.0,0.0,0.0,6,11
Chelsea,2022-11-28,12351,9.421573272264558,0.0,0.0,0.0,0.0,0.0,0.0,0.0,0.0,0.0,0.0,0.0,0.0,0.0,0,11
Chelsea,2022-11-29,17509,9.770527425279898,0.0,0.0,0.0,0.0,0.0,0.0,0.0,0.0,0.0,0.0,0.0,0.0,0.0,1,11
Chelsea,2022-11-30,16029,9.6822172456036,0.0,0.0,0.0,0.0,0.0,0.0,0.0,0.0,0.0,0.0,0.0,0.0,0.0,2,11
Chelsea,2022-12-01,12791,9.45657525451379,0.0,0.0,0.0,0.0,0.0,0.0,0.0,0.0,0.0,0.0,0.0,0.0,0.0,3,12
Chelsea,2022-12-02,10561,9.26501793326688,0.0,0.0,0.0,0.0,0.0,0.0,0.0,0.0,0.0,0.0,0.0,0.0,0.0,4,12
Chelsea,2022-12-03,14201,9.561138078742038,0.0,0.0,0.0,0.0,0.0,0.0,0.0,0.0,0.0,0.0,0.0,0.0,0.0,5,12
Chelsea,2022-12-04,14675,9.593968785475173,0.0,0.0,0.0,0.0,0.0,0.0,0.0,0.0,0.0,0.0,0.0,0.0,0.0,6,12
Chelsea,2022-12-05,11325,9.33485624667375,0.0,0.0,0.0,0.0,0.0,0.0,0.0,0.0,0.0,0.0,0.0,0.0,0.0,0,12
Chelsea,2022-12-06,11683,9.365975663507632,0.0,0.0,0.0,0.0,0.0,0.0,0.0,0.0,0.0,0.0,0.0,0.0,0.0,1,12
Chelsea,2022-12-07,9398,9.148358579620302,0.0,0.0,0.0,0.0,0.0,0.0,0.0,0.0,0.0,0.0,0.0,0.0,0.0,2,12
Chelsea,2022-12-08,8293,9.023287640806327,0.0,0.0,0.0,0.0,0.0,0.0,0.0,0.0,0.0,0.0,0.0,0.0,0.0,3,12
Chelsea,2022-12-09,10250,9.235130540783402,0.0,0.0,0.0,0.0,0.0,0.0,0.0,0.0,0.0,0.0,0.0,0.0,0.0,4,12
Chelsea,2022-12-10,15639,9.657587014099303,0.0,0.0,0.0,0.0,0.0,0.0,0.0,0.0,0.0,0.0,0.0,0.0,0.0,5,12
Chelsea,2022-12-11,15696,9.661224890275207,0.0,0.0,0.0,0.0,0.0,0.0,0.0,0.0,0.0,0.0,0.0,0.0,0.0,6,12
Chelsea,2022-12-12,10123,9.222664121665014,0.0,0.0,0.0,0.0,0.0,0.0,0.0,0.0,0.0,0.0,0.0,0.0,0.0,0,12
Chelsea,2022-12-13,11453,9.346094292953802,0.0,0.0,0.0,0.0,0.0,0.0,0.0,0.0,0.0,0.0,0.0,0.0,0.0,1,12
Chelsea,2022-12-14,13924,9.541441064795485,0.0,0.0,0.0,0.0,0.0,0.0,0.0,0.0,0.0,0.0,0.0,0.0,0.0,2,12
Chelsea,2022-12-15,10885,9.295232838994146,0.0,0.0,0.0,0.0,0.0,0.0,0.0,0.0,0.0,0.0,0.0,0.0,0.0,3,12
Chelsea,2022-12-16,9206,9.127719343287845,0.0,0.0,0.0,0.0,0.0,0.0,0.0,0.0,0.0,0.0,0.0,0.0,0.0,4,12
Chelsea,2022-12-17,10193,9.229554590899987,0.0,0.0,0.0,0.0,0.0,0.0,0.0,0.0,0.0,0.0,0.0,0.0,0.0,5,12
Chelsea,2022-12-18,15949,9.67721410821299,0.0,0.0,0.0,0.0,0.0,0.0,0.0,0.0,0.0,0.0,0.0,0.0,0.0,6,12
Chelsea,2022-12-19,14316,9.569202921360327,0.0,0.0,0.0,0.0,0.0,0.0,0.0,0.0,0.0,0.0,0.0,0.0,0.0,0,12
Chelsea,2022-12-20,11384,9.34005197849784,0.0,0.0,0.0,0.0,0.0,0.0,0.0,0.0,0.0,0.0,0.0,0.0,0.0,1,12
Chelsea,2022-12-21,11629,9.36134324551271,0.0,0.0,0.0,0.0,0.0,0.0,0.0,0.0,0.0,0.0,0.0,0.0,0.0,2,12
Chelsea,2022-12-22,12026,9.394909401310617,0.0,0.0,0.0,0.0,0.0,0.0,0.0,0.0,0.0,0.0,0.0,0.0,0.0,3,12
Chelsea,2022-12-23,11491,9.34940642009918,0.0,0.0,0.0,0.0,0.0,0.0,0.0,0.0,0.0,0.0,0.0,0.0,0.0,4,12
Chelsea,2022-12-24,10223,9.232493176617316,0.0,0.0,0.0,0.0,0.0,0.0,0.0,0.0,0.0,0.0,0.0,0.0,0.0,5,12
Chelsea,2022-12-25,9859,9.19624144759668,0.0,0.0,0.0,0.0,0.0,0.0,0.0,0.0,0.0,0.0,0.0,0.0,0.0,6,12
Chelsea,2022-12-26,14761,9.599811590329997,0.0,0.0,0.0,0.0,0.0,0.0,0.0,0.0,0.0,0.0,0.0,0.0,0.0,0,12
Chelsea,2022-12-27,27724,10.230089812218568,1.0,1.0,2.0,0.0,2.0,1.0,0.0,0.0,0.0,0.0,0.0,0.0,3.0,1,12
Chelsea,2022-12-28,17159,9.750336373041954,0.0,0.0,0.0,0.0,0.0,0.0,0.0,0.0,1.0,1.0,0.0,0.0,3.0,2,12
Chelsea,2022-12-29,13939,9.542517684314515,0.0,0.0,0.0,0.0,0.0,0.0,0.0,0.0,0.0,0.0,0.0,0.0,3.0,3,12
Chelsea,2022-12-30,13146,9.483948874696605,0.0,0.0,0.0,0.0,0.0,0.0,0.0,0.0,0.0,0.0,0.0,0.0,3.0,4,12
Chelsea,2022-12-31,13317,9.496871782670567,0.0,0.0,0.0,0.0,0.0,0.0,0.0,0.0,0.0,0.0,0.0,0.0,3.0,5,12
Chelsea,2023-01-01,30512,10.325908101293706,1.0,0.0,1.0,1.0,0.0,0.0,1.0,0.0,0.0,0.0,0.0,0.0,1.0,6,1
Chelsea,2023-01-02,19351,9.870551052289864,0.0,0.0,0.0,0.0,0.0,0.0,0.0,0.0,1.0,0.0,1.0,0.0,1.0,0,1
Chelsea,2023-01-03,17099,9.746833742490752,0.0,0.0,0.0,0.0,0.0,0.0,0.0,0.0,0.0,0.0,0.0,0.0,1.0,1,1
Chelsea,2023-01-04,16049,9.683464128558162,0.0,0.0,0.0,0.0,0.0,0.0,0.0,0.0,0.0,0.0,0.0,0.0,1.0,2,1
Chelsea,2023-01-05,40980,10.620863823642551,1.0,1.0,0.0,1.0,-1.0,0.0,0.0,1.0,0.0,0.0,0.0,0.0,1.0,3,1
Chelsea,2023-01-06,34516,10.44920723527944,0.0,0.0,0.0,0.0,0.0,0.0,0.0,0.0,1.0,0.0,0.0,1.0,0.0,4,1
Chelsea,2023-01-07,23302,10.056337386630338,0.0,0.0,0.0,0.0,0.0,0.0,0.0,0.0,0.0,0.0,0.0,0.0,0.0,5,1
Chelsea,2023-01-08,39362,10.580581567773825,0.0,0.0,0.0,0.0,0.0,0.0,0.0,0.0,0.0,0.0,0.0,0.0,0.0,6,1
Chelsea,2023-01-09,27158,10.20946376214355,0.0,0.0,0.0,0.0,0.0,0.0,0.0,0.0,0.0,0.0,0.0,0.0,0.0,0,1
Chelsea,2023-01-10,20576,9.931929226167432,0.0,0.0,0.0,0.0,0.0,0.0,0.0,0.0,0.0,0.0,0.0,0.0,0.0,1,1
Chelsea,2023-01-11,30058,10.31091739595388,0.0,0.0,0.0,0.0,0.0,0.0,0.0,0.0,0.0,0.0,0.0,0.0,0.0,2,1
Chelsea,2023-01-12,41240,10.627188186139529,1.0,0.0,1.0,2.0,-1.0,0.0,0.0,1.0,0.0,0.0,0.0,0.0,0.0,3,1
Chelsea,2023-01-13,29361,10.287456600299405,0.0,0.0,0.0,0.0,0.0,0.0,0.0,0.0,1.0,0.0,0.0,1.0,0.0,4,1
Chelsea,2023-01-14,29902,10.305714088793774,0.0,0.0,0.0,0.0,0.0,0.0,0.0,0.0,0.0,0.0,0.0,0.0,0.0,5,1
Chelsea,2023-01-15,67083,11.113700844451518,1.0,1.0,1.0,0.0,1.0,1.0,0.0,0.0,0.0,0.0,0.0,0.0,3.0,6,1
Chelsea,2023-01-16,36254,10.498332581805693,0.0,0.0,0.0,0.0,0.0,0.0,0.0,0.0,1.0,1.0,0.0,0.0,3.0,0,1
Chelsea,2023-01-17,23456,10.062924236792623,0.0,0.0,0.0,0.0,0.0,0.0,0.0,0.0,0.0,0.0,0.0,0.0,3.0,1,1
Chelsea,2023-01-18,20305,9.918671687861169,0.0,0.0,0.0,0.0,0.0,0.0,0.0,0.0,0.0,0.0,0.0,0.0,3.0,2,1
Chelsea,2023-01-19,24905,10.122864017281094,0.0,0.0,0.0,0.0,0.0,0.0,0.0,0.0,0.0,0.0,0.0,0.0,3.0,3,1
Chelsea,2023-01-20,30277,10.318176655171824,0.0,0.0,0.0,0.0,0.0,0.0,0.0,0.0,0.0,0.0,0.0,0.0,0.0,4,1
Chelsea,2023-01-21,67403,11.118459642320433,1.0,0.0,0.0,0.0,0.0,0.0,1.0,0.0,0.0,0.0,0.0,0.0,1.0,5,1
Chelsea,2023-01-22,27271,10.21361581381774,0.0,0.0,0.0,0.0,0.0,0.0,0.0,0.0,1.0,0.0,1.0,0.0,1.0,6,1
Chelsea,2023-01-23,25364,10.14112555000079,0.0,0.0,0.0,0.0,0.0,0.0,0.0,0.0,0.0,0.0,0.0,0.0,1.0,0,1
Chelsea,2023-01-24,24420,10.103198696867215,0.0,0.0,0.0,0.0,0.0,0.0,0.0,0.0,0.0,0.0,0.0,0.0,1.0,1,1
Chelsea,2023-01-25,21392,9.970819044696412,0.0,0.0,0.0,0.0,0.0,0.0,0.0,0.0,0.0,0.0,0.0,0.0,1.0,2,1
Chelsea,2023-01-26,20394,9.923045051751659,0.0,0.0,0.0,0.0,0.0,0.0,0.0,0.0,0.0,0.0,0.0,0.0,0.0,3,1
Chelsea,2023-01-27,20950,9.949941656908011,0.0,0.0,0.0,0.0,0.0,0.0,0.0,0.0,0.0,0.0,0.0,0.0,0.0,4,1
Chelsea,2023-01-28,21635,9.982113872991318,0.0,0.0,0.0,0.0,0.0,0.0,0.0,0.0,0.0,0.0,0.0,0.0,0.0,5,1
Chelsea,2023-01-29,25322,10.13946835265183,0.0,0.0,0.0,0.0,0.0,0.0,0.0,0.0,0.0,0.0,0.0,0.0,0.0,6,1
Chelsea,2023-01-30,29288,10.28496729789378,0.0,0.0,0.0,0.0,0.0,0.0,0.0,0.0,0.0,0.0,0.0,0.0,0.0,0,1
Chelsea,2023-01-31,52428,10.867215152334905,0.0,0.0,0.0,0.0,0.0,0.0,0.0,0.0,0.0,0.0,0.0,0.0,0.0,1,1
Chelsea,2023-02-01,96100,11.473155000731508,0.0,0.0,0.0,0.0,0.0,0.0,0.0,0.0,0.0,0.0,0.0,0.0,0.0,2,2
Chelsea,2023-02-02,41262,10.62772149362817,0.0,0.0,0.0,0.0,0.0,0.0,0.0,0.0,0.0,0.0,0.0,0.0,0.0,3,2
Chelsea,2023-02-03,78088,11.265604480837757,1.0,1.0,0.0,0.0,0.0,0.0,1.0,0.0,0.0,0.0,0.0,0.0,1.0,4,2
Chelsea,2023-02-04,56182,10.936369499018918,0.0,0.0,0.0,0.0,0.0,0.0,0.0,0.0,1.0,0.0,1.0,0.0,1.0,5,2
Chelsea,2023-02-05,26949,10.201738576337144,0.0,0.0,0.0,0.0,0.0,0.0,0.0,0.0,0.0,0.0,0.0,0.0,1.0,6,2
Chelsea,2023-02-06,21856,9.992276515350188,0.0,0.0,0.0,0.0,0.0,0.0,0.0,0.0,0.0,0.0,0.0,0.0,1.0,0,2
Chelsea,2023-02-07,20411,9.923878242183862,0.0,0.0,0.0,0.0,0.0,0.0,0.0,0.0,0.0,0.0,0.0,0.0,1.0,1,2
Chelsea,2023-02-08,20573,9.931783421690975,0.0,0.0,0.0,0.0,0.0,0.0,0.0,0.0,0.0,0.0,0.0,0.0,0.0,2,2
Chelsea,2023-02-09,17885,9.791773562906126,0.0,0.0,0.0,0.0,0.0,0.0,0.0,0.0,0.0,0.0,0.0,0.0,0.0,3,2
Chelsea,2023-02-10,19623,9.884508585938326,0.0,0.0,0.0,0.0,0.0,0.0,0.0,0.0,0.0,0.0,0.0,0.0,0.0,4,2
Chelsea,2023-02-11,77874,11.262860256089754,1.0,0.0,1.0,1.0,0.0,0.0,1.0,0.0,0.0,0.0,0.0,0.0,1.0,5,2
Chelsea,2023-02-12,20605,9.933337574505014,0.0,0.0,0.0,0.0,0.0,0.0,0.0,0.0,1.0,0.0,1.0,0.0,1.0,6,2
Chelsea,2023-02-13,18359,9.817929664174482,0.0,0.0,0.0,0.0,0.0,0.0,0.0,0.0,0.0,0.0,0.0,0.0,1.0,0,2
Chelsea,2023-02-14,17798,9.786897554926753,0.0,0.0,0.0,0.0,0.0,0.0,0.0,0.0,0.0,0.0,0.0,0.0,1.0,1,2
Chelsea,2023-02-15,45416,10.72364176327999,0.0,0.0,0.0,0.0,0.0,0.0,0.0,0.0,0.0,0.0,0.0,0.0,1.0,2,2
Chelsea,2023-02-16,27146,10.209021822019244,0.0,0.0,0.0,0.0,0.0,0.0,0.0,0.0,0.0,0.0,0.0,0.0,0.0,3,2
Chelsea,2023-02-17,19704,9.888627689629104,0.0,0.0,0.0,0.0,0.0,0.0,0.0,0.0,0.0,0.0,0.0,0.0,0.0,4,2
Chelsea,2023-02-18,52602,10.870528431319944,1.0,1.0,0.0,1.0,-1.0,0.0,0.0,1.0,0.0,0.0,0.0,0.0,0.0,5,2
Chelsea,2023-02-19,25616,10.151011472575716,0.0,0.0,0.0,0.0,0.0,0.0,0.0,0.0,1.0,0.0,0.0,1.0,0.0,6,2
Chelsea,2023-02-20,19951,9.901084667919818,0.0,0.0,0.0,0.0,0.0,0.0,0.0,0.0,0.0,0.0,0.0,0.0,0.0,0,2
Chelsea,2023-02-21,20605,9.933337574505014,0.0,0.0,0.0,0.0,0.0,0.0,0.0,0.0,0.0,0.0,0.0,0.0,0.0,1,2
Chelsea,2023-02-22,17382,9.76324799612154,0.0,0.0,0.0,0.0,0.0,0.0,0.0,0.0,0.0,0.0,0.0,0.0,0.0,2,2
Chelsea,2023-02-23,16044,9.683152553543957,0.0,0.0,0.0,0.0,0.0,0.0,0.0,0.0,0.0,0.0,0.0,0.0,0.0,3,2
Chelsea,2023-02-24,18819,9.842675413139371,0.0,0.0,0.0,0.0,0.0,0.0,0.0,0.0,0.0,0.0,0.0,0.0,0.0,4,2
Chelsea,2023-02-25,24188,10.093653263353131,0.0,0.0,0.0,0.0,0.0,0.0,0.0,0.0,0.0,0.0,0.0,0.0,0.0,5,2
Chelsea,2023-02-26,71178,11.17295311007536,1.0,0.0,0.0,2.0,-2.0,0.0,0.0,1.0,0.0,0.0,0.0,0.0,0.0,6,2
Chelsea,2023-02-27,26042,10.167504297059917,0.0,0.0,0.0,0.0,0.0,0.0,0.0,0.0,1.0,0.0,0.0,1.0,0.0,0,2
Chelsea,2023-02-28,20205,9.913734868987678,0.0,0.0,0.0,0.0,0.0,0.0,0.0,0.0,0.0,0.0,0.0,0.0,0.0,1,2
Chelsea,2023-03-01,18481,9.824552564447986,0.0,0.0,0.0,0.0,0.0,0.0,0.0,0.0,0.0,0.0,0.0,0.0,0.0,2,3
Chelsea,2023-03-02,18905,9.84723461098533,0.0,0.0,0.0,0.0,0.0,0.0,0.0,0.0,0.0,0.0,0.0,0.0,0.0,3,3
Chelsea,2023-03-03,18421,9.821300881548181,0.0,0.0,0.0,0.0,0.0,0.0,0.0,0.0,0.0,0.0,0.0,0.0,0.0,4,3
Chelsea,2023-03-04,52222,10.863278289856135,1.0,1.0,1.0,0.0,1.0,1.0,0.0,0.0,0.0,0.0,0.0,0.0,3.0,5,3
Chelsea,2023-03-05,24083,10.089302998584339,0.0,0.0,0.0,0.0,0.0,0.0,0.0,0.0,1.0,1.0,0.0,0.0,3.0,6,3
Chelsea,2023-03-06,21974,9.997660722553377,0.0,0.0,0.0,0.0,0.0,0.0,0.0,0.0,0.0,0.0,0.0,0.0,3.0,0,3
Chelsea,2023-03-07,76616,11.246574263220277,0.0,0.0,0.0,0.0,0.0,0.0,0.0,0.0,0.0,0.0,0.0,0.0,3.0,1,3
Chelsea,2023-03-08,50096,10.821716405040542,0.0,0.0,0.0,0.0,0.0,0.0,0.0,0.0,0.0,0.0,0.0,0.0,3.0,2,3
Chelsea,2023-03-09,20888,9.946977983610656,0.0,0.0,0.0,0.0,0.0,0.0,0.0,0.0,0.0,0.0,0.0,0.0,0.0,3,3
Chelsea,2023-03-10,22540,10.02309115218196,0.0,0.0,0.0,0.0,0.0,0.0,0.0,0.0,0.0,0.0,0.0,0.0,0.0,4,3
Chelsea,2023-03-11,66604,11.106534928785564,1.0,0.0,3.0,1.0,2.0,1.0,0.0,0.0,0.0,0.0,0.0,0.0,3.0,5,3
Chelsea,2023-03-12,25620,10.15116760669524,0.0,0.0,0.0,0.0,0.0,0.0,0.0,0.0,1.0,1.0,0.0,0.0,3.0,6,3
Chelsea,2023-03-13,17734,9.783295367207723,0.0,0.0,0.0,0.0,0.0,0.0,0.0,0.0,0.0,0.0,0.0,0.0,3.0,0,3
Chelsea,2023-03-14,17019,9.742144402127366,0.0,0.0,0.0,0.0,0.0,0.0,0.0,0.0,0.0,0.0,0.0,0.0,3.0,1,3
Chelsea,2023-03-15,16371,9.703327837612294,0.0,0.0,0.0,0.0,0.0,0.0,0.0,0.0,0.0,0.0,0.0,0.0,3.0,2,3
Chelsea,2023-03-16,19108,9.857914707241372,0.0,0.0,0.0,0.0,0.0,0.0,0.0,0.0,0.0,0.0,0.0,0.0,0.0,3,3
Chelsea,2023-03-17,24156,10.092329472153317,0.0,0.0,0.0,0.0,0.0,0.0,0.0,0.0,0.0,0.0,0.0,0.0,0.0,4,3
Chelsea,2023-03-18,42169,10.649464346740606,1.0,1.0,2.0,2.0,0.0,0.0,1.0,0.0,0.0,0.0,0.0,0.0,1.0,5,3
Chelsea,2023-03-19,20069,9.906981441790384,0.0,0.0,0.0,0.0,0.0,0.0,0.0,0.0,1.0,0.0,1.0,0.0,1.0,6,3
Chelsea,2023-03-20,15481,9.647433337764658,0.0,0.0,0.0,0.0,0.0,0.0,0.0,0.0,0.0,0.0,0.0,0.0,1.0,0,3
Chelsea,2023-03-21,14900,9.60918360377546,0.0,0.0,0.0,0.0,0.0,0.0,0.0,0.0,0.0,0.0,0.0,0.0,1.0,1,3
Chelsea,2023-03-22,14860,9.60649561075857,0.0,0.0,0.0,0.0,0.0,0.0,0.0,0.0,0.0,0.0,0.0,0.0,1.0,2,3
Chelsea,2023-03-23,13911,9.54050705603412,0.0,0.0,0.0,0.0,0.0,0.0,0.0,0.0,0.0,0.0,0.0,0.0,0.0,3,3
Chelsea,2023-03-24,16090,9.68601538845915,0.0,0.0,0.0,0.0,0.0,0.0,0.0,0.0,0.0,0.0,0.0,0.0,0.0,4,3
Chelsea,2023-03-25,15797,9.667638628724365,0.0,0.0,0.0,0.0,0.0,0.0,0.0,0.0,0.0,0.0,0.0,0.0,0.0,5,3
Chelsea,2023-03-26,12884,9.463819123086465,0.0,0.0,0.0,0.0,0.0,0.0,0.0,0.0,0.0,0.0,0.0,0.0,0.0,6,3
Chelsea,2023-03-27,12572,9.439306936593182,0.0,0.0,0.0,0.0,0.0,0.0,0.0,0.0,0.0,0.0,0.0,0.0,0.0,0,3
Chelsea,2023-03-28,13253,9.492054672648171,0.0,0.0,0.0,0.0,0.0,0.0,0.0,0.0,0.0,0.0,0.0,0.0,0.0,1,3
Chelsea,2023-03-29,11763,9.372799299673886,0.0,0.0,0.0,0.0,0.0,0.0,0.0,0.0,0.0,0.0,0.0,0.0,0.0,2,3
Chelsea,2023-03-30,10452,9.254644297532707,0.0,0.0,0.0,0.0,0.0,0.0,0.0,0.0,0.0,0.0,0.0,0.0,0.0,3,3
Chelsea,2023-03-31,10684,9.276596167753247,0.0,0.0,0.0,0.0,0.0,0.0,0.0,0.0,0.0,0.0,0.0,0.0,0.0,4,3
Chelsea,2023-04-01,47583,10.770251849259882,1.0,1.0,0.0,2.0,-2.0,0.0,0.0,1.0,0.0,0.0,0.0,0.0,0.0,5,4
Chelsea,2023-04-02,43716,10.685492321454875,0.0,0.0,0.0,0.0,0.0,0.0,0.0,0.0,1.0,0.0,0.0,1.0,0.0,6,4
Chelsea,2023-04-03,43782,10.687000893169545,0.0,0.0,0.0,0.0,0.0,0.0,0.0,0.0,0.0,0.0,0.0,0.0,0.0,0,4
Chelsea,2023-04-04,42479,10.65678865591582,1.0,1.0,0.0,0.0,0.0,0.0,1.0,0.0,0.0,0.0,0.0,0.0,1.0,1,4
Chelsea,2023-04-05,24806,10.118881150390276,0.0,0.0,0.0,0.0,0.0,0.0,0.0,0.0,1.0,0.0,1.0,0.0,1.0,2,4
Chelsea,2023-04-06,35837,10.486764061960361,0.0,0.0,0.0,0.0,0.0,0.0,0.0,0.0,0.0,0.0,0.0,0.0,1.0,3,4
Chelsea,2023-04-07,18098,9.803611967108871,0.0,0.0,0.0,0.0,0.0,0.0,0.0,0.0,0.0,0.0,0.0,0.0,1.0,4,4
Chelsea,2023-04-08,22827,10.035743131656599,1.0,0.0,0.0,1.0,-1.0,0.0,0.0,1.0,0.0,0.0,0.0,0.0,1.0,5,4
Chelsea,2023-04-09,17071,9.745194973541535,0.0,0.0,0.0,0.0,0.0,0.0,0.0,0.0,1.0,0.0,0.0,1.0,0.0,6,4
Chelsea,2023-04-10,12499,9.433483923290392,0.0,0.0,0.0,0.0,0.0,0.0,0.0,0.0,0.0,0.0,0.0,0.0,0.0,0,4
Chelsea,2023-04-11,15833,9.669914805731379,0.0,0.0,0.0,0.0,0.0,0.0,0.0,0.0,0.0,0.0,0.0,0.0,0.0,1,4
Chelsea,2023-04-12,32082,10.37608157381756,0.0,0.0,0.0,0.0,0.0,0.0,0.0,0.0,0.0,0.0,0.0,0.0,0.0,2,4
Chelsea,2023-04-13,16097,9.686450319653678,0.0,0.0,0.0,0.0,0.0,0.0,0.0,0.0,0.0,0.0,0.0,0.0,0.0,3,4
Chelsea,2023-04-14,10630,9.271529540288606,0.0,0.0,0.0,0.0,0.0,0.0,0.0,0.0,0.0,0.0,0.0,0.0,0.0,4,4
Chelsea,2023-04-15,18836,9.84357829978222,1.0,1.0,1.0,2.0,-1.0,0.0,0.0,1.0,0.0,0.0,0.0,0.0,0.0,5,4
Chelsea,2023-04-16,14759,9.599676098154463,0.0,0.0,0.0,0.0,0.0,0.0,0.0,0.0,1.0,0.0,0.0,1.0,0.0,6,4
Chelsea,2023-04-17,13114,9.481511892300974,0.0,0.0,0.0,0.0,0.0,0.0,0.0,0.0,0.0,0.0,0.0,0.0,0.0,0,4
Chelsea,2023-04-18,28336,10.251923650196069,0.0,0.0,0.0,0.0,0.0,0.0,0.0,0.0,0.0,0.0,0.0,0.0,0.0,1,4
Chelsea,2023-04-19,27192,10.210714866221961,0.0,0.0,0.0,0.0,0.0,0.0,0.0,0.0,0.0,0.0,0.0,0.0,0.0,2,4
Chelsea,2023-04-20,18851,9.844374288043621,0.0,0.0,0.0,0.0,0.0,0.0,0.0,0.0,0.0,0.0,0.0,0.0,0.0,3,4
Chelsea,2023-04-21,18116,9.80460600297601,0.0,0.0,0.0,0.0,0.0,0.0,0.0,0.0,0.0,0.0,0.0,0.0,0.0,4,4
Chelsea,2023-04-22,21615,9.98118906019998,0.0,0.0,0.0,0.0,0.0,0.0,0.0,0.0,0.0,0.0,0.0,0.0,0.0,5,4
Chelsea,2023-04-23,19850,9.89600966268017,0.0,0.0,0.0,0.0,0.0,0.0,0.0,0.0,0.0,0.0,0.0,0.0,0.0,6,4
Chelsea,2023-04-24,17477,9.768698226187489,0.0,0.0,0.0,0.0,0.0,0.0,0.0,0.0,0.0,0.0,0.0,0.0,0.0,0,4
Chelsea,2023-04-25,17190,9.752141270041493,0.0,0.0,0.0,0.0,0.0,0.0,0.0,0.0,0.0,0.0,0.0,0.0,0.0,1,4
Chelsea,2023-04-26,40247,10.602815592171154,1.0,1.0,0.0,2.0,-2.0,0.0,0.0,1.0,0.0,0.0,0.0,0.0,0.0,2,4
Chelsea,2023-04-27,37609,10.535025251464383,0.0,0.0,0.0,0.0,0.0,0.0,0.0,0.0,1.0,0.0,0.0,1.0,0.0,3,4
Chelsea,2023-04-28,20491,9.927789845059094,0.0,0.0,0.0,0.0,0.0,0.0,0.0,0.0,0.0,0.0,0.0,0.0,0.0,4,4
Chelsea,2023-04-29,18822,9.842834805324179,0.0,0.0,0.0,0.0,0.0,0.0,0.0,0.0,0.0,0.0,0.0,0.0,0.0,5,4
Chelsea,2023-04-30,19917,9.899379124491585,0.0,0.0,0.0,0.0,0.0,0.0,0.0,0.0,0.0,0.0,0.0,0.0,0.0,6,4
Chelsea,2023-05-01,18060,9.801510196423664,0.0,0.0,0.0,0.0,0.0,0.0,0.0,0.0,0.0,0.0,0.0,0.0,0.0,0,5
Chelsea,2023-05-02,61320,11.023877640745798,1.0,0.0,1.0,3.0,-2.0,0.0,0.0,1.0,0.0,0.0,0.0,0.0,0.0,1,5
Chelsea,2023-05-03,38636,10.56196564556078,0.0,0.0,0.0,0.0,0.0,0.0,0.0,0.0,1.0,0.0,0.0,1.0,0.0,2,5
Chelsea,2023-05-04,23029,10.044552992814731,0.0,0.0,0.0,0.0,0.0,0.0,0.0,0.0,0.0,0.0,0.0,0.0,0.0,3,5
Chelsea,2023-05-05,17244,9.755277525370941,0.0,0.0,0.0,0.0,0.0,0.0,0.0,0.0,0.0,0.0,0.0,0.0,0.0,4,5
Chelsea,2023-05-06,35963,10.490273717104664,1.0,0.0,3.0,1.0,2.0,1.0,0.0,0.0,0.0,0.0,0.0,0.0,3.0,5,5
Chelsea,2023-05-07,20121,9.909569022851995,0.0,0.0,0.0,0.0,0.0,0.0,0.0,0.0,1.0,1.0,0.0,0.0,3.0,6,5
Chelsea,2023-05-08,16729,9.72495879398087,0.0,0.0,0.0,0.0,0.0,0.0,0.0,0.0,0.0,0.0,0.0,0.0,3.0,0,5
Chelsea,2023-05-09,17586,9.774915271736365,0.0,0.0,0.0,0.0,0.0,0.0,0.0,0.0,0.0,0.0,0.0,0.0,3.0,1,5
Chelsea,2023-05-10,14051,9.550520013385718,0.0,0.0,0.0,0.0,0.0,0.0,0.0,0.0,0.0,0.0,0.0,0.0,3.0,2,5
Chelsea,2023-05-11,14372,9.573106725551233,0.0,0.0,0.0,0.0,0.0,0.0,0.0,0.0,0.0,0.0,0.0,0.0,0.0,3,5
Chelsea,2023-05-12,12263,9.41442342055165,0.0,0.0,0.0,0.0,0.0,0.0,0.0,0.0,0.0,0.0,0.0,0.0,0.0,4,5
Chelsea,2023-05-13,37169,10.523257263291297,1.0,1.0,2.0,2.0,0.0,0.0,1.0,0.0,0.0,0.0,0.0,0.0,1.0,5,5
Chelsea,2023-05-14,25468,10.145217305326018,0.0,0.0,0.0,0.0,0.0,0.0,0.0,0.0,1.0,0.0,1.0,0.0,1.0,6,5
Chelsea,2023-05-15,18938,9.848978567035735,0.0,0.0,0.0,0.0,0.0,0.0,0.0,0.0,0.0,0.0,0.0,0.0,1.0,0,5
Chelsea,2023-05-16,18071,9.80211905814784,0.0,0.0,0.0,0.0,0.0,0.0,0.0,0.0,0.0,0.0,0.0,0.0,1.0,1,5
Chelsea,2023-05-17,19528,9.879655819282782,0.0,0.0,0.0,0.0,0.0,0.0,0.0,0.0,0.0,0.0,0.0,0.0,1.0,2,5
Chelsea,2023-05-18,18210,9.80978108609582,0.0,0.0,0.0,0.0,0.0,0.0,0.0,0.0,0.0,0.0,0.0,0.0,0.0,3,5
Chelsea,2023-05-19,17081,9.745780556506093,0.0,0.0,0.0,0.0,0.0,0.0,0.0,0.0,0.0,0.0,0.0,0.0,0.0,4,5
Chelsea,2023-05-20,23462,10.06317999126972,0.0,0.0,0.0,0.0,0.0,0.0,0.0,0.0,0.0,0.0,0.0,0.0,0.0,5,5
Chelsea,2023-05-21,40449,10.607821922486638,1.0,0.0,0.0,1.0,-1.0,0.0,0.0,1.0,0.0,0.0,0.0,0.0,0.0,6,5
Chelsea,2023-05-22,21526,9.977063240194447,0.0,0.0,0.0,0.0,0.0,0.0,0.0,0.0,1.0,0.0,0.0,1.0,0.0,0,5
Chelsea,2023-05-23,15003,9.616072111201778,0.0,0.0,0.0,0.0,0.0,0.0,0.0,0.0,0.0,0.0,0.0,0.0,0.0,1,5
Chelsea,2023-05-24,14614,9.589803677545346,0.0,0.0,0.0,0.0,0.0,0.0,0.0,0.0,0.0,0.0,0.0,0.0,0.0,2,5
Chelsea,2023-05-25,31413,10.355008932402978,1.0,0.0,1.0,4.0,-3.0,0.0,0.0,1.0,0.0,0.0,0.0,0.0,0.0,3,5
Chelsea,2023-05-26,21367,9.969649754789797,0.0,0.0,0.0,0.0,0.0,0.0,0.0,0.0,1.0,0.0,0.0,1.0,0.0,4,5
Chelsea,2023-05-27,17767,9.785154365574263,0.0,0.0,0.0,0.0,0.0,0.0,0.0,0.0,0.0,0.0,0.0,0.0,0.0,5,5
Chelsea,2023-05-28,33683,10.424778226149883,1.0,1.0,1.0,1.0,0.0,0.0,1.0,0.0,0.0,0.0,0.0,0.0,1.0,6,5
Chelsea,2023-05-29,31514,10.358218901947211,0.0,0.0,0.0,0.0,0.0,0.0,0.0,0.0,1.0,0.0,1.0,0.0,1.0,0,5
Chelsea,2023-05-30,22994,10.043032079974024,0.0,0.0,0.0,0.0,0.0,0.0,0.0,0.0,0.0,0.0,0.0,0.0,1.0,1,5
Chelsea,2023-05-31,22027,10.000069650382372,0.0,0.0,0.0,0.0,0.0,0.0,0.0,0.0,0.0,0.0,0.0,0.0,1.0,2,5
Chelsea,2023-06-01,19119,9.858490186605392,0.0,0.0,0.0,0.0,0.0,0.0,0.0,0.0,0.0,0.0,0.0,0.0,1.0,3,6
Chelsea,2023-06-02,15984,9.679406061493943,0.0,0.0,0.0,0.0,0.0,0.0,0.0,0.0,0.0,0.0,0.0,0.0,0.0,4,6
Chelsea,2023-06-03,19308,9.868326587442539,0.0,0.0,0.0,0.0,0.0,0.0,0.0,0.0,0.0,0.0,0.0,0.0,0.0,5,6
Chelsea,2023-06-04,17875,9.791214310053341,0.0,0.0,0.0,0.0,0.0,0.0,0.0,0.0,0.0,0.0,0.0,0.0,0.0,6,6
Chelsea,2023-06-05,16598,9.71709773156622,0.0,0.0,0.0,0.0,0.0,0.0,0.0,0.0,0.0,0.0,0.0,0.0,0.0,0,6
Chelsea,2023-06-06,16838,9.73145290361031,0.0,0.0,0.0,0.0,0.0,0.0,0.0,0.0,0.0,0.0,0.0,0.0,0.0,1,6
Chelsea,2023-06-07,18799,9.84161214881804,0.0,0.0,0.0,0.0,0.0,0.0,0.0,0.0,0.0,0.0,0.0,0.0,0.0,2,6
Chelsea,2023-06-08,16878,9.733825524688928,0.0,0.0,0.0,0.0,0.0,0.0,0.0,0.0,0.0,0.0,0.0,0.0,0.0,3,6
Chelsea,2023-06-09,15019,9.617137925318126,0.0,0.0,0.0,0.0,0.0,0.0,0.0,0.0,0.0,0.0,0.0,0.0,0.0,4,6
Chelsea,2023-06-10,23884,10.081005925824062,0.0,0.0,0.0,0.0,0.0,0.0,0.0,0.0,0.0,0.0,0.0,0.0,0.0,5,6
Chelsea,2023-06-11,21325,9.967682264578125,0.0,0.0,0.0,0.0,0.0,0.0,0.0,0.0,0.0,0.0,0.0,0.0,0.0,6,6
Chelsea,2023-06-12,21119,9.957975737820197,0.0,0.0,0.0,0.0,0.0,0.0,0.0,0.0,0.0,0.0,0.0,0.0,0.0,0,6
Chelsea,2023-06-13,19447,9.875499515995958,0.0,0.0,0.0,0.0,0.0,0.0,0.0,0.0,0.0,0.0,0.0,0.0,0.0,1,6
Chelsea,2023-06-14,20463,9.926422523818625,0.0,0.0,0.0,0.0,0.0,0.0,0.0,0.0,0.0,0.0,0.0,0.0,0.0,2,6
Chelsea,2023-06-15,20559,9.931102719569102,0.0,0.0,0.0,0.0,0.0,0.0,0.0,0.0,0.0,0.0,0.0,0.0,0.0,3,6
Chelsea,2023-06-16,19622,9.884457626629322,0.0,0.0,0.0,0.0,0.0,0.0,0.0,0.0,0.0,0.0,0.0,0.0,0.0,4,6
Chelsea,2023-06-17,17967,9.796347676978224,0.0,0.0,0.0,0.0,0.0,0.0,0.0,0.0,0.0,0.0,0.0,0.0,0.0,5,6
Chelsea,2023-06-18,18039,9.800346793616615,0.0,0.0,0.0,0.0,0.0,0.0,0.0,0.0,0.0,0.0,0.0,0.0,0.0,6,6
Chelsea,2023-06-19,20918,9.948413115889121,0.0,0.0,0.0,0.0,0.0,0.0,0.0,0.0,0.0,0.0,0.0,0.0,0.0,0,6
Chelsea,2023-06-20,24003,10.085975762109403,0.0,0.0,0.0,0.0,0.0,0.0,0.0,0.0,0.0,0.0,0.0,0.0,0.0,1,6
Chelsea,2023-06-21,41148,10.62495490447336,0.0,0.0,0.0,0.0,0.0,0.0,0.0,0.0,0.0,0.0,0.0,0.0,0.0,2,6
Chelsea,2023-06-22,28455,10.256114313628292,0.0,0.0,0.0,0.0,0.0,0.0,0.0,0.0,0.0,0.0,0.0,0.0,0.0,3,6
Chelsea,2023-06-23,26629,10.189793678807979,0.0,0.0,0.0,0.0,0.0,0.0,0.0,0.0,0.0,0.0,0.0,0.0,0.0,4,6
Chelsea,2023-06-24,23188,10.051433307284436,0.0,0.0,0.0,0.0,0.0,0.0,0.0,0.0,0.0,0.0,0.0,0.0,0.0,5,6
Chelsea,2023-06-25,25236,10.136066450636823,0.0,0.0,0.0,0.0,0.0,0.0,0.0,0.0,0.0,0.0,0.0,0.0,0.0,6,6
Chelsea,2023-06-26,25233,10.135947570487687,0.0,0.0,0.0,0.0,0.0,0.0,0.0,0.0,0.0,0.0,0.0,0.0,0.0,0,6
Chelsea,2023-06-27,28027,10.240959289490425,0.0,0.0,0.0,0.0,0.0,0.0,0.0,0.0,0.0,0.0,0.0,0.0,0.0,1,6
Chelsea,2023-06-28,35209,10.469085412149099,0.0,0.0,0.0,0.0,0.0,0.0,0.0,0.0,0.0,0.0,0.0,0.0,0.0,2,6
Chelsea,2023-06-29,42414,10.655257352241835,0.0,0.0,0.0,0.0,0.0,0.0,0.0,0.0,0.0,0.0,0.0,0.0,0.0,3,6
Chelsea,2023-06-30,41451,10.632291410304108,0.0,0.0,0.0,0.0,0.0,0.0,0.0,0.0,0.0,0.0,0.0,0.0,0.0,4,6
Liverpool,2019-08-01,10630,9.271529540288606,0.0,0.0,0.0,0.0,0.0,0.0,0.0,0.0,0.0,0.0,0.0,0.0,0.0,3,8
Liverpool,2019-08-02,10614,9.270023374137356,0.0,0.0,0.0,0.0,0.0,0.0,0.0,0.0,0.0,0.0,0.0,0.0,0.0,4,8
Liverpool,2019-08-03,11021,9.307648554443182,0.0,0.0,0.0,0.0,0.0,0.0,0.0,0.0,0.0,0.0,0.0,0.0,0.0,5,8
Liverpool,2019-08-04,19069,9.855871698594465,0.0,0.0,0.0,0.0,0.0,0.0,0.0,0.0,0.0,0.0,0.0,0.0,0.0,6,8
Liverpool,2019-08-05,24623,10.11147685607866,0.0,0.0,0.0,0.0,0.0,0.0,0.0,0.0,0.0,0.0,0.0,0.0,0.0,0,8
Liverpool,2019-08-06,16748,9.72609383397847,0.0,0.0,0.0,0.0,0.0,0.0,0.0,0.0,0.0,0.0,0.0,0.0,0.0,1,8
Liverpool,2019-08-07,14982,9.614671504043145,0.0,0.0,0.0,0.0,0.0,0.0,0.0,0.0,0.0,0.0,0.0,0.0,0.0,2,8
Liverpool,2019-08-08,19728,9.889844913494969,0.0,0.0,0.0,0.0,0.0,0.0,0.0,0.0,0.0,0.0,0.0,0.0,0.0,3,8
Liverpool,2019-08-09,35806,10.485898684001407,1.0,1.0,4.0,1.0,3.0,1.0,0.0,0.0,0.0,0.0,0.0,0.0,3.0,4,8
Liverpool,2019-08-10,22090,10.002925564742185,0.0,0.0,0.0,0.0,0.0,0.0,0.0,0.0,1.0,1.0,0.0,0.0,3.0,5,8
Liverpool,2019-08-11,15445,9.64510534912921,0.0,0.0,0.0,0.0,0.0,0.0,0.0,0.0,0.0,0.0,0.0,0.0,3.0,6,8
Liverpool,2019-08-12,15018,9.61707134520558,0.0,0.0,0.0,0.0,0.0,0.0,0.0,0.0,0.0,0.0,0.0,0.0,3.0,0,8
Liverpool,2019-08-13,15405,9.64251232291291,0.0,0.0,0.0,0.0,0.0,0.0,0.0,0.0,0.0,0.0,0.0,0.0,3.0,1,8
Liverpool,2019-08-14,43272,10.675284162916334,0.0,0.0,0.0,0.0,0.0,0.0,0.0,0.0,0.0,0.0,0.0,0.0,0.0,2,8
Liverpool,2019-08-15,44418,10.701422584813201,0.0,0.0,0.0,0.0,0.0,0.0,0.0,0.0,0.0,0.0,0.0,0.0,0.0,3,8
Liverpool,2019-08-16,27326,10.21563050341292,0.0,0.0,0.0,0.0,0.0,0.0,0.0,0.0,0.0,0.0,0.0,0.0,0.0,4,8
Liverpool,2019-08-17,23129,10.048885755225484,1.0,0.0,2.0,1.0,1.0,1.0,0.0,0.0,0.0,0.0,0.0,0.0,3.0,5,8
Liverpool,2019-08-18,15818,9.66896702819858,0.0,0.0,0.0,0.0,0.0,0.0,0.0,0.0,1.0,1.0,0.0,0.0,3.0,6,8
Liverpool,2019-08-19,13701,9.525297086562844,0.0,0.0,0.0,0.0,0.0,0.0,0.0,0.0,0.0,0.0,0.0,0.0,3.0,0,8
Liverpool,2019-08-20,11264,9.329455852866344,0.0,0.0,0.0,0.0,0.0,0.0,0.0,0.0,0.0,0.0,0.0,0.0,3.0,1,8
Liverpool,2019-08-21,10129,9.22325659724273,0.0,0.0,0.0,0.0,0.0,0.0,0.0,0.0,0.0,0.0,0.0,0.0,3.0,2,8
Liverpool,2019-08-22,10209,9.231122911158712,0.0,0.0,0.0,0.0,0.0,0.0,0.0,0.0,0.0,0.0,0.0,0.0,0.0,3,8
Liverpool,2019-08-23,11299,9.332558004700433,0.0,0.0,0.0,0.0,0.0,0.0,0.0,0.0,0.0,0.0,0.0,0.0,0.0,4,8
Liverpool,2019-08-24,19860,9.896513288798792,1.0,1.0,3.0,1.0,2.0,1.0,0.0,0.0,0.0,0.0,0.0,0.0,3.0,5,8
Liverpool,2019-08-25,14151,9.557611235839621,0.0,0.0,0.0,0.0,0.0,0.0,0.0,0.0,1.0,1.0,0.0,0.0,3.0,6,8
Liverpool,2019-08-26,11101,9.314880551250107,0.0,0.0,0.0,0.0,0.0,0.0,0.0,0.0,0.0,0.0,0.0,0.0,3.0,0,8
Liverpool,2019-08-27,10543,9.263312256742289,0.0,0.0,0.0,0.0,0.0,0.0,0.0,0.0,0.0,0.0,0.0,0.0,3.0,1,8
Liverpool,2019-08-28,10184,9.228671328660907,0.0,0.0,0.0,0.0,0.0,0.0,0.0,0.0,0.0,0.0,0.0,0.0,3.0,2,8
Liverpool,2019-08-29,12225,9.41132011058867,0.0,0.0,0.0,0.0,0.0,0.0,0.0,0.0,0.0,0.0,0.0,0.0,0.0,3,8
Liverpool,2019-08-30,11071,9.31217467785745,0.0,0.0,0.0,0.0,0.0,0.0,0.0,0.0,0.0,0.0,0.0,0.0,0.0,4,8
Liverpool,2019-08-31,15885,9.673193497193077,1.0,0.0,3.0,0.0,3.0,1.0,0.0,0.0,0.0,0.0,0.0,0.0,3.0,5,8
Liverpool,2019-09-01,13564,9.515248225093032,0.0,0.0,0.0,0.0,0.0,0.0,0.0,0.0,1.0,1.0,0.0,0.0,3.0,6,9
Liverpool,2019-09-02,11618,9.360396968182862,0.0,0.0,0.0,0.0,0.0,0.0,0.0,0.0,0.0,0.0,0.0,0.0,3.0,0,9
Liverpool,2019-09-03,11374,9.33917324381915,0.0,0.0,0.0,0.0,0.0,0.0,0.0,0.0,0.0,0.0,0.0,0.0,3.0,1,9
Liverpool,2019-09-04,9534,9.16272451803452,0.0,0.0,0.0,0.0,0.0,0.0,0.0,0.0,0.0,0.0,0.0,0.0,3.0,2,9
Liverpool,2019-09-05,8303,9.024492605405669,0.0,0.0,0.0,0.0,0.0,0.0,0.0,0.0,0.0,0.0,0.0,0.0,0.0,3,9
Liverpool,2019-09-06,7222,8.885025658050846,0.0,0.0,0.0,0.0,0.0,0.0,0.0,0.0,0.0,0.0,0.0,0.0,0.0,4,9
Liverpool,2019-09-07,7168,8.877521453852872,0.0,0.0,0.0,0.0,0.0,0.0,0.0,0.0,0.0,0.0,0.0,0.0,0.0,5,9
Liverpool,2019-09-08,7022,8.856945756159021,0.0,0.0,0.0,0.0,0.0,0.0,0.0,0.0,0.0,0.0,0.0,0.0,0.0,6,9
Liverpool,2019-09-09,7354,8.903135633035538,0.0,0.0,0.0,0.0,0.0,0.0,0.0,0.0,0.0,0.0,0.0,0.0,0.0,0,9
Liverpool,2019-09-10,7485,8.920789888464375,0.0,0.0,0.0,0.0,0.0,0.0,0.0,0.0,0.0,0.0,0.0,0.0,0.0,1,9
Liverpool,2019-09-11,7259,8.890135107818843,0.0,0.0,0.0,0.0,0.0,0.0,0.0,0.0,0.0,0.0,0.0,0.0,0.0,2,9
Liverpool,2019-09-12,7236,8.886962034866128,0.0,0.0,0.0,0.0,0.0,0.0,0.0,0.0,0.0,0.0,0.0,0.0,0.0,3,9
Liverpool,2019-09-13,7039,8.859363449152088,0.0,0.0,0.0,0.0,0.0,0.0,0.0,0.0,0.0,0.0,0.0,0.0,0.0,4,9
Liverpool,2019-09-14,15842,9.670483041375043,1.0,1.0,3.0,1.0,2.0,1.0,0.0,0.0,0.0,0.0,0.0,0.0,3.0,5,9
Liverpool,2019-09-15,11631,9.3615151997733,0.0,0.0,0.0,0.0,0.0,0.0,0.0,0.0,1.0,1.0,0.0,0.0,3.0,6,9
Liverpool,2019-09-16,11090,9.313889247604742,0.0,0.0,0.0,0.0,0.0,0.0,0.0,0.0,0.0,0.0,0.0,0.0,3.0,0,9
Liverpool,2019-09-17,15140,9.625161575008372,0.0,0.0,0.0,0.0,0.0,0.0,0.0,0.0,0.0,0.0,0.0,0.0,3.0,1,9
Liverpool,2019-09-18,9769,9.187071745036828,0.0,0.0,0.0,0.0,0.0,0.0,0.0,0.0,0.0,0.0,0.0,0.0,3.0,2,9
Liverpool,2019-09-19,7765,8.957510510291613,0.0,0.0,0.0,0.0,0.0,0.0,0.0,0.0,0.0,0.0,0.0,0.0,0.0,3,9
Liverpool,2019-09-20,7695,8.948455992345542,0.0,0.0,0.0,0.0,0.0,0.0,0.0,0.0,0.0,0.0,0.0,0.0,0.0,4,9
Liverpool,2019-09-21,8585,9.057888248784506,0.0,0.0,0.0,0.0,0.0,0.0,0.0,0.0,0.0,0.0,0.0,0.0,0.0,5,9
Liverpool,2019-09-22,17331,9.7603097828598,1.0,0.0,2.0,1.0,1.0,1.0,0.0,0.0,0.0,0.0,0.0,0.0,3.0,6,9
Liverpool,2019-09-23,12943,9.468387639298273,0.0,0.0,0.0,0.0,0.0,0.0,0.0,0.0,1.0,1.0,0.0,0.0,3.0,0,9
Liverpool,2019-09-24,11899,9.38429367909962,0.0,0.0,0.0,0.0,0.0,0.0,0.0,0.0,0.0,0.0,0.0,0.0,3.0,1,9
Liverpool,2019-09-25,16097,9.686450319653678,0.0,0.0,0.0,0.0,0.0,0.0,0.0,0.0,0.0,0.0,0.0,0.0,3.0,2,9
Liverpool,2019-09-26,12967,9.470240063415512,0.0,0.0,0.0,0.0,0.0,0.0,0.0,0.0,0.0,0.0,0.0,0.0,3.0,3,9
Liverpool,2019-09-27,10215,9.231710397712375,0.0,0.0,0.0,0.0,0.0,0.0,0.0,0.0,0.0,0.0,0.0,0.0,0.0,4,9
Liverpool,2019-09-28,15102,9.62264867856634,1.0,0.0,1.0,0.0,1.0,1.0,0.0,0.0,0.0,0.0,0.0,0.0,3.0,5,9
Liverpool,2019-09-29,11019,9.307467082706905,0.0,0.0,0.0,0.0,0.0,0.0,0.0,0.0,1.0,1.0,0.0,0.0,3.0,6,9
Liverpool,2019-09-30,11452,9.346006983397716,0.0,0.0,0.0,0.0,0.0,0.0,0.0,0.0,0.0,0.0,0.0,0.0,3.0,0,9
Liverpool,2019-10-01,11324,9.334767950351235,0.0,0.0,0.0,0.0,0.0,0.0,0.0,0.0,0.0,0.0,0.0,0.0,3.0,1,10
Liverpool,2019-10-02,13683,9.523982546097495,0.0,0.0,0.0,0.0,0.0,0.0,0.0,0.0,0.0,0.0,0.0,0.0,3.0,2,10
Liverpool,2019-10-03,10834,9.29053691397046,0.0,0.0,0.0,0.0,0.0,0.0,0.0,0.0,0.0,0.0,0.0,0.0,0.0,3,10
Liverpool,2019-10-04,8704,9.07165285220229,0.0,0.0,0.0,0.0,0.0,0.0,0.0,0.0,0.0,0.0,0.0,0.0,0.0,4,10
Liverpool,2019-10-05,16326,9.700575458126165,1.0,1.0,2.0,1.0,1.0,1.0,0.0,0.0,0.0,0.0,0.0,0.0,3.0,5,10
Liverpool,2019-10-06,16282,9.697876897764221,0.0,0.0,0.0,0.0,0.0,0.0,0.0,0.0,1.0,1.0,0.0,0.0,3.0,6,10
Liverpool,2019-10-07,13721,9.526755663250837,0.0,0.0,0.0,0.0,0.0,0.0,0.0,0.0,0.0,0.0,0.0,0.0,3.0,0,10
Liverpool,2019-10-08,11888,9.383368881858544,0.0,0.0,0.0,0.0,0.0,0.0,0.0,0.0,0.0,0.0,0.0,0.0,3.0,1,10
Liverpool,2019-10-09,9984,9.208839245849916,0.0,0.0,0.0,0.0,0.0,0.0,0.0,0.0,0.0,0.0,0.0,0.0,3.0,2,10
Liverpool,2019-10-10,8474,9.044875932248651,0.0,0.0,0.0,0.0,0.0,0.0,0.0,0.0,0.0,0.0,0.0,0.0,0.0,3,10
Liverpool,2019-10-11,7832,8.96610085736724,0.0,0.0,0.0,0.0,0.0,0.0,0.0,0.0,0.0,0.0,0.0,0.0,0.0,4,10
Liverpool,2019-10-12,7955,8.981681639973862,0.0,0.0,0.0,0.0,0.0,0.0,0.0,0.0,0.0,0.0,0.0,0.0,0.0,5,10
Liverpool,2019-10-13,7528,8.926517509850122,0.0,0.0,0.0,0.0,0.0,0.0,0.0,0.0,0.0,0.0,0.0,0.0,0.0,6,10
Liverpool,2019-10-14,7579,8.933268478636418,0.0,0.0,0.0,0.0,0.0,0.0,0.0,0.0,0.0,0.0,0.0,0.0,0.0,0,10
Liverpool,2019-10-15,8088,8.998260393017953,0.0,0.0,0.0,0.0,0.0,0.0,0.0,0.0,0.0,0.0,0.0,0.0,0.0,1,10
Liverpool,2019-10-16,7935,8.979164648964709,0.0,0.0,0.0,0.0,0.0,0.0,0.0,0.0,0.0,0.0,0.0,0.0,0.0,2,10
Liverpool,2019-10-17,8333,9.0280988119824,0.0,0.0,0.0,0.0,0.0,0.0,0.0,0.0,0.0,0.0,0.0,0.0,0.0,3,10
Liverpool,2019-10-18,9107,9.11690842718363,0.0,0.0,0.0,0.0,0.0,0.0,0.0,0.0,0.0,0.0,0.0,0.0,0.0,4,10
Liverpool,2019-10-19,9632,9.172949982757624,0.0,0.0,0.0,0.0,0.0,0.0,0.0,0.0,0.0,0.0,0.0,0.0,0.0,5,10
Liverpool,2019-10-20,21130,9.958496435566927,1.0,0.0,1.0,1.0,0.0,0.0,1.0,0.0,0.0,0.0,0.0,0.0,1.0,6,10
Liverpool,2019-10-21,11233,9.326700173092378,0.0,0.0,0.0,0.0,0.0,0.0,0.0,0.0,1.0,0.0,1.0,0.0,1.0,0,10
Liverpool,2019-10-22,9054,9.111072370317514,0.0,0.0,0.0,0.0,0.0,0.0,0.0,0.0,0.0,0.0,0.0,0.0,1.0,1,10
Liverpool,2019-10-23,11601,9.358932776026009,0.0,0.0,0.0,0.0,0.0,0.0,0.0,0.0,0.0,0.0,0.0,0.0,1.0,2,10
Liverpool,2019-10-24,10388,9.248502833070532,0.0,0.0,0.0,0.0,0.0,0.0,0.0,0.0,0.0,0.0,0.0,0.0,1.0,3,10
Liverpool,2019-10-25,9579,9.167432870964907,0.0,0.0,0.0,0.0,0.0,0.0,0.0,0.0,0.0,0.0,0.0,0.0,0.0,4,10
Liverpool,2019-10-26,8703,9.071537969095724,0.0,0.0,0.0,0.0,0.0,0.0,0.0,0.0,0.0,0.0,0.0,0.0,0.0,5,10
Liverpool,2019-10-27,15929,9.675959402904095,1.0,1.0,2.0,1.0,1.0,1.0,0.0,0.0,0.0,0.0,0.0,0.0,3.0,6,10
Liverpool,2019-10-28,11144,9.31874624581997,0.0,0.0,0.0,0.0,0.0,0.0,0.0,0.0,1.0,1.0,0.0,0.0,3.0,0,10
Liverpool,2019-10-29,9935,9.20391980417326,0.0,0.0,0.0,0.0,0.0,0.0,0.0,0.0,0.0,0.0,0.0,0.0,3.0,1,10
Liverpool,2019-10-30,19452,9.875756578797818,0.0,0.0,0.0,0.0,0.0,0.0,0.0,0.0,0.0,0.0,0.0,0.0,3.0,2,10
Liverpool,2019-10-31,16029,9.6822172456036,0.0,0.0,0.0,0.0,0.0,0.0,0.0,0.0,0.0,0.0,0.0,0.0,3.0,3,10
Liverpool,2019-11-01,9894,9.199784858036667,0.0,0.0,0.0,0.0,0.0,0.0,0.0,0.0,0.0,0.0,0.0,0.0,0.0,4,11
Liverpool,2019-11-02,14753,9.599269511444248,1.0,0.0,2.0,1.0,1.0,1.0,0.0,0.0,0.0,0.0,0.0,0.0,3.0,5,11
Liverpool,2019-11-03,12157,9.405742668308667,0.0,0.0,0.0,0.0,0.0,0.0,0.0,0.0,1.0,1.0,0.0,0.0,3.0,6,11
Liverpool,2019-11-04,9590,9.16858043772795,0.0,0.0,0.0,0.0,0.0,0.0,0.0,0.0,0.0,0.0,0.0,0.0,3.0,0,11
Liverpool,2019-11-05,13400,9.503084610020228,0.0,0.0,0.0,0.0,0.0,0.0,0.0,0.0,0.0,0.0,0.0,0.0,3.0,1,11
Liverpool,2019-11-06,11976,9.390743422947507,0.0,0.0,0.0,0.0,0.0,0.0,0.0,0.0,0.0,0.0,0.0,0.0,3.0,2,11
Liverpool,2019-11-07,8879,9.091556835986216,0.0,0.0,0.0,0.0,0.0,0.0,0.0,0.0,0.0,0.0,0.0,0.0,0.0,3,11
Liverpool,2019-11-08,8715,9.072915696064511,0.0,0.0,0.0,0.0,0.0,0.0,0.0,0.0,0.0,0.0,0.0,0.0,0.0,4,11
Liverpool,2019-11-09,10338,9.243678431586693,0.0,0.0,0.0,0.0,0.0,0.0,0.0,0.0,0.0,0.0,0.0,0.0,0.0,5,11
Liverpool,2019-11-10,31000,10.34177474101152,1.0,1.0,3.0,1.0,2.0,1.0,0.0,0.0,0.0,0.0,0.0,0.0,3.0,6,11
Liverpool,2019-11-11,22647,10.027826826791735,0.0,0.0,0.0,0.0,0.0,0.0,0.0,0.0,1.0,1.0,0.0,0.0,3.0,0,11
Liverpool,2019-11-12,18482,9.82460666968268,0.0,0.0,0.0,0.0,0.0,0.0,0.0,0.0,0.0,0.0,0.0,0.0,3.0,1,11
Liverpool,2019-11-13,14300,9.568084743872936,0.0,0.0,0.0,0.0,0.0,0.0,0.0,0.0,0.0,0.0,0.0,0.0,3.0,2,11
Liverpool,2019-11-14,11179,9.32188174670909,0.0,0.0,0.0,0.0,0.0,0.0,0.0,0.0,0.0,0.0,0.0,0.0,3.0,3,11
Liverpool,2019-11-15,8149,9.005773206234908,0.0,0.0,0.0,0.0,0.0,0.0,0.0,0.0,0.0,0.0,0.0,0.0,0.0,4,11
Liverpool,2019-11-16,8406,9.036819971135296,0.0,0.0,0.0,0.0,0.0,0.0,0.0,0.0,0.0,0.0,0.0,0.0,0.0,5,11
Liverpool,2019-11-17,7797,8.961622569542543,0.0,0.0,0.0,0.0,0.0,0.0,0.0,0.0,0.0,0.0,0.0,0.0,0.0,6,11
Liverpool,2019-11-18,7898,8.97449144816442,0.0,0.0,0.0,0.0,0.0,0.0,0.0,0.0,0.0,0.0,0.0,0.0,0.0,0,11
Liverpool,2019-11-19,8134,9.003931019653137,0.0,0.0,0.0,0.0,0.0,0.0,0.0,0.0,0.0,0.0,0.0,0.0,0.0,1,11
Liverpool,2019-11-20,9674,9.177300517897983,0.0,0.0,0.0,0.0,0.0,0.0,0.0,0.0,0.0,0.0,0.0,0.0,0.0,2,11
Liverpool,2019-11-21,8464,9.043695294567236,0.0,0.0,0.0,0.0,0.0,0.0,0.0,0.0,0.0,0.0,0.0,0.0,0.0,3,11
Liverpool,2019-11-22,8103,9.000113045928519,0.0,0.0,0.0,0.0,0.0,0.0,0.0,0.0,0.0,0.0,0.0,0.0,0.0,4,11
Liverpool,2019-11-23,14243,9.564091044397669,1.0,0.0,2.0,1.0,1.0,1.0,0.0,0.0,0.0,0.0,0.0,0.0,3.0,5,11
Liverpool,2019-11-24,14564,9.586376669393536,0.0,0.0,0.0,0.0,0.0,0.0,0.0,0.0,1.0,1.0,0.0,0.0,3.0,6,11
Liverpool,2019-11-25,11121,9.316680407747508,0.0,0.0,0.0,0.0,0.0,0.0,0.0,0.0,0.0,0.0,0.0,0.0,3.0,0,11
Liverpool,2019-11-26,9472,9.156200925875535,0.0,0.0,0.0,0.0,0.0,0.0,0.0,0.0,0.0,0.0,0.0,0.0,3.0,1,11
Liverpool,2019-11-27,12577,9.439704535103449,0.0,0.0,0.0,0.0,0.0,0.0,0.0,0.0,0.0,0.0,0.0,0.0,3.0,2,11
Liverpool,2019-11-28,10219,9.232101863757695,0.0,0.0,0.0,0.0,0.0,0.0,0.0,0.0,0.0,0.0,0.0,0.0,0.0,3,11
Liverpool,2019-11-29,9453,9.154193211353181,0.0,0.0,0.0,0.0,0.0,0.0,0.0,0.0,0.0,0.0,0.0,0.0,0.0,4,11
Liverpool,2019-11-30,15159,9.626415659196363,1.0,1.0,2.0,1.0,1.0,1.0,0.0,0.0,0.0,0.0,0.0,0.0,3.0,5,11
Liverpool,2019-12-01,12587,9.440499258184298,0.0,0.0,0.0,0.0,0.0,0.0,0.0,0.0,1.0,1.0,0.0,0.0,3.0,6,12
Liverpool,2019-12-02,11603,9.359105145241294,0.0,0.0,0.0,0.0,0.0,0.0,0.0,0.0,0.0,0.0,0.0,0.0,3.0,0,12
Liverpool,2019-12-03,11624,9.360913230455557,0.0,0.0,0.0,0.0,0.0,0.0,0.0,0.0,0.0,0.0,0.0,0.0,3.0,1,12
Liverpool,2019-12-04,17215,9.75359446296151,1.0,1.0,5.0,2.0,3.0,1.0,0.0,0.0,0.0,0.0,0.0,0.0,6.0,2,12
Liverpool,2019-12-05,17716,9.782279909600437,0.0,0.0,0.0,0.0,0.0,0.0,0.0,0.0,1.0,1.0,0.0,0.0,3.0,3,12
Liverpool,2019-12-06,11833,9.378732023236639,0.0,0.0,0.0,0.0,0.0,0.0,0.0,0.0,0.0,0.0,0.0,0.0,3.0,4,12
Liverpool,2019-12-07,19365,9.871274230171476,1.0,0.0,3.0,0.0,3.0,1.0,0.0,0.0,0.0,0.0,0.0,0.0,6.0,5,12
Liverpool,2019-12-08,16106,9.68700923909068,0.0,0.0,0.0,0.0,0.0,0.0,0.0,0.0,1.0,1.0,0.0,0.0,6.0,6,12
Liverpool,2019-12-09,13245,9.491450899044924,0.0,0.0,0.0,0.0,0.0,0.0,0.0,0.0,0.0,0.0,0.0,0.0,3.0,0,12
Liverpool,2019-12-10,18790,9.841133310789152,0.0,0.0,0.0,0.0,0.0,0.0,0.0,0.0,0.0,0.0,0.0,0.0,3.0,1,12
Liverpool,2019-12-11,15391,9.641603172905487,0.0,0.0,0.0,0.0,0.0,0.0,0.0,0.0,0.0,0.0,0.0,0.0,3.0,2,12
Liverpool,2019-12-12,12795,9.45688790106941,0.0,0.0,0.0,0.0,0.0,0.0,0.0,0.0,0.0,0.0,0.0,0.0,0.0,3,12
Liverpool,2019-12-13,14391,9.574427775630369,0.0,0.0,0.0,0.0,0.0,0.0,0.0,0.0,0.0,0.0,0.0,0.0,0.0,4,12
Liverpool,2019-12-14,21234,9.963406042747371,1.0,1.0,2.0,0.0,2.0,1.0,0.0,0.0,0.0,0.0,0.0,0.0,3.0,5,12
Liverpool,2019-12-15,17883,9.791661737353872,0.0,0.0,0.0,0.0,0.0,0.0,0.0,0.0,1.0,1.0,0.0,0.0,3.0,6,12
Liverpool,2019-12-16,15724,9.663007081568642,0.0,0.0,0.0,0.0,0.0,0.0,0.0,0.0,0.0,0.0,0.0,0.0,3.0,0,12
Liverpool,2019-12-17,50253,10.824845424743302,0.0,0.0,0.0,0.0,0.0,0.0,0.0,0.0,0.0,0.0,0.0,0.0,3.0,1,12
Liverpool,2019-12-18,62744,11.046834172544408,0.0,0.0,0.0,0.0,0.0,0.0,0.0,0.0,0.0,0.0,0.0,0.0,3.0,2,12
Liverpool,2019-12-19,29216,10.282506010629309,0.0,0.0,0.0,0.0,0.0,0.0,0.0,0.0,0.0,0.0,0.0,0.0,0.0,3,12
Liverpool,2019-12-20,15041,9.618601567386348,0.0,0.0,0.0,0.0,0.0,0.0,0.0,0.0,0.0,0.0,0.0,0.0,0.0,4,12
Liverpool,2019-12-21,46549,10.748282282705214,0.0,0.0,0.0,0.0,0.0,0.0,0.0,0.0,0.0,0.0,0.0,0.0,0.0,5,12
Liverpool,2019-12-22,41930,10.643780689153017,0.0,0.0,0.0,0.0,0.0,0.0,0.0,0.0,0.0,0.0,0.0,0.0,0.0,6,12
Liverpool,2019-12-23,19395,9.872822138225242,0.0,0.0,0.0,0.0,0.0,0.0,0.0,0.0,0.0,0.0,0.0,0.0,0.0,0,12
Liverpool,2019-12-24,15252,9.632531483999934,0.0,0.0,0.0,0.0,0.0,0.0,0.0,0.0,0.0,0.0,0.0,0.0,0.0,1,12
Liverpool,2019-12-25,12897,9.464827539570322,0.0,0.0,0.0,0.0,0.0,0.0,0.0,0.0,0.0,0.0,0.0,0.0,0.0,2,12
Liverpool,2019-12-26,28989,10.274706221915702,1.0,0.0,4.0,0.0,4.0,1.0,0.0,0.0,0.0,0.0,0.0,0.0,3.0,3,12
Liverpool,2019-12-27,30894,10.33834963749508,0.0,0.0,0.0,0.0,0.0,0.0,0.0,0.0,1.0,1.0,0.0,0.0,3.0,4,12
Liverpool,2019-12-28,22778,10.033594337881343,0.0,0.0,0.0,0.0,0.0,0.0,0.0,0.0,0.0,0.0,0.0,0.0,3.0,5,12
Liverpool,2019-12-29,29264,10.284147541725321,1.0,1.0,1.0,0.0,1.0,1.0,0.0,0.0,0.0,0.0,0.0,0.0,6.0,6,12
Liverpool,2019-12-30,20034,9.905236023070245,0.0,0.0,0.0,0.0,0.0,0.0,0.0,0.0,1.0,1.0,0.0,0.0,6.0,0,12
Liverpool,2019-12-31,15770,9.665928089487558,0.0,0.0,0.0,0.0,0.0,0.0,0.0,0.0,0.0,0.0,0.0,0.0,3.0,1,12
Liverpool,2020-01-01,18041,9.800457652216584,0.0,0.0,0.0,0.0,0.0,0.0,0.0,0.0,0.0,0.0,0.0,0.0,3.0,2,1
Liverpool,2020-01-02,28034,10.241209008557773,1.0,1.0,2.0,0.0,2.0,1.0,0.0,0.0,0.0,0.0,0.0,0.0,6.0,3,1
Liverpool,2020-01-03,22946,10.040942487989975,0.0,0.0,0.0,0.0,0.0,0.0,0.0,0.0,1.0,1.0,0.0,0.0,3.0,4,1
Liverpool,2020-01-04,16298,9.698859035219632,0.0,0.0,0.0,0.0,0.0,0.0,0.0,0.0,0.0,0.0,0.0,0.0,3.0,5,1
Liverpool,2020-01-05,39494,10.58392936059852,0.0,0.0,0.0,0.0,0.0,0.0,0.0,0.0,0.0,0.0,0.0,0.0,3.0,6,1
Liverpool,2020-01-06,22014,9.999479318189854,0.0,0.0,0.0,0.0,0.0,0.0,0.0,0.0,0.0,0.0,0.0,0.0,3.0,0,1
Liverpool,2020-01-07,18112,9.804385191492917,0.0,0.0,0.0,0.0,0.0,0.0,0.0,0.0,0.0,0.0,0.0,0.0,0.0,1,1
Liverpool,2020-01-08,14254,9.564863001346772,0.0,0.0,0.0,0.0,0.0,0.0,0.0,0.0,0.0,0.0,0.0,0.0,0.0,2,1
Liverpool,2020-01-09,13111,9.481283120423665,0.0,0.0,0.0,0.0,0.0,0.0,0.0,0.0,0.0,0.0,0.0,0.0,0.0,3,1
Liverpool,2020-01-10,12534,9.436280010592395,0.0,0.0,0.0,0.0,0.0,0.0,0.0,0.0,0.0,0.0,0.0,0.0,0.0,4,1
Liverpool,2020-01-11,23800,10.077482875583607,1.0,0.0,1.0,0.0,1.0,1.0,0.0,0.0,0.0,0.0,0.0,0.0,3.0,5,1
Liverpool,2020-01-12,20149,9.91095956737483,0.0,0.0,0.0,0.0,0.0,0.0,0.0,0.0,1.0,1.0,0.0,0.0,3.0,6,1
Liverpool,2020-01-13,14020,9.54831148472113,0.0,0.0,0.0,0.0,0.0,0.0,0.0,0.0,0.0,0.0,0.0,0.0,3.0,0,1
Liverpool,2020-01-14,12963,9.469931564261438,0.0,0.0,0.0,0.0,0.0,0.0,0.0,0.0,0.0,0.0,0.0,0.0,3.0,1,1
Liverpool,2020-01-15,12343,9.420925394042996,0.0,0.0,0.0,0.0,0.0,0.0,0.0,0.0,0.0,0.0,0.0,0.0,3.0,2,1
Liverpool,2020-01-16,11916,9.385721231090805,0.0,0.0,0.0,0.0,0.0,0.0,0.0,0.0,0.0,0.0,0.0,0.0,0.0,3,1
Liverpool,2020-01-17,12334,9.420196028963456,0.0,0.0,0.0,0.0,0.0,0.0,0.0,0.0,0.0,0.0,0.0,0.0,0.0,4,1
Liverpool,2020-01-18,13644,9.521128433142438,0.0,0.0,0.0,0.0,0.0,0.0,0.0,0.0,0.0,0.0,0.0,0.0,0.0,5,1
Liverpool,2020-01-19,34993,10.462931897204566,1.0,1.0,2.0,0.0,2.0,1.0,0.0,0.0,0.0,0.0,0.0,0.0,3.0,6,1
Liverpool,2020-01-20,25851,10.160143246382786,0.0,0.0,0.0,0.0,0.0,0.0,0.0,0.0,1.0,1.0,0.0,0.0,3.0,0,1
Liverpool,2020-01-21,19092,9.857077054713464,0.0,0.0,0.0,0.0,0.0,0.0,0.0,0.0,0.0,0.0,0.0,0.0,3.0,1,1
Liverpool,2020-01-22,15881,9.672941671455156,0.0,0.0,0.0,0.0,0.0,0.0,0.0,0.0,0.0,0.0,0.0,0.0,3.0,2,1
Liverpool,2020-01-23,24902,10.122743557123146,1.0,0.0,2.0,1.0,1.0,1.0,0.0,0.0,0.0,0.0,0.0,0.0,6.0,3,1
Liverpool,2020-01-24,21407,9.971519962927955,0.0,0.0,0.0,0.0,0.0,0.0,0.0,0.0,1.0,1.0,0.0,0.0,3.0,4,1
Liverpool,2020-01-25,14323,9.569691731118324,0.0,0.0,0.0,0.0,0.0,0.0,0.0,0.0,0.0,0.0,0.0,0.0,3.0,5,1
Liverpool,2020-01-26,19620,9.884355700220102,0.0,0.0,0.0,0.0,0.0,0.0,0.0,0.0,0.0,0.0,0.0,0.0,3.0,6,1
Liverpool,2020-01-27,12331,9.419952789006041,0.0,0.0,0.0,0.0,0.0,0.0,0.0,0.0,0.0,0.0,0.0,0.0,3.0,0,1
Liverpool,2020-01-28,11273,9.33025446864152,0.0,0.0,0.0,0.0,0.0,0.0,0.0,0.0,0.0,0.0,0.0,0.0,0.0,1,1
Liverpool,2020-01-29,17860,9.790374843904484,1.0,0.0,2.0,0.0,2.0,1.0,0.0,0.0,0.0,0.0,0.0,0.0,3.0,2,1
Liverpool,2020-01-30,19221,9.863810735383229,0.0,0.0,0.0,0.0,0.0,0.0,0.0,0.0,1.0,1.0,0.0,0.0,3.0,3,1
Liverpool,2020-01-31,13526,9.512442967089195,0.0,0.0,0.0,0.0,0.0,0.0,0.0,0.0,0.0,0.0,0.0,0.0,3.0,4,1
Liverpool,2020-02-01,21496,9.975668669496136,1.0,1.0,4.0,0.0,4.0,1.0,0.0,0.0,0.0,0.0,0.0,0.0,6.0,5,2
Liverpool,2020-02-02,21042,9.954323242238624,0.0,0.0,0.0,0.0,0.0,0.0,0.0,0.0,1.0,1.0,0.0,0.0,6.0,6,2
Liverpool,2020-02-03,17703,9.781545881730885,0.0,0.0,0.0,0.0,0.0,0.0,0.0,0.0,0.0,0.0,0.0,0.0,3.0,0,2
Liverpool,2020-02-04,20021,9.904586947979428,0.0,0.0,0.0,0.0,0.0,0.0,0.0,0.0,0.0,0.0,0.0,0.0,3.0,1,2
Liverpool,2020-02-05,18360,9.817984128922188,0.0,0.0,0.0,0.0,0.0,0.0,0.0,0.0,0.0,0.0,0.0,0.0,3.0,2,2
Liverpool,2020-02-06,13322,9.497247143960212,0.0,0.0,0.0,0.0,0.0,0.0,0.0,0.0,0.0,0.0,0.0,0.0,0.0,3,2
Liverpool,2020-02-07,12042,9.39623885726048,0.0,0.0,0.0,0.0,0.0,0.0,0.0,0.0,0.0,0.0,0.0,0.0,0.0,4,2
Liverpool,2020-02-08,11383,9.339964139769688,0.0,0.0,0.0,0.0,0.0,0.0,0.0,0.0,0.0,0.0,0.0,0.0,0.0,5,2
Liverpool,2020-02-09,11012,9.306831672164943,0.0,0.0,0.0,0.0,0.0,0.0,0.0,0.0,0.0,0.0,0.0,0.0,0.0,6,2
Liverpool,2020-02-10,10312,9.24116051431607,0.0,0.0,0.0,0.0,0.0,0.0,0.0,0.0,0.0,0.0,0.0,0.0,0.0,0,2
Liverpool,2020-02-11,11866,9.38151671766514,0.0,0.0,0.0,0.0,0.0,0.0,0.0,0.0,0.0,0.0,0.0,0.0,0.0,1,2
Liverpool,2020-02-12,10555,9.264449697623215,0.0,0.0,0.0,0.0,0.0,0.0,0.0,0.0,0.0,0.0,0.0,0.0,0.0,2,2
Liverpool,2020-02-13,10083,9.218705288307811,0.0,0.0,0.0,0.0,0.0,0.0,0.0,0.0,0.0,0.0,0.0,0.0,0.0,3,2
Liverpool,2020-02-14,10407,9.250330020192342,0.0,0.0,0.0,0.0,0.0,0.0,0.0,0.0,0.0,0.0,0.0,0.0,0.0,4,2
Liverpool,2020-02-15,19226,9.864070820172337,1.0,0.0,1.0,0.0,1.0,1.0,0.0,0.0,0.0,0.0,0.0,0.0,3.0,5,2
Liverpool,2020-02-16,17236,9.75481351515439,0.0,0.0,0.0,0.0,0.0,0.0,0.0,0.0,1.0,1.0,0.0,0.0,3.0,6,2
Liverpool,2020-02-17,14638,9.591444479171411,0.0,0.0,0.0,0.0,0.0,0.0,0.0,0.0,0.0,0.0,0.0,0.0,3.0,0,2
Liverpool,2020-02-18,21009,9.952753793839046,0.0,0.0,0.0,0.0,0.0,0.0,0.0,0.0,0.0,0.0,0.0,0.0,3.0,1,2
Liverpool,2020-02-19,13160,9.485013189834323,0.0,0.0,0.0,0.0,0.0,0.0,0.0,0.0,0.0,0.0,0.0,0.0,3.0,2,2
Liverpool,2020-02-20,10056,9.21602418844448,0.0,0.0,0.0,0.0,0.0,0.0,0.0,0.0,0.0,0.0,0.0,0.0,0.0,3,2
Liverpool,2020-02-21,9669,9.17678358844734,0.0,0.0,0.0,0.0,0.0,0.0,0.0,0.0,0.0,0.0,0.0,0.0,0.0,4,2
Liverpool,2020-02-22,10749,9.28266103355581,0.0,0.0,0.0,0.0,0.0,0.0,0.0,0.0,0.0,0.0,0.0,0.0,0.0,5,2
Liverpool,2020-02-23,9937,9.204121072162266,0.0,0.0,0.0,0.0,0.0,0.0,0.0,0.0,0.0,0.0,0.0,0.0,0.0,6,2
Liverpool,2020-02-24,18135,9.805654192187365,1.0,1.0,3.0,2.0,1.0,1.0,0.0,0.0,0.0,0.0,0.0,0.0,3.0,0,2
Liverpool,2020-02-25,17550,9.77286620732769,0.0,0.0,0.0,0.0,0.0,0.0,0.0,0.0,1.0,1.0,0.0,0.0,3.0,1,2
Liverpool,2020-02-26,11839,9.379238908437996,0.0,0.0,0.0,0.0,0.0,0.0,0.0,0.0,0.0,0.0,0.0,0.0,3.0,2,2
Liverpool,2020-02-27,10667,9.275003885301905,0.0,0.0,0.0,0.0,0.0,0.0,0.0,0.0,0.0,0.0,0.0,0.0,3.0,3,2
Liverpool,2020-02-28,10582,9.267004219093725,0.0,0.0,0.0,0.0,0.0,0.0,0.0,0.0,0.0,0.0,0.0,0.0,3.0,4,2
Liverpool,2020-02-29,18418,9.821138019519102,1.0,0.0,0.0,3.0,-3.0,0.0,0.0,1.0,0.0,0.0,0.0,0.0,0.0,5,2
Liverpool,2020-03-01,16210,9.693445303141573,0.0,0.0,0.0,0.0,0.0,0.0,0.0,0.0,1.0,0.0,0.0,1.0,0.0,6,3
Liverpool,2020-03-02,10372,9.246961555431827,0.0,0.0,0.0,0.0,0.0,0.0,0.0,0.0,0.0,0.0,0.0,0.0,0.0,0,3
Liverpool,2020-03-03,16820,9.730383384791782,0.0,0.0,0.0,0.0,0.0,0.0,0.0,0.0,0.0,0.0,0.0,0.0,0.0,1,3
Liverpool,2020-03-04,14366,9.572689189010719,0.0,0.0,0.0,0.0,0.0,0.0,0.0,0.0,0.0,0.0,0.0,0.0,0.0,2,3
Liverpool,2020-03-05,9278,9.13550906135318,0.0,0.0,0.0,0.0,0.0,0.0,0.0,0.0,0.0,0.0,0.0,0.0,0.0,3,3
Liverpool,2020-03-06,8386,9.034438166984412,0.0,0.0,0.0,0.0,0.0,0.0,0.0,0.0,0.0,0.0,0.0,0.0,0.0,4,3
Liverpool,2020-03-07,16033,9.682466746602897,1.0,1.0,2.0,1.0,1.0,1.0,0.0,0.0,0.0,0.0,0.0,0.0,3.0,5,3
Liverpool,2020-03-08,14711,9.596418766284158,0.0,0.0,0.0,0.0,0.0,0.0,0.0,0.0,1.0,1.0,0.0,0.0,3.0,6,3
Liverpool,2020-03-09,12537,9.436519311833914,0.0,0.0,0.0,0.0,0.0,0.0,0.0,0.0,0.0,0.0,0.0,0.0,3.0,0,3
Liverpool,2020-03-10,10712,9.279213236262558,0.0,0.0,0.0,0.0,0.0,0.0,0.0,0.0,0.0,0.0,0.0,0.0,3.0,1,3
Liverpool,2020-03-11,25837,10.159601555520247,0.0,0.0,0.0,0.0,0.0,0.0,0.0,0.0,0.0,0.0,0.0,0.0,3.0,2,3
Liverpool,2020-03-12,18999,9.852194258148577,0.0,0.0,0.0,0.0,0.0,0.0,0.0,0.0,0.0,0.0,0.0,0.0,0.0,3,3
Liverpool,2020-03-13,10404,9.250041738827735,0.0,0.0,0.0,0.0,0.0,0.0,0.0,0.0,0.0,0.0,0.0,0.0,0.0,4,3
Liverpool,2020-03-14,8444,9.041329829241901,0.0,0.0,0.0,0.0,0.0,0.0,0.0,0.0,0.0,0.0,0.0,0.0,0.0,5,3
Liverpool,2020-03-15,8105,9.000359807188254,0.0,0.0,0.0,0.0,0.0,0.0,0.0,0.0,0.0,0.0,0.0,0.0,0.0,6,3
Liverpool,2020-03-16,8219,9.014325488050225,0.0,0.0,0.0,0.0,0.0,0.0,0.0,0.0,0.0,0.0,0.0,0.0,0.0,0,3
Liverpool,2020-03-17,7494,8.921991410536698,0.0,0.0,0.0,0.0,0.0,0.0,0.0,0.0,0.0,0.0,0.0,0.0,0.0,1,3
Liverpool,2020-03-18,7167,8.877381954654766,0.0,0.0,0.0,0.0,0.0,0.0,0.0,0.0,0.0,0.0,0.0,0.0,0.0,2,3
Liverpool,2020-03-19,7392,8.9082888855571,0.0,0.0,0.0,0.0,0.0,0.0,0.0,0.0,0.0,0.0,0.0,0.0,0.0,3,3
Liverpool,2020-03-20,7628,8.93971205409023,0.0,0.0,0.0,0.0,0.0,0.0,0.0,0.0,0.0,0.0,0.0,0.0,0.0,4,3
Liverpool,2020-03-21,7773,8.958540111412168,0.0,0.0,0.0,0.0,0.0,0.0,0.0,0.0,0.0,0.0,0.0,0.0,0.0,5,3
Liverpool,2020-03-22,7825,8.965206802770357,0.0,0.0,0.0,0.0,0.0,0.0,0.0,0.0,0.0,0.0,0.0,0.0,0.0,6,3
Liverpool,2020-03-23,7534,8.927314111060596,0.0,0.0,0.0,0.0,0.0,0.0,0.0,0.0,0.0,0.0,0.0,0.0,0.0,0,3
Liverpool,2020-03-24,8384,9.034199674257309,0.0,0.0,0.0,0.0,0.0,0.0,0.0,0.0,0.0,0.0,0.0,0.0,0.0,1,3
Liverpool,2020-03-25,8212,9.013473543740192,0.0,0.0,0.0,0.0,0.0,0.0,0.0,0.0,0.0,0.0,0.0,0.0,0.0,2,3
Liverpool,2020-03-26,8359,9.031213706078747,0.0,0.0,0.0,0.0,0.0,0.0,0.0,0.0,0.0,0.0,0.0,0.0,0.0,3,3
Liverpool,2020-03-27,7750,8.955577146281511,0.0,0.0,0.0,0.0,0.0,0.0,0.0,0.0,0.0,0.0,0.0,0.0,0.0,4,3
Liverpool,2020-03-28,8051,8.993675786759683,0.0,0.0,0.0,0.0,0.0,0.0,0.0,0.0,0.0,0.0,0.0,0.0,0.0,5,3
Liverpool,2020-03-29,8586,9.058004710672485,0.0,0.0,0.0,0.0,0.0,0.0,0.0,0.0,0.0,0.0,0.0,0.0,0.0,6,3
Liverpool,2020-03-30,7929,8.978408314628894,0.0,0.0,0.0,0.0,0.0,0.0,0.0,0.0,0.0,0.0,0.0,0.0,0.0,0,3
Liverpool,2020-03-31,8073,8.996404301412886,0.0,0.0,0.0,0.0,0.0,0.0,0.0,0.0,0.0,0.0,0.0,0.0,0.0,1,3
Liverpool,2020-04-01,8225,9.015055148790369,0.0,0.0,0.0,0.0,0.0,0.0,0.0,0.0,0.0,0.0,0.0,0.0,0.0,2,4
Liverpool,2020-04-02,8209,9.013108202446475,0.0,0.0,0.0,0.0,0.0,0.0,0.0,0.0,0.0,0.0,0.0,0.0,0.0,3,4
Liverpool,2020-04-03,8849,9.088172738001974,0.0,0.0,0.0,0.0,0.0,0.0,0.0,0.0,0.0,0.0,0.0,0.0,0.0,4,4
Liverpool,2020-04-04,9337,9.141847375530883,0.0,0.0,0.0,0.0,0.0,0.0,0.0,0.0,0.0,0.0,0.0,0.0,0.0,5,4
Liverpool,2020-04-05,9324,9.140454244512016,0.0,0.0,0.0,0.0,0.0,0.0,0.0,0.0,0.0,0.0,0.0,0.0,0.0,6,4
Liverpool,2020-04-06,8064,8.99528899055931,0.0,0.0,0.0,0.0,0.0,0.0,0.0,0.0,0.0,0.0,0.0,0.0,0.0,0,4
Liverpool,2020-04-07,8197,9.011645501064283,0.0,0.0,0.0,0.0,0.0,0.0,0.0,0.0,0.0,0.0,0.0,0.0,0.0,1,4
Liverpool,2020-04-08,7839,8.966994113344454,0.0,0.0,0.0,0.0,0.0,0.0,0.0,0.0,0.0,0.0,0.0,0.0,0.0,2,4
Liverpool,2020-04-09,8022,8.990067695753655,0.0,0.0,0.0,0.0,0.0,0.0,0.0,0.0,0.0,0.0,0.0,0.0,0.0,3,4
Liverpool,2020-04-10,9059,9.111624399037025,0.0,0.0,0.0,0.0,0.0,0.0,0.0,0.0,0.0,0.0,0.0,0.0,0.0,4,4
Liverpool,2020-04-11,8952,9.099743950634156,0.0,0.0,0.0,0.0,0.0,0.0,0.0,0.0,0.0,0.0,0.0,0.0,0.0,5,4
Liverpool,2020-04-12,9619,9.171599543659752,0.0,0.0,0.0,0.0,0.0,0.0,0.0,0.0,0.0,0.0,0.0,0.0,0.0,6,4
Liverpool,2020-04-13,8978,9.102643796520809,0.0,0.0,0.0,0.0,0.0,0.0,0.0,0.0,0.0,0.0,0.0,0.0,0.0,0,4
Liverpool,2020-04-14,9342,9.142382678792956,0.0,0.0,0.0,0.0,0.0,0.0,0.0,0.0,0.0,0.0,0.0,0.0,0.0,1,4
Liverpool,2020-04-15,9224,9.129672468908728,0.0,0.0,0.0,0.0,0.0,0.0,0.0,0.0,0.0,0.0,0.0,0.0,0.0,2,4
Liverpool,2020-04-16,8635,9.063694791634697,0.0,0.0,0.0,0.0,0.0,0.0,0.0,0.0,0.0,0.0,0.0,0.0,0.0,3,4
Liverpool,2020-04-17,9169,9.123692565250511,0.0,0.0,0.0,0.0,0.0,0.0,0.0,0.0,0.0,0.0,0.0,0.0,0.0,4,4
Liverpool,2020-04-18,11213,9.324918276683619,0.0,0.0,0.0,0.0,0.0,0.0,0.0,0.0,0.0,0.0,0.0,0.0,0.0,5,4
Liverpool,2020-04-19,10218,9.23200401161221,0.0,0.0,0.0,0.0,0.0,0.0,0.0,0.0,0.0,0.0,0.0,0.0,0.0,6,4
Liverpool,2020-04-20,9453,9.154193211353181,0.0,0.0,0.0,0.0,0.0,0.0,0.0,0.0,0.0,0.0,0.0,0.0,0.0,0,4
Liverpool,2020-04-21,8661,9.066700921774572,0.0,0.0,0.0,0.0,0.0,0.0,0.0,0.0,0.0,0.0,0.0,0.0,0.0,1,4
Liverpool,2020-04-22,8435,9.040263541598666,0.0,0.0,0.0,0.0,0.0,0.0,0.0,0.0,0.0,0.0,0.0,0.0,0.0,2,4
Liverpool,2020-04-23,8930,9.097283649683886,0.0,0.0,0.0,0.0,0.0,0.0,0.0,0.0,0.0,0.0,0.0,0.0,0.0,3,4
Liverpool,2020-04-24,8846,9.087833697483386,0.0,0.0,0.0,0.0,0.0,0.0,0.0,0.0,0.0,0.0,0.0,0.0,0.0,4,4
Liverpool,2020-04-25,9363,9.144627828610801,0.0,0.0,0.0,0.0,0.0,0.0,0.0,0.0,0.0,0.0,0.0,0.0,0.0,5,4
Liverpool,2020-04-26,9099,9.116029692504942,0.0,0.0,0.0,0.0,0.0,0.0,0.0,0.0,0.0,0.0,0.0,0.0,0.0,6,4
Liverpool,2020-04-27,8856,9.088963385809583,0.0,0.0,0.0,0.0,0.0,0.0,0.0,0.0,0.0,0.0,0.0,0.0,0.0,0,4
Liverpool,2020-04-28,10719,9.279866434624793,0.0,0.0,0.0,0.0,0.0,0.0,0.0,0.0,0.0,0.0,0.0,0.0,0.0,1,4
Liverpool,2020-04-29,8890,9.09279480812114,0.0,0.0,0.0,0.0,0.0,0.0,0.0,0.0,0.0,0.0,0.0,0.0,0.0,2,4
Liverpool,2020-04-30,9100,9.116139576577355,0.0,0.0,0.0,0.0,0.0,0.0,0.0,0.0,0.0,0.0,0.0,0.0,0.0,3,4
Liverpool,2020-05-01,8989,9.103868127465667,0.0,0.0,0.0,0.0,0.0,0.0,0.0,0.0,0.0,0.0,0.0,0.0,0.0,4,5
Liverpool,2020-05-02,9796,9.189831495344642,0.0,0.0,0.0,0.0,0.0,0.0,0.0,0.0,0.0,0.0,0.0,0.0,0.0,5,5
Liverpool,2020-05-03,9014,9.106645135637418,0.0,0.0,0.0,0.0,0.0,0.0,0.0,0.0,0.0,0.0,0.0,0.0,0.0,6,5
Liverpool,2020-05-04,8750,9.076923258535832,0.0,0.0,0.0,0.0,0.0,0.0,0.0,0.0,0.0,0.0,0.0,0.0,0.0,0,5
Liverpool,2020-05-05,8484,9.046055177668327,0.0,0.0,0.0,0.0,0.0,0.0,0.0,0.0,0.0,0.0,0.0,0.0,0.0,1,5
Liverpool,2020-05-06,8336,9.028458718410613,0.0,0.0,0.0,0.0,0.0,0.0,0.0,0.0,0.0,0.0,0.0,0.0,0.0,2,5
Liverpool,2020-05-07,8488,9.046526486737967,0.0,0.0,0.0,0.0,0.0,0.0,0.0,0.0,0.0,0.0,0.0,0.0,0.0,3,5
Liverpool,2020-05-08,8502,9.048174321385792,0.0,0.0,0.0,0.0,0.0,0.0,0.0,0.0,0.0,0.0,0.0,0.0,0.0,4,5
Liverpool,2020-05-09,9043,9.10985683339786,0.0,0.0,0.0,0.0,0.0,0.0,0.0,0.0,0.0,0.0,0.0,0.0,0.0,5,5
Liverpool,2020-05-10,8563,9.055322649709574,0.0,0.0,0.0,0.0,0.0,0.0,0.0,0.0,0.0,0.0,0.0,0.0,0.0,6,5
Liverpool,2020-05-11,8001,8.98744678941718,0.0,0.0,0.0,0.0,0.0,0.0,0.0,0.0,0.0,0.0,0.0,0.0,0.0,0,5
Liverpool,2020-05-12,8126,9.002947130753205,0.0,0.0,0.0,0.0,0.0,0.0,0.0,0.0,0.0,0.0,0.0,0.0,0.0,1,5
Liverpool,2020-05-13,8320,9.02653771890043,0.0,0.0,0.0,0.0,0.0,0.0,0.0,0.0,0.0,0.0,0.0,0.0,0.0,2,5
Liverpool,2020-05-14,7808,8.963032193662675,0.0,0.0,0.0,0.0,0.0,0.0,0.0,0.0,0.0,0.0,0.0,0.0,0.0,3,5
Liverpool,2020-05-15,7796,8.9614943233096,0.0,0.0,0.0,0.0,0.0,0.0,0.0,0.0,0.0,0.0,0.0,0.0,0.0,4,5
Liverpool,2020-05-16,8726,9.074176947163311,0.0,0.0,0.0,0.0,0.0,0.0,0.0,0.0,0.0,0.0,0.0,0.0,0.0,5,5
Liverpool,2020-05-17,8683,9.069237530998182,0.0,0.0,0.0,0.0,0.0,0.0,0.0,0.0,0.0,0.0,0.0,0.0,0.0,6,5
Liverpool,2020-05-18,7587,8.934323331054905,0.0,0.0,0.0,0.0,0.0,0.0,0.0,0.0,0.0,0.0,0.0,0.0,0.0,0,5
Liverpool,2020-05-19,8058,8.994544758324512,0.0,0.0,0.0,0.0,0.0,0.0,0.0,0.0,0.0,0.0,0.0,0.0,0.0,1,5
Liverpool,2020-05-20,7456,8.916908467543795,0.0,0.0,0.0,0.0,0.0,0.0,0.0,0.0,0.0,0.0,0.0,0.0,0.0,2,5
Liverpool,2020-05-21,7449,8.915969311373605,0.0,0.0,0.0,0.0,0.0,0.0,0.0,0.0,0.0,0.0,0.0,0.0,0.0,3,5
Liverpool,2020-05-22,7568,8.931816237309167,0.0,0.0,0.0,0.0,0.0,0.0,0.0,0.0,0.0,0.0,0.0,0.0,0.0,4,5
Liverpool,2020-05-23,10536,9.262648151599528,0.0,0.0,0.0,0.0,0.0,0.0,0.0,0.0,0.0,0.0,0.0,0.0,0.0,5,5
Liverpool,2020-05-24,8189,9.010669176847115,0.0,0.0,0.0,0.0,0.0,0.0,0.0,0.0,0.0,0.0,0.0,0.0,0.0,6,5
Liverpool,2020-05-25,8745,9.076351731972865,0.0,0.0,0.0,0.0,0.0,0.0,0.0,0.0,0.0,0.0,0.0,0.0,0.0,0,5
Liverpool,2020-05-26,8090,8.99850761180784,0.0,0.0,0.0,0.0,0.0,0.0,0.0,0.0,0.0,0.0,0.0,0.0,0.0,1,5
Liverpool,2020-05-27,7541,8.928242677818302,0.0,0.0,0.0,0.0,0.0,0.0,0.0,0.0,0.0,0.0,0.0,0.0,0.0,2,5
Liverpool,2020-05-28,8404,9.036582045842716,0.0,0.0,0.0,0.0,0.0,0.0,0.0,0.0,0.0,0.0,0.0,0.0,0.0,3,5
Liverpool,2020-05-29,8144,9.005159521036145,0.0,0.0,0.0,0.0,0.0,0.0,0.0,0.0,0.0,0.0,0.0,0.0,0.0,4,5
Liverpool,2020-05-30,7775,8.958797346140274,0.0,0.0,0.0,0.0,0.0,0.0,0.0,0.0,0.0,0.0,0.0,0.0,0.0,5,5
Liverpool,2020-05-31,7452,8.916371914881694,0.0,0.0,0.0,0.0,0.0,0.0,0.0,0.0,0.0,0.0,0.0,0.0,0.0,6,5
Liverpool,2020-06-01,7559,8.930626469173578,0.0,0.0,0.0,0.0,0.0,0.0,0.0,0.0,0.0,0.0,0.0,0.0,0.0,0,6
Liverpool,2020-06-02,7841,8.967249182852276,0.0,0.0,0.0,0.0,0.0,0.0,0.0,0.0,0.0,0.0,0.0,0.0,0.0,1,6
Liverpool,2020-06-03,12772,9.455088847042777,0.0,0.0,0.0,0.0,0.0,0.0,0.0,0.0,0.0,0.0,0.0,0.0,0.0,2,6
Liverpool,2020-06-04,8332,9.027978814382207,0.0,0.0,0.0,0.0,0.0,0.0,0.0,0.0,0.0,0.0,0.0,0.0,0.0,3,6
Liverpool,2020-06-05,8086,8.998013113095823,0.0,0.0,0.0,0.0,0.0,0.0,0.0,0.0,0.0,0.0,0.0,0.0,0.0,4,6
Liverpool,2020-06-06,7751,8.955706153570603,0.0,0.0,0.0,0.0,0.0,0.0,0.0,0.0,0.0,0.0,0.0,0.0,0.0,5,6
Liverpool,2020-06-07,7616,8.938137870372788,0.0,0.0,0.0,0.0,0.0,0.0,0.0,0.0,0.0,0.0,0.0,0.0,0.0,6,6
Liverpool,2020-06-08,6867,8.834628222017367,0.0,0.0,0.0,0.0,0.0,0.0,0.0,0.0,0.0,0.0,0.0,0.0,0.0,0,6
Liverpool,2020-06-09,8116,9.001715906761175,0.0,0.0,0.0,0.0,0.0,0.0,0.0,0.0,0.0,0.0,0.0,0.0,0.0,1,6
Liverpool,2020-06-10,7298,8.895492631451633,0.0,0.0,0.0,0.0,0.0,0.0,0.0,0.0,0.0,0.0,0.0,0.0,0.0,2,6
Liverpool,2020-06-11,7642,8.941545475242885,0.0,0.0,0.0,0.0,0.0,0.0,0.0,0.0,0.0,0.0,0.0,0.0,0.0,3,6
Liverpool,2020-06-12,8149,9.005773206234908,0.0,0.0,0.0,0.0,0.0,0.0,0.0,0.0,0.0,0.0,0.0,0.0,0.0,4,6
Liverpool,2020-06-13,7270,8.891649112650057,0.0,0.0,0.0,0.0,0.0,0.0,0.0,0.0,0.0,0.0,0.0,0.0,0.0,5,6
Liverpool,2020-06-14,7415,8.91139510724569,0.0,0.0,0.0,0.0,0.0,0.0,0.0,0.0,0.0,0.0,0.0,0.0,0.0,6,6
Liverpool,2020-06-15,7446,8.915566545710645,0.0,0.0,0.0,0.0,0.0,0.0,0.0,0.0,0.0,0.0,0.0,0.0,0.0,0,6
Liverpool,2020-06-16,8299,9.02401079378469,0.0,0.0,0.0,0.0,0.0,0.0,0.0,0.0,0.0,0.0,0.0,0.0,0.0,1,6
Liverpool,2020-06-17,10387,9.248406572782638,0.0,0.0,0.0,0.0,0.0,0.0,0.0,0.0,0.0,0.0,0.0,0.0,0.0,2,6
Liverpool,2020-06-18,8713,9.072686206677387,0.0,0.0,0.0,0.0,0.0,0.0,0.0,0.0,0.0,0.0,0.0,0.0,0.0,3,6
Liverpool,2020-06-19,9081,9.114049711657897,0.0,0.0,0.0,0.0,0.0,0.0,0.0,0.0,0.0,0.0,0.0,0.0,0.0,4,6
Liverpool,2020-06-20,9936,9.204020443231363,0.0,0.0,0.0,0.0,0.0,0.0,0.0,0.0,0.0,0.0,0.0,0.0,0.0,5,6
Liverpool,2020-06-21,25886,10.161496191176417,1.0,0.0,0.0,0.0,0.0,0.0,1.0,0.0,0.0,0.0,0.0,0.0,1.0,6,6
Liverpool,2020-06-22,14093,9.553504453886967,0.0,0.0,0.0,0.0,0.0,0.0,0.0,0.0,1.0,0.0,1.0,0.0,1.0,0,6
Liverpool,2020-06-23,9083,9.114269903225448,0.0,0.0,0.0,0.0,0.0,0.0,0.0,0.0,0.0,0.0,0.0,0.0,1.0,1,6
Liverpool,2020-06-24,20465,9.9265202516467,1.0,1.0,4.0,0.0,4.0,1.0,0.0,0.0,0.0,0.0,0.0,0.0,4.0,2,6
Liverpool,2020-06-25,95300,11.464795582766675,0.0,0.0,0.0,0.0,0.0,0.0,0.0,0.0,1.0,1.0,0.0,0.0,4.0,3,6
Liverpool,2020-06-26,155062,11.951586764935206,0.0,0.0,0.0,0.0,0.0,0.0,0.0,0.0,0.0,0.0,0.0,0.0,3.0,4,6
Liverpool,2020-06-27,58380,10.974745773415224,0.0,0.0,0.0,0.0,0.0,0.0,0.0,0.0,0.0,0.0,0.0,0.0,3.0,5,6
Liverpool,2020-06-28,38214,10.550983387676984,0.0,0.0,0.0,0.0,0.0,0.0,0.0,0.0,0.0,0.0,0.0,0.0,3.0,6,6
Liverpool,2020-06-29,28526,10.258606286207554,0.0,0.0,0.0,0.0,0.0,0.0,0.0,0.0,0.0,0.0,0.0,0.0,0.0,0,6
Liverpool,2020-06-30,24166,10.092743345182981,0.0,0.0,0.0,0.0,0.0,0.0,0.0,0.0,0.0,0.0,0.0,0.0,0.0,1,6
Liverpool,2020-07-01,19637,9.885221743729236,0.0,0.0,0.0,0.0,0.0,0.0,0.0,0.0,0.0,0.0,0.0,0.0,0.0,2,7
Liverpool,2020-07-02,25940,10.16358000762854,1.0,0.0,0.0,4.0,-4.0,0.0,0.0,1.0,0.0,0.0,0.0,0.0,0.0,3,7
Liverpool,2020-07-03,18048,9.800845560564248,0.0,0.0,0.0,0.0,0.0,0.0,0.0,0.0,1.0,0.0,0.0,1.0,0.0,4,7
Liverpool,2020-07-04,15149,9.625755810937516,0.0,0.0,0.0,0.0,0.0,0.0,0.0,0.0,0.0,0.0,0.0,0.0,0.0,5,7
Liverpool,2020-07-05,23361,10.058866049715641,1.0,1.0,2.0,0.0,2.0,1.0,0.0,0.0,0.0,0.0,0.0,0.0,3.0,6,7
Liverpool,2020-07-06,20073,9.907180724373745,0.0,0.0,0.0,0.0,0.0,0.0,0.0,0.0,1.0,1.0,0.0,0.0,3.0,0,7
Liverpool,2020-07-07,13756,9.529303064460995,0.0,0.0,0.0,0.0,0.0,0.0,0.0,0.0,0.0,0.0,0.0,0.0,3.0,1,7
Liverpool,2020-07-08,18433,9.82195206455361,1.0,0.0,3.0,1.0,2.0,1.0,0.0,0.0,0.0,0.0,0.0,0.0,6.0,2,7
Liverpool,2020-07-09,18836,9.84357829978222,0.0,0.0,0.0,0.0,0.0,0.0,0.0,0.0,1.0,1.0,0.0,0.0,6.0,3,7
Liverpool,2020-07-10,12731,9.451873788401983,0.0,0.0,0.0,0.0,0.0,0.0,0.0,0.0,0.0,0.0,0.0,0.0,3.0,4,7
Liverpool,2020-07-11,17654,9.778774308362486,1.0,1.0,1.0,1.0,0.0,0.0,1.0,0.0,0.0,0.0,0.0,0.0,4.0,5,7
Liverpool,2020-07-12,14737,9.598184471326945,0.0,0.0,0.0,0.0,0.0,0.0,0.0,0.0,1.0,0.0,1.0,0.0,4.0,6,7
Liverpool,2020-07-13,12658,9.446123703636829,0.0,0.0,0.0,0.0,0.0,0.0,0.0,0.0,0.0,0.0,0.0,0.0,1.0,0,7
Liverpool,2020-07-14,11489,9.3492323708428,0.0,0.0,0.0,0.0,0.0,0.0,0.0,0.0,0.0,0.0,0.0,0.0,1.0,1,7
Liverpool,2020-07-15,16901,9.735187237104428,1.0,0.0,1.0,2.0,-1.0,0.0,0.0,1.0,0.0,0.0,0.0,0.0,1.0,2,7
Liverpool,2020-07-16,13077,9.478686708121222,0.0,0.0,0.0,0.0,0.0,0.0,0.0,0.0,1.0,0.0,0.0,1.0,0.0,3,7
Liverpool,2020-07-17,11471,9.347664562839402,0.0,0.0,0.0,0.0,0.0,0.0,0.0,0.0,0.0,0.0,0.0,0.0,0.0,4,7
Liverpool,2020-07-18,12312,9.418410893792872,0.0,0.0,0.0,0.0,0.0,0.0,0.0,0.0,0.0,0.0,0.0,0.0,0.0,5,7
Liverpool,2020-07-19,13210,9.488805094878353,0.0,0.0,0.0,0.0,0.0,0.0,0.0,0.0,0.0,0.0,0.0,0.0,0.0,6,7
Liverpool,2020-07-20,12125,9.403107186631676,0.0,0.0,0.0,0.0,0.0,0.0,0.0,0.0,0.0,0.0,0.0,0.0,0.0,0,7
Liverpool,2020-07-21,12376,9.423595190540022,0.0,0.0,0.0,0.0,0.0,0.0,0.0,0.0,0.0,0.0,0.0,0.0,0.0,1,7
Liverpool,2020-07-22,37895,10.542600844603587,1.0,1.0,5.0,3.0,2.0,1.0,0.0,0.0,0.0,0.0,0.0,0.0,3.0,2,7
Liverpool,2020-07-23,37481,10.531616096721624,0.0,0.0,0.0,0.0,0.0,0.0,0.0,0.0,1.0,1.0,0.0,0.0,3.0,3,7
Liverpool,2020-07-24,21565,9.978873279442018,0.0,0.0,0.0,0.0,0.0,0.0,0.0,0.0,0.0,0.0,0.0,0.0,3.0,4,7
Liverpool,2020-07-25,17344,9.76105955940385,0.0,0.0,0.0,0.0,0.0,0.0,0.0,0.0,0.0,0.0,0.0,0.0,3.0,5,7
Liverpool,2020-07-26,23952,10.083848855954896,1.0,0.0,3.0,1.0,2.0,1.0,0.0,0.0,0.0,0.0,0.0,0.0,6.0,6,7
Liverpool,2020-07-27,24314,10.098848722837886,0.0,0.0,0.0,0.0,0.0,0.0,0.0,0.0,1.0,1.0,0.0,0.0,3.0,0,7
Liverpool,2020-07-28,17744,9.783859065080597,0.0,0.0,0.0,0.0,0.0,0.0,0.0,0.0,0.0,0.0,0.0,0.0,3.0,1,7
Liverpool,2020-07-29,14466,9.57962547262959,0.0,0.0,0.0,0.0,0.0,0.0,0.0,0.0,0.0,0.0,0.0,0.0,3.0,2,7
Liverpool,2020-07-30,12992,9.472166029882736,0.0,0.0,0.0,0.0,0.0,0.0,0.0,0.0,0.0,0.0,0.0,0.0,3.0,3,7
Liverpool,2020-07-31,12032,9.395408154438163,0.0,0.0,0.0,0.0,0.0,0.0,0.0,0.0,0.0,0.0,0.0,0.0,0.0,4,7
Liverpool,2020-08-01,18644,9.833333292612922,0.0,0.0,0.0,0.0,0.0,0.0,0.0,0.0,0.0,0.0,0.0,0.0,0.0,5,8
Liverpool,2020-08-02,14183,9.559869847754044,0.0,0.0,0.0,0.0,0.0,0.0,0.0,0.0,0.0,0.0,0.0,0.0,0.0,6,8
Liverpool,2020-08-03,12685,9.448254302193842,0.0,0.0,0.0,0.0,0.0,0.0,0.0,0.0,0.0,0.0,0.0,0.0,0.0,0,8
Liverpool,2020-08-04,11938,9.387565631345389,0.0,0.0,0.0,0.0,0.0,0.0,0.0,0.0,0.0,0.0,0.0,0.0,0.0,1,8
Liverpool,2020-08-05,12915,9.466222131878165,0.0,0.0,0.0,0.0,0.0,0.0,0.0,0.0,0.0,0.0,0.0,0.0,0.0,2,8
Liverpool,2020-08-06,11973,9.390492911485298,0.0,0.0,0.0,0.0,0.0,0.0,0.0,0.0,0.0,0.0,0.0,0.0,0.0,3,8
Liverpool,2020-08-07,10584,9.267193183568965,0.0,0.0,0.0,0.0,0.0,0.0,0.0,0.0,0.0,0.0,0.0,0.0,0.0,4,8
Liverpool,2020-08-08,10749,9.28266103355581,0.0,0.0,0.0,0.0,0.0,0.0,0.0,0.0,0.0,0.0,0.0,0.0,0.0,5,8
Liverpool,2020-08-09,11770,9.37339415841248,0.0,0.0,0.0,0.0,0.0,0.0,0.0,0.0,0.0,0.0,0.0,0.0,0.0,6,8
Liverpool,2020-08-10,18832,9.843365929194746,0.0,0.0,0.0,0.0,0.0,0.0,0.0,0.0,0.0,0.0,0.0,0.0,0.0,0,8
Liverpool,2020-08-11,16901,9.735187237104428,0.0,0.0,0.0,0.0,0.0,0.0,0.0,0.0,0.0,0.0,0.0,0.0,0.0,1,8
Liverpool,2020-08-12,12115,9.402282172147128,0.0,0.0,0.0,0.0,0.0,0.0,0.0,0.0,0.0,0.0,0.0,0.0,0.0,2,8
Liverpool,2020-08-13,11836,9.378985497953893,0.0,0.0,0.0,0.0,0.0,0.0,0.0,0.0,0.0,0.0,0.0,0.0,0.0,3,8
Liverpool,2020-08-14,13174,9.486076373409563,0.0,0.0,0.0,0.0,0.0,0.0,0.0,0.0,0.0,0.0,0.0,0.0,0.0,4,8
Liverpool,2020-08-15,14593,9.588365764325566,0.0,0.0,0.0,0.0,0.0,0.0,0.0,0.0,0.0,0.0,0.0,0.0,0.0,5,8
Liverpool,2020-08-16,15462,9.64620535247543,0.0,0.0,0.0,0.0,0.0,0.0,0.0,0.0,0.0,0.0,0.0,0.0,0.0,6,8
Liverpool,2020-08-17,14424,9.5767180913763,0.0,0.0,0.0,0.0,0.0,0.0,0.0,0.0,0.0,0.0,0.0,0.0,0.0,0,8
Liverpool,2020-08-18,13133,9.482959566750917,0.0,0.0,0.0,0.0,0.0,0.0,0.0,0.0,0.0,0.0,0.0,0.0,0.0,1,8
Liverpool,2020-08-19,13147,9.48402493478411,0.0,0.0,0.0,0.0,0.0,0.0,0.0,0.0,0.0,0.0,0.0,0.0,0.0,2,8
Liverpool,2020-08-20,13035,9.475470039957452,0.0,0.0,0.0,0.0,0.0,0.0,0.0,0.0,0.0,0.0,0.0,0.0,0.0,3,8
Liverpool,2020-08-21,12478,9.431802510507854,0.0,0.0,0.0,0.0,0.0,0.0,0.0,0.0,0.0,0.0,0.0,0.0,0.0,4,8
Liverpool,2020-08-22,12899,9.464982590349763,0.0,0.0,0.0,0.0,0.0,0.0,0.0,0.0,0.0,0.0,0.0,0.0,0.0,5,8
Liverpool,2020-08-23,18513,9.826282481627157,0.0,0.0,0.0,0.0,0.0,0.0,0.0,0.0,0.0,0.0,0.0,0.0,0.0,6,8
Liverpool,2020-08-24,14889,9.608445125678054,0.0,0.0,0.0,0.0,0.0,0.0,0.0,0.0,0.0,0.0,0.0,0.0,0.0,0,8
Liverpool,2020-08-25,15191,9.628524252492122,0.0,0.0,0.0,0.0,0.0,0.0,0.0,0.0,0.0,0.0,0.0,0.0,0.0,1,8
Liverpool,2020-08-26,12979,9.471164990258082,0.0,0.0,0.0,0.0,0.0,0.0,0.0,0.0,0.0,0.0,0.0,0.0,0.0,2,8
Liverpool,2020-08-27,11220,9.325542301664866,0.0,0.0,0.0,0.0,0.0,0.0,0.0,0.0,0.0,0.0,0.0,0.0,0.0,3,8
Liverpool,2020-08-28,12344,9.42100640177928,0.0,0.0,0.0,0.0,0.0,0.0,0.0,0.0,0.0,0.0,0.0,0.0,0.0,4,8
Liverpool,2020-08-29,22291,10.011983148689428,0.0,0.0,0.0,0.0,0.0,0.0,0.0,0.0,0.0,0.0,0.0,0.0,0.0,5,8
Liverpool,2020-08-30,15518,9.649820358671624,0.0,0.0,0.0,0.0,0.0,0.0,0.0,0.0,0.0,0.0,0.0,0.0,0.0,6,8
Liverpool,2020-08-31,11978,9.39091039573133,0.0,0.0,0.0,0.0,0.0,0.0,0.0,0.0,0.0,0.0,0.0,0.0,0.0,0,8
Liverpool,2020-09-01,10664,9.274722630905451,0.0,0.0,0.0,0.0,0.0,0.0,0.0,0.0,0.0,0.0,0.0,0.0,0.0,1,9
Liverpool,2020-09-02,11428,9.343909263897597,0.0,0.0,0.0,0.0,0.0,0.0,0.0,0.0,0.0,0.0,0.0,0.0,0.0,2,9
Liverpool,2020-09-03,10732,9.281078386481525,0.0,0.0,0.0,0.0,0.0,0.0,0.0,0.0,0.0,0.0,0.0,0.0,0.0,3,9
Liverpool,2020-09-04,9876,9.197964100908127,0.0,0.0,0.0,0.0,0.0,0.0,0.0,0.0,0.0,0.0,0.0,0.0,0.0,4,9
Liverpool,2020-09-05,11934,9.387230538772931,0.0,0.0,0.0,0.0,0.0,0.0,0.0,0.0,0.0,0.0,0.0,0.0,0.0,5,9
Liverpool,2020-09-06,10802,9.287579152316985,0.0,0.0,0.0,0.0,0.0,0.0,0.0,0.0,0.0,0.0,0.0,0.0,0.0,6,9
Liverpool,2020-09-07,10907,9.297251743965479,0.0,0.0,0.0,0.0,0.0,0.0,0.0,0.0,0.0,0.0,0.0,0.0,0.0,0,9
Liverpool,2020-09-08,10517,9.260843354149289,0.0,0.0,0.0,0.0,0.0,0.0,0.0,0.0,0.0,0.0,0.0,0.0,0.0,1,9
Liverpool,2020-09-09,10334,9.24329147211587,0.0,0.0,0.0,0.0,0.0,0.0,0.0,0.0,0.0,0.0,0.0,0.0,0.0,2,9
Liverpool,2020-09-10,12317,9.418816886246988,0.0,0.0,0.0,0.0,0.0,0.0,0.0,0.0,0.0,0.0,0.0,0.0,0.0,3,9
Liverpool,2020-09-11,13015,9.473934648898874,0.0,0.0,0.0,0.0,0.0,0.0,0.0,0.0,0.0,0.0,0.0,0.0,0.0,4,9
Liverpool,2020-09-12,22726,10.031308923974013,1.0,1.0,4.0,3.0,1.0,1.0,0.0,0.0,0.0,0.0,0.0,0.0,3.0,5,9
Liverpool,2020-09-13,14482,9.580730826800856,0.0,0.0,0.0,0.0,0.0,0.0,0.0,0.0,1.0,1.0,0.0,0.0,3.0,6,9
Liverpool,2020-09-14,11750,9.371693622333941,0.0,0.0,0.0,0.0,0.0,0.0,0.0,0.0,0.0,0.0,0.0,0.0,3.0,0,9
Liverpool,2020-09-15,9954,9.205830216498297,0.0,0.0,0.0,0.0,0.0,0.0,0.0,0.0,0.0,0.0,0.0,0.0,3.0,1,9
Liverpool,2020-09-16,9647,9.174505918966966,0.0,0.0,0.0,0.0,0.0,0.0,0.0,0.0,0.0,0.0,0.0,0.0,3.0,2,9
Liverpool,2020-09-17,19787,9.8928309723476,0.0,0.0,0.0,0.0,0.0,0.0,0.0,0.0,0.0,0.0,0.0,0.0,0.0,3,9
Liverpool,2020-09-18,34380,10.445259365192133,0.0,0.0,0.0,0.0,0.0,0.0,0.0,0.0,0.0,0.0,0.0,0.0,0.0,4,9
Liverpool,2020-09-19,41076,10.623203633138218,0.0,0.0,0.0,0.0,0.0,0.0,0.0,0.0,0.0,0.0,0.0,0.0,0.0,5,9
Liverpool,2020-09-20,32265,10.38176932322609,1.0,0.0,2.0,0.0,2.0,1.0,0.0,0.0,0.0,0.0,0.0,0.0,3.0,6,9
Liverpool,2020-09-21,19799,9.893437216682626,0.0,0.0,0.0,0.0,0.0,0.0,0.0,0.0,1.0,1.0,0.0,0.0,3.0,0,9
Liverpool,2020-09-22,14504,9.582248696555505,0.0,0.0,0.0,0.0,0.0,0.0,0.0,0.0,0.0,0.0,0.0,0.0,3.0,1,9
Liverpool,2020-09-23,14375,9.573315428463395,0.0,0.0,0.0,0.0,0.0,0.0,0.0,0.0,0.0,0.0,0.0,0.0,3.0,2,9
Liverpool,2020-09-24,20198,9.91338837721339,0.0,0.0,0.0,0.0,0.0,0.0,0.0,0.0,0.0,0.0,0.0,0.0,3.0,3,9
Liverpool,2020-09-25,15198,9.628984915196462,0.0,0.0,0.0,0.0,0.0,0.0,0.0,0.0,0.0,0.0,0.0,0.0,0.0,4,9
Liverpool,2020-09-26,12124,9.403024715805683,0.0,0.0,0.0,0.0,0.0,0.0,0.0,0.0,0.0,0.0,0.0,0.0,0.0,5,9
Liverpool,2020-09-27,11748,9.371523409567573,0.0,0.0,0.0,0.0,0.0,0.0,0.0,0.0,0.0,0.0,0.0,0.0,0.0,6,9
Liverpool,2020-09-28,21543,9.977852634491434,1.0,1.0,3.0,1.0,2.0,1.0,0.0,0.0,0.0,0.0,0.0,0.0,3.0,0,9
Liverpool,2020-09-29,18272,9.813179839504594,0.0,0.0,0.0,0.0,0.0,0.0,0.0,0.0,1.0,1.0,0.0,0.0,3.0,1,9
Liverpool,2020-09-30,11855,9.380589347535867,0.0,0.0,0.0,0.0,0.0,0.0,0.0,0.0,0.0,0.0,0.0,0.0,3.0,2,9
Liverpool,2020-10-01,17093,9.746482803725963,0.0,0.0,0.0,0.0,0.0,0.0,0.0,0.0,0.0,0.0,0.0,0.0,3.0,3,10
Liverpool,2020-10-02,13264,9.49288426657184,0.0,0.0,0.0,0.0,0.0,0.0,0.0,0.0,0.0,0.0,0.0,0.0,3.0,4,10
Liverpool,2020-10-03,11946,9.388235479817224,0.0,0.0,0.0,0.0,0.0,0.0,0.0,0.0,0.0,0.0,0.0,0.0,0.0,5,10
Liverpool,2020-10-04,20707,9.938275378021793,1.0,0.0,2.0,7.0,-5.0,0.0,0.0,1.0,0.0,0.0,0.0,0.0,0.0,6,10
Liverpool,2020-10-05,17764,9.784985508455128,0.0,0.0,0.0,0.0,0.0,0.0,0.0,0.0,1.0,0.0,0.0,1.0,0.0,0,10
Liverpool,2020-10-06,13779,9.53097354456765,0.0,0.0,0.0,0.0,0.0,0.0,0.0,0.0,0.0,0.0,0.0,0.0,0.0,1,10
Liverpool,2020-10-07,10597,9.268420583052707,0.0,0.0,0.0,0.0,0.0,0.0,0.0,0.0,0.0,0.0,0.0,0.0,0.0,2,10
Liverpool,2020-10-08,10589,9.267665438595452,0.0,0.0,0.0,0.0,0.0,0.0,0.0,0.0,0.0,0.0,0.0,0.0,0.0,3,10
Liverpool,2020-10-09,9060,9.11173476822206,0.0,0.0,0.0,0.0,0.0,0.0,0.0,0.0,0.0,0.0,0.0,0.0,0.0,4,10
Liverpool,2020-10-10,8175,9.008958312443486,0.0,0.0,0.0,0.0,0.0,0.0,0.0,0.0,0.0,0.0,0.0,0.0,0.0,5,10
Liverpool,2020-10-11,8525,9.050875597325156,0.0,0.0,0.0,0.0,0.0,0.0,0.0,0.0,0.0,0.0,0.0,0.0,0.0,6,10
Liverpool,2020-10-12,10455,9.254931255304058,0.0,0.0,0.0,0.0,0.0,0.0,0.0,0.0,0.0,0.0,0.0,0.0,0.0,0,10
Liverpool,2020-10-13,8727,9.074291527512907,0.0,0.0,0.0,0.0,0.0,0.0,0.0,0.0,0.0,0.0,0.0,0.0,0.0,1,10
Liverpool,2020-10-14,8338,9.028698584086985,0.0,0.0,0.0,0.0,0.0,0.0,0.0,0.0,0.0,0.0,0.0,0.0,0.0,2,10
Liverpool,2020-10-15,8584,9.057771773331575,0.0,0.0,0.0,0.0,0.0,0.0,0.0,0.0,0.0,0.0,0.0,0.0,0.0,3,10
Liverpool,2020-10-16,10436,9.253112463820052,0.0,0.0,0.0,0.0,0.0,0.0,0.0,0.0,0.0,0.0,0.0,0.0,0.0,4,10
Liverpool,2020-10-17,19004,9.85245738142335,1.0,0.0,2.0,2.0,0.0,0.0,1.0,0.0,0.0,0.0,0.0,0.0,1.0,5,10
Liverpool,2020-10-18,12266,9.414668009032752,0.0,0.0,0.0,0.0,0.0,0.0,0.0,0.0,1.0,0.0,1.0,0.0,1.0,6,10
Liverpool,2020-10-19,11441,9.345046074828474,0.0,0.0,0.0,0.0,0.0,0.0,0.0,0.0,0.0,0.0,0.0,0.0,1.0,0,10
Liverpool,2020-10-20,10687,9.276876895776427,0.0,0.0,0.0,0.0,0.0,0.0,0.0,0.0,0.0,0.0,0.0,0.0,1.0,1,10
Liverpool,2020-10-21,15150,9.625821815359835,0.0,0.0,0.0,0.0,0.0,0.0,0.0,0.0,0.0,0.0,0.0,0.0,1.0,2,10
Liverpool,2020-10-22,11524,9.352273867864849,0.0,0.0,0.0,0.0,0.0,0.0,0.0,0.0,0.0,0.0,0.0,0.0,0.0,3,10
Liverpool,2020-10-23,7945,8.980423936374544,0.0,0.0,0.0,0.0,0.0,0.0,0.0,0.0,0.0,0.0,0.0,0.0,0.0,4,10
Liverpool,2020-10-24,11883,9.382948236582498,1.0,1.0,2.0,1.0,1.0,1.0,0.0,0.0,0.0,0.0,0.0,0.0,3.0,5,10
Liverpool,2020-10-25,10827,9.289890650734192,0.0,0.0,0.0,0.0,0.0,0.0,0.0,0.0,1.0,1.0,0.0,0.0,3.0,6,10
Liverpool,2020-10-26,9202,9.127284796838858,0.0,0.0,0.0,0.0,0.0,0.0,0.0,0.0,0.0,0.0,0.0,0.0,3.0,0,10
Liverpool,2020-10-27,13069,9.478074806618269,0.0,0.0,0.0,0.0,0.0,0.0,0.0,0.0,0.0,0.0,0.0,0.0,3.0,1,10
Liverpool,2020-10-28,13258,9.49243184611472,0.0,0.0,0.0,0.0,0.0,0.0,0.0,0.0,0.0,0.0,0.0,0.0,3.0,2,10
Liverpool,2020-10-29,8588,9.058237593766226,0.0,0.0,0.0,0.0,0.0,0.0,0.0,0.0,0.0,0.0,0.0,0.0,0.0,3,10
Liverpool,2020-10-30,7672,8.945462952177666,0.0,0.0,0.0,0.0,0.0,0.0,0.0,0.0,0.0,0.0,0.0,0.0,0.0,4,10
Liverpool,2020-10-31,18194,9.80890211004626,1.0,1.0,2.0,1.0,1.0,1.0,0.0,0.0,0.0,0.0,0.0,0.0,3.0,5,10
Liverpool,2020-11-01,14256,9.56500329315396,0.0,0.0,0.0,0.0,0.0,0.0,0.0,0.0,1.0,1.0,0.0,0.0,3.0,6,11
Liverpool,2020-11-02,9874,9.197761589769323,0.0,0.0,0.0,0.0,0.0,0.0,0.0,0.0,0.0,0.0,0.0,0.0,3.0,0,11
Liverpool,2020-11-03,15139,9.625095526991439,0.0,0.0,0.0,0.0,0.0,0.0,0.0,0.0,0.0,0.0,0.0,0.0,3.0,1,11
Liverpool,2020-11-04,13767,9.530102337891375,0.0,0.0,0.0,0.0,0.0,0.0,0.0,0.0,0.0,0.0,0.0,0.0,3.0,2,11
Liverpool,2020-11-05,9248,9.13227071655426,0.0,0.0,0.0,0.0,0.0,0.0,0.0,0.0,0.0,0.0,0.0,0.0,0.0,3,11
Liverpool,2020-11-06,8363,9.031692060548524,0.0,0.0,0.0,0.0,0.0,0.0,0.0,0.0,0.0,0.0,0.0,0.0,0.0,4,11
Liverpool,2020-11-07,9016,9.106866963499908,0.0,0.0,0.0,0.0,0.0,0.0,0.0,0.0,0.0,0.0,0.0,0.0,0.0,5,11
Liverpool,2020-11-08,15058,9.61973109808682,1.0,0.0,1.0,1.0,0.0,0.0,1.0,0.0,0.0,0.0,0.0,0.0,1.0,6,11
Liverpool,2020-11-09,9451,9.1539816383068,0.0,0.0,0.0,0.0,0.0,0.0,0.0,0.0,1.0,0.0,1.0,0.0,1.0,0,11
Liverpool,2020-11-10,7838,8.966866554188723,0.0,0.0,0.0,0.0,0.0,0.0,0.0,0.0,0.0,0.0,0.0,0.0,1.0,1,11
Liverpool,2020-11-11,9192,9.126197603863755,0.0,0.0,0.0,0.0,0.0,0.0,0.0,0.0,0.0,0.0,0.0,0.0,1.0,2,11
Liverpool,2020-11-12,9294,9.137231900155545,0.0,0.0,0.0,0.0,0.0,0.0,0.0,0.0,0.0,0.0,0.0,0.0,1.0,3,11
Liverpool,2020-11-13,7464,8.91798070997329,0.0,0.0,0.0,0.0,0.0,0.0,0.0,0.0,0.0,0.0,0.0,0.0,0.0,4,11
Liverpool,2020-11-14,6794,8.823942326585245,0.0,0.0,0.0,0.0,0.0,0.0,0.0,0.0,0.0,0.0,0.0,0.0,0.0,5,11
Liverpool,2020-11-15,9445,9.153346650456063,0.0,0.0,0.0,0.0,0.0,0.0,0.0,0.0,0.0,0.0,0.0,0.0,0.0,6,11
Liverpool,2020-11-16,8673,9.068085324395312,0.0,0.0,0.0,0.0,0.0,0.0,0.0,0.0,0.0,0.0,0.0,0.0,0.0,0,11
Liverpool,2020-11-17,7616,8.938137870372788,0.0,0.0,0.0,0.0,0.0,0.0,0.0,0.0,0.0,0.0,0.0,0.0,0.0,1,11
Liverpool,2020-11-18,8001,8.98744678941718,0.0,0.0,0.0,0.0,0.0,0.0,0.0,0.0,0.0,0.0,0.0,0.0,0.0,2,11
Liverpool,2020-11-19,7008,8.854950316500325,0.0,0.0,0.0,0.0,0.0,0.0,0.0,0.0,0.0,0.0,0.0,0.0,0.0,3,11
Liverpool,2020-11-20,6585,8.792701462936309,0.0,0.0,0.0,0.0,0.0,0.0,0.0,0.0,0.0,0.0,0.0,0.0,0.0,4,11
Liverpool,2020-11-21,8485,9.04617302576227,0.0,0.0,0.0,0.0,0.0,0.0,0.0,0.0,0.0,0.0,0.0,0.0,0.0,5,11
Liverpool,2020-11-22,15954,9.677527538712344,1.0,1.0,3.0,0.0,3.0,1.0,0.0,0.0,0.0,0.0,0.0,0.0,3.0,6,11
Liverpool,2020-11-23,13147,9.48402493478411,0.0,0.0,0.0,0.0,0.0,0.0,0.0,0.0,1.0,1.0,0.0,0.0,3.0,0,11
Liverpool,2020-11-24,9086,9.114600099695346,0.0,0.0,0.0,0.0,0.0,0.0,0.0,0.0,0.0,0.0,0.0,0.0,3.0,1,11
Liverpool,2020-11-25,11156,9.31982238259318,0.0,0.0,0.0,0.0,0.0,0.0,0.0,0.0,0.0,0.0,0.0,0.0,3.0,2,11
Liverpool,2020-11-26,8451,9.042158378735948,0.0,0.0,0.0,0.0,0.0,0.0,0.0,0.0,0.0,0.0,0.0,0.0,3.0,3,11
Liverpool,2020-11-27,6695,8.80926561216931,0.0,0.0,0.0,0.0,0.0,0.0,0.0,0.0,0.0,0.0,0.0,0.0,0.0,4,11
Liverpool,2020-11-28,12144,9.404672841436273,1.0,0.0,1.0,1.0,0.0,0.0,1.0,0.0,0.0,0.0,0.0,0.0,1.0,5,11
Liverpool,2020-11-29,9181,9.125000324809168,0.0,0.0,0.0,0.0,0.0,0.0,0.0,0.0,1.0,0.0,1.0,0.0,1.0,6,11
Liverpool,2020-11-30,8369,9.032409163483521,0.0,0.0,0.0,0.0,0.0,0.0,0.0,0.0,0.0,0.0,0.0,0.0,1.0,0,11
Liverpool,2020-12-01,14725,9.597369917928662,0.0,0.0,0.0,0.0,0.0,0.0,0.0,0.0,0.0,0.0,0.0,0.0,1.0,1,12
Liverpool,2020-12-02,13656,9.522007489678424,0.0,0.0,0.0,0.0,0.0,0.0,0.0,0.0,0.0,0.0,0.0,0.0,1.0,2,12
Liverpool,2020-12-03,8280,9.0217190130337,0.0,0.0,0.0,0.0,0.0,0.0,0.0,0.0,0.0,0.0,0.0,0.0,0.0,3,12
Liverpool,2020-12-04,7610,8.937349848267392,0.0,0.0,0.0,0.0,0.0,0.0,0.0,0.0,0.0,0.0,0.0,0.0,0.0,4,12
Liverpool,2020-12-05,8058,8.994544758324512,0.0,0.0,0.0,0.0,0.0,0.0,0.0,0.0,0.0,0.0,0.0,0.0,0.0,5,12
Liverpool,2020-12-06,15618,9.656243400857722,1.0,1.0,4.0,0.0,4.0,1.0,0.0,0.0,0.0,0.0,0.0,0.0,3.0,6,12
Liverpool,2020-12-07,13116,9.481664377815145,0.0,0.0,0.0,0.0,0.0,0.0,0.0,0.0,1.0,1.0,0.0,0.0,3.0,0,12
Liverpool,2020-12-08,10171,9.227394126542011,0.0,0.0,0.0,0.0,0.0,0.0,0.0,0.0,0.0,0.0,0.0,0.0,3.0,1,12
Liverpool,2020-12-09,13621,9.519441411801264,0.0,0.0,0.0,0.0,0.0,0.0,0.0,0.0,0.0,0.0,0.0,0.0,3.0,2,12
Liverpool,2020-12-10,9976,9.208037722913508,0.0,0.0,0.0,0.0,0.0,0.0,0.0,0.0,0.0,0.0,0.0,0.0,3.0,3,12
Liverpool,2020-12-11,7755,8.956222016362542,0.0,0.0,0.0,0.0,0.0,0.0,0.0,0.0,0.0,0.0,0.0,0.0,0.0,4,12
Liverpool,2020-12-12,8406,9.036819971135296,0.0,0.0,0.0,0.0,0.0,0.0,0.0,0.0,0.0,0.0,0.0,0.0,0.0,5,12
Liverpool,2020-12-13,12004,9.393078508655353,1.0,0.0,1.0,1.0,0.0,0.0,1.0,0.0,0.0,0.0,0.0,0.0,1.0,6,12
Liverpool,2020-12-14,18041,9.800457652216584,0.0,0.0,0.0,0.0,0.0,0.0,0.0,0.0,1.0,0.0,1.0,0.0,1.0,0,12
Liverpool,2020-12-15,11383,9.339964139769688,0.0,0.0,0.0,0.0,0.0,0.0,0.0,0.0,0.0,0.0,0.0,0.0,1.0,1,12
Liverpool,2020-12-16,17033,9.742966625701026,1.0,1.0,2.0,1.0,1.0,1.0,0.0,0.0,0.0,0.0,0.0,0.0,4.0,2,12
Liverpool,2020-12-17,14913,9.61005564810374,0.0,0.0,0.0,0.0,0.0,0.0,0.0,0.0,1.0,1.0,0.0,0.0,4.0,3,12
Liverpool,2020-12-18,10245,9.234642664499148,0.0,0.0,0.0,0.0,0.0,0.0,0.0,0.0,0.0,0.0,0.0,0.0,3.0,4,12
Liverpool,2020-12-19,20649,9.935470598389179,1.0,0.0,7.0,0.0,7.0,1.0,0.0,0.0,0.0,0.0,0.0,0.0,6.0,5,12
Liverpool,2020-12-20,15074,9.620793021595386,0.0,0.0,0.0,0.0,0.0,0.0,0.0,0.0,1.0,1.0,0.0,0.0,6.0,6,12
Liverpool,2020-12-21,11766,9.37305428246393,0.0,0.0,0.0,0.0,0.0,0.0,0.0,0.0,0.0,0.0,0.0,0.0,3.0,0,12
Liverpool,2020-12-22,11214,9.32500744695431,0.0,0.0,0.0,0.0,0.0,0.0,0.0,0.0,0.0,0.0,0.0,0.0,3.0,1,12
Liverpool,2020-12-23,11101,9.314880551250107,0.0,0.0,0.0,0.0,0.0,0.0,0.0,0.0,0.0,0.0,0.0,0.0,3.0,2,12
Liverpool,2020-12-24,8893,9.093132171070641,0.0,0.0,0.0,0.0,0.0,0.0,0.0,0.0,0.0,0.0,0.0,0.0,0.0,3,12
Liverpool,2020-12-25,7839,8.966994113344454,0.0,0.0,0.0,0.0,0.0,0.0,0.0,0.0,0.0,0.0,0.0,0.0,0.0,4,12
Liverpool,2020-12-26,11198,9.323579767582693,0.0,0.0,0.0,0.0,0.0,0.0,0.0,0.0,0.0,0.0,0.0,0.0,0.0,5,12
Liverpool,2020-12-27,16317,9.700024071988745,1.0,1.0,1.0,1.0,0.0,0.0,1.0,0.0,0.0,0.0,0.0,0.0,1.0,6,12
Liverpool,2020-12-28,9538,9.163143937145207,0.0,0.0,0.0,0.0,0.0,0.0,0.0,0.0,1.0,0.0,1.0,0.0,1.0,0,12
Liverpool,2020-12-29,8618,9.061724347647399,0.0,0.0,0.0,0.0,0.0,0.0,0.0,0.0,0.0,0.0,0.0,0.0,1.0,1,12
Liverpool,2020-12-30,13535,9.513108081846005,1.0,0.0,0.0,0.0,0.0,0.0,1.0,0.0,0.0,0.0,0.0,0.0,2.0,2,12
Liverpool,2020-12-31,9270,9.134646527606982,0.0,0.0,0.0,0.0,0.0,0.0,0.0,0.0,1.0,0.0,1.0,0.0,2.0,3,12
Liverpool,2021-01-01,8780,9.080345575359996,0.0,0.0,0.0,0.0,0.0,0.0,0.0,0.0,0.0,0.0,0.0,0.0,1.0,4,1
Liverpool,2021-01-02,9885,9.198874893866904,0.0,0.0,0.0,0.0,0.0,0.0,0.0,0.0,0.0,0.0,0.0,0.0,1.0,5,1
Liverpool,2021-01-03,9996,9.210040326967182,0.0,0.0,0.0,0.0,0.0,0.0,0.0,0.0,0.0,0.0,0.0,0.0,1.0,6,1
Liverpool,2021-01-04,14532,9.58417720462617,1.0,0.0,0.0,1.0,-1.0,0.0,0.0,1.0,0.0,0.0,0.0,0.0,0.0,0,1
Liverpool,2021-01-05,11778,9.374073563958785,0.0,0.0,0.0,0.0,0.0,0.0,0.0,0.0,1.0,0.0,0.0,1.0,0.0,1,1
Liverpool,2021-01-06,9829,9.193194213141211,0.0,0.0,0.0,0.0,0.0,0.0,0.0,0.0,0.0,0.0,0.0,0.0,0.0,2,1
Liverpool,2021-01-07,7709,8.950273466557375,0.0,0.0,0.0,0.0,0.0,0.0,0.0,0.0,0.0,0.0,0.0,0.0,0.0,3,1
Liverpool,2021-01-08,11311,9.333619388136354,0.0,0.0,0.0,0.0,0.0,0.0,0.0,0.0,0.0,0.0,0.0,0.0,0.0,4,1
Liverpool,2021-01-09,10007,9.211140052146748,0.0,0.0,0.0,0.0,0.0,0.0,0.0,0.0,0.0,0.0,0.0,0.0,0.0,5,1
Liverpool,2021-01-10,8627,9.062768007509048,0.0,0.0,0.0,0.0,0.0,0.0,0.0,0.0,0.0,0.0,0.0,0.0,0.0,6,1
Liverpool,2021-01-11,7360,8.903951072058707,0.0,0.0,0.0,0.0,0.0,0.0,0.0,0.0,0.0,0.0,0.0,0.0,0.0,0,1
Liverpool,2021-01-12,8070,8.996032669324372,0.0,0.0,0.0,0.0,0.0,0.0,0.0,0.0,0.0,0.0,0.0,0.0,0.0,1,1
Liverpool,2021-01-13,8293,9.023287640806327,0.0,0.0,0.0,0.0,0.0,0.0,0.0,0.0,0.0,0.0,0.0,0.0,0.0,2,1
Liverpool,2021-01-14,8012,8.98882050177807,0.0,0.0,0.0,0.0,0.0,0.0,0.0,0.0,0.0,0.0,0.0,0.0,0.0,3,1
Liverpool,2021-01-15,7976,8.984317679911129,0.0,0.0,0.0,0.0,0.0,0.0,0.0,0.0,0.0,0.0,0.0,0.0,0.0,4,1
Liverpool,2021-01-16,8806,9.08330213880546,0.0,0.0,0.0,0.0,0.0,0.0,0.0,0.0,0.0,0.0,0.0,0.0,0.0,5,1
Liverpool,2021-01-17,18498,9.82547195555139,1.0,1.0,0.0,0.0,0.0,0.0,1.0,0.0,0.0,0.0,0.0,0.0,1.0,6,1
Liverpool,2021-01-18,9228,9.130105979265577,0.0,0.0,0.0,0.0,0.0,0.0,0.0,0.0,1.0,0.0,1.0,0.0,1.0,0,1
Liverpool,2021-01-19,8230,9.015662792972645,0.0,0.0,0.0,0.0,0.0,0.0,0.0,0.0,0.0,0.0,0.0,0.0,1.0,1,1
Liverpool,2021-01-20,7492,8.92172453036431,0.0,0.0,0.0,0.0,0.0,0.0,0.0,0.0,0.0,0.0,0.0,0.0,1.0,2,1
Liverpool,2021-01-21,12302,9.41759841406017,1.0,1.0,0.0,1.0,-1.0,0.0,0.0,1.0,0.0,0.0,0.0,0.0,1.0,3,1
Liverpool,2021-01-22,10991,9.30492301446213,0.0,0.0,0.0,0.0,0.0,0.0,0.0,0.0,1.0,0.0,0.0,1.0,0.0,4,1
Liverpool,2021-01-23,9405,9.149103062504993,0.0,0.0,0.0,0.0,0.0,0.0,0.0,0.0,0.0,0.0,0.0,0.0,0.0,5,1
Liverpool,2021-01-24,18309,9.815202637668557,0.0,0.0,0.0,0.0,0.0,0.0,0.0,0.0,0.0,0.0,0.0,0.0,0.0,6,1
Liverpool,2021-01-25,12099,9.400960731584833,0.0,0.0,0.0,0.0,0.0,0.0,0.0,0.0,0.0,0.0,0.0,0.0,0.0,0,1
Liverpool,2021-01-26,9123,9.11866358340428,0.0,0.0,0.0,0.0,0.0,0.0,0.0,0.0,0.0,0.0,0.0,0.0,0.0,1,1
Liverpool,2021-01-27,8455,9.042631527550073,0.0,0.0,0.0,0.0,0.0,0.0,0.0,0.0,0.0,0.0,0.0,0.0,0.0,2,1
Liverpool,2021-01-28,13311,9.49642116306099,1.0,0.0,3.0,1.0,2.0,1.0,0.0,0.0,0.0,0.0,0.0,0.0,3.0,3,1
Liverpool,2021-01-29,11091,9.313979406735669,0.0,0.0,0.0,0.0,0.0,0.0,0.0,0.0,1.0,1.0,0.0,0.0,3.0,4,1
Liverpool,2021-01-30,9639,9.17367638760459,0.0,0.0,0.0,0.0,0.0,0.0,0.0,0.0,0.0,0.0,0.0,0.0,3.0,5,1
Liverpool,2021-01-31,17417,9.765259433252686,1.0,0.0,3.0,1.0,2.0,1.0,0.0,0.0,0.0,0.0,0.0,0.0,6.0,6,1
Liverpool,2021-02-01,29068,10.277427593236435,0.0,0.0,0.0,0.0,0.0,0.0,0.0,0.0,1.0,1.0,0.0,0.0,6.0,0,2
Liverpool,2021-02-02,30913,10.338964434712263,0.0,0.0,0.0,0.0,0.0,0.0,0.0,0.0,0.0,0.0,0.0,0.0,3.0,1,2
Liverpool,2021-02-03,18377,9.81890957606083,1.0,1.0,0.0,1.0,-1.0,0.0,0.0,1.0,0.0,0.0,0.0,0.0,3.0,2,2
Liverpool,2021-02-04,12709,9.4501443641835,0.0,0.0,0.0,0.0,0.0,0.0,0.0,0.0,1.0,0.0,0.0,1.0,3.0,3,2
Liverpool,2021-02-05,8538,9.052399183907607,0.0,0.0,0.0,0.0,0.0,0.0,0.0,0.0,0.0,0.0,0.0,0.0,0.0,4,2
Liverpool,2021-02-06,9921,9.202509792860994,0.0,0.0,0.0,0.0,0.0,0.0,0.0,0.0,0.0,0.0,0.0,0.0,0.0,5,2
Liverpool,2021-02-07,19987,9.902887372464095,1.0,1.0,1.0,4.0,-3.0,0.0,0.0,1.0,0.0,0.0,0.0,0.0,0.0,6,2
Liverpool,2021-02-08,12209,9.41001056710475,0.0,0.0,0.0,0.0,0.0,0.0,0.0,0.0,1.0,0.0,0.0,1.0,0.0,0,2
Liverpool,2021-02-09,8960,9.10063710688422,0.0,0.0,0.0,0.0,0.0,0.0,0.0,0.0,0.0,0.0,0.0,0.0,0.0,1,2
Liverpool,2021-02-10,8568,9.055906318669118,0.0,0.0,0.0,0.0,0.0,0.0,0.0,0.0,0.0,0.0,0.0,0.0,0.0,2,2
Liverpool,2021-02-11,8421,9.038602608721874,0.0,0.0,0.0,0.0,0.0,0.0,0.0,0.0,0.0,0.0,0.0,0.0,0.0,3,2
Liverpool,2021-02-12,7615,8.938006576471201,0.0,0.0,0.0,0.0,0.0,0.0,0.0,0.0,0.0,0.0,0.0,0.0,0.0,4,2
Liverpool,2021-02-13,17110,9.747476810531971,1.0,0.0,1.0,3.0,-2.0,0.0,0.0,1.0,0.0,0.0,0.0,0.0,0.0,5,2
Liverpool,2021-02-14,10255,9.23561817916045,0.0,0.0,0.0,0.0,0.0,0.0,0.0,0.0,1.0,0.0,0.0,1.0,0.0,6,2
Liverpool,2021-02-15,8764,9.078521797355334,0.0,0.0,0.0,0.0,0.0,0.0,0.0,0.0,0.0,0.0,0.0,0.0,0.0,0,2
Liverpool,2021-02-16,14275,9.566335084610051,0.0,0.0,0.0,0.0,0.0,0.0,0.0,0.0,0.0,0.0,0.0,0.0,0.0,1,2
Liverpool,2021-02-17,10797,9.287116210778231,0.0,0.0,0.0,0.0,0.0,0.0,0.0,0.0,0.0,0.0,0.0,0.0,0.0,2,2
Liverpool,2021-02-18,8026,8.990566138131577,0.0,0.0,0.0,0.0,0.0,0.0,0.0,0.0,0.0,0.0,0.0,0.0,0.0,3,2
Liverpool,2021-02-19,8212,9.013473543740192,0.0,0.0,0.0,0.0,0.0,0.0,0.0,0.0,0.0,0.0,0.0,0.0,0.0,4,2
Liverpool,2021-02-20,19097,9.857338896510148,1.0,1.0,0.0,2.0,-2.0,0.0,0.0,1.0,0.0,0.0,0.0,0.0,0.0,5,2
Liverpool,2021-02-21,12012,9.393744675721376,0.0,0.0,0.0,0.0,0.0,0.0,0.0,0.0,1.0,0.0,0.0,1.0,0.0,6,2
Liverpool,2021-02-22,8466,9.043931533642278,0.0,0.0,0.0,0.0,0.0,0.0,0.0,0.0,0.0,0.0,0.0,0.0,0.0,0,2
Liverpool,2021-02-23,8369,9.032409163483521,0.0,0.0,0.0,0.0,0.0,0.0,0.0,0.0,0.0,0.0,0.0,0.0,0.0,1,2
Liverpool,2021-02-24,8686,9.06958293425992,0.0,0.0,0.0,0.0,0.0,0.0,0.0,0.0,0.0,0.0,0.0,0.0,0.0,2,2
Liverpool,2021-02-25,8441,9.040974526342444,0.0,0.0,0.0,0.0,0.0,0.0,0.0,0.0,0.0,0.0,0.0,0.0,0.0,3,2
Liverpool,2021-02-26,7617,8.938269147038548,0.0,0.0,0.0,0.0,0.0,0.0,0.0,0.0,0.0,0.0,0.0,0.0,0.0,4,2
Liverpool,2021-02-27,8202,9.01225522000275,0.0,0.0,0.0,0.0,0.0,0.0,0.0,0.0,0.0,0.0,0.0,0.0,0.0,5,2
Liverpool,2021-02-28,15442,9.644911105223,1.0,0.0,2.0,0.0,2.0,1.0,0.0,0.0,0.0,0.0,0.0,0.0,3.0,6,2
Liverpool,2021-03-01,10485,9.257796313132479,0.0,0.0,0.0,0.0,0.0,0.0,0.0,0.0,1.0,1.0,0.0,0.0,3.0,0,3
Liverpool,2021-03-02,12082,9.399554785027307,0.0,0.0,0.0,0.0,0.0,0.0,0.0,0.0,0.0,0.0,0.0,0.0,3.0,1,3
Liverpool,2021-03-03,9474,9.156412029950626,0.0,0.0,0.0,0.0,0.0,0.0,0.0,0.0,0.0,0.0,0.0,0.0,3.0,2,3
Liverpool,2021-03-04,15337,9.638088688324805,1.0,1.0,0.0,1.0,-1.0,0.0,0.0,1.0,0.0,0.0,0.0,0.0,3.0,3,3
Liverpool,2021-03-05,12049,9.396819938918801,0.0,0.0,0.0,0.0,0.0,0.0,0.0,0.0,1.0,0.0,0.0,1.0,0.0,4,3
Liverpool,2021-03-06,8802,9.082847851460906,0.0,0.0,0.0,0.0,0.0,0.0,0.0,0.0,0.0,0.0,0.0,0.0,0.0,5,3
Liverpool,2021-03-07,19294,9.867601273971719,1.0,1.0,0.0,1.0,-1.0,0.0,0.0,1.0,0.0,0.0,0.0,0.0,0.0,6,3
Liverpool,2021-03-08,11802,9.37610901542907,0.0,0.0,0.0,0.0,0.0,0.0,0.0,0.0,1.0,0.0,0.0,1.0,0.0,0,3
Liverpool,2021-03-09,9581,9.167641617443067,0.0,0.0,0.0,0.0,0.0,0.0,0.0,0.0,0.0,0.0,0.0,0.0,0.0,1,3
Liverpool,2021-03-10,15015,9.616871578266345,0.0,0.0,0.0,0.0,0.0,0.0,0.0,0.0,0.0,0.0,0.0,0.0,0.0,2,3
Liverpool,2021-03-11,12567,9.438909179935457,0.0,0.0,0.0,0.0,0.0,0.0,0.0,0.0,0.0,0.0,0.0,0.0,0.0,3,3
Liverpool,2021-03-12,8465,9.04381342108087,0.0,0.0,0.0,0.0,0.0,0.0,0.0,0.0,0.0,0.0,0.0,0.0,0.0,4,3
Liverpool,2021-03-13,8190,9.010791269515602,0.0,0.0,0.0,0.0,0.0,0.0,0.0,0.0,0.0,0.0,0.0,0.0,0.0,5,3
Liverpool,2021-03-14,8542,9.052867513151618,0.0,0.0,0.0,0.0,0.0,0.0,0.0,0.0,0.0,0.0,0.0,0.0,0.0,6,3
Liverpool,2021-03-15,12934,9.46769209462013,1.0,0.0,1.0,0.0,1.0,1.0,0.0,0.0,0.0,0.0,0.0,0.0,3.0,0,3
Liverpool,2021-03-16,11294,9.332115428902103,0.0,0.0,0.0,0.0,0.0,0.0,0.0,0.0,1.0,1.0,0.0,0.0,3.0,1,3
Liverpool,2021-03-17,10213,9.23151460720759,0.0,0.0,0.0,0.0,0.0,0.0,0.0,0.0,0.0,0.0,0.0,0.0,3.0,2,3
Liverpool,2021-03-18,8954,9.099967314494812,0.0,0.0,0.0,0.0,0.0,0.0,0.0,0.0,0.0,0.0,0.0,0.0,3.0,3,3
Liverpool,2021-03-19,9813,9.191565216649849,0.0,0.0,0.0,0.0,0.0,0.0,0.0,0.0,0.0,0.0,0.0,0.0,3.0,4,3
Liverpool,2021-03-20,8728,9.07440609473535,0.0,0.0,0.0,0.0,0.0,0.0,0.0,0.0,0.0,0.0,0.0,0.0,0.0,5,3
Liverpool,2021-03-21,9308,9.13873695311649,0.0,0.0,0.0,0.0,0.0,0.0,0.0,0.0,0.0,0.0,0.0,0.0,0.0,6,3
Liverpool,2021-03-22,8071,8.996156562033445,0.0,0.0,0.0,0.0,0.0,0.0,0.0,0.0,0.0,0.0,0.0,0.0,0.0,0,3
Liverpool,2021-03-23,7527,8.926384681265215,0.0,0.0,0.0,0.0,0.0,0.0,0.0,0.0,0.0,0.0,0.0,0.0,0.0,1,3
Liverpool,2021-03-24,7315,8.897819009510757,0.0,0.0,0.0,0.0,0.0,0.0,0.0,0.0,0.0,0.0,0.0,0.0,0.0,2,3
Liverpool,2021-03-25,6928,8.843470781627381,0.0,0.0,0.0,0.0,0.0,0.0,0.0,0.0,0.0,0.0,0.0,0.0,0.0,3,3
Liverpool,2021-03-26,6114,8.718500048121273,0.0,0.0,0.0,0.0,0.0,0.0,0.0,0.0,0.0,0.0,0.0,0.0,0.0,4,3
Liverpool,2021-03-27,6085,8.713746330456916,0.0,0.0,0.0,0.0,0.0,0.0,0.0,0.0,0.0,0.0,0.0,0.0,0.0,5,3
Liverpool,2021-03-28,5998,8.699348067653093,0.0,0.0,0.0,0.0,0.0,0.0,0.0,0.0,0.0,0.0,0.0,0.0,0.0,6,3
Liverpool,2021-03-29,6570,8.790421306897867,0.0,0.0,0.0,0.0,0.0,0.0,0.0,0.0,0.0,0.0,0.0,0.0,0.0,0,3
Liverpool,2021-03-30,6238,8.738575192110787,0.0,0.0,0.0,0.0,0.0,0.0,0.0,0.0,0.0,0.0,0.0,0.0,0.0,1,3
Liverpool,2021-03-31,6778,8.821584877430965,0.0,0.0,0.0,0.0,0.0,0.0,0.0,0.0,0.0,0.0,0.0,0.0,0.0,2,3
Liverpool,2021-04-01,6741,8.816111895794005,0.0,0.0,0.0,0.0,0.0,0.0,0.0,0.0,0.0,0.0,0.0,0.0,0.0,3,4
Liverpool,2021-04-02,6423,8.767796255626598,0.0,0.0,0.0,0.0,0.0,0.0,0.0,0.0,0.0,0.0,0.0,0.0,0.0,4,4
Liverpool,2021-04-03,12714,9.45053767785622,1.0,0.0,3.0,0.0,3.0,1.0,0.0,0.0,0.0,0.0,0.0,0.0,3.0,5,4
Liverpool,2021-04-04,11271,9.330077053578517,0.0,0.0,0.0,0.0,0.0,0.0,0.0,0.0,1.0,1.0,0.0,0.0,3.0,6,4
Liverpool,2021-04-05,9724,9.182455168486648,0.0,0.0,0.0,0.0,0.0,0.0,0.0,0.0,0.0,0.0,0.0,0.0,3.0,0,4
Liverpool,2021-04-06,18838,9.843684468165375,0.0,0.0,0.0,0.0,0.0,0.0,0.0,0.0,0.0,0.0,0.0,0.0,3.0,1,4
Liverpool,2021-04-07,10691,9.277251077258809,0.0,0.0,0.0,0.0,0.0,0.0,0.0,0.0,0.0,0.0,0.0,0.0,3.0,2,4
Liverpool,2021-04-08,7805,8.96264794774056,0.0,0.0,0.0,0.0,0.0,0.0,0.0,0.0,0.0,0.0,0.0,0.0,0.0,3,4
Liverpool,2021-04-09,6190,8.730851903519232,0.0,0.0,0.0,0.0,0.0,0.0,0.0,0.0,0.0,0.0,0.0,0.0,0.0,4,4
Liverpool,2021-04-10,11376,9.339349052539717,1.0,1.0,2.0,1.0,1.0,1.0,0.0,0.0,0.0,0.0,0.0,0.0,3.0,5,4
Liverpool,2021-04-11,8417,9.038127549330516,0.0,0.0,0.0,0.0,0.0,0.0,0.0,0.0,1.0,1.0,0.0,0.0,3.0,6,4
Liverpool,2021-04-12,7401,8.909505512946101,0.0,0.0,0.0,0.0,0.0,0.0,0.0,0.0,0.0,0.0,0.0,0.0,3.0,0,4
Liverpool,2021-04-13,8123,9.002577922700276,0.0,0.0,0.0,0.0,0.0,0.0,0.0,0.0,0.0,0.0,0.0,0.0,3.0,1,4
Liverpool,2021-04-14,16917,9.73613342286396,0.0,0.0,0.0,0.0,0.0,0.0,0.0,0.0,0.0,0.0,0.0,0.0,3.0,2,4
Liverpool,2021-04-15,10605,9.269175157697076,0.0,0.0,0.0,0.0,0.0,0.0,0.0,0.0,0.0,0.0,0.0,0.0,0.0,3,4
Liverpool,2021-04-16,7859,8.969541885423252,0.0,0.0,0.0,0.0,0.0,0.0,0.0,0.0,0.0,0.0,0.0,0.0,0.0,4,4
Liverpool,2021-04-17,7975,8.984192311641674,0.0,0.0,0.0,0.0,0.0,0.0,0.0,0.0,0.0,0.0,0.0,0.0,0.0,5,4
Liverpool,2021-04-18,11687,9.366317953430535,0.0,0.0,0.0,0.0,0.0,0.0,0.0,0.0,0.0,0.0,0.0,0.0,0.0,6,4
Liverpool,2021-04-19,34213,10.440390196012237,1.0,0.0,1.0,1.0,0.0,0.0,1.0,0.0,0.0,0.0,0.0,0.0,1.0,0,4
Liverpool,2021-04-20,32776,10.397482328890645,0.0,0.0,0.0,0.0,0.0,0.0,0.0,0.0,1.0,0.0,1.0,0.0,1.0,1,4
Liverpool,2021-04-21,29446,10.290347316318723,0.0,0.0,0.0,0.0,0.0,0.0,0.0,0.0,0.0,0.0,0.0,0.0,1.0,2,4
Liverpool,2021-04-22,12709,9.4501443641835,0.0,0.0,0.0,0.0,0.0,0.0,0.0,0.0,0.0,0.0,0.0,0.0,1.0,3,4
Liverpool,2021-04-23,10213,9.23151460720759,0.0,0.0,0.0,0.0,0.0,0.0,0.0,0.0,0.0,0.0,0.0,0.0,1.0,4,4
Liverpool,2021-04-24,12832,9.459775257244461,1.0,1.0,1.0,1.0,0.0,0.0,1.0,0.0,0.0,0.0,0.0,0.0,1.0,5,4
Liverpool,2021-04-25,11333,9.335562336729565,0.0,0.0,0.0,0.0,0.0,0.0,0.0,0.0,1.0,0.0,1.0,0.0,1.0,6,4
Liverpool,2021-04-26,9447,9.153558357877198,0.0,0.0,0.0,0.0,0.0,0.0,0.0,0.0,0.0,0.0,0.0,0.0,1.0,0,4
Liverpool,2021-04-27,8891,9.092907275084087,0.0,0.0,0.0,0.0,0.0,0.0,0.0,0.0,0.0,0.0,0.0,0.0,1.0,1,4
Liverpool,2021-04-28,8577,9.056956065076825,0.0,0.0,0.0,0.0,0.0,0.0,0.0,0.0,0.0,0.0,0.0,0.0,1.0,2,4
Liverpool,2021-04-29,8027,8.990690709916228,0.0,0.0,0.0,0.0,0.0,0.0,0.0,0.0,0.0,0.0,0.0,0.0,0.0,3,4
Liverpool,2021-04-30,6976,8.850374303939237,0.0,0.0,0.0,0.0,0.0,0.0,0.0,0.0,0.0,0.0,0.0,0.0,0.0,4,4
Liverpool,2021-05-01,7509,8.92399074475818,0.0,0.0,0.0,0.0,0.0,0.0,0.0,0.0,0.0,0.0,0.0,0.0,0.0,5,5
Liverpool,2021-05-02,12090,9.400216653174247,0.0,0.0,0.0,0.0,0.0,0.0,0.0,0.0,0.0,0.0,0.0,0.0,0.0,6,5
Liverpool,2021-05-03,9258,9.133351330448047,0.0,0.0,0.0,0.0,0.0,0.0,0.0,0.0,0.0,0.0,0.0,0.0,0.0,0,5
Liverpool,2021-05-04,9273,9.134970064951407,0.0,0.0,0.0,0.0,0.0,0.0,0.0,0.0,0.0,0.0,0.0,0.0,0.0,1,5
Liverpool,2021-05-05,10814,9.28868933838716,0.0,0.0,0.0,0.0,0.0,0.0,0.0,0.0,0.0,0.0,0.0,0.0,0.0,2,5
Liverpool,2021-05-06,10016,9.212038928611765,0.0,0.0,0.0,0.0,0.0,0.0,0.0,0.0,0.0,0.0,0.0,0.0,0.0,3,5
Liverpool,2021-05-07,8694,9.070503426788383,0.0,0.0,0.0,0.0,0.0,0.0,0.0,0.0,0.0,0.0,0.0,0.0,0.0,4,5
Liverpool,2021-05-08,13306,9.496045491543743,1.0,1.0,2.0,0.0,2.0,1.0,0.0,0.0,0.0,0.0,0.0,0.0,3.0,5,5
Liverpool,2021-05-09,10192,9.229456489168413,0.0,0.0,0.0,0.0,0.0,0.0,0.0,0.0,1.0,1.0,0.0,0.0,3.0,6,5
Liverpool,2021-05-10,9770,9.187174093944343,0.0,0.0,0.0,0.0,0.0,0.0,0.0,0.0,0.0,0.0,0.0,0.0,3.0,0,5
Liverpool,2021-05-11,10438,9.253304071408298,0.0,0.0,0.0,0.0,0.0,0.0,0.0,0.0,0.0,0.0,0.0,0.0,3.0,1,5
Liverpool,2021-05-12,10360,9.245804036251752,0.0,0.0,0.0,0.0,0.0,0.0,0.0,0.0,0.0,0.0,0.0,0.0,3.0,2,5
Liverpool,2021-05-13,15905,9.67445167551708,1.0,0.0,4.0,2.0,2.0,1.0,0.0,0.0,0.0,0.0,0.0,0.0,3.0,3,5
Liverpool,2021-05-14,14580,9.587474590316285,0.0,0.0,0.0,0.0,0.0,0.0,0.0,0.0,1.0,1.0,0.0,0.0,3.0,4,5
Liverpool,2021-05-15,12709,9.4501443641835,0.0,0.0,0.0,0.0,0.0,0.0,0.0,0.0,0.0,0.0,0.0,0.0,3.0,5,5
Liverpool,2021-05-16,21891,9.993876552263808,1.0,0.0,2.0,1.0,1.0,1.0,0.0,0.0,0.0,0.0,0.0,0.0,6.0,6,5
Liverpool,2021-05-17,15435,9.64445772265751,0.0,0.0,0.0,0.0,0.0,0.0,0.0,0.0,1.0,1.0,0.0,0.0,6.0,0,5
Liverpool,2021-05-18,12800,9.45727857185611,0.0,0.0,0.0,0.0,0.0,0.0,0.0,0.0,0.0,0.0,0.0,0.0,3.0,1,5
Liverpool,2021-05-19,18074,9.802285047026965,1.0,0.0,3.0,0.0,3.0,1.0,0.0,0.0,0.0,0.0,0.0,0.0,6.0,2,5
Liverpool,2021-05-20,18130,9.805378459425809,0.0,0.0,0.0,0.0,0.0,0.0,0.0,0.0,1.0,1.0,0.0,0.0,6.0,3,5
Liverpool,2021-05-21,11163,9.320449594656212,0.0,0.0,0.0,0.0,0.0,0.0,0.0,0.0,0.0,0.0,0.0,0.0,3.0,4,5
Liverpool,2021-05-22,10026,9.213036733523925,0.0,0.0,0.0,0.0,0.0,0.0,0.0,0.0,0.0,0.0,0.0,0.0,3.0,5,5
Liverpool,2021-05-23,22869,10.037581287016828,1.0,1.0,2.0,0.0,2.0,1.0,0.0,0.0,0.0,0.0,0.0,0.0,6.0,6,5
Liverpool,2021-05-24,19751,9.891010031025015,0.0,0.0,0.0,0.0,0.0,0.0,0.0,0.0,1.0,1.0,0.0,0.0,3.0,0,5
Liverpool,2021-05-25,14663,9.593150789519541,0.0,0.0,0.0,0.0,0.0,0.0,0.0,0.0,0.0,0.0,0.0,0.0,3.0,1,5
Liverpool,2021-05-26,15307,9.636130846545592,0.0,0.0,0.0,0.0,0.0,0.0,0.0,0.0,0.0,0.0,0.0,0.0,3.0,2,5
Liverpool,2021-05-27,13580,9.516427036104067,0.0,0.0,0.0,0.0,0.0,0.0,0.0,0.0,0.0,0.0,0.0,0.0,3.0,3,5
Liverpool,2021-05-28,16965,9.73896662036768,0.0,0.0,0.0,0.0,0.0,0.0,0.0,0.0,0.0,0.0,0.0,0.0,0.0,4,5
Liverpool,2021-05-29,20511,9.928765359720396,0.0,0.0,0.0,0.0,0.0,0.0,0.0,0.0,0.0,0.0,0.0,0.0,0.0,5,5
Liverpool,2021-05-30,18702,9.836439217783001,0.0,0.0,0.0,0.0,0.0,0.0,0.0,0.0,0.0,0.0,0.0,0.0,0.0,6,5
Liverpool,2021-05-31,13985,9.545812108263812,0.0,0.0,0.0,0.0,0.0,0.0,0.0,0.0,0.0,0.0,0.0,0.0,0.0,0,5
Liverpool,2021-06-01,12370,9.423110302862831,0.0,0.0,0.0,0.0,0.0,0.0,0.0,0.0,0.0,0.0,0.0,0.0,0.0,1,6
Liverpool,2021-06-02,10768,9.284426915328881,0.0,0.0,0.0,0.0,0.0,0.0,0.0,0.0,0.0,0.0,0.0,0.0,0.0,2,6
Liverpool,2021-06-03,11728,9.369819686521504,0.0,0.0,0.0,0.0,0.0,0.0,0.0,0.0,0.0,0.0,0.0,0.0,0.0,3,6
Liverpool,2021-06-04,8798,9.08239335764556,0.0,0.0,0.0,0.0,0.0,0.0,0.0,0.0,0.0,0.0,0.0,0.0,0.0,4,6
Liverpool,2021-06-05,8533,9.051813463747946,0.0,0.0,0.0,0.0,0.0,0.0,0.0,0.0,0.0,0.0,0.0,0.0,0.0,5,6
Liverpool,2021-06-06,8755,9.077494458642754,0.0,0.0,0.0,0.0,0.0,0.0,0.0,0.0,0.0,0.0,0.0,0.0,0.0,6,6
Liverpool,2021-06-07,8279,9.021598247379305,0.0,0.0,0.0,0.0,0.0,0.0,0.0,0.0,0.0,0.0,0.0,0.0,0.0,0,6
Liverpool,2021-06-08,7931,8.978660489639687,0.0,0.0,0.0,0.0,0.0,0.0,0.0,0.0,0.0,0.0,0.0,0.0,0.0,1,6
Liverpool,2021-06-09,8251,9.018210874191142,0.0,0.0,0.0,0.0,0.0,0.0,0.0,0.0,0.0,0.0,0.0,0.0,0.0,2,6
Liverpool,2021-06-10,8974,9.10219821335648,0.0,0.0,0.0,0.0,0.0,0.0,0.0,0.0,0.0,0.0,0.0,0.0,0.0,3,6
Liverpool,2021-06-11,8548,9.053569596026234,0.0,0.0,0.0,0.0,0.0,0.0,0.0,0.0,0.0,0.0,0.0,0.0,0.0,4,6
Liverpool,2021-06-12,8678,9.068661593644245,0.0,0.0,0.0,0.0,0.0,0.0,0.0,0.0,0.0,0.0,0.0,0.0,0.0,5,6
Liverpool,2021-06-13,8720,9.073489189226986,0.0,0.0,0.0,0.0,0.0,0.0,0.0,0.0,0.0,0.0,0.0,0.0,0.0,6,6
Liverpool,2021-06-14,8729,9.074520648833648,0.0,0.0,0.0,0.0,0.0,0.0,0.0,0.0,0.0,0.0,0.0,0.0,0.0,0,6
Liverpool,2021-06-15,8230,9.015662792972645,0.0,0.0,0.0,0.0,0.0,0.0,0.0,0.0,0.0,0.0,0.0,0.0,0.0,1,6
Liverpool,2021-06-16,8697,9.070848393157585,0.0,0.0,0.0,0.0,0.0,0.0,0.0,0.0,0.0,0.0,0.0,0.0,0.0,2,6
Liverpool,2021-06-17,8392,9.035153304082828,0.0,0.0,0.0,0.0,0.0,0.0,0.0,0.0,0.0,0.0,0.0,0.0,0.0,3,6
Liverpool,2021-06-18,9308,9.13873695311649,0.0,0.0,0.0,0.0,0.0,0.0,0.0,0.0,0.0,0.0,0.0,0.0,0.0,4,6
Liverpool,2021-06-19,9052,9.11085147347544,0.0,0.0,0.0,0.0,0.0,0.0,0.0,0.0,0.0,0.0,0.0,0.0,0.0,5,6
Liverpool,2021-06-20,8108,9.000729834944558,0.0,0.0,0.0,0.0,0.0,0.0,0.0,0.0,0.0,0.0,0.0,0.0,0.0,6,6
Liverpool,2021-06-21,8129,9.003316202541857,0.0,0.0,0.0,0.0,0.0,0.0,0.0,0.0,0.0,0.0,0.0,0.0,0.0,0,6
Liverpool,2021-06-22,8403,9.036463061964891,0.0,0.0,0.0,0.0,0.0,0.0,0.0,0.0,0.0,0.0,0.0,0.0,0.0,1,6
Liverpool,2021-06-23,7562,8.93102321585603,0.0,0.0,0.0,0.0,0.0,0.0,0.0,0.0,0.0,0.0,0.0,0.0,0.0,2,6
Liverpool,2021-06-24,6844,8.83127373772255,0.0,0.0,0.0,0.0,0.0,0.0,0.0,0.0,0.0,0.0,0.0,0.0,0.0,3,6
Liverpool,2021-06-25,6994,8.852950887099581,0.0,0.0,0.0,0.0,0.0,0.0,0.0,0.0,0.0,0.0,0.0,0.0,0.0,4,6
Liverpool,2021-06-26,7930,8.97853441008332,0.0,0.0,0.0,0.0,0.0,0.0,0.0,0.0,0.0,0.0,0.0,0.0,0.0,5,6
Liverpool,2021-06-27,8622,9.062188330952324,0.0,0.0,0.0,0.0,0.0,0.0,0.0,0.0,0.0,0.0,0.0,0.0,0.0,6,6
Liverpool,2021-06-28,8555,9.054388070202297,0.0,0.0,0.0,0.0,0.0,0.0,0.0,0.0,0.0,0.0,0.0,0.0,0.0,0,6
Liverpool,2021-06-29,9169,9.123692565250511,0.0,0.0,0.0,0.0,0.0,0.0,0.0,0.0,0.0,0.0,0.0,0.0,0.0,1,6
Liverpool,2021-06-30,10250,9.235130540783402,0.0,0.0,0.0,0.0,0.0,0.0,0.0,0.0,0.0,0.0,0.0,0.0,0.0,2,6
Liverpool,2021-07-01,10888,9.29550838434606,0.0,0.0,0.0,0.0,0.0,0.0,0.0,0.0,0.0,0.0,0.0,0.0,0.0,3,7
Liverpool,2021-07-02,11075,9.312535884290853,0.0,0.0,0.0,0.0,0.0,0.0,0.0,0.0,0.0,0.0,0.0,0.0,0.0,4,7
Liverpool,2021-07-03,11560,9.355392643675321,0.0,0.0,0.0,0.0,0.0,0.0,0.0,0.0,0.0,0.0,0.0,0.0,0.0,5,7
Liverpool,2021-07-04,10118,9.222170123729759,0.0,0.0,0.0,0.0,0.0,0.0,0.0,0.0,0.0,0.0,0.0,0.0,0.0,6,7
Liverpool,2021-07-05,9080,9.113939597689829,0.0,0.0,0.0,0.0,0.0,0.0,0.0,0.0,0.0,0.0,0.0,0.0,0.0,0,7
Liverpool,2021-07-06,10623,9.270870871716214,0.0,0.0,0.0,0.0,0.0,0.0,0.0,0.0,0.0,0.0,0.0,0.0,0.0,1,7
Liverpool,2021-07-07,11244,9.327678864393416,0.0,0.0,0.0,0.0,0.0,0.0,0.0,0.0,0.0,0.0,0.0,0.0,0.0,2,7
Liverpool,2021-07-08,13086,9.479374650055481,0.0,0.0,0.0,0.0,0.0,0.0,0.0,0.0,0.0,0.0,0.0,0.0,0.0,3,7
Liverpool,2021-07-09,10718,9.27977314669152,0.0,0.0,0.0,0.0,0.0,0.0,0.0,0.0,0.0,0.0,0.0,0.0,0.0,4,7
Liverpool,2021-07-10,9546,9.163982247998034,0.0,0.0,0.0,0.0,0.0,0.0,0.0,0.0,0.0,0.0,0.0,0.0,0.0,5,7
Liverpool,2021-07-11,13098,9.48029117039765,0.0,0.0,0.0,0.0,0.0,0.0,0.0,0.0,0.0,0.0,0.0,0.0,0.0,6,7
Liverpool,2021-07-12,12682,9.448017793067429,0.0,0.0,0.0,0.0,0.0,0.0,0.0,0.0,0.0,0.0,0.0,0.0,0.0,0,7
Liverpool,2021-07-13,12636,9.444384297758681,0.0,0.0,0.0,0.0,0.0,0.0,0.0,0.0,0.0,0.0,0.0,0.0,0.0,1,7
Liverpool,2021-07-14,11970,9.39024233725137,0.0,0.0,0.0,0.0,0.0,0.0,0.0,0.0,0.0,0.0,0.0,0.0,0.0,2,7
Liverpool,2021-07-15,11710,9.368283850042138,0.0,0.0,0.0,0.0,0.0,0.0,0.0,0.0,0.0,0.0,0.0,0.0,0.0,3,7
Liverpool,2021-07-16,10431,9.252633284166434,0.0,0.0,0.0,0.0,0.0,0.0,0.0,0.0,0.0,0.0,0.0,0.0,0.0,4,7
Liverpool,2021-07-17,10492,9.25846364715791,0.0,0.0,0.0,0.0,0.0,0.0,0.0,0.0,0.0,0.0,0.0,0.0,0.0,5,7
Liverpool,2021-07-18,10484,9.25770094333602,0.0,0.0,0.0,0.0,0.0,0.0,0.0,0.0,0.0,0.0,0.0,0.0,0.0,6,7
Liverpool,2021-07-19,12003,9.392995206560258,0.0,0.0,0.0,0.0,0.0,0.0,0.0,0.0,0.0,0.0,0.0,0.0,0.0,0,7
Liverpool,2021-07-20,16039,9.682840881420505,0.0,0.0,0.0,0.0,0.0,0.0,0.0,0.0,0.0,0.0,0.0,0.0,0.0,1,7
Liverpool,2021-07-21,12193,9.408699306467762,0.0,0.0,0.0,0.0,0.0,0.0,0.0,0.0,0.0,0.0,0.0,0.0,0.0,2,7
Liverpool,2021-07-22,10621,9.270682600982344,0.0,0.0,0.0,0.0,0.0,0.0,0.0,0.0,0.0,0.0,0.0,0.0,0.0,3,7
Liverpool,2021-07-23,10964,9.302463660851988,0.0,0.0,0.0,0.0,0.0,0.0,0.0,0.0,0.0,0.0,0.0,0.0,0.0,4,7
Liverpool,2021-07-24,9974,9.207837241758064,0.0,0.0,0.0,0.0,0.0,0.0,0.0,0.0,0.0,0.0,0.0,0.0,0.0,5,7
Liverpool,2021-07-25,9903,9.200693994924377,0.0,0.0,0.0,0.0,0.0,0.0,0.0,0.0,0.0,0.0,0.0,0.0,0.0,6,7
Liverpool,2021-07-26,10213,9.23151460720759,0.0,0.0,0.0,0.0,0.0,0.0,0.0,0.0,0.0,0.0,0.0,0.0,0.0,0,7
Liverpool,2021-07-27,10011,9.211539652551664,0.0,0.0,0.0,0.0,0.0,0.0,0.0,0.0,0.0,0.0,0.0,0.0,0.0,1,7
Liverpool,2021-07-28,9225,9.129780864117766,0.0,0.0,0.0,0.0,0.0,0.0,0.0,0.0,0.0,0.0,0.0,0.0,0.0,2,7
Liverpool,2021-07-29,10292,9.23921933152656,0.0,0.0,0.0,0.0,0.0,0.0,0.0,0.0,0.0,0.0,0.0,0.0,0.0,3,7
Liverpool,2021-07-30,9208,9.127936545721367,0.0,0.0,0.0,0.0,0.0,0.0,0.0,0.0,0.0,0.0,0.0,0.0,0.0,4,7
Liverpool,2021-07-31,8380,9.033722518098907,0.0,0.0,0.0,0.0,0.0,0.0,0.0,0.0,0.0,0.0,0.0,0.0,0.0,5,7
Liverpool,2021-08-01,8236,9.016391478941248,0.0,0.0,0.0,0.0,0.0,0.0,0.0,0.0,0.0,0.0,0.0,0.0,0.0,6,8
Liverpool,2021-08-02,8309,9.025214887849494,0.0,0.0,0.0,0.0,0.0,0.0,0.0,0.0,0.0,0.0,0.0,0.0,0.0,0,8
Liverpool,2021-08-03,8272,9.020752479190183,0.0,0.0,0.0,0.0,0.0,0.0,0.0,0.0,0.0,0.0,0.0,0.0,0.0,1,8
Liverpool,2021-08-04,9314,9.13938128303569,0.0,0.0,0.0,0.0,0.0,0.0,0.0,0.0,0.0,0.0,0.0,0.0,0.0,2,8
Liverpool,2021-08-05,10905,9.297068375486006,0.0,0.0,0.0,0.0,0.0,0.0,0.0,0.0,0.0,0.0,0.0,0.0,0.0,3,8
Liverpool,2021-08-06,10256,9.235715678307411,0.0,0.0,0.0,0.0,0.0,0.0,0.0,0.0,0.0,0.0,0.0,0.0,0.0,4,8
Liverpool,2021-08-07,11084,9.313348122050412,0.0,0.0,0.0,0.0,0.0,0.0,0.0,0.0,0.0,0.0,0.0,0.0,0.0,5,8
Liverpool,2021-08-08,13575,9.516058806914062,0.0,0.0,0.0,0.0,0.0,0.0,0.0,0.0,0.0,0.0,0.0,0.0,0.0,6,8
Liverpool,2021-08-09,14627,9.590692779269272,0.0,0.0,0.0,0.0,0.0,0.0,0.0,0.0,0.0,0.0,0.0,0.0,0.0,0,8
Liverpool,2021-08-10,14420,9.57644075656207,0.0,0.0,0.0,0.0,0.0,0.0,0.0,0.0,0.0,0.0,0.0,0.0,0.0,1,8
Liverpool,2021-08-11,15464,9.64633468511917,0.0,0.0,0.0,0.0,0.0,0.0,0.0,0.0,0.0,0.0,0.0,0.0,0.0,2,8
Liverpool,2021-08-12,15379,9.640823243059636,0.0,0.0,0.0,0.0,0.0,0.0,0.0,0.0,0.0,0.0,0.0,0.0,0.0,3,8
Liverpool,2021-08-13,17561,9.773492755919941,0.0,0.0,0.0,0.0,0.0,0.0,0.0,0.0,0.0,0.0,0.0,0.0,0.0,4,8
Liverpool,2021-08-14,27452,10.220230730583488,1.0,0.0,3.0,0.0,3.0,1.0,0.0,0.0,0.0,0.0,0.0,0.0,3.0,5,8
Liverpool,2021-08-15,17803,9.787178430135745,0.0,0.0,0.0,0.0,0.0,0.0,0.0,0.0,1.0,1.0,0.0,0.0,3.0,6,8
Liverpool,2021-08-16,13772,9.530465432917332,0.0,0.0,0.0,0.0,0.0,0.0,0.0,0.0,0.0,0.0,0.0,0.0,3.0,0,8
Liverpool,2021-08-17,12102,9.401208634738603,0.0,0.0,0.0,0.0,0.0,0.0,0.0,0.0,0.0,0.0,0.0,0.0,3.0,1,8
Liverpool,2021-08-18,11172,9.321255432547337,0.0,0.0,0.0,0.0,0.0,0.0,0.0,0.0,0.0,0.0,0.0,0.0,3.0,2,8
Liverpool,2021-08-19,10825,9.289705927356923,0.0,0.0,0.0,0.0,0.0,0.0,0.0,0.0,0.0,0.0,0.0,0.0,0.0,3,8
Liverpool,2021-08-20,10988,9.304650051446924,0.0,0.0,0.0,0.0,0.0,0.0,0.0,0.0,0.0,0.0,0.0,0.0,0.0,4,8
Liverpool,2021-08-21,24408,10.102707195730964,1.0,1.0,2.0,0.0,2.0,1.0,0.0,0.0,0.0,0.0,0.0,0.0,3.0,5,8
Liverpool,2021-08-22,16275,9.697446909121581,0.0,0.0,0.0,0.0,0.0,0.0,0.0,0.0,1.0,1.0,0.0,0.0,3.0,6,8
Liverpool,2021-08-23,16695,9.722924448757036,0.0,0.0,0.0,0.0,0.0,0.0,0.0,0.0,0.0,0.0,0.0,0.0,3.0,0,8
Liverpool,2021-08-24,14368,9.572828387229206,0.0,0.0,0.0,0.0,0.0,0.0,0.0,0.0,0.0,0.0,0.0,0.0,3.0,1,8
Liverpool,2021-08-25,12057,9.397483619049352,0.0,0.0,0.0,0.0,0.0,0.0,0.0,0.0,0.0,0.0,0.0,0.0,3.0,2,8
Liverpool,2021-08-26,13035,9.475470039957452,0.0,0.0,0.0,0.0,0.0,0.0,0.0,0.0,0.0,0.0,0.0,0.0,0.0,3,8
Liverpool,2021-08-27,16350,9.702044336534586,0.0,0.0,0.0,0.0,0.0,0.0,0.0,0.0,0.0,0.0,0.0,0.0,0.0,4,8
Liverpool,2021-08-28,26915,10.200476184308208,1.0,1.0,1.0,1.0,0.0,0.0,1.0,0.0,0.0,0.0,0.0,0.0,1.0,5,8
Liverpool,2021-08-29,14996,9.61560546008168,0.0,0.0,0.0,0.0,0.0,0.0,0.0,0.0,1.0,0.0,1.0,0.0,1.0,6,8
Liverpool,2021-08-30,12531,9.436040652072082,0.0,0.0,0.0,0.0,0.0,0.0,0.0,0.0,0.0,0.0,0.0,0.0,1.0,0,8
Liverpool,2021-08-31,17852,9.789926840312962,0.0,0.0,0.0,0.0,0.0,0.0,0.0,0.0,0.0,0.0,0.0,0.0,1.0,1,8
Liverpool,2021-09-01,17996,9.797960356321203,0.0,0.0,0.0,0.0,0.0,0.0,0.0,0.0,0.0,0.0,0.0,0.0,1.0,2,9
Liverpool,2021-09-02,11982,9.391244257682517,0.0,0.0,0.0,0.0,0.0,0.0,0.0,0.0,0.0,0.0,0.0,0.0,0.0,3,9
Liverpool,2021-09-03,9936,9.204020443231363,0.0,0.0,0.0,0.0,0.0,0.0,0.0,0.0,0.0,0.0,0.0,0.0,0.0,4,9
Liverpool,2021-09-04,9644,9.17419492533983,0.0,0.0,0.0,0.0,0.0,0.0,0.0,0.0,0.0,0.0,0.0,0.0,0.0,5,9
Liverpool,2021-09-05,9442,9.15302900526307,0.0,0.0,0.0,0.0,0.0,0.0,0.0,0.0,0.0,0.0,0.0,0.0,0.0,6,9
Liverpool,2021-09-06,8944,9.09884999594282,0.0,0.0,0.0,0.0,0.0,0.0,0.0,0.0,0.0,0.0,0.0,0.0,0.0,0,9
Liverpool,2021-09-07,8682,9.069122370060645,0.0,0.0,0.0,0.0,0.0,0.0,0.0,0.0,0.0,0.0,0.0,0.0,0.0,1,9
Liverpool,2021-09-08,9743,9.184406989949679,0.0,0.0,0.0,0.0,0.0,0.0,0.0,0.0,0.0,0.0,0.0,0.0,0.0,2,9
Liverpool,2021-09-09,8698,9.07096335550754,0.0,0.0,0.0,0.0,0.0,0.0,0.0,0.0,0.0,0.0,0.0,0.0,0.0,3,9
Liverpool,2021-09-10,7907,8.975630184290507,0.0,0.0,0.0,0.0,0.0,0.0,0.0,0.0,0.0,0.0,0.0,0.0,0.0,4,9
Liverpool,2021-09-11,10071,9.217514575724183,0.0,0.0,0.0,0.0,0.0,0.0,0.0,0.0,0.0,0.0,0.0,0.0,0.0,5,9
Liverpool,2021-09-12,22180,10.006991345550789,1.0,0.0,3.0,0.0,3.0,1.0,0.0,0.0,0.0,0.0,0.0,0.0,3.0,6,9
Liverpool,2021-09-13,15392,9.641668139610074,0.0,0.0,0.0,0.0,0.0,0.0,0.0,0.0,1.0,1.0,0.0,0.0,3.0,0,9
Liverpool,2021-09-14,12137,9.4040963063958,0.0,0.0,0.0,0.0,0.0,0.0,0.0,0.0,0.0,0.0,0.0,0.0,3.0,1,9
Liverpool,2021-09-15,18882,9.846017325381577,0.0,0.0,0.0,0.0,0.0,0.0,0.0,0.0,0.0,0.0,0.0,0.0,3.0,2,9
Liverpool,2021-09-16,13422,9.504724932487637,0.0,0.0,0.0,0.0,0.0,0.0,0.0,0.0,0.0,0.0,0.0,0.0,3.0,3,9
Liverpool,2021-09-17,10371,9.246865146658555,0.0,0.0,0.0,0.0,0.0,0.0,0.0,0.0,0.0,0.0,0.0,0.0,0.0,4,9
Liverpool,2021-09-18,20095,9.908276069267925,1.0,1.0,3.0,0.0,3.0,1.0,0.0,0.0,0.0,0.0,0.0,0.0,3.0,5,9
Liverpool,2021-09-19,17346,9.76117485976141,0.0,0.0,0.0,0.0,0.0,0.0,0.0,0.0,1.0,1.0,0.0,0.0,3.0,6,9
Liverpool,2021-09-20,12948,9.46877384406884,0.0,0.0,0.0,0.0,0.0,0.0,0.0,0.0,0.0,0.0,0.0,0.0,3.0,0,9
Liverpool,2021-09-21,17498,9.769899015421748,0.0,0.0,0.0,0.0,0.0,0.0,0.0,0.0,0.0,0.0,0.0,0.0,3.0,1,9
Liverpool,2021-09-22,14741,9.598455841749233,0.0,0.0,0.0,0.0,0.0,0.0,0.0,0.0,0.0,0.0,0.0,0.0,3.0,2,9
Liverpool,2021-09-23,11273,9.33025446864152,0.0,0.0,0.0,0.0,0.0,0.0,0.0,0.0,0.0,0.0,0.0,0.0,0.0,3,9
Liverpool,2021-09-24,9279,9.135616825780247,0.0,0.0,0.0,0.0,0.0,0.0,0.0,0.0,0.0,0.0,0.0,0.0,0.0,4,9
Liverpool,2021-09-25,16665,9.721125994942152,1.0,0.0,3.0,3.0,0.0,0.0,1.0,0.0,0.0,0.0,0.0,0.0,1.0,5,9
Liverpool,2021-09-26,10648,9.273221270015384,0.0,0.0,0.0,0.0,0.0,0.0,0.0,0.0,1.0,0.0,1.0,0.0,1.0,6,9
Liverpool,2021-09-27,9936,9.204020443231363,0.0,0.0,0.0,0.0,0.0,0.0,0.0,0.0,0.0,0.0,0.0,0.0,1.0,0,9
Liverpool,2021-09-28,17244,9.755277525370941,0.0,0.0,0.0,0.0,0.0,0.0,0.0,0.0,0.0,0.0,0.0,0.0,1.0,1,9
Liverpool,2021-09-29,14319,9.569412440514636,0.0,0.0,0.0,0.0,0.0,0.0,0.0,0.0,0.0,0.0,0.0,0.0,1.0,2,9
Liverpool,2021-09-30,10176,9.227885551191932,0.0,0.0,0.0,0.0,0.0,0.0,0.0,0.0,0.0,0.0,0.0,0.0,0.0,3,9
Liverpool,2021-10-01,10307,9.240675571772256,0.0,0.0,0.0,0.0,0.0,0.0,0.0,0.0,0.0,0.0,0.0,0.0,0.0,4,10
Liverpool,2021-10-02,11671,9.364948090202622,0.0,0.0,0.0,0.0,0.0,0.0,0.0,0.0,0.0,0.0,0.0,0.0,0.0,5,10
Liverpool,2021-10-03,22111,10.003875726567397,1.0,1.0,2.0,2.0,0.0,0.0,1.0,0.0,0.0,0.0,0.0,0.0,1.0,6,10
Liverpool,2021-10-04,13669,9.522958929717996,0.0,0.0,0.0,0.0,0.0,0.0,0.0,0.0,1.0,0.0,1.0,0.0,1.0,0,10
Liverpool,2021-10-05,10127,9.223059144383958,0.0,0.0,0.0,0.0,0.0,0.0,0.0,0.0,0.0,0.0,0.0,0.0,1.0,1,10
Liverpool,2021-10-06,8938,9.098179005087852,0.0,0.0,0.0,0.0,0.0,0.0,0.0,0.0,0.0,0.0,0.0,0.0,1.0,2,10
Liverpool,2021-10-07,10765,9.284148299120902,0.0,0.0,0.0,0.0,0.0,0.0,0.0,0.0,0.0,0.0,0.0,0.0,1.0,3,10
Liverpool,2021-10-08,10915,9.29798488182823,0.0,0.0,0.0,0.0,0.0,0.0,0.0,0.0,0.0,0.0,0.0,0.0,0.0,4,10
Liverpool,2021-10-09,8666,9.067277989134345,0.0,0.0,0.0,0.0,0.0,0.0,0.0,0.0,0.0,0.0,0.0,0.0,0.0,5,10
Liverpool,2021-10-10,7589,8.934586870389676,0.0,0.0,0.0,0.0,0.0,0.0,0.0,0.0,0.0,0.0,0.0,0.0,0.0,6,10
Liverpool,2021-10-11,7536,8.92757950384347,0.0,0.0,0.0,0.0,0.0,0.0,0.0,0.0,0.0,0.0,0.0,0.0,0.0,0,10
Liverpool,2021-10-12,7701,8.949235314374855,0.0,0.0,0.0,0.0,0.0,0.0,0.0,0.0,0.0,0.0,0.0,0.0,0.0,1,10
Liverpool,2021-10-13,7004,8.854379458771108,0.0,0.0,0.0,0.0,0.0,0.0,0.0,0.0,0.0,0.0,0.0,0.0,0.0,2,10
Liverpool,2021-10-14,7695,8.948455992345542,0.0,0.0,0.0,0.0,0.0,0.0,0.0,0.0,0.0,0.0,0.0,0.0,0.0,3,10
Liverpool,2021-10-15,7724,8.952217101765946,0.0,0.0,0.0,0.0,0.0,0.0,0.0,0.0,0.0,0.0,0.0,0.0,0.0,4,10
Liverpool,2021-10-16,18359,9.817929664174482,1.0,0.0,5.0,0.0,5.0,1.0,0.0,0.0,0.0,0.0,0.0,0.0,3.0,5,10
Liverpool,2021-10-17,13588,9.517015920920498,0.0,0.0,0.0,0.0,0.0,0.0,0.0,0.0,1.0,1.0,0.0,0.0,3.0,6,10
Liverpool,2021-10-18,11180,9.321971188147367,0.0,0.0,0.0,0.0,0.0,0.0,0.0,0.0,0.0,0.0,0.0,0.0,3.0,0,10
Liverpool,2021-10-19,17193,9.752315764734389,0.0,0.0,0.0,0.0,0.0,0.0,0.0,0.0,0.0,0.0,0.0,0.0,3.0,1,10
Liverpool,2021-10-20,13626,9.51980839774982,0.0,0.0,0.0,0.0,0.0,0.0,0.0,0.0,0.0,0.0,0.0,0.0,3.0,2,10
Liverpool,2021-10-21,9944,9.204825191288073,0.0,0.0,0.0,0.0,0.0,0.0,0.0,0.0,0.0,0.0,0.0,0.0,0.0,3,10
Liverpool,2021-10-22,10050,9.21542741102474,0.0,0.0,0.0,0.0,0.0,0.0,0.0,0.0,0.0,0.0,0.0,0.0,0.0,4,10
Liverpool,2021-10-23,10869,9.293761980115255,0.0,0.0,0.0,0.0,0.0,0.0,0.0,0.0,0.0,0.0,0.0,0.0,0.0,5,10
Liverpool,2021-10-24,35560,10.479004810717253,1.0,0.0,5.0,0.0,5.0,1.0,0.0,0.0,0.0,0.0,0.0,0.0,3.0,6,10
Liverpool,2021-10-25,28025,10.240887929730164,0.0,0.0,0.0,0.0,0.0,0.0,0.0,0.0,1.0,1.0,0.0,0.0,3.0,0,10
Liverpool,2021-10-26,18985,9.851457144441744,0.0,0.0,0.0,0.0,0.0,0.0,0.0,0.0,0.0,0.0,0.0,0.0,3.0,1,10
Liverpool,2021-10-27,20196,9.913289357508388,0.0,0.0,0.0,0.0,0.0,0.0,0.0,0.0,0.0,0.0,0.0,0.0,3.0,2,10
Liverpool,2021-10-28,14923,9.610725934341048,0.0,0.0,0.0,0.0,0.0,0.0,0.0,0.0,0.0,0.0,0.0,0.0,3.0,3,10
Liverpool,2021-10-29,11837,9.37906997525067,0.0,0.0,0.0,0.0,0.0,0.0,0.0,0.0,0.0,0.0,0.0,0.0,0.0,4,10
Liverpool,2021-10-30,15645,9.657970572245025,1.0,1.0,2.0,2.0,0.0,0.0,1.0,0.0,0.0,0.0,0.0,0.0,1.0,5,10
Liverpool,2021-10-31,11186,9.32250766884693,0.0,0.0,0.0,0.0,0.0,0.0,0.0,0.0,1.0,0.0,1.0,0.0,1.0,6,10
Liverpool,2021-11-01,9690,9.17895289873455,0.0,0.0,0.0,0.0,0.0,0.0,0.0,0.0,0.0,0.0,0.0,0.0,1.0,0,11
Liverpool,2021-11-02,10044,9.214830277249035,0.0,0.0,0.0,0.0,0.0,0.0,0.0,0.0,0.0,0.0,0.0,0.0,1.0,1,11
Liverpool,2021-11-03,16259,9.696463383101802,0.0,0.0,0.0,0.0,0.0,0.0,0.0,0.0,0.0,0.0,0.0,0.0,1.0,2,11
Liverpool,2021-11-04,12803,9.457512901089753,0.0,0.0,0.0,0.0,0.0,0.0,0.0,0.0,0.0,0.0,0.0,0.0,0.0,3,11
Liverpool,2021-11-05,9834,9.19370273082316,0.0,0.0,0.0,0.0,0.0,0.0,0.0,0.0,0.0,0.0,0.0,0.0,0.0,4,11
Liverpool,2021-11-06,10806,9.287949351303165,0.0,0.0,0.0,0.0,0.0,0.0,0.0,0.0,0.0,0.0,0.0,0.0,0.0,5,11
Liverpool,2021-11-07,18063,9.801676286389442,1.0,0.0,2.0,3.0,-1.0,0.0,0.0,1.0,0.0,0.0,0.0,0.0,0.0,6,11
Liverpool,2021-11-08,10435,9.253016646256619,0.0,0.0,0.0,0.0,0.0,0.0,0.0,0.0,1.0,0.0,0.0,1.0,0.0,0,11
Liverpool,2021-11-09,8363,9.031692060548524,0.0,0.0,0.0,0.0,0.0,0.0,0.0,0.0,0.0,0.0,0.0,0.0,0.0,1,11
Liverpool,2021-11-10,9235,9.130864170474386,0.0,0.0,0.0,0.0,0.0,0.0,0.0,0.0,0.0,0.0,0.0,0.0,0.0,2,11
Liverpool,2021-11-11,9711,9.181117513299279,0.0,0.0,0.0,0.0,0.0,0.0,0.0,0.0,0.0,0.0,0.0,0.0,0.0,3,11
Liverpool,2021-11-12,7692,8.948066103458935,0.0,0.0,0.0,0.0,0.0,0.0,0.0,0.0,0.0,0.0,0.0,0.0,0.0,4,11
Liverpool,2021-11-13,7209,8.883224230278994,0.0,0.0,0.0,0.0,0.0,0.0,0.0,0.0,0.0,0.0,0.0,0.0,0.0,5,11
Liverpool,2021-11-14,6788,8.823058934301647,0.0,0.0,0.0,0.0,0.0,0.0,0.0,0.0,0.0,0.0,0.0,0.0,0.0,6,11
Liverpool,2021-11-15,7182,8.879472402074802,0.0,0.0,0.0,0.0,0.0,0.0,0.0,0.0,0.0,0.0,0.0,0.0,0.0,0,11
Liverpool,2021-11-16,7300,8.895766604056085,0.0,0.0,0.0,0.0,0.0,0.0,0.0,0.0,0.0,0.0,0.0,0.0,0.0,1,11
Liverpool,2021-11-17,6988,8.85209276347713,0.0,0.0,0.0,0.0,0.0,0.0,0.0,0.0,0.0,0.0,0.0,0.0,0.0,2,11
Liverpool,2021-11-18,6907,8.84043543926657,0.0,0.0,0.0,0.0,0.0,0.0,0.0,0.0,0.0,0.0,0.0,0.0,0.0,3,11
Liverpool,2021-11-19,6843,8.831127635012084,0.0,0.0,0.0,0.0,0.0,0.0,0.0,0.0,0.0,0.0,0.0,0.0,0.0,4,11
Liverpool,2021-11-20,16930,9.736901540128232,1.0,1.0,4.0,0.0,4.0,1.0,0.0,0.0,0.0,0.0,0.0,0.0,3.0,5,11
Liverpool,2021-11-21,15316,9.636718601664555,0.0,0.0,0.0,0.0,0.0,0.0,0.0,0.0,1.0,1.0,0.0,0.0,3.0,6,11
Liverpool,2021-11-22,11099,9.314700387300425,0.0,0.0,0.0,0.0,0.0,0.0,0.0,0.0,0.0,0.0,0.0,0.0,3.0,0,11
Liverpool,2021-11-23,9922,9.202610573914242,0.0,0.0,0.0,0.0,0.0,0.0,0.0,0.0,0.0,0.0,0.0,0.0,3.0,1,11
Liverpool,2021-11-24,13442,9.506213803454253,0.0,0.0,0.0,0.0,0.0,0.0,0.0,0.0,0.0,0.0,0.0,0.0,3.0,2,11
Liverpool,2021-11-25,11508,9.350884616968491,0.0,0.0,0.0,0.0,0.0,0.0,0.0,0.0,0.0,0.0,0.0,0.0,0.0,3,11
Liverpool,2021-11-26,8974,9.10219821335648,0.0,0.0,0.0,0.0,0.0,0.0,0.0,0.0,0.0,0.0,0.0,0.0,0.0,4,11
Liverpool,2021-11-27,15247,9.632203625893982,1.0,1.0,4.0,0.0,4.0,1.0,0.0,0.0,0.0,0.0,0.0,0.0,3.0,5,11
Liverpool,2021-11-28,12138,9.404178688897805,0.0,0.0,0.0,0.0,0.0,0.0,0.0,0.0,1.0,1.0,0.0,0.0,3.0,6,11
Liverpool,2021-11-29,10711,9.279119887371008,0.0,0.0,0.0,0.0,0.0,0.0,0.0,0.0,0.0,0.0,0.0,0.0,3.0,0,11
Liverpool,2021-11-30,10576,9.266437111328052,0.0,0.0,0.0,0.0,0.0,0.0,0.0,0.0,0.0,0.0,0.0,0.0,3.0,1,11
Liverpool,2021-12-01,16085,9.685704607464015,1.0,0.0,4.0,1.0,3.0,1.0,0.0,0.0,0.0,0.0,0.0,0.0,6.0,2,12
Liverpool,2021-12-02,15254,9.63266259715077,0.0,0.0,0.0,0.0,0.0,0.0,0.0,0.0,1.0,1.0,0.0,0.0,3.0,3,12
Liverpool,2021-12-03,10840,9.291090521661292,0.0,0.0,0.0,0.0,0.0,0.0,0.0,0.0,0.0,0.0,0.0,0.0,3.0,4,12
Liverpool,2021-12-04,16116,9.687629894522718,1.0,0.0,1.0,0.0,1.0,1.0,0.0,0.0,0.0,0.0,0.0,0.0,6.0,5,12
Liverpool,2021-12-05,12360,9.422301633887823,0.0,0.0,0.0,0.0,0.0,0.0,0.0,0.0,1.0,1.0,0.0,0.0,6.0,6,12
Liverpool,2021-12-06,11112,9.315870873185647,0.0,0.0,0.0,0.0,0.0,0.0,0.0,0.0,0.0,0.0,0.0,0.0,3.0,0,12
Liverpool,2021-12-07,16413,9.705889908189658,0.0,0.0,0.0,0.0,0.0,0.0,0.0,0.0,0.0,0.0,0.0,0.0,3.0,1,12
Liverpool,2021-12-08,14033,9.549238235812235,0.0,0.0,0.0,0.0,0.0,0.0,0.0,0.0,0.0,0.0,0.0,0.0,3.0,2,12
Liverpool,2021-12-09,10163,9.226607344440055,0.0,0.0,0.0,0.0,0.0,0.0,0.0,0.0,0.0,0.0,0.0,0.0,0.0,3,12
Liverpool,2021-12-10,9286,9.13637085177601,0.0,0.0,0.0,0.0,0.0,0.0,0.0,0.0,0.0,0.0,0.0,0.0,0.0,4,12
Liverpool,2021-12-11,15328,9.637501738166108,1.0,1.0,1.0,0.0,1.0,1.0,0.0,0.0,0.0,0.0,0.0,0.0,3.0,5,12
Liverpool,2021-12-12,10356,9.24541789858888,0.0,0.0,0.0,0.0,0.0,0.0,0.0,0.0,1.0,1.0,0.0,0.0,3.0,6,12
Liverpool,2021-12-13,10253,9.235423152343646,0.0,0.0,0.0,0.0,0.0,0.0,0.0,0.0,0.0,0.0,0.0,0.0,3.0,0,12
Liverpool,2021-12-14,9329,9.140990293841389,0.0,0.0,0.0,0.0,0.0,0.0,0.0,0.0,0.0,0.0,0.0,0.0,3.0,1,12
Liverpool,2021-12-15,8901,9.0940312495758,0.0,0.0,0.0,0.0,0.0,0.0,0.0,0.0,0.0,0.0,0.0,0.0,3.0,2,12
Liverpool,2021-12-16,13285,9.494466128225186,1.0,1.0,3.0,1.0,2.0,1.0,0.0,0.0,0.0,0.0,0.0,0.0,3.0,3,12
Liverpool,2021-12-17,11346,9.336708670790989,0.0,0.0,0.0,0.0,0.0,0.0,0.0,0.0,1.0,1.0,0.0,0.0,3.0,4,12
Liverpool,2021-12-18,8829,9.085910293598007,0.0,0.0,0.0,0.0,0.0,0.0,0.0,0.0,0.0,0.0,0.0,0.0,3.0,5,12
Liverpool,2021-12-19,15190,9.628458426207663,1.0,0.0,2.0,2.0,0.0,0.0,1.0,0.0,0.0,0.0,0.0,0.0,4.0,6,12
Liverpool,2021-12-20,9010,9.106201332235038,0.0,0.0,0.0,0.0,0.0,0.0,0.0,0.0,1.0,0.0,1.0,0.0,4.0,0,12
Liverpool,2021-12-21,8185,9.010180657052349,0.0,0.0,0.0,0.0,0.0,0.0,0.0,0.0,0.0,0.0,0.0,0.0,1.0,1,12
Liverpool,2021-12-22,14577,9.587268821942159,0.0,0.0,0.0,0.0,0.0,0.0,0.0,0.0,0.0,0.0,0.0,0.0,1.0,2,12
Liverpool,2021-12-23,12830,9.459619396895018,0.0,0.0,0.0,0.0,0.0,0.0,0.0,0.0,0.0,0.0,0.0,0.0,1.0,3,12
Liverpool,2021-12-24,8509,9.04899722156742,0.0,0.0,0.0,0.0,0.0,0.0,0.0,0.0,0.0,0.0,0.0,0.0,0.0,4,12
Liverpool,2021-12-25,7563,8.931155429778348,0.0,0.0,0.0,0.0,0.0,0.0,0.0,0.0,0.0,0.0,0.0,0.0,0.0,5,12
Liverpool,2021-12-26,13180,9.486531677712465,0.0,0.0,0.0,0.0,0.0,0.0,0.0,0.0,0.0,0.0,0.0,0.0,0.0,6,12
Liverpool,2021-12-27,8897,9.093581811365986,0.0,0.0,0.0,0.0,0.0,0.0,0.0,0.0,0.0,0.0,0.0,0.0,0.0,0,12
Liverpool,2021-12-28,13233,9.490544554572004,1.0,0.0,0.0,1.0,-1.0,0.0,0.0,1.0,0.0,0.0,0.0,0.0,0.0,1,12
Liverpool,2021-12-29,9453,9.154193211353181,0.0,0.0,0.0,0.0,0.0,0.0,0.0,0.0,1.0,0.0,0.0,1.0,0.0,2,12
Liverpool,2021-12-30,7847,8.9680140012452,0.0,0.0,0.0,0.0,0.0,0.0,0.0,0.0,0.0,0.0,0.0,0.0,0.0,3,12
Liverpool,2021-12-31,6748,8.817149624743406,0.0,0.0,0.0,0.0,0.0,0.0,0.0,0.0,0.0,0.0,0.0,0.0,0.0,4,12
Liverpool,2022-01-01,8180,9.009569671513699,0.0,0.0,0.0,0.0,0.0,0.0,0.0,0.0,0.0,0.0,0.0,0.0,0.0,5,1
Liverpool,2022-01-02,24913,10.123185173446037,1.0,0.0,2.0,2.0,0.0,0.0,1.0,0.0,0.0,0.0,0.0,0.0,1.0,6,1
Liverpool,2022-01-03,12511,9.434443462785092,0.0,0.0,0.0,0.0,0.0,0.0,0.0,0.0,1.0,0.0,1.0,0.0,1.0,0,1
Liverpool,2022-01-04,9960,9.206432747145165,0.0,0.0,0.0,0.0,0.0,0.0,0.0,0.0,0.0,0.0,0.0,0.0,1.0,1,1
Liverpool,2022-01-05,10950,9.301186055275759,0.0,0.0,0.0,0.0,0.0,0.0,0.0,0.0,0.0,0.0,0.0,0.0,1.0,2,1
Liverpool,2022-01-06,9711,9.181117513299279,0.0,0.0,0.0,0.0,0.0,0.0,0.0,0.0,0.0,0.0,0.0,0.0,1.0,3,1
Liverpool,2022-01-07,9804,9.190647738630446,0.0,0.0,0.0,0.0,0.0,0.0,0.0,0.0,0.0,0.0,0.0,0.0,0.0,4,1
Liverpool,2022-01-08,10056,9.21602418844448,0.0,0.0,0.0,0.0,0.0,0.0,0.0,0.0,0.0,0.0,0.0,0.0,0.0,5,1
Liverpool,2022-01-09,15735,9.663706360068895,0.0,0.0,0.0,0.0,0.0,0.0,0.0,0.0,0.0,0.0,0.0,0.0,0.0,6,1
Liverpool,2022-01-10,10834,9.29053691397046,0.0,0.0,0.0,0.0,0.0,0.0,0.0,0.0,0.0,0.0,0.0,0.0,0.0,0,1
Liverpool,2022-01-11,9504,9.15957325492253,0.0,0.0,0.0,0.0,0.0,0.0,0.0,0.0,0.0,0.0,0.0,0.0,0.0,1,1
Liverpool,2022-01-12,9293,9.137124309644923,0.0,0.0,0.0,0.0,0.0,0.0,0.0,0.0,0.0,0.0,0.0,0.0,0.0,2,1
Liverpool,2022-01-13,13677,9.523543981658042,0.0,0.0,0.0,0.0,0.0,0.0,0.0,0.0,0.0,0.0,0.0,0.0,0.0,3,1
Liverpool,2022-01-14,8876,9.09121894106832,0.0,0.0,0.0,0.0,0.0,0.0,0.0,0.0,0.0,0.0,0.0,0.0,0.0,4,1
Liverpool,2022-01-15,9802,9.190443740261726,0.0,0.0,0.0,0.0,0.0,0.0,0.0,0.0,0.0,0.0,0.0,0.0,0.0,5,1
Liverpool,2022-01-16,14632,9.591034531092426,1.0,1.0,3.0,0.0,3.0,1.0,0.0,0.0,0.0,0.0,0.0,0.0,3.0,6,1
Liverpool,2022-01-17,9990,9.209439966733019,0.0,0.0,0.0,0.0,0.0,0.0,0.0,0.0,1.0,1.0,0.0,0.0,3.0,0,1
Liverpool,2022-01-18,8434,9.040144994980068,0.0,0.0,0.0,0.0,0.0,0.0,0.0,0.0,0.0,0.0,0.0,0.0,3.0,1,1
Liverpool,2022-01-19,8642,9.064505023752638,0.0,0.0,0.0,0.0,0.0,0.0,0.0,0.0,0.0,0.0,0.0,0.0,3.0,2,1
Liverpool,2022-01-20,16351,9.702105493003431,0.0,0.0,0.0,0.0,0.0,0.0,0.0,0.0,0.0,0.0,0.0,0.0,3.0,3,1
Liverpool,2022-01-21,12218,9.410747396316522,0.0,0.0,0.0,0.0,0.0,0.0,0.0,0.0,0.0,0.0,0.0,0.0,0.0,4,1
Liverpool,2022-01-22,9835,9.193804403336083,0.0,0.0,0.0,0.0,0.0,0.0,0.0,0.0,0.0,0.0,0.0,0.0,0.0,5,1
Liverpool,2022-01-23,13199,9.487972108574462,1.0,0.0,3.0,1.0,2.0,1.0,0.0,0.0,0.0,0.0,0.0,0.0,3.0,6,1
Liverpool,2022-01-24,8813,9.084096645401932,0.0,0.0,0.0,0.0,0.0,0.0,0.0,0.0,1.0,1.0,0.0,0.0,3.0,0,1
Liverpool,2022-01-25,8289,9.022805248129341,0.0,0.0,0.0,0.0,0.0,0.0,0.0,0.0,0.0,0.0,0.0,0.0,3.0,1,1
Liverpool,2022-01-26,8281,9.021839764105513,0.0,0.0,0.0,0.0,0.0,0.0,0.0,0.0,0.0,0.0,0.0,0.0,3.0,2,1
Liverpool,2022-01-27,7778,8.959183074206774,0.0,0.0,0.0,0.0,0.0,0.0,0.0,0.0,0.0,0.0,0.0,0.0,3.0,3,1
Liverpool,2022-01-28,11526,9.352447388601012,0.0,0.0,0.0,0.0,0.0,0.0,0.0,0.0,0.0,0.0,0.0,0.0,0.0,4,1
Liverpool,2022-01-29,10222,9.232395362757014,0.0,0.0,0.0,0.0,0.0,0.0,0.0,0.0,0.0,0.0,0.0,0.0,0.0,5,1
Liverpool,2022-01-30,20885,9.946834357039494,0.0,0.0,0.0,0.0,0.0,0.0,0.0,0.0,0.0,0.0,0.0,0.0,0.0,6,1
Liverpool,2022-01-31,15913,9.67495450393748,0.0,0.0,0.0,0.0,0.0,0.0,0.0,0.0,0.0,0.0,0.0,0.0,0.0,0,1
Liverpool,2022-02-01,14048,9.550306497851652,0.0,0.0,0.0,0.0,0.0,0.0,0.0,0.0,0.0,0.0,0.0,0.0,0.0,1,2
Liverpool,2022-02-02,10404,9.250041738827735,0.0,0.0,0.0,0.0,0.0,0.0,0.0,0.0,0.0,0.0,0.0,0.0,0.0,2,2
Liverpool,2022-02-03,9752,9.185330208972015,0.0,0.0,0.0,0.0,0.0,0.0,0.0,0.0,0.0,0.0,0.0,0.0,0.0,3,2
Liverpool,2022-02-04,9864,9.196748418456716,0.0,0.0,0.0,0.0,0.0,0.0,0.0,0.0,0.0,0.0,0.0,0.0,0.0,4,2
Liverpool,2022-02-05,10463,9.25569607369698,0.0,0.0,0.0,0.0,0.0,0.0,0.0,0.0,0.0,0.0,0.0,0.0,0.0,5,2
Liverpool,2022-02-06,19603,9.883488906029438,0.0,0.0,0.0,0.0,0.0,0.0,0.0,0.0,0.0,0.0,0.0,0.0,0.0,6,2
Liverpool,2022-02-07,12259,9.414097209490203,0.0,0.0,0.0,0.0,0.0,0.0,0.0,0.0,0.0,0.0,0.0,0.0,0.0,0,2
Liverpool,2022-02-08,9594,9.1689974084418,0.0,0.0,0.0,0.0,0.0,0.0,0.0,0.0,0.0,0.0,0.0,0.0,0.0,1,2
Liverpool,2022-02-09,9188,9.125762395500885,0.0,0.0,0.0,0.0,0.0,0.0,0.0,0.0,0.0,0.0,0.0,0.0,0.0,2,2
Liverpool,2022-02-10,13846,9.535823881654714,1.0,1.0,2.0,0.0,2.0,1.0,0.0,0.0,0.0,0.0,0.0,0.0,3.0,3,2
Liverpool,2022-02-11,11420,9.343209045050607,0.0,0.0,0.0,0.0,0.0,0.0,0.0,0.0,1.0,1.0,0.0,0.0,3.0,4,2
Liverpool,2022-02-12,11738,9.370671910878523,0.0,0.0,0.0,0.0,0.0,0.0,0.0,0.0,0.0,0.0,0.0,0.0,3.0,5,2
Liverpool,2022-02-13,15660,9.658928824466434,1.0,0.0,1.0,0.0,1.0,1.0,0.0,0.0,0.0,0.0,0.0,0.0,6.0,6,2
Liverpool,2022-02-14,9755,9.18563775933581,0.0,0.0,0.0,0.0,0.0,0.0,0.0,0.0,1.0,1.0,0.0,0.0,6.0,0,2
Liverpool,2022-02-15,9685,9.178436822963175,0.0,0.0,0.0,0.0,0.0,0.0,0.0,0.0,0.0,0.0,0.0,0.0,3.0,1,2
Liverpool,2022-02-16,18780,9.840600999480937,0.0,0.0,0.0,0.0,0.0,0.0,0.0,0.0,0.0,0.0,0.0,0.0,3.0,2,2
Liverpool,2022-02-17,13689,9.524420918282495,0.0,0.0,0.0,0.0,0.0,0.0,0.0,0.0,0.0,0.0,0.0,0.0,3.0,3,2
Liverpool,2022-02-18,9484,9.157466882369114,0.0,0.0,0.0,0.0,0.0,0.0,0.0,0.0,0.0,0.0,0.0,0.0,0.0,4,2
Liverpool,2022-02-19,16836,9.7313341246578,1.0,1.0,3.0,1.0,2.0,1.0,0.0,0.0,0.0,0.0,0.0,0.0,3.0,5,2
Liverpool,2022-02-20,14803,9.602652693506046,0.0,0.0,0.0,0.0,0.0,0.0,0.0,0.0,1.0,1.0,0.0,0.0,3.0,6,2
Liverpool,2022-02-21,10918,9.298259670014065,0.0,0.0,0.0,0.0,0.0,0.0,0.0,0.0,0.0,0.0,0.0,0.0,3.0,0,2
Liverpool,2022-02-22,10213,9.23151460720759,0.0,0.0,0.0,0.0,0.0,0.0,0.0,0.0,0.0,0.0,0.0,0.0,3.0,1,2
Liverpool,2022-02-23,15046,9.618933914758879,1.0,1.0,6.0,0.0,6.0,1.0,0.0,0.0,0.0,0.0,0.0,0.0,6.0,2,2
Liverpool,2022-02-24,13600,9.517898598432753,0.0,0.0,0.0,0.0,0.0,0.0,0.0,0.0,1.0,1.0,0.0,0.0,3.0,3,2
Liverpool,2022-02-25,10084,9.218804450388312,0.0,0.0,0.0,0.0,0.0,0.0,0.0,0.0,0.0,0.0,0.0,0.0,3.0,4,2
Liverpool,2022-02-26,10997,9.30546871706776,0.0,0.0,0.0,0.0,0.0,0.0,0.0,0.0,0.0,0.0,0.0,0.0,3.0,5,2
Liverpool,2022-02-27,57561,10.960617906749297,0.0,0.0,0.0,0.0,0.0,0.0,0.0,0.0,0.0,0.0,0.0,0.0,3.0,6,2
Liverpool,2022-02-28,40864,10.61802922995023,0.0,0.0,0.0,0.0,0.0,0.0,0.0,0.0,0.0,0.0,0.0,0.0,0.0,0,2
Liverpool,2022-03-01,18455,9.823144799853589,0.0,0.0,0.0,0.0,0.0,0.0,0.0,0.0,0.0,0.0,0.0,0.0,0.0,1,3
Liverpool,2022-03-02,20133,9.910165207289369,0.0,0.0,0.0,0.0,0.0,0.0,0.0,0.0,0.0,0.0,0.0,0.0,0.0,2,3
Liverpool,2022-03-03,15577,9.653614941479894,0.0,0.0,0.0,0.0,0.0,0.0,0.0,0.0,0.0,0.0,0.0,0.0,0.0,3,3
Liverpool,2022-03-04,10340,9.243871855184976,0.0,0.0,0.0,0.0,0.0,0.0,0.0,0.0,0.0,0.0,0.0,0.0,0.0,4,3
Liverpool,2022-03-05,15537,9.651043915510366,1.0,1.0,1.0,0.0,1.0,1.0,0.0,0.0,0.0,0.0,0.0,0.0,3.0,5,3
Liverpool,2022-03-06,13030,9.475086413144906,0.0,0.0,0.0,0.0,0.0,0.0,0.0,0.0,1.0,1.0,0.0,0.0,3.0,6,3
Liverpool,2022-03-07,11637,9.362030885216615,0.0,0.0,0.0,0.0,0.0,0.0,0.0,0.0,0.0,0.0,0.0,0.0,3.0,0,3
Liverpool,2022-03-08,16713,9.724001970561382,0.0,0.0,0.0,0.0,0.0,0.0,0.0,0.0,0.0,0.0,0.0,0.0,3.0,1,3
Liverpool,2022-03-09,11672,9.365033761652663,0.0,0.0,0.0,0.0,0.0,0.0,0.0,0.0,0.0,0.0,0.0,0.0,3.0,2,3
Liverpool,2022-03-10,10786,9.28609698437543,0.0,0.0,0.0,0.0,0.0,0.0,0.0,0.0,0.0,0.0,0.0,0.0,0.0,3,3
Liverpool,2022-03-11,9816,9.191870855692521,0.0,0.0,0.0,0.0,0.0,0.0,0.0,0.0,0.0,0.0,0.0,0.0,0.0,4,3
Liverpool,2022-03-12,15594,9.654705629041903,1.0,0.0,2.0,0.0,2.0,1.0,0.0,0.0,0.0,0.0,0.0,0.0,3.0,5,3
Liverpool,2022-03-13,11181,9.32206062158659,0.0,0.0,0.0,0.0,0.0,0.0,0.0,0.0,1.0,1.0,0.0,0.0,3.0,6,3
Liverpool,2022-03-14,10620,9.27058845232154,0.0,0.0,0.0,0.0,0.0,0.0,0.0,0.0,0.0,0.0,0.0,0.0,3.0,0,3
Liverpool,2022-03-15,13843,9.535607204755236,0.0,0.0,0.0,0.0,0.0,0.0,0.0,0.0,0.0,0.0,0.0,0.0,3.0,1,3
Liverpool,2022-03-16,20392,9.922946983692347,1.0,0.0,2.0,0.0,2.0,1.0,0.0,0.0,0.0,0.0,0.0,0.0,6.0,2,3
Liverpool,2022-03-17,16834,9.731215331595175,0.0,0.0,0.0,0.0,0.0,0.0,0.0,0.0,1.0,1.0,0.0,0.0,3.0,3,3
Liverpool,2022-03-18,13191,9.487365864239434,0.0,0.0,0.0,0.0,0.0,0.0,0.0,0.0,0.0,0.0,0.0,0.0,3.0,4,3
Liverpool,2022-03-19,12310,9.418248450647615,0.0,0.0,0.0,0.0,0.0,0.0,0.0,0.0,0.0,0.0,0.0,0.0,3.0,5,3
Liverpool,2022-03-20,17375,9.762845222733661,0.0,0.0,0.0,0.0,0.0,0.0,0.0,0.0,0.0,0.0,0.0,0.0,3.0,6,3
Liverpool,2022-03-21,12068,9.398395460617898,0.0,0.0,0.0,0.0,0.0,0.0,0.0,0.0,0.0,0.0,0.0,0.0,0.0,0,3
Liverpool,2022-03-22,11104,9.315150736328528,0.0,0.0,0.0,0.0,0.0,0.0,0.0,0.0,0.0,0.0,0.0,0.0,0.0,1,3
Liverpool,2022-03-23,9127,9.119101891541911,0.0,0.0,0.0,0.0,0.0,0.0,0.0,0.0,0.0,0.0,0.0,0.0,0.0,2,3
Liverpool,2022-03-24,8578,9.057072635572965,0.0,0.0,0.0,0.0,0.0,0.0,0.0,0.0,0.0,0.0,0.0,0.0,0.0,3,3
Liverpool,2022-03-25,7635,8.940629184845639,0.0,0.0,0.0,0.0,0.0,0.0,0.0,0.0,0.0,0.0,0.0,0.0,0.0,4,3
Liverpool,2022-03-26,7904,8.975250749643573,0.0,0.0,0.0,0.0,0.0,0.0,0.0,0.0,0.0,0.0,0.0,0.0,0.0,5,3
Liverpool,2022-03-27,7227,8.885717651712119,0.0,0.0,0.0,0.0,0.0,0.0,0.0,0.0,0.0,0.0,0.0,0.0,0.0,6,3
Liverpool,2022-03-28,6925,8.843037724962366,0.0,0.0,0.0,0.0,0.0,0.0,0.0,0.0,0.0,0.0,0.0,0.0,0.0,0,3
Liverpool,2022-03-29,7673,8.945593270806897,0.0,0.0,0.0,0.0,0.0,0.0,0.0,0.0,0.0,0.0,0.0,0.0,0.0,1,3
Liverpool,2022-03-30,7796,8.9614943233096,0.0,0.0,0.0,0.0,0.0,0.0,0.0,0.0,0.0,0.0,0.0,0.0,0.0,2,3
Liverpool,2022-03-31,7790,8.960724500330858,0.0,0.0,0.0,0.0,0.0,0.0,0.0,0.0,0.0,0.0,0.0,0.0,0.0,3,3
Liverpool,2022-04-01,7525,8.926118971153382,0.0,0.0,0.0,0.0,0.0,0.0,0.0,0.0,0.0,0.0,0.0,0.0,0.0,4,4
Liverpool,2022-04-02,13446,9.50651131182387,1.0,1.0,2.0,0.0,2.0,1.0,0.0,0.0,0.0,0.0,0.0,0.0,3.0,5,4
Liverpool,2022-04-03,10310,9.240966565517944,0.0,0.0,0.0,0.0,0.0,0.0,0.0,0.0,1.0,1.0,0.0,0.0,3.0,6,4
Liverpool,2022-04-04,9901,9.200492035921368,0.0,0.0,0.0,0.0,0.0,0.0,0.0,0.0,0.0,0.0,0.0,0.0,3.0,0,4
Liverpool,2022-04-05,18787,9.840973647146885,0.0,0.0,0.0,0.0,0.0,0.0,0.0,0.0,0.0,0.0,0.0,0.0,3.0,1,4
Liverpool,2022-04-06,14419,9.57637141083894,0.0,0.0,0.0,0.0,0.0,0.0,0.0,0.0,0.0,0.0,0.0,0.0,3.0,2,4
Liverpool,2022-04-07,11038,9.309189736018352,0.0,0.0,0.0,0.0,0.0,0.0,0.0,0.0,0.0,0.0,0.0,0.0,0.0,3,4
Liverpool,2022-04-08,10725,9.280425979542871,0.0,0.0,0.0,0.0,0.0,0.0,0.0,0.0,0.0,0.0,0.0,0.0,0.0,4,4
Liverpool,2022-04-09,11267,9.329722128996263,0.0,0.0,0.0,0.0,0.0,0.0,0.0,0.0,0.0,0.0,0.0,0.0,0.0,5,4
Liverpool,2022-04-10,26106,10.169958756585515,1.0,0.0,2.0,2.0,0.0,0.0,1.0,0.0,0.0,0.0,0.0,0.0,1.0,6,4
Liverpool,2022-04-11,12722,9.4511666581427,0.0,0.0,0.0,0.0,0.0,0.0,0.0,0.0,1.0,0.0,1.0,0.0,1.0,0,4
Liverpool,2022-04-12,12698,9.449278529189034,0.0,0.0,0.0,0.0,0.0,0.0,0.0,0.0,0.0,0.0,0.0,0.0,1.0,1,4
Liverpool,2022-04-13,21450,9.973526543316103,0.0,0.0,0.0,0.0,0.0,0.0,0.0,0.0,0.0,0.0,0.0,0.0,1.0,2,4
Liverpool,2022-04-14,16309,9.69953369561506,0.0,0.0,0.0,0.0,0.0,0.0,0.0,0.0,0.0,0.0,0.0,0.0,1.0,3,4
Liverpool,2022-04-15,12066,9.3982297330736,0.0,0.0,0.0,0.0,0.0,0.0,0.0,0.0,0.0,0.0,0.0,0.0,0.0,4,4
Liverpool,2022-04-16,30470,10.324530690607611,0.0,0.0,0.0,0.0,0.0,0.0,0.0,0.0,0.0,0.0,0.0,0.0,0.0,5,4
Liverpool,2022-04-17,20627,9.93440465517085,0.0,0.0,0.0,0.0,0.0,0.0,0.0,0.0,0.0,0.0,0.0,0.0,0.0,6,4
Liverpool,2022-04-18,16106,9.68700923909068,0.0,0.0,0.0,0.0,0.0,0.0,0.0,0.0,0.0,0.0,0.0,0.0,0.0,0,4
Liverpool,2022-04-19,30947,10.340063655669345,1.0,1.0,4.0,0.0,4.0,1.0,0.0,0.0,0.0,0.0,0.0,0.0,3.0,1,4
Liverpool,2022-04-20,28145,10.245160527556513,0.0,0.0,0.0,0.0,0.0,0.0,0.0,0.0,1.0,1.0,0.0,0.0,3.0,2,4
Liverpool,2022-04-21,17307,9.758924101344775,0.0,0.0,0.0,0.0,0.0,0.0,0.0,0.0,0.0,0.0,0.0,0.0,3.0,3,4
Liverpool,2022-04-22,13525,9.512369038134885,0.0,0.0,0.0,0.0,0.0,0.0,0.0,0.0,0.0,0.0,0.0,0.0,3.0,4,4
Liverpool,2022-04-23,14016,9.548026157663058,0.0,0.0,0.0,0.0,0.0,0.0,0.0,0.0,0.0,0.0,0.0,0.0,3.0,5,4
Liverpool,2022-04-24,25375,10.141559124434574,1.0,1.0,2.0,0.0,2.0,1.0,0.0,0.0,0.0,0.0,0.0,0.0,3.0,6,4
Liverpool,2022-04-25,17363,9.762154376419485,0.0,0.0,0.0,0.0,0.0,0.0,0.0,0.0,1.0,1.0,0.0,0.0,3.0,0,4
Liverpool,2022-04-26,16339,9.701371368413994,0.0,0.0,0.0,0.0,0.0,0.0,0.0,0.0,0.0,0.0,0.0,0.0,3.0,1,4
Liverpool,2022-04-27,34921,10.460872282082073,0.0,0.0,0.0,0.0,0.0,0.0,0.0,0.0,0.0,0.0,0.0,0.0,3.0,2,4
Liverpool,2022-04-28,28183,10.246509720021074,0.0,0.0,0.0,0.0,0.0,0.0,0.0,0.0,0.0,0.0,0.0,0.0,3.0,3,4
Liverpool,2022-04-29,17371,9.762614993654713,0.0,0.0,0.0,0.0,0.0,0.0,0.0,0.0,0.0,0.0,0.0,0.0,0.0,4,4
Liverpool,2022-04-30,21627,9.981744050501895,1.0,0.0,1.0,0.0,1.0,1.0,0.0,0.0,0.0,0.0,0.0,0.0,3.0,5,4
Liverpool,2022-05-01,15968,9.678404621840867,0.0,0.0,0.0,0.0,0.0,0.0,0.0,0.0,1.0,1.0,0.0,0.0,3.0,6,5
Liverpool,2022-05-02,14603,9.589050742775527,0.0,0.0,0.0,0.0,0.0,0.0,0.0,0.0,0.0,0.0,0.0,0.0,3.0,0,5
Liverpool,2022-05-03,38944,10.569905673354048,0.0,0.0,0.0,0.0,0.0,0.0,0.0,0.0,0.0,0.0,0.0,0.0,3.0,1,5
Liverpool,2022-05-04,44691,10.707549793667228,0.0,0.0,0.0,0.0,0.0,0.0,0.0,0.0,0.0,0.0,0.0,0.0,3.0,2,5
Liverpool,2022-05-05,34285,10.442492386567427,0.0,0.0,0.0,0.0,0.0,0.0,0.0,0.0,0.0,0.0,0.0,0.0,0.0,3,5
Liverpool,2022-05-06,19591,9.882876598632004,0.0,0.0,0.0,0.0,0.0,0.0,0.0,0.0,0.0,0.0,0.0,0.0,0.0,4,5
Liverpool,2022-05-07,27810,10.233186904869912,1.0,1.0,1.0,1.0,0.0,0.0,1.0,0.0,0.0,0.0,0.0,0.0,1.0,5,5
Liverpool,2022-05-08,18840,9.843790625278,0.0,0.0,0.0,0.0,0.0,0.0,0.0,0.0,1.0,0.0,1.0,0.0,1.0,6,5
Liverpool,2022-05-09,19124,9.858751658694736,0.0,0.0,0.0,0.0,0.0,0.0,0.0,0.0,0.0,0.0,0.0,0.0,1.0,0,5
Liverpool,2022-05-10,25151,10.132692695228933,1.0,0.0,2.0,1.0,1.0,1.0,0.0,0.0,0.0,0.0,0.0,0.0,4.0,1,5
Liverpool,2022-05-11,19818,9.894396352524348,0.0,0.0,0.0,0.0,0.0,0.0,0.0,0.0,1.0,1.0,0.0,0.0,4.0,2,5
Liverpool,2022-05-12,15793,9.667385400057526,0.0,0.0,0.0,0.0,0.0,0.0,0.0,0.0,0.0,0.0,0.0,0.0,3.0,3,5
Liverpool,2022-05-13,16196,9.692581318886397,0.0,0.0,0.0,0.0,0.0,0.0,0.0,0.0,0.0,0.0,0.0,0.0,3.0,4,5
Liverpool,2022-05-14,80962,11.301747539170728,0.0,0.0,0.0,0.0,0.0,0.0,0.0,0.0,0.0,0.0,0.0,0.0,3.0,5,5
Liverpool,2022-05-15,55018,10.915433859104379,0.0,0.0,0.0,0.0,0.0,0.0,0.0,0.0,0.0,0.0,0.0,0.0,0.0,6,5
Liverpool,2022-05-16,28379,10.253439950714034,0.0,0.0,0.0,0.0,0.0,0.0,0.0,0.0,0.0,0.0,0.0,0.0,0.0,0,5
Liverpool,2022-05-17,31492,10.357520577896485,1.0,0.0,2.0,1.0,1.0,1.0,0.0,0.0,0.0,0.0,0.0,0.0,3.0,1,5
Liverpool,2022-05-18,23350,10.058395088732475,0.0,0.0,0.0,0.0,0.0,0.0,0.0,0.0,1.0,1.0,0.0,0.0,3.0,2,5
Liverpool,2022-05-19,16708,9.723702775394143,0.0,0.0,0.0,0.0,0.0,0.0,0.0,0.0,0.0,0.0,0.0,0.0,3.0,3,5
Liverpool,2022-05-20,15741,9.664087578702395,0.0,0.0,0.0,0.0,0.0,0.0,0.0,0.0,0.0,0.0,0.0,0.0,3.0,4,5
Liverpool,2022-05-21,14933,9.611395771595648,0.0,0.0,0.0,0.0,0.0,0.0,0.0,0.0,0.0,0.0,0.0,0.0,3.0,5,5
Liverpool,2022-05-22,51784,10.85485581102298,1.0,1.0,3.0,1.0,2.0,1.0,0.0,0.0,0.0,0.0,0.0,0.0,3.0,6,5
Liverpool,2022-05-23,34005,10.43429225861743,0.0,0.0,0.0,0.0,0.0,0.0,0.0,0.0,1.0,1.0,0.0,0.0,3.0,0,5
Liverpool,2022-05-24,22463,10.019669306825538,0.0,0.0,0.0,0.0,0.0,0.0,0.0,0.0,0.0,0.0,0.0,0.0,3.0,1,5
Liverpool,2022-05-25,21581,9.97961491292368,0.0,0.0,0.0,0.0,0.0,0.0,0.0,0.0,0.0,0.0,0.0,0.0,3.0,2,5
Liverpool,2022-05-26,20419,9.924270091718656,0.0,0.0,0.0,0.0,0.0,0.0,0.0,0.0,0.0,0.0,0.0,0.0,3.0,3,5
Liverpool,2022-05-27,24372,10.101231241217606,0.0,0.0,0.0,0.0,0.0,0.0,0.0,0.0,0.0,0.0,0.0,0.0,0.0,4,5
Liverpool,2022-05-28,109323,11.602071229200641,0.0,0.0,0.0,0.0,0.0,0.0,0.0,0.0,0.0,0.0,0.0,0.0,0.0,5,5
Liverpool,2022-05-29,45508,10.72566538757657,0.0,0.0,0.0,0.0,0.0,0.0,0.0,0.0,0.0,0.0,0.0,0.0,0.0,6,5
Liverpool,2022-05-30,24137,10.091542641177844,0.0,0.0,0.0,0.0,0.0,0.0,0.0,0.0,0.0,0.0,0.0,0.0,0.0,0,5
Liverpool,2022-05-31,17321,9.75973264889099,0.0,0.0,0.0,0.0,0.0,0.0,0.0,0.0,0.0,0.0,0.0,0.0,0.0,1,5
Liverpool,2022-06-01,14561,9.586170674954657,0.0,0.0,0.0,0.0,0.0,0.0,0.0,0.0,0.0,0.0,0.0,0.0,0.0,2,6
Liverpool,2022-06-02,11250,9.328212292571072,0.0,0.0,0.0,0.0,0.0,0.0,0.0,0.0,0.0,0.0,0.0,0.0,0.0,3,6
Liverpool,2022-06-03,15770,9.665928089487558,0.0,0.0,0.0,0.0,0.0,0.0,0.0,0.0,0.0,0.0,0.0,0.0,0.0,4,6
Liverpool,2022-06-04,9835,9.193804403336083,0.0,0.0,0.0,0.0,0.0,0.0,0.0,0.0,0.0,0.0,0.0,0.0,0.0,5,6
Liverpool,2022-06-05,9817,9.191972714617998,0.0,0.0,0.0,0.0,0.0,0.0,0.0,0.0,0.0,0.0,0.0,0.0,0.0,6,6
Liverpool,2022-06-06,9808,9.191055610564316,0.0,0.0,0.0,0.0,0.0,0.0,0.0,0.0,0.0,0.0,0.0,0.0,0.0,0,6
Liverpool,2022-06-07,9314,9.13938128303569,0.0,0.0,0.0,0.0,0.0,0.0,0.0,0.0,0.0,0.0,0.0,0.0,0.0,1,6
Liverpool,2022-06-08,10058,9.216223035134337,0.0,0.0,0.0,0.0,0.0,0.0,0.0,0.0,0.0,0.0,0.0,0.0,0.0,2,6
Liverpool,2022-06-09,12597,9.441293350181875,0.0,0.0,0.0,0.0,0.0,0.0,0.0,0.0,0.0,0.0,0.0,0.0,0.0,3,6
Liverpool,2022-06-10,10987,9.304559047215164,0.0,0.0,0.0,0.0,0.0,0.0,0.0,0.0,0.0,0.0,0.0,0.0,0.0,4,6
Liverpool,2022-06-11,10938,9.30008966411979,0.0,0.0,0.0,0.0,0.0,0.0,0.0,0.0,0.0,0.0,0.0,0.0,0.0,5,6
Liverpool,2022-06-12,11639,9.36220272128543,0.0,0.0,0.0,0.0,0.0,0.0,0.0,0.0,0.0,0.0,0.0,0.0,0.0,6,6
Liverpool,2022-06-13,15767,9.665737848832556,0.0,0.0,0.0,0.0,0.0,0.0,0.0,0.0,0.0,0.0,0.0,0.0,0.0,0,6
Liverpool,2022-06-14,19160,9.860632242229698,0.0,0.0,0.0,0.0,0.0,0.0,0.0,0.0,0.0,0.0,0.0,0.0,0.0,1,6
Liverpool,2022-06-15,16529,9.712932190815069,0.0,0.0,0.0,0.0,0.0,0.0,0.0,0.0,0.0,0.0,0.0,0.0,0.0,2,6
Liverpool,2022-06-16,14949,9.612466578818832,0.0,0.0,0.0,0.0,0.0,0.0,0.0,0.0,0.0,0.0,0.0,0.0,0.0,3,6
Liverpool,2022-06-17,15027,9.61767040669386,0.0,0.0,0.0,0.0,0.0,0.0,0.0,0.0,0.0,0.0,0.0,0.0,0.0,4,6
Liverpool,2022-06-18,13150,9.484253080341965,0.0,0.0,0.0,0.0,0.0,0.0,0.0,0.0,0.0,0.0,0.0,0.0,0.0,5,6
Liverpool,2022-06-19,17504,9.770241833388766,0.0,0.0,0.0,0.0,0.0,0.0,0.0,0.0,0.0,0.0,0.0,0.0,0.0,6,6
Liverpool,2022-06-20,12856,9.46164368908425,0.0,0.0,0.0,0.0,0.0,0.0,0.0,0.0,0.0,0.0,0.0,0.0,0.0,0,6
Liverpool,2022-06-21,12804,9.457590998633625,0.0,0.0,0.0,0.0,0.0,0.0,0.0,0.0,0.0,0.0,0.0,0.0,0.0,1,6
Liverpool,2022-06-22,18129,9.805323303748898,0.0,0.0,0.0,0.0,0.0,0.0,0.0,0.0,0.0,0.0,0.0,0.0,0.0,2,6
Liverpool,2022-06-23,12815,9.458449669308141,0.0,0.0,0.0,0.0,0.0,0.0,0.0,0.0,0.0,0.0,0.0,0.0,0.0,3,6
Liverpool,2022-06-24,10094,9.219795530746937,0.0,0.0,0.0,0.0,0.0,0.0,0.0,0.0,0.0,0.0,0.0,0.0,0.0,4,6
Liverpool,2022-06-25,10752,9.282940064390527,0.0,0.0,0.0,0.0,0.0,0.0,0.0,0.0,0.0,0.0,0.0,0.0,0.0,5,6
Liverpool,2022-06-26,9645,9.174298600628918,0.0,0.0,0.0,0.0,0.0,0.0,0.0,0.0,0.0,0.0,0.0,0.0,0.0,6,6
Liverpool,2022-06-27,9999,9.210340371976184,0.0,0.0,0.0,0.0,0.0,0.0,0.0,0.0,0.0,0.0,0.0,0.0,0.0,0,6
Liverpool,2022-06-28,11533,9.353054474175359,0.0,0.0,0.0,0.0,0.0,0.0,0.0,0.0,0.0,0.0,0.0,0.0,0.0,1,6
Liverpool,2022-06-29,10014,9.211839248099919,0.0,0.0,0.0,0.0,0.0,0.0,0.0,0.0,0.0,0.0,0.0,0.0,0.0,2,6
Liverpool,2022-06-30,9088,9.11482017011877,0.0,0.0,0.0,0.0,0.0,0.0,0.0,0.0,0.0,0.0,0.0,0.0,0.0,3,6
Liverpool,2022-07-01,13179,9.486455808056498,0.0,0.0,0.0,0.0,0.0,0.0,0.0,0.0,0.0,0.0,0.0,0.0,0.0,4,7
Liverpool,2022-07-02,13836,9.535101442669385,0.0,0.0,0.0,0.0,0.0,0.0,0.0,0.0,0.0,0.0,0.0,0.0,0.0,5,7
Liverpool,2022-07-03,13659,9.522227133124781,0.0,0.0,0.0,0.0,0.0,0.0,0.0,0.0,0.0,0.0,0.0,0.0,0.0,6,7
Liverpool,2022-07-04,12400,9.425532393502772,0.0,0.0,0.0,0.0,0.0,0.0,0.0,0.0,0.0,0.0,0.0,0.0,0.0,0,7
Liverpool,2022-07-05,10707,9.278746404640243,0.0,0.0,0.0,0.0,0.0,0.0,0.0,0.0,0.0,0.0,0.0,0.0,0.0,1,7
Liverpool,2022-07-06,11308,9.333354147871328,0.0,0.0,0.0,0.0,0.0,0.0,0.0,0.0,0.0,0.0,0.0,0.0,0.0,2,7
Liverpool,2022-07-07,10941,9.300363874623772,0.0,0.0,0.0,0.0,0.0,0.0,0.0,0.0,0.0,0.0,0.0,0.0,0.0,3,7
Liverpool,2022-07-08,9770,9.187174093944343,0.0,0.0,0.0,0.0,0.0,0.0,0.0,0.0,0.0,0.0,0.0,0.0,0.0,4,7
Liverpool,2022-07-09,9552,9.164610520270008,0.0,0.0,0.0,0.0,0.0,0.0,0.0,0.0,0.0,0.0,0.0,0.0,0.0,5,7
Liverpool,2022-07-10,10805,9.28785681440401,0.0,0.0,0.0,0.0,0.0,0.0,0.0,0.0,0.0,0.0,0.0,0.0,0.0,6,7
Liverpool,2022-07-11,13112,9.481359383531425,0.0,0.0,0.0,0.0,0.0,0.0,0.0,0.0,0.0,0.0,0.0,0.0,0.0,0,7
Liverpool,2022-07-12,22342,10.014268351879487,0.0,0.0,0.0,0.0,0.0,0.0,0.0,0.0,0.0,0.0,0.0,0.0,0.0,1,7
Liverpool,2022-07-13,14133,9.5563385212508,0.0,0.0,0.0,0.0,0.0,0.0,0.0,0.0,0.0,0.0,0.0,0.0,0.0,2,7
Liverpool,2022-07-14,12122,9.402859753746583,0.0,0.0,0.0,0.0,0.0,0.0,0.0,0.0,0.0,0.0,0.0,0.0,0.0,3,7
Liverpool,2022-07-15,15077,9.620992006771647,0.0,0.0,0.0,0.0,0.0,0.0,0.0,0.0,0.0,0.0,0.0,0.0,0.0,4,7
Liverpool,2022-07-16,11351,9.337149218839878,0.0,0.0,0.0,0.0,0.0,0.0,0.0,0.0,0.0,0.0,0.0,0.0,0.0,5,7
Liverpool,2022-07-17,11500,9.350189267092581,0.0,0.0,0.0,0.0,0.0,0.0,0.0,0.0,0.0,0.0,0.0,0.0,0.0,6,7
Liverpool,2022-07-18,11569,9.356170820187723,0.0,0.0,0.0,0.0,0.0,0.0,0.0,0.0,0.0,0.0,0.0,0.0,0.0,0,7
Liverpool,2022-07-19,11716,9.368796057668156,0.0,0.0,0.0,0.0,0.0,0.0,0.0,0.0,0.0,0.0,0.0,0.0,0.0,1,7
Liverpool,2022-07-20,11367,9.338557669776936,0.0,0.0,0.0,0.0,0.0,0.0,0.0,0.0,0.0,0.0,0.0,0.0,0.0,2,7
Liverpool,2022-07-21,22812,10.035085827892875,0.0,0.0,0.0,0.0,0.0,0.0,0.0,0.0,0.0,0.0,0.0,0.0,0.0,3,7
Liverpool,2022-07-22,15053,9.619399015594476,0.0,0.0,0.0,0.0,0.0,0.0,0.0,0.0,0.0,0.0,0.0,0.0,0.0,4,7
Liverpool,2022-07-23,11216,9.325185763645223,0.0,0.0,0.0,0.0,0.0,0.0,0.0,0.0,0.0,0.0,0.0,0.0,0.0,5,7
Liverpool,2022-07-24,11654,9.363490551469857,0.0,0.0,0.0,0.0,0.0,0.0,0.0,0.0,0.0,0.0,0.0,0.0,0.0,6,7
Liverpool,2022-07-25,10745,9.282288871288767,0.0,0.0,0.0,0.0,0.0,0.0,0.0,0.0,0.0,0.0,0.0,0.0,0.0,0,7
Liverpool,2022-07-26,10160,9.22631214148588,0.0,0.0,0.0,0.0,0.0,0.0,0.0,0.0,0.0,0.0,0.0,0.0,0.0,1,7
Liverpool,2022-07-27,11781,9.374328222081633,0.0,0.0,0.0,0.0,0.0,0.0,0.0,0.0,0.0,0.0,0.0,0.0,0.0,2,7
Liverpool,2022-07-28,11026,9.308102089758679,0.0,0.0,0.0,0.0,0.0,0.0,0.0,0.0,0.0,0.0,0.0,0.0,0.0,3,7
Liverpool,2022-07-29,12005,9.393161803811788,0.0,0.0,0.0,0.0,0.0,0.0,0.0,0.0,0.0,0.0,0.0,0.0,0.0,4,7
Liverpool,2022-07-30,66583,11.106219587425931,0.0,0.0,0.0,0.0,0.0,0.0,0.0,0.0,0.0,0.0,0.0,0.0,0.0,5,7
Liverpool,2022-07-31,38351,10.554561956674165,0.0,0.0,0.0,0.0,0.0,0.0,0.0,0.0,0.0,0.0,0.0,0.0,0.0,6,7
Liverpool,2022-08-01,19783,9.892628809201252,0.0,0.0,0.0,0.0,0.0,0.0,0.0,0.0,0.0,0.0,0.0,0.0,0.0,0,8
Liverpool,2022-08-02,15520,9.649949224651184,0.0,0.0,0.0,0.0,0.0,0.0,0.0,0.0,0.0,0.0,0.0,0.0,0.0,1,8
Liverpool,2022-08-03,13552,9.514363204016016,0.0,0.0,0.0,0.0,0.0,0.0,0.0,0.0,0.0,0.0,0.0,0.0,0.0,2,8
Liverpool,2022-08-04,13546,9.513920399580737,0.0,0.0,0.0,0.0,0.0,0.0,0.0,0.0,0.0,0.0,0.0,0.0,0.0,3,8
Liverpool,2022-08-05,15924,9.675645480440364,0.0,0.0,0.0,0.0,0.0,0.0,0.0,0.0,0.0,0.0,0.0,0.0,0.0,4,8
Liverpool,2022-08-06,37890,10.542468895852291,1.0,0.0,2.0,2.0,0.0,0.0,1.0,0.0,0.0,0.0,0.0,0.0,1.0,5,8
Liverpool,2022-08-07,18200,9.809231816610408,0.0,0.0,0.0,0.0,0.0,0.0,0.0,0.0,1.0,0.0,1.0,0.0,1.0,6,8
Liverpool,2022-08-08,15011,9.616605160254911,0.0,0.0,0.0,0.0,0.0,0.0,0.0,0.0,0.0,0.0,0.0,0.0,1.0,0,8
Liverpool,2022-08-09,13772,9.530465432917332,0.0,0.0,0.0,0.0,0.0,0.0,0.0,0.0,0.0,0.0,0.0,0.0,1.0,1,8
Liverpool,2022-08-10,14168,9.558811758564227,0.0,0.0,0.0,0.0,0.0,0.0,0.0,0.0,0.0,0.0,0.0,0.0,1.0,2,8
Liverpool,2022-08-11,13633,9.52032195192273,0.0,0.0,0.0,0.0,0.0,0.0,0.0,0.0,0.0,0.0,0.0,0.0,0.0,3,8
Liverpool,2022-08-12,13120,9.481969279105716,0.0,0.0,0.0,0.0,0.0,0.0,0.0,0.0,0.0,0.0,0.0,0.0,0.0,4,8
Liverpool,2022-08-13,18045,9.800679332554447,0.0,0.0,0.0,0.0,0.0,0.0,0.0,0.0,0.0,0.0,0.0,0.0,0.0,5,8
Liverpool,2022-08-14,21099,9.957028319464158,0.0,0.0,0.0,0.0,0.0,0.0,0.0,0.0,0.0,0.0,0.0,0.0,0.0,6,8
Liverpool,2022-08-15,58094,10.969834880616963,1.0,1.0,1.0,1.0,0.0,0.0,1.0,0.0,0.0,0.0,0.0,0.0,1.0,0,8
Liverpool,2022-08-16,28228,10.248105097311578,0.0,0.0,0.0,0.0,0.0,0.0,0.0,0.0,1.0,0.0,1.0,0.0,1.0,1,8
Liverpool,2022-08-17,15987,9.679593719831214,0.0,0.0,0.0,0.0,0.0,0.0,0.0,0.0,0.0,0.0,0.0,0.0,1.0,2,8
Liverpool,2022-08-18,14080,9.552581649917311,0.0,0.0,0.0,0.0,0.0,0.0,0.0,0.0,0.0,0.0,0.0,0.0,1.0,3,8
Liverpool,2022-08-19,15542,9.651365655482898,0.0,0.0,0.0,0.0,0.0,0.0,0.0,0.0,0.0,0.0,0.0,0.0,1.0,4,8
Liverpool,2022-08-20,17209,9.753245889205585,0.0,0.0,0.0,0.0,0.0,0.0,0.0,0.0,0.0,0.0,0.0,0.0,0.0,5,8
Liverpool,2022-08-21,17368,9.762442287054013,0.0,0.0,0.0,0.0,0.0,0.0,0.0,0.0,0.0,0.0,0.0,0.0,0.0,6,8
Liverpool,2022-08-22,42577,10.659092966935683,1.0,0.0,1.0,2.0,-1.0,0.0,0.0,1.0,0.0,0.0,0.0,0.0,0.0,0,8
Liverpool,2022-08-23,25520,10.147256921643994,0.0,0.0,0.0,0.0,0.0,0.0,0.0,0.0,1.0,0.0,0.0,1.0,0.0,1,8
Liverpool,2022-08-24,18757,9.839375607068884,0.0,0.0,0.0,0.0,0.0,0.0,0.0,0.0,0.0,0.0,0.0,0.0,0.0,2,8
Liverpool,2022-08-25,16946,9.737846105993372,0.0,0.0,0.0,0.0,0.0,0.0,0.0,0.0,0.0,0.0,0.0,0.0,0.0,3,8
Liverpool,2022-08-26,17461,9.767782370370753,0.0,0.0,0.0,0.0,0.0,0.0,0.0,0.0,0.0,0.0,0.0,0.0,0.0,4,8
Liverpool,2022-08-27,54739,10.91034998259467,1.0,1.0,9.0,0.0,9.0,1.0,0.0,0.0,0.0,0.0,0.0,0.0,3.0,5,8
Liverpool,2022-08-28,26189,10.173132937501757,0.0,0.0,0.0,0.0,0.0,0.0,0.0,0.0,1.0,1.0,0.0,0.0,3.0,6,8
Liverpool,2022-08-29,19106,9.857810039039476,0.0,0.0,0.0,0.0,0.0,0.0,0.0,0.0,0.0,0.0,0.0,0.0,3.0,0,8
Liverpool,2022-08-30,18895,9.846705538437144,0.0,0.0,0.0,0.0,0.0,0.0,0.0,0.0,0.0,0.0,0.0,0.0,3.0,1,8
Liverpool,2022-08-31,44160,10.69559732562212,1.0,1.0,2.0,1.0,1.0,1.0,0.0,0.0,0.0,0.0,0.0,0.0,6.0,2,8
Liverpool,2022-09-01,43165,10.672808427318916,0.0,0.0,0.0,0.0,0.0,0.0,0.0,0.0,1.0,1.0,0.0,0.0,3.0,3,9
Liverpool,2022-09-02,35767,10.484808917913817,0.0,0.0,0.0,0.0,0.0,0.0,0.0,0.0,0.0,0.0,0.0,0.0,3.0,4,9
Liverpool,2022-09-03,64110,11.068371235050263,1.0,0.0,0.0,0.0,0.0,0.0,1.0,0.0,0.0,0.0,0.0,0.0,4.0,5,9
Liverpool,2022-09-04,23026,10.04442271945762,0.0,0.0,0.0,0.0,0.0,0.0,0.0,0.0,1.0,0.0,1.0,0.0,4.0,6,9
Liverpool,2022-09-05,18325,9.816076095525158,0.0,0.0,0.0,0.0,0.0,0.0,0.0,0.0,0.0,0.0,0.0,0.0,1.0,0,9
Liverpool,2022-09-06,20889,9.947025854550612,0.0,0.0,0.0,0.0,0.0,0.0,0.0,0.0,0.0,0.0,0.0,0.0,1.0,1,9
Liverpool,2022-09-07,57255,10.955287719418433,0.0,0.0,0.0,0.0,0.0,0.0,0.0,0.0,0.0,0.0,0.0,0.0,1.0,2,9
Liverpool,2022-09-08,39067,10.573058996567367,0.0,0.0,0.0,0.0,0.0,0.0,0.0,0.0,0.0,0.0,0.0,0.0,0.0,3,9
Liverpool,2022-09-09,13123,9.482197894080992,0.0,0.0,0.0,0.0,0.0,0.0,0.0,0.0,0.0,0.0,0.0,0.0,0.0,4,9
Liverpool,2022-09-10,11140,9.318387276059317,0.0,0.0,0.0,0.0,0.0,0.0,0.0,0.0,0.0,0.0,0.0,0.0,0.0,5,9
Liverpool,2022-09-11,10516,9.260748274520028,0.0,0.0,0.0,0.0,0.0,0.0,0.0,0.0,0.0,0.0,0.0,0.0,0.0,6,9
Liverpool,2022-09-12,9412,9.14984699154722,0.0,0.0,0.0,0.0,0.0,0.0,0.0,0.0,0.0,0.0,0.0,0.0,0.0,0,9
Liverpool,2022-09-13,18903,9.847128818866743,0.0,0.0,0.0,0.0,0.0,0.0,0.0,0.0,0.0,0.0,0.0,0.0,0.0,1,9
Liverpool,2022-09-14,13280,9.49408972140025,0.0,0.0,0.0,0.0,0.0,0.0,0.0,0.0,0.0,0.0,0.0,0.0,0.0,2,9
Liverpool,2022-09-15,10069,9.217315985712608,0.0,0.0,0.0,0.0,0.0,0.0,0.0,0.0,0.0,0.0,0.0,0.0,0.0,3,9
Liverpool,2022-09-16,9993,9.20974019190415,0.0,0.0,0.0,0.0,0.0,0.0,0.0,0.0,0.0,0.0,0.0,0.0,0.0,4,9
Liverpool,2022-09-17,10633,9.271811694064283,0.0,0.0,0.0,0.0,0.0,0.0,0.0,0.0,0.0,0.0,0.0,0.0,0.0,5,9
Liverpool,2022-09-18,9957,9.206131527202128,0.0,0.0,0.0,0.0,0.0,0.0,0.0,0.0,0.0,0.0,0.0,0.0,0.0,6,9
Liverpool,2022-09-19,7621,8.938794081433805,0.0,0.0,0.0,0.0,0.0,0.0,0.0,0.0,0.0,0.0,0.0,0.0,0.0,0,9
Liverpool,2022-09-20,7876,8.971702399703325,0.0,0.0,0.0,0.0,0.0,0.0,0.0,0.0,0.0,0.0,0.0,0.0,0.0,1,9
Liverpool,2022-09-21,7698,8.94884572927805,0.0,0.0,0.0,0.0,0.0,0.0,0.0,0.0,0.0,0.0,0.0,0.0,0.0,2,9
Liverpool,2022-09-22,7264,8.890823576004383,0.0,0.0,0.0,0.0,0.0,0.0,0.0,0.0,0.0,0.0,0.0,0.0,0.0,3,9
Liverpool,2022-09-23,6990,8.852378886511985,0.0,0.0,0.0,0.0,0.0,0.0,0.0,0.0,0.0,0.0,0.0,0.0,0.0,4,9
Liverpool,2022-09-24,6750,8.81744592104187,0.0,0.0,0.0,0.0,0.0,0.0,0.0,0.0,0.0,0.0,0.0,0.0,0.0,5,9
Liverpool,2022-09-25,6082,8.713253274320705,0.0,0.0,0.0,0.0,0.0,0.0,0.0,0.0,0.0,0.0,0.0,0.0,0.0,6,9
Liverpool,2022-09-26,9829,9.193194213141211,0.0,0.0,0.0,0.0,0.0,0.0,0.0,0.0,0.0,0.0,0.0,0.0,0.0,0,9
Liverpool,2022-09-27,10148,9.225130457448818,0.0,0.0,0.0,0.0,0.0,0.0,0.0,0.0,0.0,0.0,0.0,0.0,0.0,1,9
Liverpool,2022-09-28,7109,8.869257522797287,0.0,0.0,0.0,0.0,0.0,0.0,0.0,0.0,0.0,0.0,0.0,0.0,0.0,2,9
Liverpool,2022-09-29,7556,8.93022956502072,0.0,0.0,0.0,0.0,0.0,0.0,0.0,0.0,0.0,0.0,0.0,0.0,0.0,3,9
Liverpool,2022-09-30,9687,9.178643285232928,0.0,0.0,0.0,0.0,0.0,0.0,0.0,0.0,0.0,0.0,0.0,0.0,0.0,4,9
Liverpool,2022-10-01,29160,10.280587479087396,1.0,1.0,3.0,3.0,0.0,0.0,1.0,0.0,0.0,0.0,0.0,0.0,1.0,5,10
Liverpool,2022-10-02,13298,9.495444123413163,0.0,0.0,0.0,0.0,0.0,0.0,0.0,0.0,1.0,0.0,1.0,0.0,1.0,6,10
Liverpool,2022-10-03,10866,9.293485953062852,0.0,0.0,0.0,0.0,0.0,0.0,0.0,0.0,0.0,0.0,0.0,0.0,1.0,0,10
Liverpool,2022-10-04,19968,9.90193635004339,0.0,0.0,0.0,0.0,0.0,0.0,0.0,0.0,0.0,0.0,0.0,0.0,1.0,1,10
Liverpool,2022-10-05,15715,9.662434580678351,0.0,0.0,0.0,0.0,0.0,0.0,0.0,0.0,0.0,0.0,0.0,0.0,1.0,2,10
Liverpool,2022-10-06,10416,9.251194365984448,0.0,0.0,0.0,0.0,0.0,0.0,0.0,0.0,0.0,0.0,0.0,0.0,0.0,3,10
Liverpool,2022-10-07,9972,9.207636720401869,0.0,0.0,0.0,0.0,0.0,0.0,0.0,0.0,0.0,0.0,0.0,0.0,0.0,4,10
Liverpool,2022-10-08,10542,9.26321741157695,0.0,0.0,0.0,0.0,0.0,0.0,0.0,0.0,0.0,0.0,0.0,0.0,0.0,5,10
Liverpool,2022-10-09,46519,10.747637606632601,1.0,0.0,2.0,3.0,-1.0,0.0,0.0,1.0,0.0,0.0,0.0,0.0,0.0,6,10
Liverpool,2022-10-10,17462,9.767839635939845,0.0,0.0,0.0,0.0,0.0,0.0,0.0,0.0,1.0,0.0,0.0,1.0,0.0,0,10
Liverpool,2022-10-11,13978,9.545311482471128,0.0,0.0,0.0,0.0,0.0,0.0,0.0,0.0,0.0,0.0,0.0,0.0,0.0,1,10
Liverpool,2022-10-12,21277,9.96542895407631,0.0,0.0,0.0,0.0,0.0,0.0,0.0,0.0,0.0,0.0,0.0,0.0,0.0,2,10
Liverpool,2022-10-13,16292,9.698490846702954,0.0,0.0,0.0,0.0,0.0,0.0,0.0,0.0,0.0,0.0,0.0,0.0,0.0,3,10
Liverpool,2022-10-14,13580,9.516427036104067,0.0,0.0,0.0,0.0,0.0,0.0,0.0,0.0,0.0,0.0,0.0,0.0,0.0,4,10
Liverpool,2022-10-15,11890,9.38353709043758,0.0,0.0,0.0,0.0,0.0,0.0,0.0,0.0,0.0,0.0,0.0,0.0,0.0,5,10
Liverpool,2022-10-16,43311,10.676185011854082,1.0,1.0,1.0,0.0,1.0,1.0,0.0,0.0,0.0,0.0,0.0,0.0,3.0,6,10
Liverpool,2022-10-17,16433,9.707107638491133,0.0,0.0,0.0,0.0,0.0,0.0,0.0,0.0,1.0,1.0,0.0,0.0,3.0,0,10
Liverpool,2022-10-18,13454,9.507106063161006,0.0,0.0,0.0,0.0,0.0,0.0,0.0,0.0,0.0,0.0,0.0,0.0,3.0,1,10
Liverpool,2022-10-19,17765,9.785041797329646,1.0,1.0,1.0,0.0,1.0,1.0,0.0,0.0,0.0,0.0,0.0,0.0,6.0,2,10
Liverpool,2022-10-20,13674,9.523324627290181,0.0,0.0,0.0,0.0,0.0,0.0,0.0,0.0,1.0,1.0,0.0,0.0,6.0,3,10
Liverpool,2022-10-21,11745,9.371268036082466,0.0,0.0,0.0,0.0,0.0,0.0,0.0,0.0,0.0,0.0,0.0,0.0,3.0,4,10
Liverpool,2022-10-22,47461,10.767684669851963,1.0,0.0,0.0,1.0,-1.0,0.0,0.0,1.0,0.0,0.0,0.0,0.0,3.0,5,10
Liverpool,2022-10-23,11975,9.390659926099465,0.0,0.0,0.0,0.0,0.0,0.0,0.0,0.0,1.0,0.0,0.0,1.0,3.0,6,10
Liverpool,2022-10-24,8902,9.094143577573671,0.0,0.0,0.0,0.0,0.0,0.0,0.0,0.0,0.0,0.0,0.0,0.0,0.0,0,10
Liverpool,2022-10-25,9682,9.17812704961153,0.0,0.0,0.0,0.0,0.0,0.0,0.0,0.0,0.0,0.0,0.0,0.0,0.0,1,10
Liverpool,2022-10-26,17655,9.778830947936573,0.0,0.0,0.0,0.0,0.0,0.0,0.0,0.0,0.0,0.0,0.0,0.0,0.0,2,10
Liverpool,2022-10-27,12350,9.421492310438014,0.0,0.0,0.0,0.0,0.0,0.0,0.0,0.0,0.0,0.0,0.0,0.0,0.0,3,10
Liverpool,2022-10-28,8901,9.0940312495758,0.0,0.0,0.0,0.0,0.0,0.0,0.0,0.0,0.0,0.0,0.0,0.0,0.0,4,10
Liverpool,2022-10-29,26185,10.172980195787698,1.0,1.0,1.0,2.0,-1.0,0.0,0.0,1.0,0.0,0.0,0.0,0.0,0.0,5,10
Liverpool,2022-10-30,18877,9.84575250188489,0.0,0.0,0.0,0.0,0.0,0.0,0.0,0.0,1.0,0.0,0.0,1.0,0.0,6,10
Liverpool,2022-10-31,18559,9.828764006340192,0.0,0.0,0.0,0.0,0.0,0.0,0.0,0.0,0.0,0.0,0.0,0.0,0.0,0,10
Liverpool,2022-11-01,27167,10.209795089111074,0.0,0.0,0.0,0.0,0.0,0.0,0.0,0.0,0.0,0.0,0.0,0.0,0.0,1,11
Liverpool,2022-11-02,19125,9.858803944909488,0.0,0.0,0.0,0.0,0.0,0.0,0.0,0.0,0.0,0.0,0.0,0.0,0.0,2,11
Liverpool,2022-11-03,11107,9.31542084842669,0.0,0.0,0.0,0.0,0.0,0.0,0.0,0.0,0.0,0.0,0.0,0.0,0.0,3,11
Liverpool,2022-11-04,10612,9.269834943761822,0.0,0.0,0.0,0.0,0.0,0.0,0.0,0.0,0.0,0.0,0.0,0.0,0.0,4,11
Liverpool,2022-11-05,12373,9.423352776090933,0.0,0.0,0.0,0.0,0.0,0.0,0.0,0.0,0.0,0.0,0.0,0.0,0.0,5,11
Liverpool,2022-11-06,35340,10.472799042021169,1.0,0.0,2.0,1.0,1.0,1.0,0.0,0.0,0.0,0.0,0.0,0.0,3.0,6,11
Liverpool,2022-11-07,27559,10.224120725127595,0.0,0.0,0.0,0.0,0.0,0.0,0.0,0.0,1.0,1.0,0.0,0.0,3.0,0,11
Liverpool,2022-11-08,18993,9.851878418802897,0.0,0.0,0.0,0.0,0.0,0.0,0.0,0.0,0.0,0.0,0.0,0.0,3.0,1,11
Liverpool,2022-11-09,30014,10.309452535685944,0.0,0.0,0.0,0.0,0.0,0.0,0.0,0.0,0.0,0.0,0.0,0.0,3.0,2,11
Liverpool,2022-11-10,21062,9.955273225685358,0.0,0.0,0.0,0.0,0.0,0.0,0.0,0.0,0.0,0.0,0.0,0.0,3.0,3,11
Liverpool,2022-11-11,13398,9.502935356288608,0.0,0.0,0.0,0.0,0.0,0.0,0.0,0.0,0.0,0.0,0.0,0.0,0.0,4,11
Liverpool,2022-11-12,24775,10.117630721653038,1.0,1.0,3.0,1.0,2.0,1.0,0.0,0.0,0.0,0.0,0.0,0.0,3.0,5,11
Liverpool,2022-11-13,24544,10.108263446492153,0.0,0.0,0.0,0.0,0.0,0.0,0.0,0.0,1.0,1.0,0.0,0.0,3.0,6,11
Liverpool,2022-11-14,14670,9.593628035139645,0.0,0.0,0.0,0.0,0.0,0.0,0.0,0.0,0.0,0.0,0.0,0.0,3.0,0,11
Liverpool,2022-11-15,10857,9.292657414465397,0.0,0.0,0.0,0.0,0.0,0.0,0.0,0.0,0.0,0.0,0.0,0.0,3.0,1,11
Liverpool,2022-11-16,9502,9.159362817211315,0.0,0.0,0.0,0.0,0.0,0.0,0.0,0.0,0.0,0.0,0.0,0.0,3.0,2,11
Liverpool,2022-11-17,9670,9.176886995716963,0.0,0.0,0.0,0.0,0.0,0.0,0.0,0.0,0.0,0.0,0.0,0.0,0.0,3,11
Liverpool,2022-11-18,8273,9.020873347021357,0.0,0.0,0.0,0.0,0.0,0.0,0.0,0.0,0.0,0.0,0.0,0.0,0.0,4,11
Liverpool,2022-11-19,8120,9.002208578282412,0.0,0.0,0.0,0.0,0.0,0.0,0.0,0.0,0.0,0.0,0.0,0.0,0.0,5,11
Liverpool,2022-11-20,8729,9.074520648833648,0.0,0.0,0.0,0.0,0.0,0.0,0.0,0.0,0.0,0.0,0.0,0.0,0.0,6,11
Liverpool,2022-11-21,12838,9.460242692591084,0.0,0.0,0.0,0.0,0.0,0.0,0.0,0.0,0.0,0.0,0.0,0.0,0.0,0,11
Liverpool,2022-11-22,12508,9.434203664214742,0.0,0.0,0.0,0.0,0.0,0.0,0.0,0.0,0.0,0.0,0.0,0.0,0.0,1,11
Liverpool,2022-11-23,11838,9.379154445411636,0.0,0.0,0.0,0.0,0.0,0.0,0.0,0.0,0.0,0.0,0.0,0.0,0.0,2,11
Liverpool,2022-11-24,12218,9.410747396316522,0.0,0.0,0.0,0.0,0.0,0.0,0.0,0.0,0.0,0.0,0.0,0.0,0.0,3,11
Liverpool,2022-11-25,11309,9.333442569110167,0.0,0.0,0.0,0.0,0.0,0.0,0.0,0.0,0.0,0.0,0.0,0.0,0.0,4,11
Liverpool,2022-11-26,10374,9.247154345098899,0.0,0.0,0.0,0.0,0.0,0.0,0.0,0.0,0.0,0.0,0.0,0.0,0.0,5,11
Liverpool,2022-11-27,14605,9.589187682180055,0.0,0.0,0.0,0.0,0.0,0.0,0.0,0.0,0.0,0.0,0.0,0.0,0.0,6,11
Liverpool,2022-11-28,11812,9.37695589894852,0.0,0.0,0.0,0.0,0.0,0.0,0.0,0.0,0.0,0.0,0.0,0.0,0.0,0,11
Liverpool,2022-11-29,10793,9.286745703178589,0.0,0.0,0.0,0.0,0.0,0.0,0.0,0.0,0.0,0.0,0.0,0.0,0.0,1,11
Liverpool,2022-11-30,9948,9.20522732258936,0.0,0.0,0.0,0.0,0.0,0.0,0.0,0.0,0.0,0.0,0.0,0.0,0.0,2,11
Liverpool,2022-12-01,7724,8.952217101765946,0.0,0.0,0.0,0.0,0.0,0.0,0.0,0.0,0.0,0.0,0.0,0.0,0.0,3,12
Liverpool,2022-12-02,8519,9.050171619823361,0.0,0.0,0.0,0.0,0.0,0.0,0.0,0.0,0.0,0.0,0.0,0.0,0.0,4,12
Liverpool,2022-12-03,8822,9.085117227222105,0.0,0.0,0.0,0.0,0.0,0.0,0.0,0.0,0.0,0.0,0.0,0.0,0.0,5,12
Liverpool,2022-12-04,10767,9.284334051884509,0.0,0.0,0.0,0.0,0.0,0.0,0.0,0.0,0.0,0.0,0.0,0.0,0.0,6,12
Liverpool,2022-12-05,10526,9.261698664251325,0.0,0.0,0.0,0.0,0.0,0.0,0.0,0.0,0.0,0.0,0.0,0.0,0.0,0,12
Liverpool,2022-12-06,9200,9.127067452782361,0.0,0.0,0.0,0.0,0.0,0.0,0.0,0.0,0.0,0.0,0.0,0.0,0.0,1,12
Liverpool,2022-12-07,7901,8.974871170971337,0.0,0.0,0.0,0.0,0.0,0.0,0.0,0.0,0.0,0.0,0.0,0.0,0.0,2,12
Liverpool,2022-12-08,7782,8.959697146959389,0.0,0.0,0.0,0.0,0.0,0.0,0.0,0.0,0.0,0.0,0.0,0.0,0.0,3,12
Liverpool,2022-12-09,11423,9.343471684579365,0.0,0.0,0.0,0.0,0.0,0.0,0.0,0.0,0.0,0.0,0.0,0.0,0.0,4,12
Liverpool,2022-12-10,12304,9.417760962825156,0.0,0.0,0.0,0.0,0.0,0.0,0.0,0.0,0.0,0.0,0.0,0.0,0.0,5,12
Liverpool,2022-12-11,12060,9.397732385583243,0.0,0.0,0.0,0.0,0.0,0.0,0.0,0.0,0.0,0.0,0.0,0.0,0.0,6,12
Liverpool,2022-12-12,8905,9.094480485881647,0.0,0.0,0.0,0.0,0.0,0.0,0.0,0.0,0.0,0.0,0.0,0.0,0.0,0,12
Liverpool,2022-12-13,9597,9.169310022418191,0.0,0.0,0.0,0.0,0.0,0.0,0.0,0.0,0.0,0.0,0.0,0.0,0.0,1,12
Liverpool,2022-12-14,9525,9.161780181360806,0.0,0.0,0.0,0.0,0.0,0.0,0.0,0.0,0.0,0.0,0.0,0.0,0.0,2,12
Liverpool,2022-12-15,8022,8.990067695753655,0.0,0.0,0.0,0.0,0.0,0.0,0.0,0.0,0.0,0.0,0.0,0.0,0.0,3,12
Liverpool,2022-12-16,11604,9.359191318708538,0.0,0.0,0.0,0.0,0.0,0.0,0.0,0.0,0.0,0.0,0.0,0.0,0.0,4,12
Liverpool,2022-12-17,8903,9.094255892955381,0.0,0.0,0.0,0.0,0.0,0.0,0.0,0.0,0.0,0.0,0.0,0.0,0.0,5,12
Liverpool,2022-12-18,11126,9.3171298661577,0.0,0.0,0.0,0.0,0.0,0.0,0.0,0.0,0.0,0.0,0.0,0.0,0.0,6,12
Liverpool,2022-12-19,12805,9.457669090078747,0.0,0.0,0.0,0.0,0.0,0.0,0.0,0.0,0.0,0.0,0.0,0.0,0.0,0,12
Liverpool,2022-12-20,11421,9.343296599224809,0.0,0.0,0.0,0.0,0.0,0.0,0.0,0.0,0.0,0.0,0.0,0.0,0.0,1,12
Liverpool,2022-12-21,10622,9.270776740780013,0.0,0.0,0.0,0.0,0.0,0.0,0.0,0.0,0.0,0.0,0.0,0.0,0.0,2,12
Liverpool,2022-12-22,20054,9.906233778204154,0.0,0.0,0.0,0.0,0.0,0.0,0.0,0.0,0.0,0.0,0.0,0.0,0.0,3,12
Liverpool,2022-12-23,13198,9.487896348128954,0.0,0.0,0.0,0.0,0.0,0.0,0.0,0.0,0.0,0.0,0.0,0.0,0.0,4,12
Liverpool,2022-12-24,9425,9.151227107483676,0.0,0.0,0.0,0.0,0.0,0.0,0.0,0.0,0.0,0.0,0.0,0.0,0.0,5,12
Liverpool,2022-12-25,9139,9.120415664448196,0.0,0.0,0.0,0.0,0.0,0.0,0.0,0.0,0.0,0.0,0.0,0.0,0.0,6,12
Liverpool,2022-12-26,27553,10.223902994604545,1.0,0.0,3.0,1.0,2.0,1.0,0.0,0.0,0.0,0.0,0.0,0.0,3.0,0,12
Liverpool,2022-12-27,27945,10.238029355640393,0.0,0.0,0.0,0.0,0.0,0.0,0.0,0.0,1.0,1.0,0.0,0.0,3.0,1,12
Liverpool,2022-12-28,20131,9.91006586789625,0.0,0.0,0.0,0.0,0.0,0.0,0.0,0.0,0.0,0.0,0.0,0.0,3.0,2,12
Liverpool,2022-12-29,19202,9.862821795810113,0.0,0.0,0.0,0.0,0.0,0.0,0.0,0.0,0.0,0.0,0.0,0.0,3.0,3,12
Liverpool,2022-12-30,20696,9.937744041214218,1.0,1.0,2.0,1.0,1.0,1.0,0.0,0.0,0.0,0.0,0.0,0.0,6.0,4,12
Liverpool,2022-12-31,15679,9.660141293904399,0.0,0.0,0.0,0.0,0.0,0.0,0.0,0.0,1.0,1.0,0.0,0.0,3.0,5,12
Liverpool,2023-01-01,14977,9.614337736809313,0.0,0.0,0.0,0.0,0.0,0.0,0.0,0.0,0.0,0.0,0.0,0.0,3.0,6,1
Liverpool,2023-01-02,27119,10.208026742054331,1.0,0.0,1.0,3.0,-2.0,0.0,0.0,1.0,0.0,0.0,0.0,0.0,3.0,0,1
Liverpool,2023-01-03,16255,9.696217350378209,0.0,0.0,0.0,0.0,0.0,0.0,0.0,0.0,1.0,0.0,0.0,1.0,3.0,1,1
Liverpool,2023-01-04,12153,9.4054136126953,0.0,0.0,0.0,0.0,0.0,0.0,0.0,0.0,0.0,0.0,0.0,0.0,0.0,2,1
Liverpool,2023-01-05,11457,9.346443454968522,0.0,0.0,0.0,0.0,0.0,0.0,0.0,0.0,0.0,0.0,0.0,0.0,0.0,3,1
Liverpool,2023-01-06,11738,9.370671910878523,0.0,0.0,0.0,0.0,0.0,0.0,0.0,0.0,0.0,0.0,0.0,0.0,0.0,4,1
Liverpool,2023-01-07,19091,9.857024678125788,0.0,0.0,0.0,0.0,0.0,0.0,0.0,0.0,0.0,0.0,0.0,0.0,0.0,5,1
Liverpool,2023-01-08,15821,9.669156655581341,0.0,0.0,0.0,0.0,0.0,0.0,0.0,0.0,0.0,0.0,0.0,0.0,0.0,6,1
Liverpool,2023-01-09,12036,9.395740518379736,0.0,0.0,0.0,0.0,0.0,0.0,0.0,0.0,0.0,0.0,0.0,0.0,0.0,0,1
Liverpool,2023-01-10,11137,9.318117964149614,0.0,0.0,0.0,0.0,0.0,0.0,0.0,0.0,0.0,0.0,0.0,0.0,0.0,1,1
Liverpool,2023-01-11,12529,9.435881047890113,0.0,0.0,0.0,0.0,0.0,0.0,0.0,0.0,0.0,0.0,0.0,0.0,0.0,2,1
Liverpool,2023-01-12,11294,9.332115428902103,0.0,0.0,0.0,0.0,0.0,0.0,0.0,0.0,0.0,0.0,0.0,0.0,0.0,3,1
Liverpool,2023-01-13,10062,9.216620609933333,0.0,0.0,0.0,0.0,0.0,0.0,0.0,0.0,0.0,0.0,0.0,0.0,0.0,4,1
Liverpool,2023-01-14,22511,10.02180377935417,1.0,0.0,0.0,3.0,-3.0,0.0,0.0,1.0,0.0,0.0,0.0,0.0,0.0,5,1
Liverpool,2023-01-15,16307,9.699411063939143,0.0,0.0,0.0,0.0,0.0,0.0,0.0,0.0,1.0,0.0,0.0,1.0,0.0,6,1
Liverpool,2023-01-16,12221,9.410992885454862,0.0,0.0,0.0,0.0,0.0,0.0,0.0,0.0,0.0,0.0,0.0,0.0,0.0,0,1
Liverpool,2023-01-17,19988,9.902937401230647,0.0,0.0,0.0,0.0,0.0,0.0,0.0,0.0,0.0,0.0,0.0,0.0,0.0,1,1
Liverpool,2023-01-18,15041,9.618601567386348,0.0,0.0,0.0,0.0,0.0,0.0,0.0,0.0,0.0,0.0,0.0,0.0,0.0,2,1
Liverpool,2023-01-19,12951,9.469005495357472,0.0,0.0,0.0,0.0,0.0,0.0,0.0,0.0,0.0,0.0,0.0,0.0,0.0,3,1
Liverpool,2023-01-20,14196,9.560785953663574,0.0,0.0,0.0,0.0,0.0,0.0,0.0,0.0,0.0,0.0,0.0,0.0,0.0,4,1
Liverpool,2023-01-21,24605,10.110745594620115,1.0,1.0,0.0,0.0,0.0,0.0,1.0,0.0,0.0,0.0,0.0,0.0,1.0,5,1
Liverpool,2023-01-22,15491,9.648079040634643,0.0,0.0,0.0,0.0,0.0,0.0,0.0,0.0,1.0,0.0,1.0,0.0,1.0,6,1
Liverpool,2023-01-23,12494,9.433083843269053,0.0,0.0,0.0,0.0,0.0,0.0,0.0,0.0,0.0,0.0,0.0,0.0,1.0,0,1
Liverpool,2023-01-24,12051,9.396985900250192,0.0,0.0,0.0,0.0,0.0,0.0,0.0,0.0,0.0,0.0,0.0,0.0,1.0,1,1
Liverpool,2023-01-25,12742,9.452737380212278,0.0,0.0,0.0,0.0,0.0,0.0,0.0,0.0,0.0,0.0,0.0,0.0,1.0,2,1
Liverpool,2023-01-26,14121,9.555489144076292,0.0,0.0,0.0,0.0,0.0,0.0,0.0,0.0,0.0,0.0,0.0,0.0,0.0,3,1
Liverpool,2023-01-27,12739,9.452501929126154,0.0,0.0,0.0,0.0,0.0,0.0,0.0,0.0,0.0,0.0,0.0,0.0,0.0,4,1
Liverpool,2023-01-28,15475,9.647045715820404,0.0,0.0,0.0,0.0,0.0,0.0,0.0,0.0,0.0,0.0,0.0,0.0,0.0,5,1
Liverpool,2023-01-29,32490,10.38871840689063,0.0,0.0,0.0,0.0,0.0,0.0,0.0,0.0,0.0,0.0,0.0,0.0,0.0,6,1
Liverpool,2023-01-30,16349,9.701983176325399,0.0,0.0,0.0,0.0,0.0,0.0,0.0,0.0,0.0,0.0,0.0,0.0,0.0,0,1
Liverpool,2023-01-31,13112,9.481359383531425,0.0,0.0,0.0,0.0,0.0,0.0,0.0,0.0,0.0,0.0,0.0,0.0,0.0,1,1
Liverpool,2023-02-01,14222,9.562615651570228,0.0,0.0,0.0,0.0,0.0,0.0,0.0,0.0,0.0,0.0,0.0,0.0,0.0,2,2
Liverpool,2023-02-02,14148,9.557399229195953,0.0,0.0,0.0,0.0,0.0,0.0,0.0,0.0,0.0,0.0,0.0,0.0,0.0,3,2
Liverpool,2023-02-03,11572,9.356430077848078,0.0,0.0,0.0,0.0,0.0,0.0,0.0,0.0,0.0,0.0,0.0,0.0,0.0,4,2
Liverpool,2023-02-04,47542,10.769389843677056,1.0,0.0,0.0,3.0,-3.0,0.0,0.0,1.0,0.0,0.0,0.0,0.0,0.0,5,2
Liverpool,2023-02-05,19895,9.898273985483241,0.0,0.0,0.0,0.0,0.0,0.0,0.0,0.0,1.0,0.0,0.0,1.0,0.0,6,2
Liverpool,2023-02-06,15894,9.673759873344903,0.0,0.0,0.0,0.0,0.0,0.0,0.0,0.0,0.0,0.0,0.0,0.0,0.0,0,2
Liverpool,2023-02-07,12546,9.4372368721597,0.0,0.0,0.0,0.0,0.0,0.0,0.0,0.0,0.0,0.0,0.0,0.0,0.0,1,2
Liverpool,2023-02-08,12843,9.460632055209405,0.0,0.0,0.0,0.0,0.0,0.0,0.0,0.0,0.0,0.0,0.0,0.0,0.0,2,2
Liverpool,2023-02-09,12669,9.446992273315185,0.0,0.0,0.0,0.0,0.0,0.0,0.0,0.0,0.0,0.0,0.0,0.0,0.0,3,2
Liverpool,2023-02-10,10450,9.254452946594503,0.0,0.0,0.0,0.0,0.0,0.0,0.0,0.0,0.0,0.0,0.0,0.0,0.0,4,2
Liverpool,2023-02-11,14101,9.554071910278985,0.0,0.0,0.0,0.0,0.0,0.0,0.0,0.0,0.0,0.0,0.0,0.0,0.0,5,2
Liverpool,2023-02-12,17652,9.778661019589283,0.0,0.0,0.0,0.0,0.0,0.0,0.0,0.0,0.0,0.0,0.0,0.0,0.0,6,2
Liverpool,2023-02-13,43982,10.691558474606374,1.0,1.0,2.0,0.0,2.0,1.0,0.0,0.0,0.0,0.0,0.0,0.0,3.0,0,2
Liverpool,2023-02-14,25492,10.146159183657883,0.0,0.0,0.0,0.0,0.0,0.0,0.0,0.0,1.0,1.0,0.0,0.0,3.0,1,2
Liverpool,2023-02-15,20745,9.940108735991773,0.0,0.0,0.0,0.0,0.0,0.0,0.0,0.0,0.0,0.0,0.0,0.0,3.0,2,2
Liverpool,2023-02-16,13841,9.535462727401809,0.0,0.0,0.0,0.0,0.0,0.0,0.0,0.0,0.0,0.0,0.0,0.0,3.0,3,2
Liverpool,2023-02-17,12595,9.441134582220915,0.0,0.0,0.0,0.0,0.0,0.0,0.0,0.0,0.0,0.0,0.0,0.0,3.0,4,2
Liverpool,2023-02-18,36101,10.494103544448407,1.0,0.0,2.0,0.0,2.0,1.0,0.0,0.0,0.0,0.0,0.0,0.0,3.0,5,2
Liverpool,2023-02-19,28182,10.246474238267561,0.0,0.0,0.0,0.0,0.0,0.0,0.0,0.0,1.0,1.0,0.0,0.0,3.0,6,2
Liverpool,2023-02-20,20028,9.904936502301233,0.0,0.0,0.0,0.0,0.0,0.0,0.0,0.0,0.0,0.0,0.0,0.0,3.0,0,2
Liverpool,2023-02-21,54003,10.896813396877137,0.0,0.0,0.0,0.0,0.0,0.0,0.0,0.0,0.0,0.0,0.0,0.0,3.0,1,2
Liverpool,2023-02-22,38018,10.545841313750174,0.0,0.0,0.0,0.0,0.0,0.0,0.0,0.0,0.0,0.0,0.0,0.0,3.0,2,2
Liverpool,2023-02-23,16096,9.68638819820623,0.0,0.0,0.0,0.0,0.0,0.0,0.0,0.0,0.0,0.0,0.0,0.0,0.0,3,2
Liverpool,2023-02-24,14493,9.581490049669227,0.0,0.0,0.0,0.0,0.0,0.0,0.0,0.0,0.0,0.0,0.0,0.0,0.0,4,2
Liverpool,2023-02-25,33982,10.433615678556617,1.0,0.0,0.0,0.0,0.0,0.0,1.0,0.0,0.0,0.0,0.0,0.0,1.0,5,2
Liverpool,2023-02-26,27472,10.220958983173661,0.0,0.0,0.0,0.0,0.0,0.0,0.0,0.0,1.0,0.0,1.0,0.0,1.0,6,2
Liverpool,2023-02-27,18468,9.823848929875911,0.0,0.0,0.0,0.0,0.0,0.0,0.0,0.0,0.0,0.0,0.0,0.0,1.0,0,2
Liverpool,2023-02-28,14272,9.566124919629768,0.0,0.0,0.0,0.0,0.0,0.0,0.0,0.0,0.0,0.0,0.0,0.0,1.0,1,2
Liverpool,2023-03-01,42571,10.658952039160935,1.0,1.0,2.0,0.0,2.0,1.0,0.0,0.0,0.0,0.0,0.0,0.0,4.0,2,3
Liverpool,2023-03-02,27817,10.233438572167076,0.0,0.0,0.0,0.0,0.0,0.0,0.0,0.0,1.0,1.0,0.0,0.0,3.0,3,3
Liverpool,2023-03-03,21709,9.985528262872338,0.0,0.0,0.0,0.0,0.0,0.0,0.0,0.0,0.0,0.0,0.0,0.0,3.0,4,3
Liverpool,2023-03-04,22225,10.009018053745592,0.0,0.0,0.0,0.0,0.0,0.0,0.0,0.0,0.0,0.0,0.0,0.0,3.0,5,3
Liverpool,2023-03-05,118369,11.68157059094794,1.0,1.0,7.0,0.0,7.0,1.0,0.0,0.0,0.0,0.0,0.0,0.0,6.0,6,3
Liverpool,2023-03-06,73570,11.206006205330874,0.0,0.0,0.0,0.0,0.0,0.0,0.0,0.0,1.0,1.0,0.0,0.0,3.0,0,3
Liverpool,2023-03-07,35036,10.464159924946674,0.0,0.0,0.0,0.0,0.0,0.0,0.0,0.0,0.0,0.0,0.0,0.0,3.0,1,3
Liverpool,2023-03-08,25613,10.150894355986017,0.0,0.0,0.0,0.0,0.0,0.0,0.0,0.0,0.0,0.0,0.0,0.0,3.0,2,3
Liverpool,2023-03-09,21855,9.992230762370516,0.0,0.0,0.0,0.0,0.0,0.0,0.0,0.0,0.0,0.0,0.0,0.0,3.0,3,3
Liverpool,2023-03-10,20134,9.910214873285554,0.0,0.0,0.0,0.0,0.0,0.0,0.0,0.0,0.0,0.0,0.0,0.0,0.0,4,3
Liverpool,2023-03-11,77695,11.260559054979115,1.0,0.0,0.0,1.0,-1.0,0.0,0.0,1.0,0.0,0.0,0.0,0.0,0.0,5,3
Liverpool,2023-03-12,21407,9.971519962927955,0.0,0.0,0.0,0.0,0.0,0.0,0.0,0.0,1.0,0.0,0.0,1.0,0.0,6,3
Liverpool,2023-03-13,17221,9.753942915256111,0.0,0.0,0.0,0.0,0.0,0.0,0.0,0.0,0.0,0.0,0.0,0.0,0.0,0,3
Liverpool,2023-03-14,22133,10.00487016682473,0.0,0.0,0.0,0.0,0.0,0.0,0.0,0.0,0.0,0.0,0.0,0.0,0.0,1,3
Liverpool,2023-03-15,58230,10.972173137962086,0.0,0.0,0.0,0.0,0.0,0.0,0.0,0.0,0.0,0.0,0.0,0.0,0.0,2,3
Liverpool,2023-03-16,30834,10.336405687425593,0.0,0.0,0.0,0.0,0.0,0.0,0.0,0.0,0.0,0.0,0.0,0.0,0.0,3,3
Liverpool,2023-03-17,16788,9.728479189036397,0.0,0.0,0.0,0.0,0.0,0.0,0.0,0.0,0.0,0.0,0.0,0.0,0.0,4,3
Liverpool,2023-03-18,18884,9.846123235146557,0.0,0.0,0.0,0.0,0.0,0.0,0.0,0.0,0.0,0.0,0.0,0.0,0.0,5,3
Liverpool,2023-03-19,14544,9.585002570929301,0.0,0.0,0.0,0.0,0.0,0.0,0.0,0.0,0.0,0.0,0.0,0.0,0.0,6,3
Liverpool,2023-03-20,11385,9.340139809511028,0.0,0.0,0.0,0.0,0.0,0.0,0.0,0.0,0.0,0.0,0.0,0.0,0.0,0,3
Liverpool,2023-03-21,11632,9.361601165816767,0.0,0.0,0.0,0.0,0.0,0.0,0.0,0.0,0.0,0.0,0.0,0.0,0.0,1,3
Liverpool,2023-03-22,9893,9.199683791787654,0.0,0.0,0.0,0.0,0.0,0.0,0.0,0.0,0.0,0.0,0.0,0.0,0.0,2,3
Liverpool,2023-03-23,10818,9.289059126687574,0.0,0.0,0.0,0.0,0.0,0.0,0.0,0.0,0.0,0.0,0.0,0.0,0.0,3,3
Liverpool,2023-03-24,9963,9.20673387638207,0.0,0.0,0.0,0.0,0.0,0.0,0.0,0.0,0.0,0.0,0.0,0.0,0.0,4,3
Liverpool,2023-03-25,10012,9.211639527707803,0.0,0.0,0.0,0.0,0.0,0.0,0.0,0.0,0.0,0.0,0.0,0.0,0.0,5,3
Liverpool,2023-03-26,9502,9.159362817211315,0.0,0.0,0.0,0.0,0.0,0.0,0.0,0.0,0.0,0.0,0.0,0.0,0.0,6,3
Liverpool,2023-03-27,9134,9.119868468812108,0.0,0.0,0.0,0.0,0.0,0.0,0.0,0.0,0.0,0.0,0.0,0.0,0.0,0,3
Liverpool,2023-03-28,8781,9.080459451121662,0.0,0.0,0.0,0.0,0.0,0.0,0.0,0.0,0.0,0.0,0.0,0.0,0.0,1,3
Liverpool,2023-03-29,9357,9.143986871426161,0.0,0.0,0.0,0.0,0.0,0.0,0.0,0.0,0.0,0.0,0.0,0.0,0.0,2,3
Liverpool,2023-03-30,9251,9.13259502335133,0.0,0.0,0.0,0.0,0.0,0.0,0.0,0.0,0.0,0.0,0.0,0.0,0.0,3,3
Liverpool,2023-03-31,11788,9.374922172292127,0.0,0.0,0.0,0.0,0.0,0.0,0.0,0.0,0.0,0.0,0.0,0.0,0.0,4,3
Liverpool,2023-04-01,47273,10.763715740473742,1.0,0.0,1.0,4.0,-3.0,0.0,0.0,1.0,0.0,0.0,0.0,0.0,0.0,5,4
Liverpool,2023-04-02,19156,9.860423463065102,0.0,0.0,0.0,0.0,0.0,0.0,0.0,0.0,1.0,0.0,0.0,1.0,0.0,6,4
Liverpool,2023-04-03,13458,9.507403306233716,0.0,0.0,0.0,0.0,0.0,0.0,0.0,0.0,0.0,0.0,0.0,0.0,0.0,0,4
Liverpool,2023-04-04,18101,9.803777708387116,1.0,0.0,0.0,0.0,0.0,0.0,1.0,0.0,0.0,0.0,0.0,0.0,1.0,1,4
Liverpool,2023-04-05,11856,9.380673689458071,0.0,0.0,0.0,0.0,0.0,0.0,0.0,0.0,1.0,0.0,1.0,0.0,1.0,2,4
Liverpool,2023-04-06,9288,9.136586183387521,0.0,0.0,0.0,0.0,0.0,0.0,0.0,0.0,0.0,0.0,0.0,0.0,1.0,3,4
Liverpool,2023-04-07,7225,8.885440911707585,0.0,0.0,0.0,0.0,0.0,0.0,0.0,0.0,0.0,0.0,0.0,0.0,1.0,4,4
Liverpool,2023-04-08,8091,8.998631198287637,0.0,0.0,0.0,0.0,0.0,0.0,0.0,0.0,0.0,0.0,0.0,0.0,1.0,5,4
Liverpool,2023-04-09,19312,9.8685337232726,1.0,1.0,2.0,2.0,0.0,0.0,1.0,0.0,0.0,0.0,0.0,0.0,1.0,6,4
Liverpool,2023-04-10,10946,9.300820725104558,0.0,0.0,0.0,0.0,0.0,0.0,0.0,0.0,1.0,0.0,1.0,0.0,1.0,0,4
Liverpool,2023-04-11,10078,9.218209330354878,0.0,0.0,0.0,0.0,0.0,0.0,0.0,0.0,0.0,0.0,0.0,0.0,1.0,1,4
Liverpool,2023-04-12,9322,9.140239744296693,0.0,0.0,0.0,0.0,0.0,0.0,0.0,0.0,0.0,0.0,0.0,0.0,1.0,2,4
Liverpool,2023-04-13,8339,9.028818495352793,0.0,0.0,0.0,0.0,0.0,0.0,0.0,0.0,0.0,0.0,0.0,0.0,1.0,3,4
Liverpool,2023-04-14,7526,8.926251835034533,0.0,0.0,0.0,0.0,0.0,0.0,0.0,0.0,0.0,0.0,0.0,0.0,0.0,4,4
Liverpool,2023-04-15,8717,9.073145132798338,0.0,0.0,0.0,0.0,0.0,0.0,0.0,0.0,0.0,0.0,0.0,0.0,0.0,5,4
Liverpool,2023-04-16,9180,9.1248914101437,0.0,0.0,0.0,0.0,0.0,0.0,0.0,0.0,0.0,0.0,0.0,0.0,0.0,6,4
Liverpool,2023-04-17,15489,9.647949933410914,1.0,0.0,6.0,1.0,5.0,1.0,0.0,0.0,0.0,0.0,0.0,0.0,3.0,0,4
Liverpool,2023-04-18,19820,9.894497260697996,0.0,0.0,0.0,0.0,0.0,0.0,0.0,0.0,1.0,1.0,0.0,0.0,3.0,1,4
Liverpool,2023-04-19,13372,9.500993027872797,0.0,0.0,0.0,0.0,0.0,0.0,0.0,0.0,0.0,0.0,0.0,0.0,3.0,2,4
Liverpool,2023-04-20,13125,9.482350275033667,0.0,0.0,0.0,0.0,0.0,0.0,0.0,0.0,0.0,0.0,0.0,0.0,3.0,3,4
Liverpool,2023-04-21,15055,9.61953186182516,0.0,0.0,0.0,0.0,0.0,0.0,0.0,0.0,0.0,0.0,0.0,0.0,3.0,4,4
Liverpool,2023-04-22,43092,10.67111584990838,1.0,1.0,3.0,2.0,1.0,1.0,0.0,0.0,0.0,0.0,0.0,0.0,3.0,5,4
Liverpool,2023-04-23,28063,10.242242895171909,0.0,0.0,0.0,0.0,0.0,0.0,0.0,0.0,1.0,1.0,0.0,0.0,3.0,6,4
Liverpool,2023-04-24,17170,9.750977193313803,0.0,0.0,0.0,0.0,0.0,0.0,0.0,0.0,0.0,0.0,0.0,0.0,3.0,0,4
Liverpool,2023-04-25,11901,9.384461732204798,0.0,0.0,0.0,0.0,0.0,0.0,0.0,0.0,0.0,0.0,0.0,0.0,3.0,1,4
Liverpool,2023-04-26,36442,10.503504675098267,1.0,0.0,2.0,1.0,1.0,1.0,0.0,0.0,0.0,0.0,0.0,0.0,6.0,2,4
Liverpool,2023-04-27,25163,10.133169680689921,0.0,0.0,0.0,0.0,0.0,0.0,0.0,0.0,1.0,1.0,0.0,0.0,3.0,3,4
Liverpool,2023-04-28,17756,9.784535083358834,0.0,0.0,0.0,0.0,0.0,0.0,0.0,0.0,0.0,0.0,0.0,0.0,3.0,4,4
Liverpool,2023-04-29,16671,9.721485944553093,0.0,0.0,0.0,0.0,0.0,0.0,0.0,0.0,0.0,0.0,0.0,0.0,3.0,5,4
Liverpool,2023-04-30,48223,10.783612101426222,1.0,1.0,4.0,3.0,1.0,1.0,0.0,0.0,0.0,0.0,0.0,0.0,6.0,6,4
Liverpool,2023-05-01,15901,9.674200166461429,0.0,0.0,0.0,0.0,0.0,0.0,0.0,0.0,1.0,1.0,0.0,0.0,3.0,0,5
Liverpool,2023-05-02,12743,9.452815851589884,0.0,0.0,0.0,0.0,0.0,0.0,0.0,0.0,0.0,0.0,0.0,0.0,3.0,1,5
Liverpool,2023-05-03,27259,10.213175705250524,1.0,1.0,1.0,0.0,1.0,1.0,0.0,0.0,0.0,0.0,0.0,0.0,6.0,2,5
Liverpool,2023-05-04,20853,9.945301055349539,0.0,0.0,0.0,0.0,0.0,0.0,0.0,0.0,1.0,1.0,0.0,0.0,6.0,3,5
Liverpool,2023-05-05,19488,9.877605482822025,0.0,0.0,0.0,0.0,0.0,0.0,0.0,0.0,0.0,0.0,0.0,0.0,3.0,4,5
Liverpool,2023-05-06,57880,10.966144457721258,1.0,1.0,1.0,0.0,1.0,1.0,0.0,0.0,0.0,0.0,0.0,0.0,6.0,5,5
Liverpool,2023-05-07,39013,10.571675835054878,0.0,0.0,0.0,0.0,0.0,0.0,0.0,0.0,1.0,1.0,0.0,0.0,6.0,6,5
Liverpool,2023-05-08,27164,10.209684658985623,0.0,0.0,0.0,0.0,0.0,0.0,0.0,0.0,0.0,0.0,0.0,0.0,3.0,0,5
Liverpool,2023-05-09,17176,9.751326558637025,0.0,0.0,0.0,0.0,0.0,0.0,0.0,0.0,0.0,0.0,0.0,0.0,3.0,1,5
Liverpool,2023-05-10,13743,9.528357644224037,0.0,0.0,0.0,0.0,0.0,0.0,0.0,0.0,0.0,0.0,0.0,0.0,3.0,2,5
Liverpool,2023-05-11,11302,9.33282345619073,0.0,0.0,0.0,0.0,0.0,0.0,0.0,0.0,0.0,0.0,0.0,0.0,0.0,3,5
Liverpool,2023-05-12,10358,9.245610986058102,0.0,0.0,0.0,0.0,0.0,0.0,0.0,0.0,0.0,0.0,0.0,0.0,0.0,4,5
Liverpool,2023-05-13,14594,9.588434283288215,0.0,0.0,0.0,0.0,0.0,0.0,0.0,0.0,0.0,0.0,0.0,0.0,0.0,5,5
Liverpool,2023-05-14,21398,9.971099470946148,0.0,0.0,0.0,0.0,0.0,0.0,0.0,0.0,0.0,0.0,0.0,0.0,0.0,6,5
Liverpool,2023-05-15,50390,10.827567866685113,1.0,0.0,3.0,0.0,3.0,1.0,0.0,0.0,0.0,0.0,0.0,0.0,3.0,0,5
Liverpool,2023-05-16,33092,10.40707705863749,0.0,0.0,0.0,0.0,0.0,0.0,0.0,0.0,1.0,1.0,0.0,0.0,3.0,1,5
Liverpool,2023-05-17,24761,10.117065498980637,0.0,0.0,0.0,0.0,0.0,0.0,0.0,0.0,0.0,0.0,0.0,0.0,3.0,2,5
Liverpool,2023-05-18,24000,10.085850775128717,0.0,0.0,0.0,0.0,0.0,0.0,0.0,0.0,0.0,0.0,0.0,0.0,3.0,3,5
Liverpool,2023-05-19,18943,9.849242537683732,0.0,0.0,0.0,0.0,0.0,0.0,0.0,0.0,0.0,0.0,0.0,0.0,3.0,4,5
Liverpool,2023-05-20,74404,11.217278422864151,1.0,1.0,1.0,1.0,0.0,0.0,1.0,0.0,0.0,0.0,0.0,0.0,1.0,5,5
Liverpool,2023-05-21,39324,10.579615727926479,0.0,0.0,0.0,0.0,0.0,0.0,0.0,0.0,1.0,0.0,1.0,0.0,1.0,6,5
Liverpool,2023-05-22,22225,10.009018053745592,0.0,0.0,0.0,0.0,0.0,0.0,0.0,0.0,0.0,0.0,0.0,0.0,1.0,0,5
Liverpool,2023-05-23,14964,9.6134694202868,0.0,0.0,0.0,0.0,0.0,0.0,0.0,0.0,0.0,0.0,0.0,0.0,1.0,1,5
Liverpool,2023-05-24,13000,9.472781556562168,0.0,0.0,0.0,0.0,0.0,0.0,0.0,0.0,0.0,0.0,0.0,0.0,1.0,2,5
Liverpool,2023-05-25,17829,9.788637710857186,0.0,0.0,0.0,0.0,0.0,0.0,0.0,0.0,0.0,0.0,0.0,0.0,0.0,3,5
Liverpool,2023-05-26,17696,9.781150412671185,0.0,0.0,0.0,0.0,0.0,0.0,0.0,0.0,0.0,0.0,0.0,0.0,0.0,4,5
Liverpool,2023-05-27,15884,9.673130546703616,0.0,0.0,0.0,0.0,0.0,0.0,0.0,0.0,0.0,0.0,0.0,0.0,0.0,5,5
Liverpool,2023-05-28,37931,10.543550362003618,1.0,0.0,4.0,4.0,0.0,0.0,1.0,0.0,0.0,0.0,0.0,0.0,1.0,6,5
Liverpool,2023-05-29,20630,9.934550077987947,0.0,0.0,0.0,0.0,0.0,0.0,0.0,0.0,1.0,0.0,1.0,0.0,1.0,0,5
Liverpool,2023-05-30,18255,9.812249072101856,0.0,0.0,0.0,0.0,0.0,0.0,0.0,0.0,0.0,0.0,0.0,0.0,1.0,1,5
Liverpool,2023-05-31,16095,9.686326072899465,0.0,0.0,0.0,0.0,0.0,0.0,0.0,0.0,0.0,0.0,0.0,0.0,1.0,2,5
Liverpool,2023-06-01,13366,9.500544261971474,0.0,0.0,0.0,0.0,0.0,0.0,0.0,0.0,0.0,0.0,0.0,0.0,1.0,3,6
Liverpool,2023-06-02,12325,9.419466131522189,0.0,0.0,0.0,0.0,0.0,0.0,0.0,0.0,0.0,0.0,0.0,0.0,0.0,4,6
Liverpool,2023-06-03,20591,9.932657929835909,0.0,0.0,0.0,0.0,0.0,0.0,0.0,0.0,0.0,0.0,0.0,0.0,0.0,5,6
Liverpool,2023-06-04,15016,9.61693817168028,0.0,0.0,0.0,0.0,0.0,0.0,0.0,0.0,0.0,0.0,0.0,0.0,0.0,6,6
Liverpool,2023-06-05,14888,9.608377964255551,0.0,0.0,0.0,0.0,0.0,0.0,0.0,0.0,0.0,0.0,0.0,0.0,0.0,0,6
Liverpool,2023-06-06,13719,9.526609901279876,0.0,0.0,0.0,0.0,0.0,0.0,0.0,0.0,0.0,0.0,0.0,0.0,0.0,1,6
Liverpool,2023-06-07,17619,9.77678989949017,0.0,0.0,0.0,0.0,0.0,0.0,0.0,0.0,0.0,0.0,0.0,0.0,0.0,2,6
Liverpool,2023-06-08,32005,10.373678664205936,0.0,0.0,0.0,0.0,0.0,0.0,0.0,0.0,0.0,0.0,0.0,0.0,0.0,3,6
Liverpool,2023-06-09,21463,9.97413239210546,0.0,0.0,0.0,0.0,0.0,0.0,0.0,0.0,0.0,0.0,0.0,0.0,0.0,4,6
Liverpool,2023-06-10,24921,10.123506226502814,0.0,0.0,0.0,0.0,0.0,0.0,0.0,0.0,0.0,0.0,0.0,0.0,0.0,5,6
Liverpool,2023-06-11,24491,10.106101812597846,0.0,0.0,0.0,0.0,0.0,0.0,0.0,0.0,0.0,0.0,0.0,0.0,0.0,6,6
Liverpool,2023-06-12,23456,10.062924236792623,0.0,0.0,0.0,0.0,0.0,0.0,0.0,0.0,0.0,0.0,0.0,0.0,0.0,0,6
Liverpool,2023-06-13,22610,10.026191792511579,0.0,0.0,0.0,0.0,0.0,0.0,0.0,0.0,0.0,0.0,0.0,0.0,0.0,1,6
Liverpool,2023-06-14,22409,10.017262566794972,0.0,0.0,0.0,0.0,0.0,0.0,0.0,0.0,0.0,0.0,0.0,0.0,0.0,2,6
Liverpool,2023-06-15,22943,10.040811743399347,0.0,0.0,0.0,0.0,0.0,0.0,0.0,0.0,0.0,0.0,0.0,0.0,0.0,3,6
Liverpool,2023-06-16,17667,9.779510372716418,0.0,0.0,0.0,0.0,0.0,0.0,0.0,0.0,0.0,0.0,0.0,0.0,0.0,4,6
Liverpool,2023-06-17,15059,9.619797501353885,0.0,0.0,0.0,0.0,0.0,0.0,0.0,0.0,0.0,0.0,0.0,0.0,0.0,5,6
Liverpool,2023-06-18,14047,9.550235315874898,0.0,0.0,0.0,0.0,0.0,0.0,0.0,0.0,0.0,0.0,0.0,0.0,0.0,6,6
Liverpool,2023-06-19,12660,9.446281681520253,0.0,0.0,0.0,0.0,0.0,0.0,0.0,0.0,0.0,0.0,0.0,0.0,0.0,0,6
Liverpool,2023-06-20,11521,9.352013530292329,0.0,0.0,0.0,0.0,0.0,0.0,0.0,0.0,0.0,0.0,0.0,0.0,0.0,1,6
Liverpool,2023-06-21,15448,9.64529955531205,0.0,0.0,0.0,0.0,0.0,0.0,0.0,0.0,0.0,0.0,0.0,0.0,0.0,2,6
Liverpool,2023-06-22,16722,9.724540296381123,0.0,0.0,0.0,0.0,0.0,0.0,0.0,0.0,0.0,0.0,0.0,0.0,0.0,3,6
Liverpool,2023-06-23,16061,9.684211512748407,0.0,0.0,0.0,0.0,0.0,0.0,0.0,0.0,0.0,0.0,0.0,0.0,0.0,4,6
Liverpool,2023-06-24,16493,9.7107519573933,0.0,0.0,0.0,0.0,0.0,0.0,0.0,0.0,0.0,0.0,0.0,0.0,0.0,5,6
Liverpool,2023-06-25,18116,9.80460600297601,0.0,0.0,0.0,0.0,0.0,0.0,0.0,0.0,0.0,0.0,0.0,0.0,0.0,6,6
Liverpool,2023-06-26,22205,10.008117801614212,0.0,0.0,0.0,0.0,0.0,0.0,0.0,0.0,0.0,0.0,0.0,0.0,0.0,0,6
Liverpool,2023-06-27,19978,9.90243700089995,0.0,0.0,0.0,0.0,0.0,0.0,0.0,0.0,0.0,0.0,0.0,0.0,0.0,1,6
Liverpool,2023-06-28,18473,9.824119617152556,0.0,0.0,0.0,0.0,0.0,0.0,0.0,0.0,0.0,0.0,0.0,0.0,0.0,2,6
Liverpool,2023-06-29,19360,9.871016012389166,0.0,0.0,0.0,0.0,0.0,0.0,0.0,0.0,0.0,0.0,0.0,0.0,0.0,3,6
Liverpool,2023-06-30,28350,10.252417581902414,0.0,0.0,0.0,0.0,0.0,0.0,0.0,0.0,0.0,0.0,0.0,0.0,0.0,4,6
Manchester City,2019-08-01,9350,9.143238568435446,0.0,0.0,0.0,0.0,0.0,0.0,0.0,0.0,0.0,0.0,0.0,0.0,0.0,3,8
Manchester City,2019-08-02,9930,9.203416456903359,0.0,0.0,0.0,0.0,0.0,0.0,0.0,0.0,0.0,0.0,0.0,0.0,0.0,4,8
Manchester City,2019-08-03,9809,9.191157552559408,0.0,0.0,0.0,0.0,0.0,0.0,0.0,0.0,0.0,0.0,0.0,0.0,0.0,5,8
Manchester City,2019-08-04,29474,10.291297725405572,0.0,0.0,0.0,0.0,0.0,0.0,0.0,0.0,0.0,0.0,0.0,0.0,0.0,6,8
Manchester City,2019-08-05,16987,9.740262491433162,0.0,0.0,0.0,0.0,0.0,0.0,0.0,0.0,0.0,0.0,0.0,0.0,0.0,0,8
Manchester City,2019-08-06,13956,9.543736453508645,0.0,0.0,0.0,0.0,0.0,0.0,0.0,0.0,0.0,0.0,0.0,0.0,0.0,1,8
Manchester City,2019-08-07,18380,9.819072801393764,0.0,0.0,0.0,0.0,0.0,0.0,0.0,0.0,0.0,0.0,0.0,0.0,0.0,2,8
Manchester City,2019-08-08,25795,10.157974720130268,0.0,0.0,0.0,0.0,0.0,0.0,0.0,0.0,0.0,0.0,0.0,0.0,0.0,3,8
Manchester City,2019-08-09,23520,10.065648918115544,0.0,0.0,0.0,0.0,0.0,0.0,0.0,0.0,0.0,0.0,0.0,0.0,0.0,4,8
Manchester City,2019-08-10,25920,10.162808729968926,1.0,0.0,5.0,0.0,5.0,1.0,0.0,0.0,0.0,0.0,0.0,0.0,3.0,5,8
Manchester City,2019-08-11,16776,9.7277641797704,0.0,0.0,0.0,0.0,0.0,0.0,0.0,0.0,1.0,1.0,0.0,0.0,3.0,6,8
Manchester City,2019-08-12,13728,9.527265662897605,0.0,0.0,0.0,0.0,0.0,0.0,0.0,0.0,0.0,0.0,0.0,0.0,3.0,0,8
Manchester City,2019-08-13,12130,9.40351943877092,0.0,0.0,0.0,0.0,0.0,0.0,0.0,0.0,0.0,0.0,0.0,0.0,3.0,1,8
Manchester City,2019-08-14,11932,9.387062950369655,0.0,0.0,0.0,0.0,0.0,0.0,0.0,0.0,0.0,0.0,0.0,0.0,3.0,2,8
Manchester City,2019-08-15,11511,9.351145248567203,0.0,0.0,0.0,0.0,0.0,0.0,0.0,0.0,0.0,0.0,0.0,0.0,0.0,3,8
Manchester City,2019-08-16,10016,9.212038928611765,0.0,0.0,0.0,0.0,0.0,0.0,0.0,0.0,0.0,0.0,0.0,0.0,0.0,4,8
Manchester City,2019-08-17,21619,9.9813740911932,1.0,1.0,2.0,2.0,0.0,0.0,1.0,0.0,0.0,0.0,0.0,0.0,1.0,5,8
Manchester City,2019-08-18,12600,9.441531454869693,0.0,0.0,0.0,0.0,0.0,0.0,0.0,0.0,1.0,0.0,1.0,0.0,1.0,6,8
Manchester City,2019-08-19,10387,9.248406572782638,0.0,0.0,0.0,0.0,0.0,0.0,0.0,0.0,0.0,0.0,0.0,0.0,1.0,0,8
Manchester City,2019-08-20,8137,9.004299728561636,0.0,0.0,0.0,0.0,0.0,0.0,0.0,0.0,0.0,0.0,0.0,0.0,1.0,1,8
Manchester City,2019-08-21,7668,8.94494150776486,0.0,0.0,0.0,0.0,0.0,0.0,0.0,0.0,0.0,0.0,0.0,0.0,1.0,2,8
Manchester City,2019-08-22,7274,8.892199092039693,0.0,0.0,0.0,0.0,0.0,0.0,0.0,0.0,0.0,0.0,0.0,0.0,0.0,3,8
Manchester City,2019-08-23,7286,8.893847217670283,0.0,0.0,0.0,0.0,0.0,0.0,0.0,0.0,0.0,0.0,0.0,0.0,0.0,4,8
Manchester City,2019-08-24,8449,9.041921720351219,0.0,0.0,0.0,0.0,0.0,0.0,0.0,0.0,0.0,0.0,0.0,0.0,0.0,5,8
Manchester City,2019-08-25,14470,9.579901925737992,1.0,0.0,3.0,1.0,2.0,1.0,0.0,0.0,0.0,0.0,0.0,0.0,3.0,6,8
Manchester City,2019-08-26,8286,9.022443300849043,0.0,0.0,0.0,0.0,0.0,0.0,0.0,0.0,1.0,1.0,0.0,0.0,3.0,0,8
Manchester City,2019-08-27,7254,8.889446165318288,0.0,0.0,0.0,0.0,0.0,0.0,0.0,0.0,0.0,0.0,0.0,0.0,3.0,1,8
Manchester City,2019-08-28,7686,8.947285869349132,0.0,0.0,0.0,0.0,0.0,0.0,0.0,0.0,0.0,0.0,0.0,0.0,3.0,2,8
Manchester City,2019-08-29,8728,9.07440609473535,0.0,0.0,0.0,0.0,0.0,0.0,0.0,0.0,0.0,0.0,0.0,0.0,3.0,3,8
Manchester City,2019-08-30,8002,8.987571750367046,0.0,0.0,0.0,0.0,0.0,0.0,0.0,0.0,0.0,0.0,0.0,0.0,0.0,4,8
Manchester City,2019-08-31,11689,9.366489054466115,1.0,1.0,4.0,0.0,4.0,1.0,0.0,0.0,0.0,0.0,0.0,0.0,3.0,5,8
Manchester City,2019-09-01,9580,9.167537249650874,0.0,0.0,0.0,0.0,0.0,0.0,0.0,0.0,1.0,1.0,0.0,0.0,3.0,6,9
Manchester City,2019-09-02,8151,9.00601857490256,0.0,0.0,0.0,0.0,0.0,0.0,0.0,0.0,0.0,0.0,0.0,0.0,3.0,0,9
Manchester City,2019-09-03,7830,8.965845494750937,0.0,0.0,0.0,0.0,0.0,0.0,0.0,0.0,0.0,0.0,0.0,0.0,3.0,1,9
Manchester City,2019-09-04,7020,8.85666093701725,0.0,0.0,0.0,0.0,0.0,0.0,0.0,0.0,0.0,0.0,0.0,0.0,3.0,2,9
Manchester City,2019-09-05,6310,8.75004942158424,0.0,0.0,0.0,0.0,0.0,0.0,0.0,0.0,0.0,0.0,0.0,0.0,0.0,3,9
Manchester City,2019-09-06,5285,8.572817095164234,0.0,0.0,0.0,0.0,0.0,0.0,0.0,0.0,0.0,0.0,0.0,0.0,0.0,4,9
Manchester City,2019-09-07,6044,8.706986763048892,0.0,0.0,0.0,0.0,0.0,0.0,0.0,0.0,0.0,0.0,0.0,0.0,0.0,5,9
Manchester City,2019-09-08,5516,8.61558951327243,0.0,0.0,0.0,0.0,0.0,0.0,0.0,0.0,0.0,0.0,0.0,0.0,0.0,6,9
Manchester City,2019-09-09,5546,8.621012520055235,0.0,0.0,0.0,0.0,0.0,0.0,0.0,0.0,0.0,0.0,0.0,0.0,0.0,0,9
Manchester City,2019-09-10,6259,8.741935464094144,0.0,0.0,0.0,0.0,0.0,0.0,0.0,0.0,0.0,0.0,0.0,0.0,0.0,1,9
Manchester City,2019-09-11,7570,8.932080438103307,0.0,0.0,0.0,0.0,0.0,0.0,0.0,0.0,0.0,0.0,0.0,0.0,0.0,2,9
Manchester City,2019-09-12,7197,8.881558488638976,0.0,0.0,0.0,0.0,0.0,0.0,0.0,0.0,0.0,0.0,0.0,0.0,0.0,3,9
Manchester City,2019-09-13,6190,8.730851903519232,0.0,0.0,0.0,0.0,0.0,0.0,0.0,0.0,0.0,0.0,0.0,0.0,0.0,4,9
Manchester City,2019-09-14,15001,9.615938804529582,1.0,0.0,2.0,3.0,-1.0,0.0,0.0,1.0,0.0,0.0,0.0,0.0,0.0,5,9
Manchester City,2019-09-15,9728,9.182866394975427,0.0,0.0,0.0,0.0,0.0,0.0,0.0,0.0,1.0,0.0,0.0,1.0,0.0,6,9
Manchester City,2019-09-16,7631,8.940105213128122,0.0,0.0,0.0,0.0,0.0,0.0,0.0,0.0,0.0,0.0,0.0,0.0,0.0,0,9
Manchester City,2019-09-17,11960,9.389406636049465,0.0,0.0,0.0,0.0,0.0,0.0,0.0,0.0,0.0,0.0,0.0,0.0,0.0,1,9
Manchester City,2019-09-18,9879,9.198267790741914,0.0,0.0,0.0,0.0,0.0,0.0,0.0,0.0,0.0,0.0,0.0,0.0,0.0,2,9
Manchester City,2019-09-19,7909,8.9758830607617,0.0,0.0,0.0,0.0,0.0,0.0,0.0,0.0,0.0,0.0,0.0,0.0,0.0,3,9
Manchester City,2019-09-20,6257,8.741615924228828,0.0,0.0,0.0,0.0,0.0,0.0,0.0,0.0,0.0,0.0,0.0,0.0,0.0,4,9
Manchester City,2019-09-21,16769,9.727346854817254,1.0,1.0,8.0,0.0,8.0,1.0,0.0,0.0,0.0,0.0,0.0,0.0,3.0,5,9
Manchester City,2019-09-22,12510,9.4343635363174,0.0,0.0,0.0,0.0,0.0,0.0,0.0,0.0,1.0,1.0,0.0,0.0,3.0,6,9
Manchester City,2019-09-23,8529,9.051344640485725,0.0,0.0,0.0,0.0,0.0,0.0,0.0,0.0,0.0,0.0,0.0,0.0,3.0,0,9
Manchester City,2019-09-24,8717,9.073145132798338,0.0,0.0,0.0,0.0,0.0,0.0,0.0,0.0,0.0,0.0,0.0,0.0,3.0,1,9
Manchester City,2019-09-25,7858,8.969414650866176,0.0,0.0,0.0,0.0,0.0,0.0,0.0,0.0,0.0,0.0,0.0,0.0,3.0,2,9
Manchester City,2019-09-26,6471,8.775240458738327,0.0,0.0,0.0,0.0,0.0,0.0,0.0,0.0,0.0,0.0,0.0,0.0,0.0,3,9
Manchester City,2019-09-27,6046,8.707317560273212,0.0,0.0,0.0,0.0,0.0,0.0,0.0,0.0,0.0,0.0,0.0,0.0,0.0,4,9
Manchester City,2019-09-28,12361,9.422382530219219,1.0,0.0,3.0,1.0,2.0,1.0,0.0,0.0,0.0,0.0,0.0,0.0,3.0,5,9
Manchester City,2019-09-29,7873,8.971321471503682,0.0,0.0,0.0,0.0,0.0,0.0,0.0,0.0,1.0,1.0,0.0,0.0,3.0,6,9
Manchester City,2019-09-30,7419,8.911934336161426,0.0,0.0,0.0,0.0,0.0,0.0,0.0,0.0,0.0,0.0,0.0,0.0,3.0,0,9
Manchester City,2019-10-01,8696,9.070733417589766,0.0,0.0,0.0,0.0,0.0,0.0,0.0,0.0,0.0,0.0,0.0,0.0,3.0,1,10
Manchester City,2019-10-02,7108,8.869116865929483,0.0,0.0,0.0,0.0,0.0,0.0,0.0,0.0,0.0,0.0,0.0,0.0,3.0,2,10
Manchester City,2019-10-03,6031,8.704833909687792,0.0,0.0,0.0,0.0,0.0,0.0,0.0,0.0,0.0,0.0,0.0,0.0,0.0,3,10
Manchester City,2019-10-04,5587,8.628376720376853,0.0,0.0,0.0,0.0,0.0,0.0,0.0,0.0,0.0,0.0,0.0,0.0,0.0,4,10
Manchester City,2019-10-05,6924,8.842893331055539,0.0,0.0,0.0,0.0,0.0,0.0,0.0,0.0,0.0,0.0,0.0,0.0,0.0,5,10
Manchester City,2019-10-06,13312,9.496496280431916,1.0,1.0,0.0,2.0,-2.0,0.0,0.0,1.0,0.0,0.0,0.0,0.0,0.0,6,10
Manchester City,2019-10-07,7933,8.978912601074276,0.0,0.0,0.0,0.0,0.0,0.0,0.0,0.0,1.0,0.0,0.0,1.0,0.0,0,10
Manchester City,2019-10-08,5954,8.691986481789401,0.0,0.0,0.0,0.0,0.0,0.0,0.0,0.0,0.0,0.0,0.0,0.0,0.0,1,10
Manchester City,2019-10-09,5287,8.573195381531523,0.0,0.0,0.0,0.0,0.0,0.0,0.0,0.0,0.0,0.0,0.0,0.0,0.0,2,10
Manchester City,2019-10-10,5153,8.54752839121231,0.0,0.0,0.0,0.0,0.0,0.0,0.0,0.0,0.0,0.0,0.0,0.0,0.0,3,10
Manchester City,2019-10-11,4983,8.51398806046729,0.0,0.0,0.0,0.0,0.0,0.0,0.0,0.0,0.0,0.0,0.0,0.0,0.0,4,10
Manchester City,2019-10-12,4670,8.449128460502108,0.0,0.0,0.0,0.0,0.0,0.0,0.0,0.0,0.0,0.0,0.0,0.0,0.0,5,10
Manchester City,2019-10-13,4571,8.427706024914702,0.0,0.0,0.0,0.0,0.0,0.0,0.0,0.0,0.0,0.0,0.0,0.0,0.0,6,10
Manchester City,2019-10-14,5777,8.661812881026181,0.0,0.0,0.0,0.0,0.0,0.0,0.0,0.0,0.0,0.0,0.0,0.0,0.0,0,10
Manchester City,2019-10-15,4954,8.508152446764088,0.0,0.0,0.0,0.0,0.0,0.0,0.0,0.0,0.0,0.0,0.0,0.0,0.0,1,10
Manchester City,2019-10-16,5008,8.518991573357617,0.0,0.0,0.0,0.0,0.0,0.0,0.0,0.0,0.0,0.0,0.0,0.0,0.0,2,10
Manchester City,2019-10-17,4881,8.493310250952906,0.0,0.0,0.0,0.0,0.0,0.0,0.0,0.0,0.0,0.0,0.0,0.0,0.0,3,10
Manchester City,2019-10-18,4903,8.497806477616047,0.0,0.0,0.0,0.0,0.0,0.0,0.0,0.0,0.0,0.0,0.0,0.0,0.0,4,10
Manchester City,2019-10-19,9800,9.19023970026918,1.0,0.0,2.0,0.0,2.0,1.0,0.0,0.0,0.0,0.0,0.0,0.0,3.0,5,10
Manchester City,2019-10-20,8691,9.07015834137632,0.0,0.0,0.0,0.0,0.0,0.0,0.0,0.0,1.0,1.0,0.0,0.0,3.0,6,10
Manchester City,2019-10-21,6772,8.820699399214904,0.0,0.0,0.0,0.0,0.0,0.0,0.0,0.0,0.0,0.0,0.0,0.0,3.0,0,10
Manchester City,2019-10-22,8723,9.07383312732152,0.0,0.0,0.0,0.0,0.0,0.0,0.0,0.0,0.0,0.0,0.0,0.0,3.0,1,10
Manchester City,2019-10-23,8097,8.999372396592106,0.0,0.0,0.0,0.0,0.0,0.0,0.0,0.0,0.0,0.0,0.0,0.0,3.0,2,10
Manchester City,2019-10-24,5688,8.646289764750648,0.0,0.0,0.0,0.0,0.0,0.0,0.0,0.0,0.0,0.0,0.0,0.0,0.0,3,10
Manchester City,2019-10-25,5979,8.696175846944678,0.0,0.0,0.0,0.0,0.0,0.0,0.0,0.0,0.0,0.0,0.0,0.0,0.0,4,10
Manchester City,2019-10-26,10674,9.275659838096825,1.0,1.0,3.0,0.0,3.0,1.0,0.0,0.0,0.0,0.0,0.0,0.0,3.0,5,10
Manchester City,2019-10-27,8025,8.990441550826862,0.0,0.0,0.0,0.0,0.0,0.0,0.0,0.0,1.0,1.0,0.0,0.0,3.0,6,10
Manchester City,2019-10-28,6258,8.7417757069247,0.0,0.0,0.0,0.0,0.0,0.0,0.0,0.0,0.0,0.0,0.0,0.0,3.0,0,10
Manchester City,2019-10-29,8233,9.01602720232985,0.0,0.0,0.0,0.0,0.0,0.0,0.0,0.0,0.0,0.0,0.0,0.0,3.0,1,10
Manchester City,2019-10-30,7923,8.977651407818442,0.0,0.0,0.0,0.0,0.0,0.0,0.0,0.0,0.0,0.0,0.0,0.0,3.0,2,10
Manchester City,2019-10-31,5790,8.66406026722579,0.0,0.0,0.0,0.0,0.0,0.0,0.0,0.0,0.0,0.0,0.0,0.0,0.0,3,10
Manchester City,2019-11-01,5330,8.581294116822761,0.0,0.0,0.0,0.0,0.0,0.0,0.0,0.0,0.0,0.0,0.0,0.0,0.0,4,11
Manchester City,2019-11-02,9407,9.149315670138408,1.0,1.0,2.0,1.0,1.0,1.0,0.0,0.0,0.0,0.0,0.0,0.0,3.0,5,11
Manchester City,2019-11-03,6621,8.798152718107191,0.0,0.0,0.0,0.0,0.0,0.0,0.0,0.0,1.0,1.0,0.0,0.0,3.0,6,11
Manchester City,2019-11-04,5974,8.695339376799712,0.0,0.0,0.0,0.0,0.0,0.0,0.0,0.0,0.0,0.0,0.0,0.0,3.0,0,11
Manchester City,2019-11-05,6171,8.72777821348305,0.0,0.0,0.0,0.0,0.0,0.0,0.0,0.0,0.0,0.0,0.0,0.0,3.0,1,11
Manchester City,2019-11-06,8504,9.048409504829962,0.0,0.0,0.0,0.0,0.0,0.0,0.0,0.0,0.0,0.0,0.0,0.0,3.0,2,11
Manchester City,2019-11-07,8850,9.088285725968877,0.0,0.0,0.0,0.0,0.0,0.0,0.0,0.0,0.0,0.0,0.0,0.0,0.0,3,11
Manchester City,2019-11-08,7436,8.9142228207033,0.0,0.0,0.0,0.0,0.0,0.0,0.0,0.0,0.0,0.0,0.0,0.0,0.0,4,11
Manchester City,2019-11-09,7858,8.969414650866176,0.0,0.0,0.0,0.0,0.0,0.0,0.0,0.0,0.0,0.0,0.0,0.0,0.0,5,11
Manchester City,2019-11-10,25599,10.150347630467653,1.0,0.0,1.0,3.0,-2.0,0.0,0.0,1.0,0.0,0.0,0.0,0.0,0.0,6,11
Manchester City,2019-11-11,12361,9.422382530219219,0.0,0.0,0.0,0.0,0.0,0.0,0.0,0.0,1.0,0.0,0.0,1.0,0.0,0,11
Manchester City,2019-11-12,8907,9.094705028377259,0.0,0.0,0.0,0.0,0.0,0.0,0.0,0.0,0.0,0.0,0.0,0.0,0.0,1,11
Manchester City,2019-11-13,7559,8.930626469173578,0.0,0.0,0.0,0.0,0.0,0.0,0.0,0.0,0.0,0.0,0.0,0.0,0.0,2,11
Manchester City,2019-11-14,6702,8.810310466357958,0.0,0.0,0.0,0.0,0.0,0.0,0.0,0.0,0.0,0.0,0.0,0.0,0.0,3,11
Manchester City,2019-11-15,4952,8.507748732588238,0.0,0.0,0.0,0.0,0.0,0.0,0.0,0.0,0.0,0.0,0.0,0.0,0.0,4,11
Manchester City,2019-11-16,4809,8.478452363099807,0.0,0.0,0.0,0.0,0.0,0.0,0.0,0.0,0.0,0.0,0.0,0.0,0.0,5,11
Manchester City,2019-11-17,5570,8.625329850020815,0.0,0.0,0.0,0.0,0.0,0.0,0.0,0.0,0.0,0.0,0.0,0.0,0.0,6,11
Manchester City,2019-11-18,5006,8.518592212329946,0.0,0.0,0.0,0.0,0.0,0.0,0.0,0.0,0.0,0.0,0.0,0.0,0.0,0,11
Manchester City,2019-11-19,5217,8.559869465696673,0.0,0.0,0.0,0.0,0.0,0.0,0.0,0.0,0.0,0.0,0.0,0.0,0.0,1,11
Manchester City,2019-11-20,5881,8.67965211911394,0.0,0.0,0.0,0.0,0.0,0.0,0.0,0.0,0.0,0.0,0.0,0.0,0.0,2,11
Manchester City,2019-11-21,5243,8.56483984488359,0.0,0.0,0.0,0.0,0.0,0.0,0.0,0.0,0.0,0.0,0.0,0.0,0.0,3,11
Manchester City,2019-11-22,5296,8.574895901544526,0.0,0.0,0.0,0.0,0.0,0.0,0.0,0.0,0.0,0.0,0.0,0.0,0.0,4,11
Manchester City,2019-11-23,13158,9.48486121415014,1.0,1.0,2.0,1.0,1.0,1.0,0.0,0.0,0.0,0.0,0.0,0.0,3.0,5,11
Manchester City,2019-11-24,7337,8.900821604915228,0.0,0.0,0.0,0.0,0.0,0.0,0.0,0.0,1.0,1.0,0.0,0.0,3.0,6,11
Manchester City,2019-11-25,6073,8.711772645605693,0.0,0.0,0.0,0.0,0.0,0.0,0.0,0.0,0.0,0.0,0.0,0.0,3.0,0,11
Manchester City,2019-11-26,7122,8.871084263978354,0.0,0.0,0.0,0.0,0.0,0.0,0.0,0.0,0.0,0.0,0.0,0.0,3.0,1,11
Manchester City,2019-11-27,8665,9.067162602299854,0.0,0.0,0.0,0.0,0.0,0.0,0.0,0.0,0.0,0.0,0.0,0.0,3.0,2,11
Manchester City,2019-11-28,7370,8.905308661189288,0.0,0.0,0.0,0.0,0.0,0.0,0.0,0.0,0.0,0.0,0.0,0.0,0.0,3,11
Manchester City,2019-11-29,6638,8.80071662871916,0.0,0.0,0.0,0.0,0.0,0.0,0.0,0.0,0.0,0.0,0.0,0.0,0.0,4,11
Manchester City,2019-11-30,10293,9.2393164802127,1.0,0.0,2.0,2.0,0.0,0.0,1.0,0.0,0.0,0.0,0.0,0.0,1.0,5,11
Manchester City,2019-12-01,7466,8.918248591035702,0.0,0.0,0.0,0.0,0.0,0.0,0.0,0.0,1.0,0.0,1.0,0.0,1.0,6,12
Manchester City,2019-12-02,6887,8.837536046107568,0.0,0.0,0.0,0.0,0.0,0.0,0.0,0.0,0.0,0.0,0.0,0.0,1.0,0,12
Manchester City,2019-12-03,9644,9.17419492533983,1.0,0.0,4.0,1.0,3.0,1.0,0.0,0.0,0.0,0.0,0.0,0.0,4.0,1,12
Manchester City,2019-12-04,8052,8.993799971795545,0.0,0.0,0.0,0.0,0.0,0.0,0.0,0.0,1.0,1.0,0.0,0.0,4.0,2,12
Manchester City,2019-12-05,7169,8.877660933593667,0.0,0.0,0.0,0.0,0.0,0.0,0.0,0.0,0.0,0.0,0.0,0.0,3.0,3,12
Manchester City,2019-12-06,7633,8.940367233305174,0.0,0.0,0.0,0.0,0.0,0.0,0.0,0.0,0.0,0.0,0.0,0.0,3.0,4,12
Manchester City,2019-12-07,20057,9.906383355648154,1.0,1.0,1.0,2.0,-1.0,0.0,0.0,1.0,0.0,0.0,0.0,0.0,3.0,5,12
Manchester City,2019-12-08,11016,9.307194813340065,0.0,0.0,0.0,0.0,0.0,0.0,0.0,0.0,1.0,0.0,0.0,1.0,0.0,6,12
Manchester City,2019-12-09,8956,9.100190628475195,0.0,0.0,0.0,0.0,0.0,0.0,0.0,0.0,0.0,0.0,0.0,0.0,0.0,0,12
Manchester City,2019-12-10,6704,8.81060879571578,0.0,0.0,0.0,0.0,0.0,0.0,0.0,0.0,0.0,0.0,0.0,0.0,0.0,1,12
Manchester City,2019-12-11,9076,9.113499020526627,0.0,0.0,0.0,0.0,0.0,0.0,0.0,0.0,0.0,0.0,0.0,0.0,0.0,2,12
Manchester City,2019-12-12,6661,8.804175018753625,0.0,0.0,0.0,0.0,0.0,0.0,0.0,0.0,0.0,0.0,0.0,0.0,0.0,3,12
Manchester City,2019-12-13,5376,8.589885876809678,0.0,0.0,0.0,0.0,0.0,0.0,0.0,0.0,0.0,0.0,0.0,0.0,0.0,4,12
Manchester City,2019-12-14,6208,8.733755131364893,0.0,0.0,0.0,0.0,0.0,0.0,0.0,0.0,0.0,0.0,0.0,0.0,0.0,5,12
Manchester City,2019-12-15,11514,9.351405812254786,1.0,0.0,3.0,0.0,3.0,1.0,0.0,0.0,0.0,0.0,0.0,0.0,3.0,6,12
Manchester City,2019-12-16,9431,9.151863442217207,0.0,0.0,0.0,0.0,0.0,0.0,0.0,0.0,1.0,1.0,0.0,0.0,3.0,0,12
Manchester City,2019-12-17,10858,9.2927495082169,0.0,0.0,0.0,0.0,0.0,0.0,0.0,0.0,0.0,0.0,0.0,0.0,3.0,1,12
Manchester City,2019-12-18,17279,9.757305042358047,0.0,0.0,0.0,0.0,0.0,0.0,0.0,0.0,0.0,0.0,0.0,0.0,3.0,2,12
Manchester City,2019-12-19,9393,9.14782646658694,0.0,0.0,0.0,0.0,0.0,0.0,0.0,0.0,0.0,0.0,0.0,0.0,3.0,3,12
Manchester City,2019-12-20,8252,9.018332049592685,0.0,0.0,0.0,0.0,0.0,0.0,0.0,0.0,0.0,0.0,0.0,0.0,0.0,4,12
Manchester City,2019-12-21,12690,9.448648359810164,1.0,1.0,3.0,1.0,2.0,1.0,0.0,0.0,0.0,0.0,0.0,0.0,3.0,5,12
Manchester City,2019-12-22,9748,9.184919994629272,0.0,0.0,0.0,0.0,0.0,0.0,0.0,0.0,1.0,1.0,0.0,0.0,3.0,6,12
Manchester City,2019-12-23,6686,8.80792062205398,0.0,0.0,0.0,0.0,0.0,0.0,0.0,0.0,0.0,0.0,0.0,0.0,3.0,0,12
Manchester City,2019-12-24,6309,8.749890955535259,0.0,0.0,0.0,0.0,0.0,0.0,0.0,0.0,0.0,0.0,0.0,0.0,3.0,1,12
Manchester City,2019-12-25,5871,8.677950570294351,0.0,0.0,0.0,0.0,0.0,0.0,0.0,0.0,0.0,0.0,0.0,0.0,3.0,2,12
Manchester City,2019-12-26,9073,9.113168460223909,0.0,0.0,0.0,0.0,0.0,0.0,0.0,0.0,0.0,0.0,0.0,0.0,0.0,3,12
Manchester City,2019-12-27,16079,9.685331542732957,1.0,0.0,2.0,3.0,-1.0,0.0,0.0,1.0,0.0,0.0,0.0,0.0,0.0,4,12
Manchester City,2019-12-28,13771,9.530392824458414,0.0,0.0,0.0,0.0,0.0,0.0,0.0,0.0,1.0,0.0,0.0,1.0,0.0,5,12
Manchester City,2019-12-29,15266,9.633448915256942,1.0,1.0,2.0,0.0,2.0,1.0,0.0,0.0,0.0,0.0,0.0,0.0,3.0,6,12
Manchester City,2019-12-30,9837,9.194007717355285,0.0,0.0,0.0,0.0,0.0,0.0,0.0,0.0,1.0,1.0,0.0,0.0,3.0,0,12
Manchester City,2019-12-31,7467,8.918382504661613,0.0,0.0,0.0,0.0,0.0,0.0,0.0,0.0,0.0,0.0,0.0,0.0,3.0,1,12
Manchester City,2020-01-01,12386,9.4244028145542,1.0,1.0,2.0,1.0,1.0,1.0,0.0,0.0,0.0,0.0,0.0,0.0,6.0,2,1
Manchester City,2020-01-02,9347,9.142917695658749,0.0,0.0,0.0,0.0,0.0,0.0,0.0,0.0,1.0,1.0,0.0,0.0,6.0,3,1
Manchester City,2020-01-03,8378,9.033483854613287,0.0,0.0,0.0,0.0,0.0,0.0,0.0,0.0,0.0,0.0,0.0,0.0,3.0,4,1
Manchester City,2020-01-04,10723,9.28023949935585,0.0,0.0,0.0,0.0,0.0,0.0,0.0,0.0,0.0,0.0,0.0,0.0,3.0,5,1
Manchester City,2020-01-05,8036,8.991811158212718,0.0,0.0,0.0,0.0,0.0,0.0,0.0,0.0,0.0,0.0,0.0,0.0,3.0,6,1
Manchester City,2020-01-06,6864,8.834191318202071,0.0,0.0,0.0,0.0,0.0,0.0,0.0,0.0,0.0,0.0,0.0,0.0,0.0,0,1
Manchester City,2020-01-07,12764,9.454462329675584,0.0,0.0,0.0,0.0,0.0,0.0,0.0,0.0,0.0,0.0,0.0,0.0,0.0,1,1
Manchester City,2020-01-08,8522,9.050523670522297,0.0,0.0,0.0,0.0,0.0,0.0,0.0,0.0,0.0,0.0,0.0,0.0,0.0,2,1
Manchester City,2020-01-09,6387,8.762176509334903,0.0,0.0,0.0,0.0,0.0,0.0,0.0,0.0,0.0,0.0,0.0,0.0,0.0,3,1
Manchester City,2020-01-10,5781,8.662504922576291,0.0,0.0,0.0,0.0,0.0,0.0,0.0,0.0,0.0,0.0,0.0,0.0,0.0,4,1
Manchester City,2020-01-11,6920,8.842315546841863,0.0,0.0,0.0,0.0,0.0,0.0,0.0,0.0,0.0,0.0,0.0,0.0,0.0,5,1
Manchester City,2020-01-12,13238,9.490922297937656,1.0,0.0,6.0,1.0,5.0,1.0,0.0,0.0,0.0,0.0,0.0,0.0,3.0,6,1
Manchester City,2020-01-13,8546,9.053335623166017,0.0,0.0,0.0,0.0,0.0,0.0,0.0,0.0,1.0,1.0,0.0,0.0,3.0,0,1
Manchester City,2020-01-14,6873,8.835501457409778,0.0,0.0,0.0,0.0,0.0,0.0,0.0,0.0,0.0,0.0,0.0,0.0,3.0,1,1
Manchester City,2020-01-15,6189,8.730690365678642,0.0,0.0,0.0,0.0,0.0,0.0,0.0,0.0,0.0,0.0,0.0,0.0,3.0,2,1
Manchester City,2020-01-16,5536,8.619208116822968,0.0,0.0,0.0,0.0,0.0,0.0,0.0,0.0,0.0,0.0,0.0,0.0,3.0,3,1
Manchester City,2020-01-17,5648,8.639233817325263,0.0,0.0,0.0,0.0,0.0,0.0,0.0,0.0,0.0,0.0,0.0,0.0,0.0,4,1
Manchester City,2020-01-18,8973,9.102086786535928,1.0,1.0,2.0,2.0,0.0,0.0,1.0,0.0,0.0,0.0,0.0,0.0,1.0,5,1
Manchester City,2020-01-19,8946,9.099073559547596,0.0,0.0,0.0,0.0,0.0,0.0,0.0,0.0,1.0,0.0,1.0,0.0,1.0,6,1
Manchester City,2020-01-20,6807,8.82585367025321,0.0,0.0,0.0,0.0,0.0,0.0,0.0,0.0,0.0,0.0,0.0,0.0,1.0,0,1
Manchester City,2020-01-21,8558,9.05473863988161,1.0,0.0,1.0,0.0,1.0,1.0,0.0,0.0,0.0,0.0,0.0,0.0,4.0,1,1
Manchester City,2020-01-22,7180,8.879193928110318,0.0,0.0,0.0,0.0,0.0,0.0,0.0,0.0,1.0,1.0,0.0,0.0,4.0,2,1
Manchester City,2020-01-23,7556,8.93022956502072,0.0,0.0,0.0,0.0,0.0,0.0,0.0,0.0,0.0,0.0,0.0,0.0,3.0,3,1
Manchester City,2020-01-24,6182,8.729558869558568,0.0,0.0,0.0,0.0,0.0,0.0,0.0,0.0,0.0,0.0,0.0,0.0,3.0,4,1
Manchester City,2020-01-25,6813,8.826734598220911,0.0,0.0,0.0,0.0,0.0,0.0,0.0,0.0,0.0,0.0,0.0,0.0,3.0,5,1
Manchester City,2020-01-26,9293,9.137124309644923,0.0,0.0,0.0,0.0,0.0,0.0,0.0,0.0,0.0,0.0,0.0,0.0,0.0,6,1
Manchester City,2020-01-27,5809,8.667335849845957,0.0,0.0,0.0,0.0,0.0,0.0,0.0,0.0,0.0,0.0,0.0,0.0,0.0,0,1
Manchester City,2020-01-28,6402,8.764521909518802,0.0,0.0,0.0,0.0,0.0,0.0,0.0,0.0,0.0,0.0,0.0,0.0,0.0,1,1
Manchester City,2020-01-29,11898,9.384209641955154,0.0,0.0,0.0,0.0,0.0,0.0,0.0,0.0,0.0,0.0,0.0,0.0,0.0,2,1
Manchester City,2020-01-30,8590,9.058470422638056,0.0,0.0,0.0,0.0,0.0,0.0,0.0,0.0,0.0,0.0,0.0,0.0,0.0,3,1
Manchester City,2020-01-31,6733,8.814924599721019,0.0,0.0,0.0,0.0,0.0,0.0,0.0,0.0,0.0,0.0,0.0,0.0,0.0,4,1
Manchester City,2020-02-01,7803,8.962391701743002,0.0,0.0,0.0,0.0,0.0,0.0,0.0,0.0,0.0,0.0,0.0,0.0,0.0,5,2
Manchester City,2020-02-02,12421,9.427224373119248,1.0,0.0,0.0,2.0,-2.0,0.0,0.0,1.0,0.0,0.0,0.0,0.0,0.0,6,2
Manchester City,2020-02-03,7669,8.945071894361302,0.0,0.0,0.0,0.0,0.0,0.0,0.0,0.0,1.0,0.0,0.0,1.0,0.0,0,2
Manchester City,2020-02-04,6545,8.786609455061125,0.0,0.0,0.0,0.0,0.0,0.0,0.0,0.0,0.0,0.0,0.0,0.0,0.0,1,2
Manchester City,2020-02-05,5712,8.650499558724462,0.0,0.0,0.0,0.0,0.0,0.0,0.0,0.0,0.0,0.0,0.0,0.0,0.0,2,2
Manchester City,2020-02-06,5586,8.628197749459149,0.0,0.0,0.0,0.0,0.0,0.0,0.0,0.0,0.0,0.0,0.0,0.0,0.0,3,2
Manchester City,2020-02-07,5402,8.594709633844065,0.0,0.0,0.0,0.0,0.0,0.0,0.0,0.0,0.0,0.0,0.0,0.0,0.0,4,2
Manchester City,2020-02-08,5246,8.565411763686711,0.0,0.0,0.0,0.0,0.0,0.0,0.0,0.0,0.0,0.0,0.0,0.0,0.0,5,2
Manchester City,2020-02-09,8253,9.018453210312527,0.0,0.0,0.0,0.0,0.0,0.0,0.0,0.0,0.0,0.0,0.0,0.0,0.0,6,2
Manchester City,2020-02-10,4944,8.506132244056813,0.0,0.0,0.0,0.0,0.0,0.0,0.0,0.0,0.0,0.0,0.0,0.0,0.0,0,2
Manchester City,2020-02-11,5168,8.550434525196039,0.0,0.0,0.0,0.0,0.0,0.0,0.0,0.0,0.0,0.0,0.0,0.0,0.0,1,2
Manchester City,2020-02-12,4703,8.456168489578463,0.0,0.0,0.0,0.0,0.0,0.0,0.0,0.0,0.0,0.0,0.0,0.0,0.0,2,2
Manchester City,2020-02-13,4588,8.431417414394833,0.0,0.0,0.0,0.0,0.0,0.0,0.0,0.0,0.0,0.0,0.0,0.0,0.0,3,2
Manchester City,2020-02-14,21479,9.974877548622802,0.0,0.0,0.0,0.0,0.0,0.0,0.0,0.0,0.0,0.0,0.0,0.0,0.0,4,2
Manchester City,2020-02-15,28442,10.255657363586069,0.0,0.0,0.0,0.0,0.0,0.0,0.0,0.0,0.0,0.0,0.0,0.0,0.0,5,2
Manchester City,2020-02-16,19375,9.871790465792873,0.0,0.0,0.0,0.0,0.0,0.0,0.0,0.0,0.0,0.0,0.0,0.0,0.0,6,2
Manchester City,2020-02-17,18146,9.806260536775024,0.0,0.0,0.0,0.0,0.0,0.0,0.0,0.0,0.0,0.0,0.0,0.0,0.0,0,2
Manchester City,2020-02-18,12261,9.414260328322634,0.0,0.0,0.0,0.0,0.0,0.0,0.0,0.0,0.0,0.0,0.0,0.0,0.0,1,2
Manchester City,2020-02-19,12243,9.412791300065303,1.0,1.0,2.0,0.0,2.0,1.0,0.0,0.0,0.0,0.0,0.0,0.0,3.0,2,2
Manchester City,2020-02-20,8768,9.078978053779355,0.0,0.0,0.0,0.0,0.0,0.0,0.0,0.0,1.0,1.0,0.0,0.0,3.0,3,2
Manchester City,2020-02-21,6616,8.797397374012059,0.0,0.0,0.0,0.0,0.0,0.0,0.0,0.0,0.0,0.0,0.0,0.0,3.0,4,2
Manchester City,2020-02-22,9719,9.181940897454485,1.0,0.0,1.0,0.0,1.0,1.0,0.0,0.0,0.0,0.0,0.0,0.0,6.0,5,2
Manchester City,2020-02-23,6885,8.83724564389847,0.0,0.0,0.0,0.0,0.0,0.0,0.0,0.0,1.0,1.0,0.0,0.0,6.0,6,2
Manchester City,2020-02-24,6403,8.764678074116606,0.0,0.0,0.0,0.0,0.0,0.0,0.0,0.0,0.0,0.0,0.0,0.0,3.0,0,2
Manchester City,2020-02-25,7114,8.869960510523953,0.0,0.0,0.0,0.0,0.0,0.0,0.0,0.0,0.0,0.0,0.0,0.0,3.0,1,2
Manchester City,2020-02-26,15549,9.65181591760738,0.0,0.0,0.0,0.0,0.0,0.0,0.0,0.0,0.0,0.0,0.0,0.0,3.0,2,2
Manchester City,2020-02-27,9667,9.176576741823373,0.0,0.0,0.0,0.0,0.0,0.0,0.0,0.0,0.0,0.0,0.0,0.0,0.0,3,2
Manchester City,2020-02-28,6478,8.776321456449958,0.0,0.0,0.0,0.0,0.0,0.0,0.0,0.0,0.0,0.0,0.0,0.0,0.0,4,2
Manchester City,2020-02-29,7402,8.909640602443098,0.0,0.0,0.0,0.0,0.0,0.0,0.0,0.0,0.0,0.0,0.0,0.0,0.0,5,2
Manchester City,2020-03-01,22219,10.008748063193622,0.0,0.0,0.0,0.0,0.0,0.0,0.0,0.0,0.0,0.0,0.0,0.0,0.0,6,3
Manchester City,2020-03-02,12576,9.439625028047155,0.0,0.0,0.0,0.0,0.0,0.0,0.0,0.0,0.0,0.0,0.0,0.0,0.0,0,3
Manchester City,2020-03-03,8636,9.063810579280286,0.0,0.0,0.0,0.0,0.0,0.0,0.0,0.0,0.0,0.0,0.0,0.0,0.0,1,3
Manchester City,2020-03-04,10504,9.2596066132791,0.0,0.0,0.0,0.0,0.0,0.0,0.0,0.0,0.0,0.0,0.0,0.0,0.0,2,3
Manchester City,2020-03-05,7252,8.889170455363413,0.0,0.0,0.0,0.0,0.0,0.0,0.0,0.0,0.0,0.0,0.0,0.0,0.0,3,3
Manchester City,2020-03-06,5595,8.629807335785372,0.0,0.0,0.0,0.0,0.0,0.0,0.0,0.0,0.0,0.0,0.0,0.0,0.0,4,3
Manchester City,2020-03-07,6388,8.762333040602343,0.0,0.0,0.0,0.0,0.0,0.0,0.0,0.0,0.0,0.0,0.0,0.0,0.0,5,3
Manchester City,2020-03-08,15374,9.640498092674719,1.0,0.0,0.0,2.0,-2.0,0.0,0.0,1.0,0.0,0.0,0.0,0.0,0.0,6,3
Manchester City,2020-03-09,8514,9.049584593096789,0.0,0.0,0.0,0.0,0.0,0.0,0.0,0.0,1.0,0.0,0.0,1.0,0.0,0,3
Manchester City,2020-03-10,6323,8.752107198329362,0.0,0.0,0.0,0.0,0.0,0.0,0.0,0.0,0.0,0.0,0.0,0.0,0.0,1,3
Manchester City,2020-03-11,6626,8.798907492088226,0.0,0.0,0.0,0.0,0.0,0.0,0.0,0.0,0.0,0.0,0.0,0.0,0.0,2,3
Manchester City,2020-03-12,5793,8.664578178329295,0.0,0.0,0.0,0.0,0.0,0.0,0.0,0.0,0.0,0.0,0.0,0.0,0.0,3,3
Manchester City,2020-03-13,4514,8.415160465851086,0.0,0.0,0.0,0.0,0.0,0.0,0.0,0.0,0.0,0.0,0.0,0.0,0.0,4,3
Manchester City,2020-03-14,5078,8.532869670801245,0.0,0.0,0.0,0.0,0.0,0.0,0.0,0.0,0.0,0.0,0.0,0.0,0.0,5,3
Manchester City,2020-03-15,4342,8.376320632534823,0.0,0.0,0.0,0.0,0.0,0.0,0.0,0.0,0.0,0.0,0.0,0.0,0.0,6,3
Manchester City,2020-03-16,4147,8.330381569349418,0.0,0.0,0.0,0.0,0.0,0.0,0.0,0.0,0.0,0.0,0.0,0.0,0.0,0,3
Manchester City,2020-03-17,4159,8.333270353255308,0.0,0.0,0.0,0.0,0.0,0.0,0.0,0.0,0.0,0.0,0.0,0.0,0.0,1,3
Manchester City,2020-03-18,3996,8.293299358711323,0.0,0.0,0.0,0.0,0.0,0.0,0.0,0.0,0.0,0.0,0.0,0.0,0.0,2,3
Manchester City,2020-03-19,4257,8.356554845453426,0.0,0.0,0.0,0.0,0.0,0.0,0.0,0.0,0.0,0.0,0.0,0.0,0.0,3,3
Manchester City,2020-03-20,4145,8.329899292995725,0.0,0.0,0.0,0.0,0.0,0.0,0.0,0.0,0.0,0.0,0.0,0.0,0.0,4,3
Manchester City,2020-03-21,4630,8.440528106480752,0.0,0.0,0.0,0.0,0.0,0.0,0.0,0.0,0.0,0.0,0.0,0.0,0.0,5,3
Manchester City,2020-03-22,4868,8.4906438561827,0.0,0.0,0.0,0.0,0.0,0.0,0.0,0.0,0.0,0.0,0.0,0.0,0.0,6,3
Manchester City,2020-03-23,4457,8.402455513945814,0.0,0.0,0.0,0.0,0.0,0.0,0.0,0.0,0.0,0.0,0.0,0.0,0.0,0,3
Manchester City,2020-03-24,4636,8.441822884391462,0.0,0.0,0.0,0.0,0.0,0.0,0.0,0.0,0.0,0.0,0.0,0.0,0.0,1,3
Manchester City,2020-03-25,5250,8.566173813637858,0.0,0.0,0.0,0.0,0.0,0.0,0.0,0.0,0.0,0.0,0.0,0.0,0.0,2,3
Manchester City,2020-03-26,5231,8.562548893137034,0.0,0.0,0.0,0.0,0.0,0.0,0.0,0.0,0.0,0.0,0.0,0.0,0.0,3,3
Manchester City,2020-03-27,4954,8.508152446764088,0.0,0.0,0.0,0.0,0.0,0.0,0.0,0.0,0.0,0.0,0.0,0.0,0.0,4,3
Manchester City,2020-03-28,5382,8.591001118560957,0.0,0.0,0.0,0.0,0.0,0.0,0.0,0.0,0.0,0.0,0.0,0.0,0.0,5,3
Manchester City,2020-03-29,6004,8.700347734514084,0.0,0.0,0.0,0.0,0.0,0.0,0.0,0.0,0.0,0.0,0.0,0.0,0.0,6,3
Manchester City,2020-03-30,5471,8.607399459302387,0.0,0.0,0.0,0.0,0.0,0.0,0.0,0.0,0.0,0.0,0.0,0.0,0.0,0,3
Manchester City,2020-03-31,5440,8.601718146485926,0.0,0.0,0.0,0.0,0.0,0.0,0.0,0.0,0.0,0.0,0.0,0.0,0.0,1,3
Manchester City,2020-04-01,5371,8.588955557643128,0.0,0.0,0.0,0.0,0.0,0.0,0.0,0.0,0.0,0.0,0.0,0.0,0.0,2,4
Manchester City,2020-04-02,5640,8.637816633739977,0.0,0.0,0.0,0.0,0.0,0.0,0.0,0.0,0.0,0.0,0.0,0.0,0.0,3,4
Manchester City,2020-04-03,5951,8.691482576512929,0.0,0.0,0.0,0.0,0.0,0.0,0.0,0.0,0.0,0.0,0.0,0.0,0.0,4,4
Manchester City,2020-04-04,6094,8.715224041915372,0.0,0.0,0.0,0.0,0.0,0.0,0.0,0.0,0.0,0.0,0.0,0.0,0.0,5,4
Manchester City,2020-04-05,6892,8.838261682885651,0.0,0.0,0.0,0.0,0.0,0.0,0.0,0.0,0.0,0.0,0.0,0.0,0.0,6,4
Manchester City,2020-04-06,5669,8.642944396721798,0.0,0.0,0.0,0.0,0.0,0.0,0.0,0.0,0.0,0.0,0.0,0.0,0.0,0,4
Manchester City,2020-04-07,5709,8.649974302650056,0.0,0.0,0.0,0.0,0.0,0.0,0.0,0.0,0.0,0.0,0.0,0.0,0.0,1,4
Manchester City,2020-04-08,5662,8.641709066113805,0.0,0.0,0.0,0.0,0.0,0.0,0.0,0.0,0.0,0.0,0.0,0.0,0.0,2,4
Manchester City,2020-04-09,5839,8.672486075822272,0.0,0.0,0.0,0.0,0.0,0.0,0.0,0.0,0.0,0.0,0.0,0.0,0.0,3,4
Manchester City,2020-04-10,6267,8.74321260347591,0.0,0.0,0.0,0.0,0.0,0.0,0.0,0.0,0.0,0.0,0.0,0.0,0.0,4,4
Manchester City,2020-04-11,6515,8.782015969721936,0.0,0.0,0.0,0.0,0.0,0.0,0.0,0.0,0.0,0.0,0.0,0.0,0.0,5,4
Manchester City,2020-04-12,7400,8.909370405197466,0.0,0.0,0.0,0.0,0.0,0.0,0.0,0.0,0.0,0.0,0.0,0.0,0.0,6,4
Manchester City,2020-04-13,6236,8.738254576526122,0.0,0.0,0.0,0.0,0.0,0.0,0.0,0.0,0.0,0.0,0.0,0.0,0.0,0,4
Manchester City,2020-04-14,6989,8.852235835227855,0.0,0.0,0.0,0.0,0.0,0.0,0.0,0.0,0.0,0.0,0.0,0.0,0.0,1,4
Manchester City,2020-04-15,7377,8.906257878156621,0.0,0.0,0.0,0.0,0.0,0.0,0.0,0.0,0.0,0.0,0.0,0.0,0.0,2,4
Manchester City,2020-04-16,8030,8.991064332188461,0.0,0.0,0.0,0.0,0.0,0.0,0.0,0.0,0.0,0.0,0.0,0.0,0.0,3,4
Manchester City,2020-04-17,7780,8.95944014361693,0.0,0.0,0.0,0.0,0.0,0.0,0.0,0.0,0.0,0.0,0.0,0.0,0.0,4,4
Manchester City,2020-04-18,8166,9.007856923358275,0.0,0.0,0.0,0.0,0.0,0.0,0.0,0.0,0.0,0.0,0.0,0.0,0.0,5,4
Manchester City,2020-04-19,7773,8.958540111412168,0.0,0.0,0.0,0.0,0.0,0.0,0.0,0.0,0.0,0.0,0.0,0.0,0.0,6,4
Manchester City,2020-04-20,7635,8.940629184845639,0.0,0.0,0.0,0.0,0.0,0.0,0.0,0.0,0.0,0.0,0.0,0.0,0.0,0,4
Manchester City,2020-04-21,7221,8.884887201837403,0.0,0.0,0.0,0.0,0.0,0.0,0.0,0.0,0.0,0.0,0.0,0.0,0.0,1,4
Manchester City,2020-04-22,6862,8.833899942908635,0.0,0.0,0.0,0.0,0.0,0.0,0.0,0.0,0.0,0.0,0.0,0.0,0.0,2,4
Manchester City,2020-04-23,6923,8.8427489162961,0.0,0.0,0.0,0.0,0.0,0.0,0.0,0.0,0.0,0.0,0.0,0.0,0.0,3,4
Manchester City,2020-04-24,6507,8.780787468338929,0.0,0.0,0.0,0.0,0.0,0.0,0.0,0.0,0.0,0.0,0.0,0.0,0.0,4,4
Manchester City,2020-04-25,8561,9.055089086704891,0.0,0.0,0.0,0.0,0.0,0.0,0.0,0.0,0.0,0.0,0.0,0.0,0.0,5,4
Manchester City,2020-04-26,7167,8.877381954654766,0.0,0.0,0.0,0.0,0.0,0.0,0.0,0.0,0.0,0.0,0.0,0.0,0.0,6,4
Manchester City,2020-04-27,6322,8.751949058058614,0.0,0.0,0.0,0.0,0.0,0.0,0.0,0.0,0.0,0.0,0.0,0.0,0.0,0,4
Manchester City,2020-04-28,6728,8.814181823188319,0.0,0.0,0.0,0.0,0.0,0.0,0.0,0.0,0.0,0.0,0.0,0.0,0.0,1,4
Manchester City,2020-04-29,6995,8.853093836138493,0.0,0.0,0.0,0.0,0.0,0.0,0.0,0.0,0.0,0.0,0.0,0.0,0.0,2,4
Manchester City,2020-04-30,6551,8.787525625532906,0.0,0.0,0.0,0.0,0.0,0.0,0.0,0.0,0.0,0.0,0.0,0.0,0.0,3,4
Manchester City,2020-05-01,6055,8.708804795117285,0.0,0.0,0.0,0.0,0.0,0.0,0.0,0.0,0.0,0.0,0.0,0.0,0.0,4,5
Manchester City,2020-05-02,7737,8.953898535260459,0.0,0.0,0.0,0.0,0.0,0.0,0.0,0.0,0.0,0.0,0.0,0.0,0.0,5,5
Manchester City,2020-05-03,6479,8.776475789346321,0.0,0.0,0.0,0.0,0.0,0.0,0.0,0.0,0.0,0.0,0.0,0.0,0.0,6,5
Manchester City,2020-05-04,5884,8.680162019694377,0.0,0.0,0.0,0.0,0.0,0.0,0.0,0.0,0.0,0.0,0.0,0.0,0.0,0,5
Manchester City,2020-05-05,5658,8.641002477142523,0.0,0.0,0.0,0.0,0.0,0.0,0.0,0.0,0.0,0.0,0.0,0.0,0.0,1,5
Manchester City,2020-05-06,5982,8.696677393390031,0.0,0.0,0.0,0.0,0.0,0.0,0.0,0.0,0.0,0.0,0.0,0.0,0.0,2,5
Manchester City,2020-05-07,5735,8.654517382279456,0.0,0.0,0.0,0.0,0.0,0.0,0.0,0.0,0.0,0.0,0.0,0.0,0.0,3,5
Manchester City,2020-05-08,5423,8.598588829620232,0.0,0.0,0.0,0.0,0.0,0.0,0.0,0.0,0.0,0.0,0.0,0.0,0.0,4,5
Manchester City,2020-05-09,6168,8.72729202920964,0.0,0.0,0.0,0.0,0.0,0.0,0.0,0.0,0.0,0.0,0.0,0.0,0.0,5,5
Manchester City,2020-05-10,5555,8.622633703874234,0.0,0.0,0.0,0.0,0.0,0.0,0.0,0.0,0.0,0.0,0.0,0.0,0.0,6,5
Manchester City,2020-05-11,6550,8.787372988731876,0.0,0.0,0.0,0.0,0.0,0.0,0.0,0.0,0.0,0.0,0.0,0.0,0.0,0,5
Manchester City,2020-05-12,5828,8.67060073804555,0.0,0.0,0.0,0.0,0.0,0.0,0.0,0.0,0.0,0.0,0.0,0.0,0.0,1,5
Manchester City,2020-05-13,7101,8.868131713503033,0.0,0.0,0.0,0.0,0.0,0.0,0.0,0.0,0.0,0.0,0.0,0.0,0.0,2,5
Manchester City,2020-05-14,5948,8.690978417187905,0.0,0.0,0.0,0.0,0.0,0.0,0.0,0.0,0.0,0.0,0.0,0.0,0.0,3,5
Manchester City,2020-05-15,5575,8.62622695244036,0.0,0.0,0.0,0.0,0.0,0.0,0.0,0.0,0.0,0.0,0.0,0.0,0.0,4,5
Manchester City,2020-05-16,7373,8.90571557879409,0.0,0.0,0.0,0.0,0.0,0.0,0.0,0.0,0.0,0.0,0.0,0.0,0.0,5,5
Manchester City,2020-05-17,6841,8.830835365537549,0.0,0.0,0.0,0.0,0.0,0.0,0.0,0.0,0.0,0.0,0.0,0.0,0.0,6,5
Manchester City,2020-05-18,5479,8.608860379942062,0.0,0.0,0.0,0.0,0.0,0.0,0.0,0.0,0.0,0.0,0.0,0.0,0.0,0,5
Manchester City,2020-05-19,5054,8.528133131454572,0.0,0.0,0.0,0.0,0.0,0.0,0.0,0.0,0.0,0.0,0.0,0.0,0.0,1,5
Manchester City,2020-05-20,4779,8.472195825485501,0.0,0.0,0.0,0.0,0.0,0.0,0.0,0.0,0.0,0.0,0.0,0.0,0.0,2,5
Manchester City,2020-05-21,5168,8.550434525196039,0.0,0.0,0.0,0.0,0.0,0.0,0.0,0.0,0.0,0.0,0.0,0.0,0.0,3,5
Manchester City,2020-05-22,5116,8.540323608805092,0.0,0.0,0.0,0.0,0.0,0.0,0.0,0.0,0.0,0.0,0.0,0.0,0.0,4,5
Manchester City,2020-05-23,6325,8.752423403865594,0.0,0.0,0.0,0.0,0.0,0.0,0.0,0.0,0.0,0.0,0.0,0.0,0.0,5,5
Manchester City,2020-05-24,5532,8.618485442898109,0.0,0.0,0.0,0.0,0.0,0.0,0.0,0.0,0.0,0.0,0.0,0.0,0.0,6,5
Manchester City,2020-05-25,4820,8.480736654405622,0.0,0.0,0.0,0.0,0.0,0.0,0.0,0.0,0.0,0.0,0.0,0.0,0.0,0,5
Manchester City,2020-05-26,5309,8.577347114235984,0.0,0.0,0.0,0.0,0.0,0.0,0.0,0.0,0.0,0.0,0.0,0.0,0.0,1,5
Manchester City,2020-05-27,4559,8.425077902508432,0.0,0.0,0.0,0.0,0.0,0.0,0.0,0.0,0.0,0.0,0.0,0.0,0.0,2,5
Manchester City,2020-05-28,4769,8.470101583882387,0.0,0.0,0.0,0.0,0.0,0.0,0.0,0.0,0.0,0.0,0.0,0.0,0.0,3,5
Manchester City,2020-05-29,4497,8.411388132519262,0.0,0.0,0.0,0.0,0.0,0.0,0.0,0.0,0.0,0.0,0.0,0.0,0.0,4,5
Manchester City,2020-05-30,5235,8.56331312702979,0.0,0.0,0.0,0.0,0.0,0.0,0.0,0.0,0.0,0.0,0.0,0.0,0.0,5,5
Manchester City,2020-05-31,4430,8.39638057119949,0.0,0.0,0.0,0.0,0.0,0.0,0.0,0.0,0.0,0.0,0.0,0.0,0.0,6,5
Manchester City,2020-06-01,4073,8.31238059678675,0.0,0.0,0.0,0.0,0.0,0.0,0.0,0.0,0.0,0.0,0.0,0.0,0.0,0,6
Manchester City,2020-06-02,4343,8.37655086161377,0.0,0.0,0.0,0.0,0.0,0.0,0.0,0.0,0.0,0.0,0.0,0.0,0.0,1,6
Manchester City,2020-06-03,4358,8.379997952238393,0.0,0.0,0.0,0.0,0.0,0.0,0.0,0.0,0.0,0.0,0.0,0.0,0.0,2,6
Manchester City,2020-06-04,4222,8.348301054933943,0.0,0.0,0.0,0.0,0.0,0.0,0.0,0.0,0.0,0.0,0.0,0.0,0.0,3,6
Manchester City,2020-06-05,4547,8.422442854870427,0.0,0.0,0.0,0.0,0.0,0.0,0.0,0.0,0.0,0.0,0.0,0.0,0.0,4,6
Manchester City,2020-06-06,4520,8.416488487294606,0.0,0.0,0.0,0.0,0.0,0.0,0.0,0.0,0.0,0.0,0.0,0.0,0.0,5,6
Manchester City,2020-06-07,4351,8.378390788535778,0.0,0.0,0.0,0.0,0.0,0.0,0.0,0.0,0.0,0.0,0.0,0.0,0.0,6,6
Manchester City,2020-06-08,4373,8.383433201236713,0.0,0.0,0.0,0.0,0.0,0.0,0.0,0.0,0.0,0.0,0.0,0.0,0.0,0,6
Manchester City,2020-06-09,4831,8.48301573961465,0.0,0.0,0.0,0.0,0.0,0.0,0.0,0.0,0.0,0.0,0.0,0.0,0.0,1,6
Manchester City,2020-06-10,4543,8.421562960400987,0.0,0.0,0.0,0.0,0.0,0.0,0.0,0.0,0.0,0.0,0.0,0.0,0.0,2,6
Manchester City,2020-06-11,4237,8.351846738828245,0.0,0.0,0.0,0.0,0.0,0.0,0.0,0.0,0.0,0.0,0.0,0.0,0.0,3,6
Manchester City,2020-06-12,4338,8.37539918579835,0.0,0.0,0.0,0.0,0.0,0.0,0.0,0.0,0.0,0.0,0.0,0.0,0.0,4,6
Manchester City,2020-06-13,4192,8.341171747170762,0.0,0.0,0.0,0.0,0.0,0.0,0.0,0.0,0.0,0.0,0.0,0.0,0.0,5,6
Manchester City,2020-06-14,4716,8.458928283284262,0.0,0.0,0.0,0.0,0.0,0.0,0.0,0.0,0.0,0.0,0.0,0.0,0.0,6,6
Manchester City,2020-06-15,4328,8.37309184744198,0.0,0.0,0.0,0.0,0.0,0.0,0.0,0.0,0.0,0.0,0.0,0.0,0.0,0,6
Manchester City,2020-06-16,4983,8.51398806046729,0.0,0.0,0.0,0.0,0.0,0.0,0.0,0.0,0.0,0.0,0.0,0.0,0.0,1,6
Manchester City,2020-06-17,13488,9.50962981746968,1.0,1.0,3.0,0.0,3.0,1.0,0.0,0.0,0.0,0.0,0.0,0.0,3.0,2,6
Manchester City,2020-06-18,8002,8.987571750367046,0.0,0.0,0.0,0.0,0.0,0.0,0.0,0.0,1.0,1.0,0.0,0.0,3.0,3,6
Manchester City,2020-06-19,6191,8.731013415269564,0.0,0.0,0.0,0.0,0.0,0.0,0.0,0.0,0.0,0.0,0.0,0.0,3.0,4,6
Manchester City,2020-06-20,5605,8.631592731724734,0.0,0.0,0.0,0.0,0.0,0.0,0.0,0.0,0.0,0.0,0.0,0.0,3.0,5,6
Manchester City,2020-06-21,6937,8.844768827529695,0.0,0.0,0.0,0.0,0.0,0.0,0.0,0.0,0.0,0.0,0.0,0.0,3.0,6,6
Manchester City,2020-06-22,10877,9.294497679982905,1.0,1.0,5.0,0.0,5.0,1.0,0.0,0.0,0.0,0.0,0.0,0.0,3.0,0,6
Manchester City,2020-06-23,7975,8.984192311641674,0.0,0.0,0.0,0.0,0.0,0.0,0.0,0.0,1.0,1.0,0.0,0.0,3.0,1,6
Manchester City,2020-06-24,7913,8.97638862194537,0.0,0.0,0.0,0.0,0.0,0.0,0.0,0.0,0.0,0.0,0.0,0.0,3.0,2,6
Manchester City,2020-06-25,17439,9.76652169746297,1.0,0.0,1.0,2.0,-1.0,0.0,0.0,1.0,0.0,0.0,0.0,0.0,3.0,3,6
Manchester City,2020-06-26,17966,9.796292020932572,0.0,0.0,0.0,0.0,0.0,0.0,0.0,0.0,1.0,0.0,0.0,1.0,3.0,4,6
Manchester City,2020-06-27,10928,9.299175085676673,0.0,0.0,0.0,0.0,0.0,0.0,0.0,0.0,0.0,0.0,0.0,0.0,0.0,5,6
Manchester City,2020-06-28,15861,9.671681590643265,0.0,0.0,0.0,0.0,0.0,0.0,0.0,0.0,0.0,0.0,0.0,0.0,0.0,6,6
Manchester City,2020-06-29,9403,9.14889040965996,0.0,0.0,0.0,0.0,0.0,0.0,0.0,0.0,0.0,0.0,0.0,0.0,0.0,0,6
Manchester City,2020-06-30,8249,9.017968479328726,0.0,0.0,0.0,0.0,0.0,0.0,0.0,0.0,0.0,0.0,0.0,0.0,0.0,1,6
Manchester City,2020-07-01,8567,9.055789612127585,0.0,0.0,0.0,0.0,0.0,0.0,0.0,0.0,0.0,0.0,0.0,0.0,0.0,2,7
Manchester City,2020-07-02,16234,9.694924684536947,1.0,1.0,4.0,0.0,4.0,1.0,0.0,0.0,0.0,0.0,0.0,0.0,3.0,3,7
Manchester City,2020-07-03,12576,9.439625028047155,0.0,0.0,0.0,0.0,0.0,0.0,0.0,0.0,1.0,1.0,0.0,0.0,3.0,4,7
Manchester City,2020-07-04,9095,9.115590035430372,0.0,0.0,0.0,0.0,0.0,0.0,0.0,0.0,0.0,0.0,0.0,0.0,3.0,5,7
Manchester City,2020-07-05,13152,9.48440514846878,1.0,0.0,0.0,1.0,-1.0,0.0,0.0,1.0,0.0,0.0,0.0,0.0,3.0,6,7
Manchester City,2020-07-06,7934,8.97903863296051,0.0,0.0,0.0,0.0,0.0,0.0,0.0,0.0,1.0,0.0,0.0,1.0,3.0,0,7
Manchester City,2020-07-07,7018,8.856376036730422,0.0,0.0,0.0,0.0,0.0,0.0,0.0,0.0,0.0,0.0,0.0,0.0,0.0,1,7
Manchester City,2020-07-08,10227,9.232884336411077,1.0,1.0,5.0,0.0,5.0,1.0,0.0,0.0,0.0,0.0,0.0,0.0,3.0,2,7
Manchester City,2020-07-09,8847,9.087946723762116,0.0,0.0,0.0,0.0,0.0,0.0,0.0,0.0,1.0,1.0,0.0,0.0,3.0,3,7
Manchester City,2020-07-10,7584,8.933927891782632,0.0,0.0,0.0,0.0,0.0,0.0,0.0,0.0,0.0,0.0,0.0,0.0,3.0,4,7
Manchester City,2020-07-11,11438,9.344783848525674,1.0,0.0,5.0,0.0,5.0,1.0,0.0,0.0,0.0,0.0,0.0,0.0,6.0,5,7
Manchester City,2020-07-12,9024,9.107753783201082,0.0,0.0,0.0,0.0,0.0,0.0,0.0,0.0,1.0,1.0,0.0,0.0,6.0,6,7
Manchester City,2020-07-13,17075,9.745429247877853,0.0,0.0,0.0,0.0,0.0,0.0,0.0,0.0,0.0,0.0,0.0,0.0,3.0,0,7
Manchester City,2020-07-14,11206,9.324293862052029,0.0,0.0,0.0,0.0,0.0,0.0,0.0,0.0,0.0,0.0,0.0,0.0,3.0,1,7
Manchester City,2020-07-15,12364,9.422625179955517,1.0,1.0,2.0,1.0,1.0,1.0,0.0,0.0,0.0,0.0,0.0,0.0,6.0,2,7
Manchester City,2020-07-16,10834,9.29053691397046,0.0,0.0,0.0,0.0,0.0,0.0,0.0,0.0,1.0,1.0,0.0,0.0,3.0,3,7
Manchester City,2020-07-17,8716,9.073030421011577,0.0,0.0,0.0,0.0,0.0,0.0,0.0,0.0,0.0,0.0,0.0,0.0,3.0,4,7
Manchester City,2020-07-18,16433,9.707107638491133,0.0,0.0,0.0,0.0,0.0,0.0,0.0,0.0,0.0,0.0,0.0,0.0,3.0,5,7
Manchester City,2020-07-19,12860,9.461954755266087,0.0,0.0,0.0,0.0,0.0,0.0,0.0,0.0,0.0,0.0,0.0,0.0,3.0,6,7
Manchester City,2020-07-20,8847,9.087946723762116,0.0,0.0,0.0,0.0,0.0,0.0,0.0,0.0,0.0,0.0,0.0,0.0,0.0,0,7
Manchester City,2020-07-21,11190,9.322865162818028,1.0,0.0,4.0,0.0,4.0,1.0,0.0,0.0,0.0,0.0,0.0,0.0,3.0,1,7
Manchester City,2020-07-22,11027,9.308192772143688,0.0,0.0,0.0,0.0,0.0,0.0,0.0,0.0,1.0,1.0,0.0,0.0,3.0,2,7
Manchester City,2020-07-23,9945,9.204925739274683,0.0,0.0,0.0,0.0,0.0,0.0,0.0,0.0,0.0,0.0,0.0,0.0,3.0,3,7
Manchester City,2020-07-24,8397,9.035748861244139,0.0,0.0,0.0,0.0,0.0,0.0,0.0,0.0,0.0,0.0,0.0,0.0,3.0,4,7
Manchester City,2020-07-25,7877,8.971829343530851,0.0,0.0,0.0,0.0,0.0,0.0,0.0,0.0,0.0,0.0,0.0,0.0,3.0,5,7
Manchester City,2020-07-26,14922,9.610658925931467,1.0,1.0,5.0,0.0,5.0,1.0,0.0,0.0,0.0,0.0,0.0,0.0,3.0,6,7
Manchester City,2020-07-27,12768,9.454775637424682,0.0,0.0,0.0,0.0,0.0,0.0,0.0,0.0,1.0,1.0,0.0,0.0,3.0,0,7
Manchester City,2020-07-28,9851,9.195429759240428,0.0,0.0,0.0,0.0,0.0,0.0,0.0,0.0,0.0,0.0,0.0,0.0,3.0,1,7
Manchester City,2020-07-29,8882,9.0918946167697,0.0,0.0,0.0,0.0,0.0,0.0,0.0,0.0,0.0,0.0,0.0,0.0,3.0,2,7
Manchester City,2020-07-30,11360,9.337941716569905,0.0,0.0,0.0,0.0,0.0,0.0,0.0,0.0,0.0,0.0,0.0,0.0,3.0,3,7
Manchester City,2020-07-31,8396,9.035629778183564,0.0,0.0,0.0,0.0,0.0,0.0,0.0,0.0,0.0,0.0,0.0,0.0,0.0,4,7
Manchester City,2020-08-01,11257,9.328834266023971,0.0,0.0,0.0,0.0,0.0,0.0,0.0,0.0,0.0,0.0,0.0,0.0,0.0,5,8
Manchester City,2020-08-02,9247,9.13216259091216,0.0,0.0,0.0,0.0,0.0,0.0,0.0,0.0,0.0,0.0,0.0,0.0,0.0,6,8
Manchester City,2020-08-03,8518,9.05005424204284,0.0,0.0,0.0,0.0,0.0,0.0,0.0,0.0,0.0,0.0,0.0,0.0,0.0,0,8
Manchester City,2020-08-04,10668,9.275097619191461,0.0,0.0,0.0,0.0,0.0,0.0,0.0,0.0,0.0,0.0,0.0,0.0,0.0,1,8
Manchester City,2020-08-05,16734,9.725257613645427,0.0,0.0,0.0,0.0,0.0,0.0,0.0,0.0,0.0,0.0,0.0,0.0,0.0,2,8
Manchester City,2020-08-06,15153,9.626019802491319,0.0,0.0,0.0,0.0,0.0,0.0,0.0,0.0,0.0,0.0,0.0,0.0,0.0,3,8
Manchester City,2020-08-07,20156,9.91130690158826,0.0,0.0,0.0,0.0,0.0,0.0,0.0,0.0,0.0,0.0,0.0,0.0,0.0,4,8
Manchester City,2020-08-08,14076,9.552297538827965,0.0,0.0,0.0,0.0,0.0,0.0,0.0,0.0,0.0,0.0,0.0,0.0,0.0,5,8
Manchester City,2020-08-09,11185,9.322418275381533,0.0,0.0,0.0,0.0,0.0,0.0,0.0,0.0,0.0,0.0,0.0,0.0,0.0,6,8
Manchester City,2020-08-10,9703,9.180293450623886,0.0,0.0,0.0,0.0,0.0,0.0,0.0,0.0,0.0,0.0,0.0,0.0,0.0,0,8
Manchester City,2020-08-11,8746,9.076466063419854,0.0,0.0,0.0,0.0,0.0,0.0,0.0,0.0,0.0,0.0,0.0,0.0,0.0,1,8
Manchester City,2020-08-12,9396,9.148145768383065,0.0,0.0,0.0,0.0,0.0,0.0,0.0,0.0,0.0,0.0,0.0,0.0,0.0,2,8
Manchester City,2020-08-13,10432,9.25272913846797,0.0,0.0,0.0,0.0,0.0,0.0,0.0,0.0,0.0,0.0,0.0,0.0,0.0,3,8
Manchester City,2020-08-14,12648,9.445333439647541,0.0,0.0,0.0,0.0,0.0,0.0,0.0,0.0,0.0,0.0,0.0,0.0,0.0,4,8
Manchester City,2020-08-15,33141,10.408556639189738,0.0,0.0,0.0,0.0,0.0,0.0,0.0,0.0,0.0,0.0,0.0,0.0,0.0,5,8
Manchester City,2020-08-16,22745,10.03214458474439,0.0,0.0,0.0,0.0,0.0,0.0,0.0,0.0,0.0,0.0,0.0,0.0,0.0,6,8
Manchester City,2020-08-17,16573,9.715590481408988,0.0,0.0,0.0,0.0,0.0,0.0,0.0,0.0,0.0,0.0,0.0,0.0,0.0,0,8
Manchester City,2020-08-18,16141,9.689179849884317,0.0,0.0,0.0,0.0,0.0,0.0,0.0,0.0,0.0,0.0,0.0,0.0,0.0,1,8
Manchester City,2020-08-19,11944,9.38806805975991,0.0,0.0,0.0,0.0,0.0,0.0,0.0,0.0,0.0,0.0,0.0,0.0,0.0,2,8
Manchester City,2020-08-20,9959,9.206332350578643,0.0,0.0,0.0,0.0,0.0,0.0,0.0,0.0,0.0,0.0,0.0,0.0,0.0,3,8
Manchester City,2020-08-21,9123,9.11866358340428,0.0,0.0,0.0,0.0,0.0,0.0,0.0,0.0,0.0,0.0,0.0,0.0,0.0,4,8
Manchester City,2020-08-22,8533,9.051813463747946,0.0,0.0,0.0,0.0,0.0,0.0,0.0,0.0,0.0,0.0,0.0,0.0,0.0,5,8
Manchester City,2020-08-23,10864,9.29330189269053,0.0,0.0,0.0,0.0,0.0,0.0,0.0,0.0,0.0,0.0,0.0,0.0,0.0,6,8
Manchester City,2020-08-24,9422,9.150908788206756,0.0,0.0,0.0,0.0,0.0,0.0,0.0,0.0,0.0,0.0,0.0,0.0,0.0,0,8
Manchester City,2020-08-25,13389,9.502263438685219,0.0,0.0,0.0,0.0,0.0,0.0,0.0,0.0,0.0,0.0,0.0,0.0,0.0,1,8
Manchester City,2020-08-26,34549,10.450162829195817,0.0,0.0,0.0,0.0,0.0,0.0,0.0,0.0,0.0,0.0,0.0,0.0,0.0,2,8
Manchester City,2020-08-27,21105,9.957312639231036,0.0,0.0,0.0,0.0,0.0,0.0,0.0,0.0,0.0,0.0,0.0,0.0,0.0,3,8
Manchester City,2020-08-28,17688,9.780698256443507,0.0,0.0,0.0,0.0,0.0,0.0,0.0,0.0,0.0,0.0,0.0,0.0,0.0,4,8
Manchester City,2020-08-29,15751,9.664722620318962,0.0,0.0,0.0,0.0,0.0,0.0,0.0,0.0,0.0,0.0,0.0,0.0,0.0,5,8
Manchester City,2020-08-30,14584,9.587748882301822,0.0,0.0,0.0,0.0,0.0,0.0,0.0,0.0,0.0,0.0,0.0,0.0,0.0,6,8
Manchester City,2020-08-31,13485,9.509407389294527,0.0,0.0,0.0,0.0,0.0,0.0,0.0,0.0,0.0,0.0,0.0,0.0,0.0,0,8
Manchester City,2020-09-01,13100,9.48044384215367,0.0,0.0,0.0,0.0,0.0,0.0,0.0,0.0,0.0,0.0,0.0,0.0,0.0,1,9
Manchester City,2020-09-02,15854,9.671240186972447,0.0,0.0,0.0,0.0,0.0,0.0,0.0,0.0,0.0,0.0,0.0,0.0,0.0,2,9
Manchester City,2020-09-03,12365,9.422706050118514,0.0,0.0,0.0,0.0,0.0,0.0,0.0,0.0,0.0,0.0,0.0,0.0,0.0,3,9
Manchester City,2020-09-04,10082,9.218606116393214,0.0,0.0,0.0,0.0,0.0,0.0,0.0,0.0,0.0,0.0,0.0,0.0,0.0,4,9
Manchester City,2020-09-05,9096,9.115699967822062,0.0,0.0,0.0,0.0,0.0,0.0,0.0,0.0,0.0,0.0,0.0,0.0,0.0,5,9
Manchester City,2020-09-06,8568,9.055906318669118,0.0,0.0,0.0,0.0,0.0,0.0,0.0,0.0,0.0,0.0,0.0,0.0,0.0,6,9
Manchester City,2020-09-07,9409,9.149528232579426,0.0,0.0,0.0,0.0,0.0,0.0,0.0,0.0,0.0,0.0,0.0,0.0,0.0,0,9
Manchester City,2020-09-08,9042,9.10974625674048,0.0,0.0,0.0,0.0,0.0,0.0,0.0,0.0,0.0,0.0,0.0,0.0,0.0,1,9
Manchester City,2020-09-09,8655,9.066008001086264,0.0,0.0,0.0,0.0,0.0,0.0,0.0,0.0,0.0,0.0,0.0,0.0,0.0,2,9
Manchester City,2020-09-10,9855,9.1958356857733,0.0,0.0,0.0,0.0,0.0,0.0,0.0,0.0,0.0,0.0,0.0,0.0,0.0,3,9
Manchester City,2020-09-11,10015,9.211939093339879,0.0,0.0,0.0,0.0,0.0,0.0,0.0,0.0,0.0,0.0,0.0,0.0,0.0,4,9
Manchester City,2020-09-12,11311,9.333619388136354,0.0,0.0,0.0,0.0,0.0,0.0,0.0,0.0,0.0,0.0,0.0,0.0,0.0,5,9
Manchester City,2020-09-13,9269,9.1345386585599,0.0,0.0,0.0,0.0,0.0,0.0,0.0,0.0,0.0,0.0,0.0,0.0,0.0,6,9
Manchester City,2020-09-14,8601,9.059750013343681,0.0,0.0,0.0,0.0,0.0,0.0,0.0,0.0,0.0,0.0,0.0,0.0,0.0,0,9
Manchester City,2020-09-15,7976,8.984317679911129,0.0,0.0,0.0,0.0,0.0,0.0,0.0,0.0,0.0,0.0,0.0,0.0,0.0,1,9
Manchester City,2020-09-16,7315,8.897819009510757,0.0,0.0,0.0,0.0,0.0,0.0,0.0,0.0,0.0,0.0,0.0,0.0,0.0,2,9
Manchester City,2020-09-17,7624,8.939187601475613,0.0,0.0,0.0,0.0,0.0,0.0,0.0,0.0,0.0,0.0,0.0,0.0,0.0,3,9
Manchester City,2020-09-18,8431,9.039789270781144,0.0,0.0,0.0,0.0,0.0,0.0,0.0,0.0,0.0,0.0,0.0,0.0,0.0,4,9
Manchester City,2020-09-19,9950,9.205428327615163,0.0,0.0,0.0,0.0,0.0,0.0,0.0,0.0,0.0,0.0,0.0,0.0,0.0,5,9
Manchester City,2020-09-20,10357,9.245514446983837,0.0,0.0,0.0,0.0,0.0,0.0,0.0,0.0,0.0,0.0,0.0,0.0,0.0,6,9
Manchester City,2020-09-21,18024,9.79951496215315,1.0,0.0,3.0,1.0,2.0,1.0,0.0,0.0,0.0,0.0,0.0,0.0,3.0,0,9
Manchester City,2020-09-22,10812,9.288504392945537,0.0,0.0,0.0,0.0,0.0,0.0,0.0,0.0,1.0,1.0,0.0,0.0,3.0,1,9
Manchester City,2020-09-23,7841,8.967249182852276,0.0,0.0,0.0,0.0,0.0,0.0,0.0,0.0,0.0,0.0,0.0,0.0,3.0,2,9
Manchester City,2020-09-24,10855,9.292473201514705,0.0,0.0,0.0,0.0,0.0,0.0,0.0,0.0,0.0,0.0,0.0,0.0,3.0,3,9
Manchester City,2020-09-25,9882,9.198571388376184,0.0,0.0,0.0,0.0,0.0,0.0,0.0,0.0,0.0,0.0,0.0,0.0,3.0,4,9
Manchester City,2020-09-26,8922,9.09638749190015,0.0,0.0,0.0,0.0,0.0,0.0,0.0,0.0,0.0,0.0,0.0,0.0,0.0,5,9
Manchester City,2020-09-27,19306,9.868223003435817,1.0,1.0,2.0,5.0,-3.0,0.0,0.0,1.0,0.0,0.0,0.0,0.0,0.0,6,9
Manchester City,2020-09-28,16020,9.681655640646714,0.0,0.0,0.0,0.0,0.0,0.0,0.0,0.0,1.0,0.0,0.0,1.0,0.0,0,9
Manchester City,2020-09-29,13354,9.49964612554406,0.0,0.0,0.0,0.0,0.0,0.0,0.0,0.0,0.0,0.0,0.0,0.0,0.0,1,9
Manchester City,2020-09-30,16621,9.718482398112972,0.0,0.0,0.0,0.0,0.0,0.0,0.0,0.0,0.0,0.0,0.0,0.0,0.0,2,9
Manchester City,2020-10-01,10731,9.280985211545515,0.0,0.0,0.0,0.0,0.0,0.0,0.0,0.0,0.0,0.0,0.0,0.0,0.0,3,10
Manchester City,2020-10-02,7969,8.98343977178426,0.0,0.0,0.0,0.0,0.0,0.0,0.0,0.0,0.0,0.0,0.0,0.0,0.0,4,10
Manchester City,2020-10-03,13783,9.531263778207766,1.0,0.0,1.0,1.0,0.0,0.0,1.0,0.0,0.0,0.0,0.0,0.0,1.0,5,10
Manchester City,2020-10-04,9660,9.17585244151751,0.0,0.0,0.0,0.0,0.0,0.0,0.0,0.0,1.0,0.0,1.0,0.0,1.0,6,10
Manchester City,2020-10-05,9085,9.114490046319348,0.0,0.0,0.0,0.0,0.0,0.0,0.0,0.0,0.0,0.0,0.0,0.0,1.0,0,10
Manchester City,2020-10-06,10242,9.234349824436535,0.0,0.0,0.0,0.0,0.0,0.0,0.0,0.0,0.0,0.0,0.0,0.0,1.0,1,10
Manchester City,2020-10-07,7688,8.94754601503218,0.0,0.0,0.0,0.0,0.0,0.0,0.0,0.0,0.0,0.0,0.0,0.0,1.0,2,10
Manchester City,2020-10-08,6605,8.795733605950735,0.0,0.0,0.0,0.0,0.0,0.0,0.0,0.0,0.0,0.0,0.0,0.0,0.0,3,10
Manchester City,2020-10-09,5698,8.648045999835,0.0,0.0,0.0,0.0,0.0,0.0,0.0,0.0,0.0,0.0,0.0,0.0,0.0,4,10
Manchester City,2020-10-10,5702,8.648747631156539,0.0,0.0,0.0,0.0,0.0,0.0,0.0,0.0,0.0,0.0,0.0,0.0,0.0,5,10
Manchester City,2020-10-11,6207,8.733594061863055,0.0,0.0,0.0,0.0,0.0,0.0,0.0,0.0,0.0,0.0,0.0,0.0,0.0,6,10
Manchester City,2020-10-12,5847,8.673855001429615,0.0,0.0,0.0,0.0,0.0,0.0,0.0,0.0,0.0,0.0,0.0,0.0,0.0,0,10
Manchester City,2020-10-13,5541,8.620110725422924,0.0,0.0,0.0,0.0,0.0,0.0,0.0,0.0,0.0,0.0,0.0,0.0,0.0,1,10
Manchester City,2020-10-14,5239,8.564076777315087,0.0,0.0,0.0,0.0,0.0,0.0,0.0,0.0,0.0,0.0,0.0,0.0,0.0,2,10
Manchester City,2020-10-15,5092,8.535622326884605,0.0,0.0,0.0,0.0,0.0,0.0,0.0,0.0,0.0,0.0,0.0,0.0,0.0,3,10
Manchester City,2020-10-16,5421,8.598220030058611,0.0,0.0,0.0,0.0,0.0,0.0,0.0,0.0,0.0,0.0,0.0,0.0,0.0,4,10
Manchester City,2020-10-17,11237,9.327056171672144,1.0,1.0,1.0,0.0,1.0,1.0,0.0,0.0,0.0,0.0,0.0,0.0,3.0,5,10
Manchester City,2020-10-18,6721,8.81314100828505,0.0,0.0,0.0,0.0,0.0,0.0,0.0,0.0,1.0,1.0,0.0,0.0,3.0,6,10
Manchester City,2020-10-19,6053,8.708474489581665,0.0,0.0,0.0,0.0,0.0,0.0,0.0,0.0,0.0,0.0,0.0,0.0,3.0,0,10
Manchester City,2020-10-20,6115,8.718663567048953,0.0,0.0,0.0,0.0,0.0,0.0,0.0,0.0,0.0,0.0,0.0,0.0,3.0,1,10
Manchester City,2020-10-21,8264,9.019785010255125,0.0,0.0,0.0,0.0,0.0,0.0,0.0,0.0,0.0,0.0,0.0,0.0,3.0,2,10
Manchester City,2020-10-22,6676,8.806424063857868,0.0,0.0,0.0,0.0,0.0,0.0,0.0,0.0,0.0,0.0,0.0,0.0,0.0,3,10
Manchester City,2020-10-23,5231,8.562548893137034,0.0,0.0,0.0,0.0,0.0,0.0,0.0,0.0,0.0,0.0,0.0,0.0,0.0,4,10
Manchester City,2020-10-24,9914,9.201804040953895,1.0,0.0,1.0,1.0,0.0,0.0,1.0,0.0,0.0,0.0,0.0,0.0,1.0,5,10
Manchester City,2020-10-25,5883,8.679992081721329,0.0,0.0,0.0,0.0,0.0,0.0,0.0,0.0,1.0,0.0,1.0,0.0,1.0,6,10
Manchester City,2020-10-26,5331,8.5814816812986,0.0,0.0,0.0,0.0,0.0,0.0,0.0,0.0,0.0,0.0,0.0,0.0,1.0,0,10
Manchester City,2020-10-27,7382,8.906935339059165,0.0,0.0,0.0,0.0,0.0,0.0,0.0,0.0,0.0,0.0,0.0,0.0,1.0,1,10
Manchester City,2020-10-28,6460,8.773539383558166,0.0,0.0,0.0,0.0,0.0,0.0,0.0,0.0,0.0,0.0,0.0,0.0,1.0,2,10
Manchester City,2020-10-29,5083,8.533853632309345,0.0,0.0,0.0,0.0,0.0,0.0,0.0,0.0,0.0,0.0,0.0,0.0,0.0,3,10
Manchester City,2020-10-30,4928,8.502891406705377,0.0,0.0,0.0,0.0,0.0,0.0,0.0,0.0,0.0,0.0,0.0,0.0,0.0,4,10
Manchester City,2020-10-31,8169,9.008224187854049,1.0,0.0,1.0,0.0,1.0,1.0,0.0,0.0,0.0,0.0,0.0,0.0,3.0,5,10
Manchester City,2020-11-01,5985,8.697178688412643,0.0,0.0,0.0,0.0,0.0,0.0,0.0,0.0,1.0,1.0,0.0,0.0,3.0,6,11
Manchester City,2020-11-02,5649,8.639410824140487,0.0,0.0,0.0,0.0,0.0,0.0,0.0,0.0,0.0,0.0,0.0,0.0,3.0,0,11
Manchester City,2020-11-03,7086,8.866017398810255,0.0,0.0,0.0,0.0,0.0,0.0,0.0,0.0,0.0,0.0,0.0,0.0,3.0,1,11
Manchester City,2020-11-04,5382,8.591001118560957,0.0,0.0,0.0,0.0,0.0,0.0,0.0,0.0,0.0,0.0,0.0,0.0,3.0,2,11
Manchester City,2020-11-05,5354,8.585785982881848,0.0,0.0,0.0,0.0,0.0,0.0,0.0,0.0,0.0,0.0,0.0,0.0,0.0,3,11
Manchester City,2020-11-06,4737,8.463370384718731,0.0,0.0,0.0,0.0,0.0,0.0,0.0,0.0,0.0,0.0,0.0,0.0,0.0,4,11
Manchester City,2020-11-07,5841,8.672828482947686,0.0,0.0,0.0,0.0,0.0,0.0,0.0,0.0,0.0,0.0,0.0,0.0,0.0,5,11
Manchester City,2020-11-08,12364,9.422625179955517,1.0,1.0,1.0,1.0,0.0,0.0,1.0,0.0,0.0,0.0,0.0,0.0,1.0,6,11
Manchester City,2020-11-09,5850,8.674367865788236,0.0,0.0,0.0,0.0,0.0,0.0,0.0,0.0,1.0,0.0,1.0,0.0,1.0,0,11
Manchester City,2020-11-10,4405,8.39072252736229,0.0,0.0,0.0,0.0,0.0,0.0,0.0,0.0,0.0,0.0,0.0,0.0,1.0,1,11
Manchester City,2020-11-11,4604,8.434897948689407,0.0,0.0,0.0,0.0,0.0,0.0,0.0,0.0,0.0,0.0,0.0,0.0,1.0,2,11
Manchester City,2020-11-12,4424,8.39502555744203,0.0,0.0,0.0,0.0,0.0,0.0,0.0,0.0,0.0,0.0,0.0,0.0,1.0,3,11
Manchester City,2020-11-13,4024,8.300280189852664,0.0,0.0,0.0,0.0,0.0,0.0,0.0,0.0,0.0,0.0,0.0,0.0,0.0,4,11
Manchester City,2020-11-14,4242,8.353025845202325,0.0,0.0,0.0,0.0,0.0,0.0,0.0,0.0,0.0,0.0,0.0,0.0,0.0,5,11
Manchester City,2020-11-15,4454,8.40178233990491,0.0,0.0,0.0,0.0,0.0,0.0,0.0,0.0,0.0,0.0,0.0,0.0,0.0,6,11
Manchester City,2020-11-16,4333,8.374246182096304,0.0,0.0,0.0,0.0,0.0,0.0,0.0,0.0,0.0,0.0,0.0,0.0,0.0,0,11
Manchester City,2020-11-17,4778,8.471986598578159,0.0,0.0,0.0,0.0,0.0,0.0,0.0,0.0,0.0,0.0,0.0,0.0,0.0,1,11
Manchester City,2020-11-18,5492,8.61122983334262,0.0,0.0,0.0,0.0,0.0,0.0,0.0,0.0,0.0,0.0,0.0,0.0,0.0,2,11
Manchester City,2020-11-19,6343,8.755264763314685,0.0,0.0,0.0,0.0,0.0,0.0,0.0,0.0,0.0,0.0,0.0,0.0,0.0,3,11
Manchester City,2020-11-20,5358,8.58653266949485,0.0,0.0,0.0,0.0,0.0,0.0,0.0,0.0,0.0,0.0,0.0,0.0,0.0,4,11
Manchester City,2020-11-21,10037,9.214133170214879,1.0,0.0,0.0,2.0,-2.0,0.0,0.0,1.0,0.0,0.0,0.0,0.0,0.0,5,11
Manchester City,2020-11-22,6777,8.821437352166997,0.0,0.0,0.0,0.0,0.0,0.0,0.0,0.0,1.0,0.0,0.0,1.0,0.0,6,11
Manchester City,2020-11-23,5528,8.617762246337932,0.0,0.0,0.0,0.0,0.0,0.0,0.0,0.0,0.0,0.0,0.0,0.0,0.0,0,11
Manchester City,2020-11-24,5619,8.634086942887738,0.0,0.0,0.0,0.0,0.0,0.0,0.0,0.0,0.0,0.0,0.0,0.0,0.0,1,11
Manchester City,2020-11-25,7313,8.897545598709327,0.0,0.0,0.0,0.0,0.0,0.0,0.0,0.0,0.0,0.0,0.0,0.0,0.0,2,11
Manchester City,2020-11-26,5275,8.570923513837204,0.0,0.0,0.0,0.0,0.0,0.0,0.0,0.0,0.0,0.0,0.0,0.0,0.0,3,11
Manchester City,2020-11-27,4584,8.430545384690566,0.0,0.0,0.0,0.0,0.0,0.0,0.0,0.0,0.0,0.0,0.0,0.0,0.0,4,11
Manchester City,2020-11-28,7946,8.98054977794018,1.0,1.0,5.0,0.0,5.0,1.0,0.0,0.0,0.0,0.0,0.0,0.0,3.0,5,11
Manchester City,2020-11-29,6085,8.713746330456916,0.0,0.0,0.0,0.0,0.0,0.0,0.0,0.0,1.0,1.0,0.0,0.0,3.0,6,11
Manchester City,2020-11-30,5069,8.531096096585228,0.0,0.0,0.0,0.0,0.0,0.0,0.0,0.0,0.0,0.0,0.0,0.0,3.0,0,11
Manchester City,2020-12-01,5797,8.6652683094816,0.0,0.0,0.0,0.0,0.0,0.0,0.0,0.0,0.0,0.0,0.0,0.0,3.0,1,12
Manchester City,2020-12-02,5228,8.56197533418813,0.0,0.0,0.0,0.0,0.0,0.0,0.0,0.0,0.0,0.0,0.0,0.0,3.0,2,12
Manchester City,2020-12-03,4591,8.432070937999402,0.0,0.0,0.0,0.0,0.0,0.0,0.0,0.0,0.0,0.0,0.0,0.0,0.0,3,12
Manchester City,2020-12-04,4122,8.3243363327069,0.0,0.0,0.0,0.0,0.0,0.0,0.0,0.0,0.0,0.0,0.0,0.0,0.0,4,12
Manchester City,2020-12-05,7400,8.909370405197466,1.0,1.0,2.0,0.0,2.0,1.0,0.0,0.0,0.0,0.0,0.0,0.0,3.0,5,12
Manchester City,2020-12-06,5835,8.671800909642677,0.0,0.0,0.0,0.0,0.0,0.0,0.0,0.0,1.0,1.0,0.0,0.0,3.0,6,12
Manchester City,2020-12-07,5007,8.518791912779934,0.0,0.0,0.0,0.0,0.0,0.0,0.0,0.0,0.0,0.0,0.0,0.0,3.0,0,12
Manchester City,2020-12-08,5302,8.57602797713713,0.0,0.0,0.0,0.0,0.0,0.0,0.0,0.0,0.0,0.0,0.0,0.0,3.0,1,12
Manchester City,2020-12-09,6889,8.837826364007704,0.0,0.0,0.0,0.0,0.0,0.0,0.0,0.0,0.0,0.0,0.0,0.0,3.0,2,12
Manchester City,2020-12-10,5993,8.69851424787661,0.0,0.0,0.0,0.0,0.0,0.0,0.0,0.0,0.0,0.0,0.0,0.0,0.0,3,12
Manchester City,2020-12-11,5225,8.561401446080557,0.0,0.0,0.0,0.0,0.0,0.0,0.0,0.0,0.0,0.0,0.0,0.0,0.0,4,12
Manchester City,2020-12-12,10682,9.276408971945887,1.0,0.0,0.0,0.0,0.0,0.0,1.0,0.0,0.0,0.0,0.0,0.0,1.0,5,12
Manchester City,2020-12-13,5964,8.693664334532016,0.0,0.0,0.0,0.0,0.0,0.0,0.0,0.0,1.0,0.0,1.0,0.0,1.0,6,12
Manchester City,2020-12-14,6103,8.716699572964293,0.0,0.0,0.0,0.0,0.0,0.0,0.0,0.0,0.0,0.0,0.0,0.0,1.0,0,12
Manchester City,2020-12-15,7180,8.879193928110318,1.0,1.0,1.0,1.0,0.0,0.0,1.0,0.0,0.0,0.0,0.0,0.0,2.0,1,12
Manchester City,2020-12-16,5786,8.663369301573839,0.0,0.0,0.0,0.0,0.0,0.0,0.0,0.0,1.0,0.0,1.0,0.0,2.0,2,12
Manchester City,2020-12-17,4851,8.48714627006394,0.0,0.0,0.0,0.0,0.0,0.0,0.0,0.0,0.0,0.0,0.0,0.0,1.0,3,12
Manchester City,2020-12-18,4362,8.38091517312361,0.0,0.0,0.0,0.0,0.0,0.0,0.0,0.0,0.0,0.0,0.0,0.0,1.0,4,12
Manchester City,2020-12-19,6872,8.835355971121606,1.0,0.0,1.0,0.0,1.0,1.0,0.0,0.0,0.0,0.0,0.0,0.0,4.0,5,12
Manchester City,2020-12-20,5576,8.626406276389554,0.0,0.0,0.0,0.0,0.0,0.0,0.0,0.0,1.0,1.0,0.0,0.0,3.0,6,12
Manchester City,2020-12-21,5107,8.53856321715243,0.0,0.0,0.0,0.0,0.0,0.0,0.0,0.0,0.0,0.0,0.0,0.0,3.0,0,12
Manchester City,2020-12-22,8901,9.0940312495758,0.0,0.0,0.0,0.0,0.0,0.0,0.0,0.0,0.0,0.0,0.0,0.0,3.0,1,12
Manchester City,2020-12-23,7854,8.96890555068972,0.0,0.0,0.0,0.0,0.0,0.0,0.0,0.0,0.0,0.0,0.0,0.0,3.0,2,12
Manchester City,2020-12-24,5148,8.546557800046141,0.0,0.0,0.0,0.0,0.0,0.0,0.0,0.0,0.0,0.0,0.0,0.0,0.0,3,12
Manchester City,2020-12-25,4663,8.447628728030327,0.0,0.0,0.0,0.0,0.0,0.0,0.0,0.0,0.0,0.0,0.0,0.0,0.0,4,12
Manchester City,2020-12-26,8131,9.003562174748238,1.0,1.0,2.0,0.0,2.0,1.0,0.0,0.0,0.0,0.0,0.0,0.0,3.0,5,12
Manchester City,2020-12-27,7634,8.940498217652733,0.0,0.0,0.0,0.0,0.0,0.0,0.0,0.0,1.0,1.0,0.0,0.0,3.0,6,12
Manchester City,2020-12-28,6424,8.76795190976342,0.0,0.0,0.0,0.0,0.0,0.0,0.0,0.0,0.0,0.0,0.0,0.0,3.0,0,12
Manchester City,2020-12-29,5704,8.649098262296176,0.0,0.0,0.0,0.0,0.0,0.0,0.0,0.0,0.0,0.0,0.0,0.0,3.0,1,12
Manchester City,2020-12-30,5198,8.556221578383715,0.0,0.0,0.0,0.0,0.0,0.0,0.0,0.0,0.0,0.0,0.0,0.0,3.0,2,12
Manchester City,2020-12-31,4673,8.449770515098804,0.0,0.0,0.0,0.0,0.0,0.0,0.0,0.0,0.0,0.0,0.0,0.0,0.0,3,12
Manchester City,2021-01-01,5456,8.604654467186231,0.0,0.0,0.0,0.0,0.0,0.0,0.0,0.0,0.0,0.0,0.0,0.0,0.0,4,1
Manchester City,2021-01-02,6419,8.767173396684006,0.0,0.0,0.0,0.0,0.0,0.0,0.0,0.0,0.0,0.0,0.0,0.0,0.0,5,1
Manchester City,2021-01-03,16545,9.713899659750128,1.0,0.0,3.0,1.0,2.0,1.0,0.0,0.0,0.0,0.0,0.0,0.0,3.0,6,1
Manchester City,2021-01-04,8894,9.093244600099936,0.0,0.0,0.0,0.0,0.0,0.0,0.0,0.0,1.0,1.0,0.0,0.0,3.0,0,1
Manchester City,2021-01-05,10341,9.243968552956167,0.0,0.0,0.0,0.0,0.0,0.0,0.0,0.0,0.0,0.0,0.0,0.0,3.0,1,1
Manchester City,2021-01-06,18539,9.827685839119846,0.0,0.0,0.0,0.0,0.0,0.0,0.0,0.0,0.0,0.0,0.0,0.0,3.0,2,1
Manchester City,2021-01-07,10719,9.279866434624793,0.0,0.0,0.0,0.0,0.0,0.0,0.0,0.0,0.0,0.0,0.0,0.0,3.0,3,1
Manchester City,2021-01-08,8351,9.03025631012242,0.0,0.0,0.0,0.0,0.0,0.0,0.0,0.0,0.0,0.0,0.0,0.0,0.0,4,1
Manchester City,2021-01-09,7076,8.864605368075784,0.0,0.0,0.0,0.0,0.0,0.0,0.0,0.0,0.0,0.0,0.0,0.0,0.0,5,1
Manchester City,2021-01-10,8195,9.011401509358791,0.0,0.0,0.0,0.0,0.0,0.0,0.0,0.0,0.0,0.0,0.0,0.0,0.0,6,1
Manchester City,2021-01-11,6265,8.742893471512136,0.0,0.0,0.0,0.0,0.0,0.0,0.0,0.0,0.0,0.0,0.0,0.0,0.0,0,1
Manchester City,2021-01-12,6813,8.826734598220911,0.0,0.0,0.0,0.0,0.0,0.0,0.0,0.0,0.0,0.0,0.0,0.0,0.0,1,1
Manchester City,2021-01-13,8815,9.084323531392696,1.0,1.0,1.0,0.0,1.0,1.0,0.0,0.0,0.0,0.0,0.0,0.0,3.0,2,1
Manchester City,2021-01-14,6562,8.789203094473724,0.0,0.0,0.0,0.0,0.0,0.0,0.0,0.0,1.0,1.0,0.0,0.0,3.0,3,1
Manchester City,2021-01-15,5513,8.615045591583742,0.0,0.0,0.0,0.0,0.0,0.0,0.0,0.0,0.0,0.0,0.0,0.0,3.0,4,1
Manchester City,2021-01-16,6189,8.730690365678642,0.0,0.0,0.0,0.0,0.0,0.0,0.0,0.0,0.0,0.0,0.0,0.0,3.0,5,1
Manchester City,2021-01-17,11372,9.338997404184445,1.0,1.0,4.0,0.0,4.0,1.0,0.0,0.0,0.0,0.0,0.0,0.0,6.0,6,1
Manchester City,2021-01-18,8741,9.07589427542326,0.0,0.0,0.0,0.0,0.0,0.0,0.0,0.0,1.0,1.0,0.0,0.0,3.0,0,1
Manchester City,2021-01-19,6916,8.841737428600585,0.0,0.0,0.0,0.0,0.0,0.0,0.0,0.0,0.0,0.0,0.0,0.0,3.0,1,1
Manchester City,2021-01-20,9076,9.113499020526627,1.0,1.0,2.0,0.0,2.0,1.0,0.0,0.0,0.0,0.0,0.0,0.0,6.0,2,1
Manchester City,2021-01-21,7874,8.971448463693834,0.0,0.0,0.0,0.0,0.0,0.0,0.0,0.0,1.0,1.0,0.0,0.0,6.0,3,1
Manchester City,2021-01-22,7322,8.89877535906107,0.0,0.0,0.0,0.0,0.0,0.0,0.0,0.0,0.0,0.0,0.0,0.0,3.0,4,1
Manchester City,2021-01-23,11623,9.36082720525012,0.0,0.0,0.0,0.0,0.0,0.0,0.0,0.0,0.0,0.0,0.0,0.0,3.0,5,1
Manchester City,2021-01-24,7854,8.96890555068972,0.0,0.0,0.0,0.0,0.0,0.0,0.0,0.0,0.0,0.0,0.0,0.0,3.0,6,1
Manchester City,2021-01-25,7805,8.96264794774056,0.0,0.0,0.0,0.0,0.0,0.0,0.0,0.0,0.0,0.0,0.0,0.0,0.0,0,1
Manchester City,2021-01-26,9877,9.19806534110057,1.0,0.0,5.0,0.0,5.0,1.0,0.0,0.0,0.0,0.0,0.0,0.0,3.0,1,1
Manchester City,2021-01-27,10450,9.254452946594503,0.0,0.0,0.0,0.0,0.0,0.0,0.0,0.0,1.0,1.0,0.0,0.0,3.0,2,1
Manchester City,2021-01-28,8215,9.013838751608395,0.0,0.0,0.0,0.0,0.0,0.0,0.0,0.0,0.0,0.0,0.0,0.0,3.0,3,1
Manchester City,2021-01-29,6647,8.802071336535285,0.0,0.0,0.0,0.0,0.0,0.0,0.0,0.0,0.0,0.0,0.0,0.0,3.0,4,1
Manchester City,2021-01-30,10569,9.265775078864284,1.0,1.0,1.0,0.0,1.0,1.0,0.0,0.0,0.0,0.0,0.0,0.0,6.0,5,1
Manchester City,2021-01-31,8637,9.063926353520646,0.0,0.0,0.0,0.0,0.0,0.0,0.0,0.0,1.0,1.0,0.0,0.0,3.0,6,1
Manchester City,2021-02-01,7525,8.926118971153382,0.0,0.0,0.0,0.0,0.0,0.0,0.0,0.0,0.0,0.0,0.0,0.0,3.0,0,2
Manchester City,2021-02-02,8059,8.994668835500674,0.0,0.0,0.0,0.0,0.0,0.0,0.0,0.0,0.0,0.0,0.0,0.0,3.0,1,2
Manchester City,2021-02-03,11390,9.340578848899913,1.0,0.0,2.0,0.0,2.0,1.0,0.0,0.0,0.0,0.0,0.0,0.0,6.0,2,2
Manchester City,2021-02-04,10046,9.215029361462314,0.0,0.0,0.0,0.0,0.0,0.0,0.0,0.0,1.0,1.0,0.0,0.0,3.0,3,2
Manchester City,2021-02-05,7150,8.875007486048396,0.0,0.0,0.0,0.0,0.0,0.0,0.0,0.0,0.0,0.0,0.0,0.0,3.0,4,2
Manchester City,2021-02-06,8438,9.040619097157967,0.0,0.0,0.0,0.0,0.0,0.0,0.0,0.0,0.0,0.0,0.0,0.0,3.0,5,2
Manchester City,2021-02-07,25600,10.150386692204734,1.0,0.0,4.0,1.0,3.0,1.0,0.0,0.0,0.0,0.0,0.0,0.0,6.0,6,2
Manchester City,2021-02-08,15359,9.639522006701663,0.0,0.0,0.0,0.0,0.0,0.0,0.0,0.0,1.0,1.0,0.0,0.0,3.0,0,2
Manchester City,2021-02-09,9889,9.199279424616758,0.0,0.0,0.0,0.0,0.0,0.0,0.0,0.0,0.0,0.0,0.0,0.0,3.0,1,2
Manchester City,2021-02-10,11520,9.351926736038054,0.0,0.0,0.0,0.0,0.0,0.0,0.0,0.0,0.0,0.0,0.0,0.0,3.0,2,2
Manchester City,2021-02-11,9467,9.155672970633875,0.0,0.0,0.0,0.0,0.0,0.0,0.0,0.0,0.0,0.0,0.0,0.0,3.0,3,2
Manchester City,2021-02-12,7758,8.95660873889395,0.0,0.0,0.0,0.0,0.0,0.0,0.0,0.0,0.0,0.0,0.0,0.0,0.0,4,2
Manchester City,2021-02-13,17852,9.789926840312962,1.0,1.0,3.0,0.0,3.0,1.0,0.0,0.0,0.0,0.0,0.0,0.0,3.0,5,2
Manchester City,2021-02-14,13292,9.4949928598676,0.0,0.0,0.0,0.0,0.0,0.0,0.0,0.0,1.0,1.0,0.0,0.0,3.0,6,2
Manchester City,2021-02-15,9256,9.133135301067211,0.0,0.0,0.0,0.0,0.0,0.0,0.0,0.0,0.0,0.0,0.0,0.0,3.0,0,2
Manchester City,2021-02-16,9278,9.13550906135318,0.0,0.0,0.0,0.0,0.0,0.0,0.0,0.0,0.0,0.0,0.0,0.0,3.0,1,2
Manchester City,2021-02-17,12125,9.403107186631676,1.0,0.0,3.0,1.0,2.0,1.0,0.0,0.0,0.0,0.0,0.0,0.0,6.0,2,2
Manchester City,2021-02-18,11483,9.348710041240954,0.0,0.0,0.0,0.0,0.0,0.0,0.0,0.0,1.0,1.0,0.0,0.0,3.0,3,2
Manchester City,2021-02-19,8129,9.003316202541857,0.0,0.0,0.0,0.0,0.0,0.0,0.0,0.0,0.0,0.0,0.0,0.0,3.0,4,2
Manchester City,2021-02-20,9183,9.125218118559348,0.0,0.0,0.0,0.0,0.0,0.0,0.0,0.0,0.0,0.0,0.0,0.0,3.0,5,2
Manchester City,2021-02-21,17189,9.752083098376895,1.0,0.0,1.0,0.0,1.0,1.0,0.0,0.0,0.0,0.0,0.0,0.0,6.0,6,2
Manchester City,2021-02-22,9792,9.189423123720795,0.0,0.0,0.0,0.0,0.0,0.0,0.0,0.0,1.0,1.0,0.0,0.0,3.0,0,2
Manchester City,2021-02-23,8931,9.097395612960048,0.0,0.0,0.0,0.0,0.0,0.0,0.0,0.0,0.0,0.0,0.0,0.0,3.0,1,2
Manchester City,2021-02-24,14910,9.609854474590907,0.0,0.0,0.0,0.0,0.0,0.0,0.0,0.0,0.0,0.0,0.0,0.0,3.0,2,2
Manchester City,2021-02-25,12265,9.414586486185929,0.0,0.0,0.0,0.0,0.0,0.0,0.0,0.0,0.0,0.0,0.0,0.0,3.0,3,2
Manchester City,2021-02-26,8639,9.064157861798101,0.0,0.0,0.0,0.0,0.0,0.0,0.0,0.0,0.0,0.0,0.0,0.0,0.0,4,2
Manchester City,2021-02-27,16808,9.729669736233394,1.0,1.0,2.0,1.0,1.0,1.0,0.0,0.0,0.0,0.0,0.0,0.0,3.0,5,2
Manchester City,2021-02-28,12950,9.468928284223587,0.0,0.0,0.0,0.0,0.0,0.0,0.0,0.0,1.0,1.0,0.0,0.0,3.0,6,2
Manchester City,2021-03-01,10428,9.252345666121213,0.0,0.0,0.0,0.0,0.0,0.0,0.0,0.0,0.0,0.0,0.0,0.0,3.0,0,3
Manchester City,2021-03-02,15408,9.642707033281853,1.0,1.0,4.0,1.0,3.0,1.0,0.0,0.0,0.0,0.0,0.0,0.0,6.0,1,3
Manchester City,2021-03-03,14308,9.568643988906736,0.0,0.0,0.0,0.0,0.0,0.0,0.0,0.0,1.0,1.0,0.0,0.0,6.0,2,3
Manchester City,2021-03-04,10851,9.292104673778823,0.0,0.0,0.0,0.0,0.0,0.0,0.0,0.0,0.0,0.0,0.0,0.0,3.0,3,3
Manchester City,2021-03-05,10152,9.225524507301223,0.0,0.0,0.0,0.0,0.0,0.0,0.0,0.0,0.0,0.0,0.0,0.0,3.0,4,3
Manchester City,2021-03-06,10281,9.23815007261545,0.0,0.0,0.0,0.0,0.0,0.0,0.0,0.0,0.0,0.0,0.0,0.0,3.0,5,3
Manchester City,2021-03-07,21192,9.961426217456575,1.0,1.0,0.0,2.0,-2.0,0.0,0.0,1.0,0.0,0.0,0.0,0.0,0.0,6,3
Manchester City,2021-03-08,10921,9.298534382712099,0.0,0.0,0.0,0.0,0.0,0.0,0.0,0.0,1.0,0.0,0.0,1.0,0.0,0,3
Manchester City,2021-03-09,7999,8.987196820661973,0.0,0.0,0.0,0.0,0.0,0.0,0.0,0.0,0.0,0.0,0.0,0.0,0.0,1,3
Manchester City,2021-03-10,11905,9.384797753713336,1.0,1.0,5.0,2.0,3.0,1.0,0.0,0.0,0.0,0.0,0.0,0.0,3.0,2,3
Manchester City,2021-03-11,9551,9.164505835632383,0.0,0.0,0.0,0.0,0.0,0.0,0.0,0.0,1.0,1.0,0.0,0.0,3.0,3,3
Manchester City,2021-03-12,7597,8.935640333747571,0.0,0.0,0.0,0.0,0.0,0.0,0.0,0.0,0.0,0.0,0.0,0.0,3.0,4,3
Manchester City,2021-03-13,11148,9.319105086767571,1.0,0.0,3.0,0.0,3.0,1.0,0.0,0.0,0.0,0.0,0.0,0.0,6.0,5,3
Manchester City,2021-03-14,10770,9.28461261635077,0.0,0.0,0.0,0.0,0.0,0.0,0.0,0.0,1.0,1.0,0.0,0.0,6.0,6,3
Manchester City,2021-03-15,8403,9.036463061964891,0.0,0.0,0.0,0.0,0.0,0.0,0.0,0.0,0.0,0.0,0.0,0.0,3.0,0,3
Manchester City,2021-03-16,11415,9.342771159156673,0.0,0.0,0.0,0.0,0.0,0.0,0.0,0.0,0.0,0.0,0.0,0.0,3.0,1,3
Manchester City,2021-03-17,11045,9.309823650461134,0.0,0.0,0.0,0.0,0.0,0.0,0.0,0.0,0.0,0.0,0.0,0.0,3.0,2,3
Manchester City,2021-03-18,8870,9.090542808520587,0.0,0.0,0.0,0.0,0.0,0.0,0.0,0.0,0.0,0.0,0.0,0.0,0.0,3,3
Manchester City,2021-03-19,9729,9.18296917518005,0.0,0.0,0.0,0.0,0.0,0.0,0.0,0.0,0.0,0.0,0.0,0.0,0.0,4,3
Manchester City,2021-03-20,12746,9.453051228782922,0.0,0.0,0.0,0.0,0.0,0.0,0.0,0.0,0.0,0.0,0.0,0.0,0.0,5,3
Manchester City,2021-03-21,11532,9.35296777022594,0.0,0.0,0.0,0.0,0.0,0.0,0.0,0.0,0.0,0.0,0.0,0.0,0.0,6,3
Manchester City,2021-03-22,8491,9.046879822823147,0.0,0.0,0.0,0.0,0.0,0.0,0.0,0.0,0.0,0.0,0.0,0.0,0.0,0,3
Manchester City,2021-03-23,7093,8.867004635333567,0.0,0.0,0.0,0.0,0.0,0.0,0.0,0.0,0.0,0.0,0.0,0.0,0.0,1,3
Manchester City,2021-03-24,7024,8.857230494201946,0.0,0.0,0.0,0.0,0.0,0.0,0.0,0.0,0.0,0.0,0.0,0.0,0.0,2,3
Manchester City,2021-03-25,7059,8.862200330487287,0.0,0.0,0.0,0.0,0.0,0.0,0.0,0.0,0.0,0.0,0.0,0.0,0.0,3,3
Manchester City,2021-03-26,5846,8.67368398817567,0.0,0.0,0.0,0.0,0.0,0.0,0.0,0.0,0.0,0.0,0.0,0.0,0.0,4,3
Manchester City,2021-03-27,5676,8.644178203170727,0.0,0.0,0.0,0.0,0.0,0.0,0.0,0.0,0.0,0.0,0.0,0.0,0.0,5,3
Manchester City,2021-03-28,5679,8.644706511715198,0.0,0.0,0.0,0.0,0.0,0.0,0.0,0.0,0.0,0.0,0.0,0.0,0.0,6,3
Manchester City,2021-03-29,10114,9.221774749601845,0.0,0.0,0.0,0.0,0.0,0.0,0.0,0.0,0.0,0.0,0.0,0.0,0.0,0,3
Manchester City,2021-03-30,14211,9.561841957140917,0.0,0.0,0.0,0.0,0.0,0.0,0.0,0.0,0.0,0.0,0.0,0.0,0.0,1,3
Manchester City,2021-03-31,9473,9.156306483483696,0.0,0.0,0.0,0.0,0.0,0.0,0.0,0.0,0.0,0.0,0.0,0.0,0.0,2,3
Manchester City,2021-04-01,7382,8.906935339059165,0.0,0.0,0.0,0.0,0.0,0.0,0.0,0.0,0.0,0.0,0.0,0.0,0.0,3,4
Manchester City,2021-04-02,7135,8.872907674259846,0.0,0.0,0.0,0.0,0.0,0.0,0.0,0.0,0.0,0.0,0.0,0.0,0.0,4,4
Manchester City,2021-04-03,12588,9.44057869576626,1.0,0.0,2.0,0.0,2.0,1.0,0.0,0.0,0.0,0.0,0.0,0.0,3.0,5,4
Manchester City,2021-04-04,9341,9.142275641062053,0.0,0.0,0.0,0.0,0.0,0.0,0.0,0.0,1.0,1.0,0.0,0.0,3.0,6,4
Manchester City,2021-04-05,8458,9.042986242304014,0.0,0.0,0.0,0.0,0.0,0.0,0.0,0.0,0.0,0.0,0.0,0.0,3.0,0,4
Manchester City,2021-04-06,14873,9.607370001263245,0.0,0.0,0.0,0.0,0.0,0.0,0.0,0.0,0.0,0.0,0.0,0.0,3.0,1,4
Manchester City,2021-04-07,12515,9.434763104788773,0.0,0.0,0.0,0.0,0.0,0.0,0.0,0.0,0.0,0.0,0.0,0.0,3.0,2,4
Manchester City,2021-04-08,8344,9.029417836095936,0.0,0.0,0.0,0.0,0.0,0.0,0.0,0.0,0.0,0.0,0.0,0.0,0.0,3,4
Manchester City,2021-04-09,6577,8.791486026749002,0.0,0.0,0.0,0.0,0.0,0.0,0.0,0.0,0.0,0.0,0.0,0.0,0.0,4,4
Manchester City,2021-04-10,11739,9.370757093382087,1.0,1.0,1.0,2.0,-1.0,0.0,0.0,1.0,0.0,0.0,0.0,0.0,0.0,5,4
Manchester City,2021-04-11,8033,8.991437814919227,0.0,0.0,0.0,0.0,0.0,0.0,0.0,0.0,1.0,0.0,0.0,1.0,0.0,6,4
Manchester City,2021-04-12,7226,8.885579291282982,0.0,0.0,0.0,0.0,0.0,0.0,0.0,0.0,0.0,0.0,0.0,0.0,0.0,0,4
Manchester City,2021-04-13,8714,9.07280095795412,0.0,0.0,0.0,0.0,0.0,0.0,0.0,0.0,0.0,0.0,0.0,0.0,0.0,1,4
Manchester City,2021-04-14,21052,9.954798346770556,0.0,0.0,0.0,0.0,0.0,0.0,0.0,0.0,0.0,0.0,0.0,0.0,0.0,2,4
Manchester City,2021-04-15,21445,9.97329342678009,0.0,0.0,0.0,0.0,0.0,0.0,0.0,0.0,0.0,0.0,0.0,0.0,0.0,3,4
Manchester City,2021-04-16,11906,9.384881741451174,0.0,0.0,0.0,0.0,0.0,0.0,0.0,0.0,0.0,0.0,0.0,0.0,0.0,4,4
Manchester City,2021-04-17,17919,9.793672686528922,0.0,0.0,0.0,0.0,0.0,0.0,0.0,0.0,0.0,0.0,0.0,0.0,0.0,5,4
Manchester City,2021-04-18,13244,9.49137540170617,0.0,0.0,0.0,0.0,0.0,0.0,0.0,0.0,0.0,0.0,0.0,0.0,0.0,6,4
Manchester City,2021-04-19,24433,10.103730883964005,0.0,0.0,0.0,0.0,0.0,0.0,0.0,0.0,0.0,0.0,0.0,0.0,0.0,0,4
Manchester City,2021-04-20,25417,10.143212863442015,0.0,0.0,0.0,0.0,0.0,0.0,0.0,0.0,0.0,0.0,0.0,0.0,0.0,1,4
Manchester City,2021-04-21,19217,9.863602618837213,1.0,0.0,2.0,1.0,1.0,1.0,0.0,0.0,0.0,0.0,0.0,0.0,3.0,2,4
Manchester City,2021-04-22,12229,9.411647228681218,0.0,0.0,0.0,0.0,0.0,0.0,0.0,0.0,1.0,1.0,0.0,0.0,3.0,3,4
Manchester City,2021-04-23,10290,9.239025005836092,0.0,0.0,0.0,0.0,0.0,0.0,0.0,0.0,0.0,0.0,0.0,0.0,3.0,4,4
Manchester City,2021-04-24,10143,9.224637676677007,0.0,0.0,0.0,0.0,0.0,0.0,0.0,0.0,0.0,0.0,0.0,0.0,3.0,5,4
Manchester City,2021-04-25,34072,10.436260560784943,0.0,0.0,0.0,0.0,0.0,0.0,0.0,0.0,0.0,0.0,0.0,0.0,3.0,6,4
Manchester City,2021-04-26,23828,10.078658605301241,0.0,0.0,0.0,0.0,0.0,0.0,0.0,0.0,0.0,0.0,0.0,0.0,0.0,0,4
Manchester City,2021-04-27,14269,9.565914710470881,0.0,0.0,0.0,0.0,0.0,0.0,0.0,0.0,0.0,0.0,0.0,0.0,0.0,1,4
Manchester City,2021-04-28,33911,10.431524213032473,0.0,0.0,0.0,0.0,0.0,0.0,0.0,0.0,0.0,0.0,0.0,0.0,0.0,2,4
Manchester City,2021-04-29,23396,10.060363087998608,0.0,0.0,0.0,0.0,0.0,0.0,0.0,0.0,0.0,0.0,0.0,0.0,0.0,3,4
Manchester City,2021-04-30,10851,9.292104673778823,0.0,0.0,0.0,0.0,0.0,0.0,0.0,0.0,0.0,0.0,0.0,0.0,0.0,4,4
Manchester City,2021-05-01,17725,9.782787767298343,1.0,0.0,2.0,0.0,2.0,1.0,0.0,0.0,0.0,0.0,0.0,0.0,3.0,5,5
Manchester City,2021-05-02,14853,9.606024468229242,0.0,0.0,0.0,0.0,0.0,0.0,0.0,0.0,1.0,1.0,0.0,0.0,3.0,6,5
Manchester City,2021-05-03,12109,9.401786836547139,0.0,0.0,0.0,0.0,0.0,0.0,0.0,0.0,0.0,0.0,0.0,0.0,3.0,0,5
Manchester City,2021-05-04,57368,10.957259366731083,0.0,0.0,0.0,0.0,0.0,0.0,0.0,0.0,0.0,0.0,0.0,0.0,3.0,1,5
Manchester City,2021-05-05,60917,11.017283976529278,0.0,0.0,0.0,0.0,0.0,0.0,0.0,0.0,0.0,0.0,0.0,0.0,3.0,2,5
Manchester City,2021-05-06,28785,10.267644436822616,0.0,0.0,0.0,0.0,0.0,0.0,0.0,0.0,0.0,0.0,0.0,0.0,0.0,3,5
Manchester City,2021-05-07,17037,9.743201422602786,0.0,0.0,0.0,0.0,0.0,0.0,0.0,0.0,0.0,0.0,0.0,0.0,0.0,4,5
Manchester City,2021-05-08,25893,10.161766560618593,1.0,1.0,1.0,2.0,-1.0,0.0,0.0,1.0,0.0,0.0,0.0,0.0,0.0,5,5
Manchester City,2021-05-09,18354,9.817657295930935,0.0,0.0,0.0,0.0,0.0,0.0,0.0,0.0,1.0,0.0,0.0,1.0,0.0,6,5
Manchester City,2021-05-10,12139,9.40426106461349,0.0,0.0,0.0,0.0,0.0,0.0,0.0,0.0,0.0,0.0,0.0,0.0,0.0,0,5
Manchester City,2021-05-11,37072,10.520644220844389,0.0,0.0,0.0,0.0,0.0,0.0,0.0,0.0,0.0,0.0,0.0,0.0,0.0,1,5
Manchester City,2021-05-12,37506,10.532282861205115,0.0,0.0,0.0,0.0,0.0,0.0,0.0,0.0,0.0,0.0,0.0,0.0,0.0,2,5
Manchester City,2021-05-13,18632,9.832689481227412,0.0,0.0,0.0,0.0,0.0,0.0,0.0,0.0,0.0,0.0,0.0,0.0,0.0,3,5
Manchester City,2021-05-14,24513,10.10699966190111,1.0,0.0,4.0,3.0,1.0,1.0,0.0,0.0,0.0,0.0,0.0,0.0,3.0,4,5
Manchester City,2021-05-15,24593,10.110257789732392,0.0,0.0,0.0,0.0,0.0,0.0,0.0,0.0,1.0,1.0,0.0,0.0,3.0,5,5
Manchester City,2021-05-16,16326,9.700575458126165,0.0,0.0,0.0,0.0,0.0,0.0,0.0,0.0,0.0,0.0,0.0,0.0,3.0,6,5
Manchester City,2021-05-17,14805,9.602787783003043,0.0,0.0,0.0,0.0,0.0,0.0,0.0,0.0,0.0,0.0,0.0,0.0,3.0,0,5
Manchester City,2021-05-18,18117,9.804661198229233,1.0,0.0,2.0,3.0,-1.0,0.0,0.0,1.0,0.0,0.0,0.0,0.0,3.0,1,5
Manchester City,2021-05-19,14668,9.593491702487762,0.0,0.0,0.0,0.0,0.0,0.0,0.0,0.0,1.0,0.0,0.0,1.0,0.0,2,5
Manchester City,2021-05-20,14034,9.549309488795982,0.0,0.0,0.0,0.0,0.0,0.0,0.0,0.0,0.0,0.0,0.0,0.0,0.0,3,5
Manchester City,2021-05-21,12647,9.445254378889308,0.0,0.0,0.0,0.0,0.0,0.0,0.0,0.0,0.0,0.0,0.0,0.0,0.0,4,5
Manchester City,2021-05-22,12677,9.447623486844112,0.0,0.0,0.0,0.0,0.0,0.0,0.0,0.0,0.0,0.0,0.0,0.0,0.0,5,5
Manchester City,2021-05-23,34894,10.460098831451251,1.0,1.0,5.0,0.0,5.0,1.0,0.0,0.0,0.0,0.0,0.0,0.0,3.0,6,5
Manchester City,2021-05-24,30663,10.33084460706039,0.0,0.0,0.0,0.0,0.0,0.0,0.0,0.0,1.0,1.0,0.0,0.0,3.0,0,5
Manchester City,2021-05-25,17868,9.790822646878661,0.0,0.0,0.0,0.0,0.0,0.0,0.0,0.0,0.0,0.0,0.0,0.0,3.0,1,5
Manchester City,2021-05-26,17422,9.765546451422905,0.0,0.0,0.0,0.0,0.0,0.0,0.0,0.0,0.0,0.0,0.0,0.0,3.0,2,5
Manchester City,2021-05-27,16573,9.715590481408988,0.0,0.0,0.0,0.0,0.0,0.0,0.0,0.0,0.0,0.0,0.0,0.0,3.0,3,5
Manchester City,2021-05-28,20562,9.931248623321519,0.0,0.0,0.0,0.0,0.0,0.0,0.0,0.0,0.0,0.0,0.0,0.0,0.0,4,5
Manchester City,2021-05-29,91344,11.42239882577067,0.0,0.0,0.0,0.0,0.0,0.0,0.0,0.0,0.0,0.0,0.0,0.0,0.0,5,5
Manchester City,2021-05-30,43677,10.684599821824717,0.0,0.0,0.0,0.0,0.0,0.0,0.0,0.0,0.0,0.0,0.0,0.0,0.0,6,5
Manchester City,2021-05-31,27812,10.233258816275091,0.0,0.0,0.0,0.0,0.0,0.0,0.0,0.0,0.0,0.0,0.0,0.0,0.0,0,5
Manchester City,2021-06-01,21058,9.955083301179778,0.0,0.0,0.0,0.0,0.0,0.0,0.0,0.0,0.0,0.0,0.0,0.0,0.0,1,6
Manchester City,2021-06-02,14304,9.56836440548421,0.0,0.0,0.0,0.0,0.0,0.0,0.0,0.0,0.0,0.0,0.0,0.0,0.0,2,6
Manchester City,2021-06-03,11687,9.366317953430535,0.0,0.0,0.0,0.0,0.0,0.0,0.0,0.0,0.0,0.0,0.0,0.0,0.0,3,6
Manchester City,2021-06-04,10917,9.298168082341704,0.0,0.0,0.0,0.0,0.0,0.0,0.0,0.0,0.0,0.0,0.0,0.0,0.0,4,6
Manchester City,2021-06-05,9973,9.207736986106068,0.0,0.0,0.0,0.0,0.0,0.0,0.0,0.0,0.0,0.0,0.0,0.0,0.0,5,6
Manchester City,2021-06-06,8863,9.089753408987065,0.0,0.0,0.0,0.0,0.0,0.0,0.0,0.0,0.0,0.0,0.0,0.0,0.0,6,6
Manchester City,2021-06-07,9350,9.143238568435446,0.0,0.0,0.0,0.0,0.0,0.0,0.0,0.0,0.0,0.0,0.0,0.0,0.0,0,6
Manchester City,2021-06-08,8098,8.99949587624899,0.0,0.0,0.0,0.0,0.0,0.0,0.0,0.0,0.0,0.0,0.0,0.0,0.0,1,6
Manchester City,2021-06-09,7576,8.932872621931374,0.0,0.0,0.0,0.0,0.0,0.0,0.0,0.0,0.0,0.0,0.0,0.0,0.0,2,6
Manchester City,2021-06-10,6913,8.84130362048157,0.0,0.0,0.0,0.0,0.0,0.0,0.0,0.0,0.0,0.0,0.0,0.0,0.0,3,6
Manchester City,2021-06-11,8501,9.048056708918736,0.0,0.0,0.0,0.0,0.0,0.0,0.0,0.0,0.0,0.0,0.0,0.0,0.0,4,6
Manchester City,2021-06-12,7108,8.869116865929483,0.0,0.0,0.0,0.0,0.0,0.0,0.0,0.0,0.0,0.0,0.0,0.0,0.0,5,6
Manchester City,2021-06-13,9432,9.151969458649853,0.0,0.0,0.0,0.0,0.0,0.0,0.0,0.0,0.0,0.0,0.0,0.0,0.0,6,6
Manchester City,2021-06-14,7899,8.974618038455112,0.0,0.0,0.0,0.0,0.0,0.0,0.0,0.0,0.0,0.0,0.0,0.0,0.0,0,6
Manchester City,2021-06-15,7553,8.929832503272403,0.0,0.0,0.0,0.0,0.0,0.0,0.0,0.0,0.0,0.0,0.0,0.0,0.0,1,6
Manchester City,2021-06-16,7926,8.978029932837156,0.0,0.0,0.0,0.0,0.0,0.0,0.0,0.0,0.0,0.0,0.0,0.0,0.0,2,6
Manchester City,2021-06-17,8116,9.001715906761175,0.0,0.0,0.0,0.0,0.0,0.0,0.0,0.0,0.0,0.0,0.0,0.0,0.0,3,6
Manchester City,2021-06-18,7830,8.965845494750937,0.0,0.0,0.0,0.0,0.0,0.0,0.0,0.0,0.0,0.0,0.0,0.0,0.0,4,6
Manchester City,2021-06-19,7661,8.944028325260595,0.0,0.0,0.0,0.0,0.0,0.0,0.0,0.0,0.0,0.0,0.0,0.0,0.0,5,6
Manchester City,2021-06-20,7820,8.964567702601611,0.0,0.0,0.0,0.0,0.0,0.0,0.0,0.0,0.0,0.0,0.0,0.0,0.0,6,6
Manchester City,2021-06-21,8361,9.03145291191651,0.0,0.0,0.0,0.0,0.0,0.0,0.0,0.0,0.0,0.0,0.0,0.0,0.0,0,6
Manchester City,2021-06-22,7570,8.932080438103307,0.0,0.0,0.0,0.0,0.0,0.0,0.0,0.0,0.0,0.0,0.0,0.0,0.0,1,6
Manchester City,2021-06-23,7350,8.902591637374087,0.0,0.0,0.0,0.0,0.0,0.0,0.0,0.0,0.0,0.0,0.0,0.0,0.0,2,6
Manchester City,2021-06-24,6006,8.700680734850161,0.0,0.0,0.0,0.0,0.0,0.0,0.0,0.0,0.0,0.0,0.0,0.0,0.0,3,6
Manchester City,2021-06-25,7794,8.961237781491876,0.0,0.0,0.0,0.0,0.0,0.0,0.0,0.0,0.0,0.0,0.0,0.0,0.0,4,6
Manchester City,2021-06-26,8831,9.086136768516877,0.0,0.0,0.0,0.0,0.0,0.0,0.0,0.0,0.0,0.0,0.0,0.0,0.0,5,6
Manchester City,2021-06-27,8538,9.052399183907607,0.0,0.0,0.0,0.0,0.0,0.0,0.0,0.0,0.0,0.0,0.0,0.0,0.0,6,6
Manchester City,2021-06-28,7933,8.978912601074276,0.0,0.0,0.0,0.0,0.0,0.0,0.0,0.0,0.0,0.0,0.0,0.0,0.0,0,6
Manchester City,2021-06-29,11386,9.340227632810604,0.0,0.0,0.0,0.0,0.0,0.0,0.0,0.0,0.0,0.0,0.0,0.0,0.0,1,6
Manchester City,2021-06-30,9125,9.118882761487347,0.0,0.0,0.0,0.0,0.0,0.0,0.0,0.0,0.0,0.0,0.0,0.0,0.0,2,6
Manchester City,2021-07-01,9530,9.162304922937626,0.0,0.0,0.0,0.0,0.0,0.0,0.0,0.0,0.0,0.0,0.0,0.0,0.0,3,7
Manchester City,2021-07-02,12097,9.400795428666859,0.0,0.0,0.0,0.0,0.0,0.0,0.0,0.0,0.0,0.0,0.0,0.0,0.0,4,7
Manchester City,2021-07-03,12208,9.409928663668856,0.0,0.0,0.0,0.0,0.0,0.0,0.0,0.0,0.0,0.0,0.0,0.0,0.0,5,7
Manchester City,2021-07-04,9412,9.14984699154722,0.0,0.0,0.0,0.0,0.0,0.0,0.0,0.0,0.0,0.0,0.0,0.0,0.0,6,7
Manchester City,2021-07-05,8738,9.075551045627543,0.0,0.0,0.0,0.0,0.0,0.0,0.0,0.0,0.0,0.0,0.0,0.0,0.0,0,7
Manchester City,2021-07-06,13079,9.47883962501119,0.0,0.0,0.0,0.0,0.0,0.0,0.0,0.0,0.0,0.0,0.0,0.0,0.0,1,7
Manchester City,2021-07-07,12526,9.435641593844192,0.0,0.0,0.0,0.0,0.0,0.0,0.0,0.0,0.0,0.0,0.0,0.0,0.0,2,7
Manchester City,2021-07-08,10166,9.226902460275161,0.0,0.0,0.0,0.0,0.0,0.0,0.0,0.0,0.0,0.0,0.0,0.0,0.0,3,7
Manchester City,2021-07-09,8600,9.059633754551479,0.0,0.0,0.0,0.0,0.0,0.0,0.0,0.0,0.0,0.0,0.0,0.0,0.0,4,7
Manchester City,2021-07-10,8950,9.099520536870939,0.0,0.0,0.0,0.0,0.0,0.0,0.0,0.0,0.0,0.0,0.0,0.0,0.0,5,7
Manchester City,2021-07-11,17808,9.787459226476006,0.0,0.0,0.0,0.0,0.0,0.0,0.0,0.0,0.0,0.0,0.0,0.0,0.0,6,7
Manchester City,2021-07-12,14433,9.577341813632218,0.0,0.0,0.0,0.0,0.0,0.0,0.0,0.0,0.0,0.0,0.0,0.0,0.0,0,7
Manchester City,2021-07-13,11497,9.349928386183237,0.0,0.0,0.0,0.0,0.0,0.0,0.0,0.0,0.0,0.0,0.0,0.0,0.0,1,7
Manchester City,2021-07-14,11275,9.330431852234003,0.0,0.0,0.0,0.0,0.0,0.0,0.0,0.0,0.0,0.0,0.0,0.0,0.0,2,7
Manchester City,2021-07-15,10224,9.232590980911002,0.0,0.0,0.0,0.0,0.0,0.0,0.0,0.0,0.0,0.0,0.0,0.0,0.0,3,7
Manchester City,2021-07-16,10237,9.233861567017529,0.0,0.0,0.0,0.0,0.0,0.0,0.0,0.0,0.0,0.0,0.0,0.0,0.0,4,7
Manchester City,2021-07-17,9520,9.161255164285691,0.0,0.0,0.0,0.0,0.0,0.0,0.0,0.0,0.0,0.0,0.0,0.0,0.0,5,7
Manchester City,2021-07-18,9423,9.151014905891367,0.0,0.0,0.0,0.0,0.0,0.0,0.0,0.0,0.0,0.0,0.0,0.0,0.0,6,7
Manchester City,2021-07-19,13998,9.546741177474825,0.0,0.0,0.0,0.0,0.0,0.0,0.0,0.0,0.0,0.0,0.0,0.0,0.0,0,7
Manchester City,2021-07-20,22355,10.01485002038959,0.0,0.0,0.0,0.0,0.0,0.0,0.0,0.0,0.0,0.0,0.0,0.0,0.0,1,7
Manchester City,2021-07-21,8578,9.057072635572965,0.0,0.0,0.0,0.0,0.0,0.0,0.0,0.0,0.0,0.0,0.0,0.0,0.0,2,7
Manchester City,2021-07-22,8278,9.021477467138807,0.0,0.0,0.0,0.0,0.0,0.0,0.0,0.0,0.0,0.0,0.0,0.0,0.0,3,7
Manchester City,2021-07-23,10196,9.229848838364227,0.0,0.0,0.0,0.0,0.0,0.0,0.0,0.0,0.0,0.0,0.0,0.0,0.0,4,7
Manchester City,2021-07-24,8788,9.081256218564645,0.0,0.0,0.0,0.0,0.0,0.0,0.0,0.0,0.0,0.0,0.0,0.0,0.0,5,7
Manchester City,2021-07-25,8749,9.07680897935166,0.0,0.0,0.0,0.0,0.0,0.0,0.0,0.0,0.0,0.0,0.0,0.0,0.0,6,7
Manchester City,2021-07-26,8491,9.046879822823147,0.0,0.0,0.0,0.0,0.0,0.0,0.0,0.0,0.0,0.0,0.0,0.0,0.0,0,7
Manchester City,2021-07-27,9423,9.151014905891367,0.0,0.0,0.0,0.0,0.0,0.0,0.0,0.0,0.0,0.0,0.0,0.0,0.0,1,7
Manchester City,2021-07-28,8925,9.096723645189215,0.0,0.0,0.0,0.0,0.0,0.0,0.0,0.0,0.0,0.0,0.0,0.0,0.0,2,7
Manchester City,2021-07-29,8653,9.06577692078483,0.0,0.0,0.0,0.0,0.0,0.0,0.0,0.0,0.0,0.0,0.0,0.0,0.0,3,7
Manchester City,2021-07-30,9428,9.151545325465678,0.0,0.0,0.0,0.0,0.0,0.0,0.0,0.0,0.0,0.0,0.0,0.0,0.0,4,7
Manchester City,2021-07-31,10111,9.221478116386638,0.0,0.0,0.0,0.0,0.0,0.0,0.0,0.0,0.0,0.0,0.0,0.0,0.0,5,7
Manchester City,2021-08-01,8996,9.104646467417119,0.0,0.0,0.0,0.0,0.0,0.0,0.0,0.0,0.0,0.0,0.0,0.0,0.0,6,8
Manchester City,2021-08-02,9711,9.181117513299279,0.0,0.0,0.0,0.0,0.0,0.0,0.0,0.0,0.0,0.0,0.0,0.0,0.0,0,8
Manchester City,2021-08-03,10050,9.21542741102474,0.0,0.0,0.0,0.0,0.0,0.0,0.0,0.0,0.0,0.0,0.0,0.0,0.0,1,8
Manchester City,2021-08-04,14824,9.604070223865927,0.0,0.0,0.0,0.0,0.0,0.0,0.0,0.0,0.0,0.0,0.0,0.0,0.0,2,8
Manchester City,2021-08-05,33834,10.429251048666325,0.0,0.0,0.0,0.0,0.0,0.0,0.0,0.0,0.0,0.0,0.0,0.0,0.0,3,8
Manchester City,2021-08-06,35713,10.48329804775707,0.0,0.0,0.0,0.0,0.0,0.0,0.0,0.0,0.0,0.0,0.0,0.0,0.0,4,8
Manchester City,2021-08-07,31010,10.342097259236594,0.0,0.0,0.0,0.0,0.0,0.0,0.0,0.0,0.0,0.0,0.0,0.0,0.0,5,8
Manchester City,2021-08-08,18900,9.846970109700957,0.0,0.0,0.0,0.0,0.0,0.0,0.0,0.0,0.0,0.0,0.0,0.0,0.0,6,8
Manchester City,2021-08-09,15625,9.65669147255669,0.0,0.0,0.0,0.0,0.0,0.0,0.0,0.0,0.0,0.0,0.0,0.0,0.0,0,8
Manchester City,2021-08-10,17367,9.762384711558127,0.0,0.0,0.0,0.0,0.0,0.0,0.0,0.0,0.0,0.0,0.0,0.0,0.0,1,8
Manchester City,2021-08-11,19065,9.855661923053523,0.0,0.0,0.0,0.0,0.0,0.0,0.0,0.0,0.0,0.0,0.0,0.0,0.0,2,8
Manchester City,2021-08-12,16371,9.703327837612294,0.0,0.0,0.0,0.0,0.0,0.0,0.0,0.0,0.0,0.0,0.0,0.0,0.0,3,8
Manchester City,2021-08-13,17026,9.742555598420644,0.0,0.0,0.0,0.0,0.0,0.0,0.0,0.0,0.0,0.0,0.0,0.0,0.0,4,8
Manchester City,2021-08-14,17520,9.771155440487087,0.0,0.0,0.0,0.0,0.0,0.0,0.0,0.0,0.0,0.0,0.0,0.0,0.0,5,8
Manchester City,2021-08-15,29197,10.281855492759925,1.0,0.0,0.0,1.0,-1.0,0.0,0.0,1.0,0.0,0.0,0.0,0.0,0.0,6,8
Manchester City,2021-08-16,15725,9.663070672551461,0.0,0.0,0.0,0.0,0.0,0.0,0.0,0.0,1.0,0.0,0.0,1.0,0.0,0,8
Manchester City,2021-08-17,12537,9.436519311833914,0.0,0.0,0.0,0.0,0.0,0.0,0.0,0.0,0.0,0.0,0.0,0.0,0.0,1,8
Manchester City,2021-08-18,11283,9.331141072121888,0.0,0.0,0.0,0.0,0.0,0.0,0.0,0.0,0.0,0.0,0.0,0.0,0.0,2,8
Manchester City,2021-08-19,11390,9.340578848899913,0.0,0.0,0.0,0.0,0.0,0.0,0.0,0.0,0.0,0.0,0.0,0.0,0.0,3,8
Manchester City,2021-08-20,10832,9.290352309945568,0.0,0.0,0.0,0.0,0.0,0.0,0.0,0.0,0.0,0.0,0.0,0.0,0.0,4,8
Manchester City,2021-08-21,17735,9.783351751296147,1.0,1.0,5.0,0.0,5.0,1.0,0.0,0.0,0.0,0.0,0.0,0.0,3.0,5,8
Manchester City,2021-08-22,14777,9.600894867348593,0.0,0.0,0.0,0.0,0.0,0.0,0.0,0.0,1.0,1.0,0.0,0.0,3.0,6,8
Manchester City,2021-08-23,11754,9.37203396097417,0.0,0.0,0.0,0.0,0.0,0.0,0.0,0.0,0.0,0.0,0.0,0.0,3.0,0,8
Manchester City,2021-08-24,11437,9.344696424475261,0.0,0.0,0.0,0.0,0.0,0.0,0.0,0.0,0.0,0.0,0.0,0.0,3.0,1,8
Manchester City,2021-08-25,13833,9.53488460916053,0.0,0.0,0.0,0.0,0.0,0.0,0.0,0.0,0.0,0.0,0.0,0.0,3.0,2,8
Manchester City,2021-08-26,34732,10.45544552265826,0.0,0.0,0.0,0.0,0.0,0.0,0.0,0.0,0.0,0.0,0.0,0.0,0.0,3,8
Manchester City,2021-08-27,43021,10.669466891745744,0.0,0.0,0.0,0.0,0.0,0.0,0.0,0.0,0.0,0.0,0.0,0.0,0.0,4,8
Manchester City,2021-08-28,35104,10.466098849451349,1.0,1.0,5.0,0.0,5.0,1.0,0.0,0.0,0.0,0.0,0.0,0.0,3.0,5,8
Manchester City,2021-08-29,18868,9.845275642787714,0.0,0.0,0.0,0.0,0.0,0.0,0.0,0.0,1.0,1.0,0.0,0.0,3.0,6,8
Manchester City,2021-08-30,14545,9.585071320714485,0.0,0.0,0.0,0.0,0.0,0.0,0.0,0.0,0.0,0.0,0.0,0.0,3.0,0,8
Manchester City,2021-08-31,15984,9.679406061493943,0.0,0.0,0.0,0.0,0.0,0.0,0.0,0.0,0.0,0.0,0.0,0.0,3.0,1,8
Manchester City,2021-09-01,17896,9.792388380017409,0.0,0.0,0.0,0.0,0.0,0.0,0.0,0.0,0.0,0.0,0.0,0.0,3.0,2,9
Manchester City,2021-09-02,12167,9.406564833939129,0.0,0.0,0.0,0.0,0.0,0.0,0.0,0.0,0.0,0.0,0.0,0.0,0.0,3,9
Manchester City,2021-09-03,10400,9.249657234353133,0.0,0.0,0.0,0.0,0.0,0.0,0.0,0.0,0.0,0.0,0.0,0.0,0.0,4,9
Manchester City,2021-09-04,9786,9.18881025342582,0.0,0.0,0.0,0.0,0.0,0.0,0.0,0.0,0.0,0.0,0.0,0.0,0.0,5,9
Manchester City,2021-09-05,9795,9.189729418072059,0.0,0.0,0.0,0.0,0.0,0.0,0.0,0.0,0.0,0.0,0.0,0.0,0.0,6,9
Manchester City,2021-09-06,8809,9.083642718930225,0.0,0.0,0.0,0.0,0.0,0.0,0.0,0.0,0.0,0.0,0.0,0.0,0.0,0,9
Manchester City,2021-09-07,8745,9.076351731972865,0.0,0.0,0.0,0.0,0.0,0.0,0.0,0.0,0.0,0.0,0.0,0.0,0.0,1,9
Manchester City,2021-09-08,9965,9.20693457884135,0.0,0.0,0.0,0.0,0.0,0.0,0.0,0.0,0.0,0.0,0.0,0.0,0.0,2,9
Manchester City,2021-09-09,9032,9.108639817149843,0.0,0.0,0.0,0.0,0.0,0.0,0.0,0.0,0.0,0.0,0.0,0.0,0.0,3,9
Manchester City,2021-09-10,9387,9.147187556970914,0.0,0.0,0.0,0.0,0.0,0.0,0.0,0.0,0.0,0.0,0.0,0.0,0.0,4,9
Manchester City,2021-09-11,13771,9.530392824458414,1.0,0.0,1.0,0.0,1.0,1.0,0.0,0.0,0.0,0.0,0.0,0.0,3.0,5,9
Manchester City,2021-09-12,11601,9.358932776026009,0.0,0.0,0.0,0.0,0.0,0.0,0.0,0.0,1.0,1.0,0.0,0.0,3.0,6,9
Manchester City,2021-09-13,9878,9.198166571044474,0.0,0.0,0.0,0.0,0.0,0.0,0.0,0.0,0.0,0.0,0.0,0.0,3.0,0,9
Manchester City,2021-09-14,10274,9.237469039364436,0.0,0.0,0.0,0.0,0.0,0.0,0.0,0.0,0.0,0.0,0.0,0.0,3.0,1,9
Manchester City,2021-09-15,14105,9.554355517768125,0.0,0.0,0.0,0.0,0.0,0.0,0.0,0.0,0.0,0.0,0.0,0.0,3.0,2,9
Manchester City,2021-09-16,14460,9.579210649614792,0.0,0.0,0.0,0.0,0.0,0.0,0.0,0.0,0.0,0.0,0.0,0.0,0.0,3,9
Manchester City,2021-09-17,11483,9.348710041240954,0.0,0.0,0.0,0.0,0.0,0.0,0.0,0.0,0.0,0.0,0.0,0.0,0.0,4,9
Manchester City,2021-09-18,15118,9.623707509980202,1.0,1.0,0.0,0.0,0.0,0.0,1.0,0.0,0.0,0.0,0.0,0.0,1.0,5,9
Manchester City,2021-09-19,11854,9.380504998499505,0.0,0.0,0.0,0.0,0.0,0.0,0.0,0.0,1.0,0.0,1.0,0.0,1.0,6,9
Manchester City,2021-09-20,9780,9.188197007290492,0.0,0.0,0.0,0.0,0.0,0.0,0.0,0.0,0.0,0.0,0.0,0.0,1.0,0,9
Manchester City,2021-09-21,13344,9.498897061838624,0.0,0.0,0.0,0.0,0.0,0.0,0.0,0.0,0.0,0.0,0.0,0.0,1.0,1,9
Manchester City,2021-09-22,12578,9.439784035838873,0.0,0.0,0.0,0.0,0.0,0.0,0.0,0.0,0.0,0.0,0.0,0.0,1.0,2,9
Manchester City,2021-09-23,9499,9.159047077588632,0.0,0.0,0.0,0.0,0.0,0.0,0.0,0.0,0.0,0.0,0.0,0.0,0.0,3,9
Manchester City,2021-09-24,8344,9.029417836095936,0.0,0.0,0.0,0.0,0.0,0.0,0.0,0.0,0.0,0.0,0.0,0.0,0.0,4,9
Manchester City,2021-09-25,17835,9.788974165747367,1.0,0.0,1.0,0.0,1.0,1.0,0.0,0.0,0.0,0.0,0.0,0.0,3.0,5,9
Manchester City,2021-09-26,10815,9.288781798282745,0.0,0.0,0.0,0.0,0.0,0.0,0.0,0.0,1.0,1.0,0.0,0.0,3.0,6,9
Manchester City,2021-09-27,9949,9.205327830152639,0.0,0.0,0.0,0.0,0.0,0.0,0.0,0.0,0.0,0.0,0.0,0.0,3.0,0,9
Manchester City,2021-09-28,19087,9.856815144337697,0.0,0.0,0.0,0.0,0.0,0.0,0.0,0.0,0.0,0.0,0.0,0.0,3.0,1,9
Manchester City,2021-09-29,12226,9.41140190014419,0.0,0.0,0.0,0.0,0.0,0.0,0.0,0.0,0.0,0.0,0.0,0.0,3.0,2,9
Manchester City,2021-09-30,8577,9.056956065076825,0.0,0.0,0.0,0.0,0.0,0.0,0.0,0.0,0.0,0.0,0.0,0.0,0.0,3,9
Manchester City,2021-10-01,7998,8.987071812848821,0.0,0.0,0.0,0.0,0.0,0.0,0.0,0.0,0.0,0.0,0.0,0.0,0.0,4,10
Manchester City,2021-10-02,9483,9.157361447185297,0.0,0.0,0.0,0.0,0.0,0.0,0.0,0.0,0.0,0.0,0.0,0.0,0.0,5,10
Manchester City,2021-10-03,20145,9.910761036502626,1.0,0.0,2.0,2.0,0.0,0.0,1.0,0.0,0.0,0.0,0.0,0.0,1.0,6,10
Manchester City,2021-10-04,11174,9.32143441948177,0.0,0.0,0.0,0.0,0.0,0.0,0.0,0.0,1.0,0.0,1.0,0.0,1.0,0,10
Manchester City,2021-10-05,8411,9.03741453682259,0.0,0.0,0.0,0.0,0.0,0.0,0.0,0.0,0.0,0.0,0.0,0.0,1.0,1,10
Manchester City,2021-10-06,8857,9.089076284483143,0.0,0.0,0.0,0.0,0.0,0.0,0.0,0.0,0.0,0.0,0.0,0.0,1.0,2,10
Manchester City,2021-10-07,22067,10.001883874392322,0.0,0.0,0.0,0.0,0.0,0.0,0.0,0.0,0.0,0.0,0.0,0.0,1.0,3,10
Manchester City,2021-10-08,19703,9.888576939800373,0.0,0.0,0.0,0.0,0.0,0.0,0.0,0.0,0.0,0.0,0.0,0.0,0.0,4,10
Manchester City,2021-10-09,12573,9.439386468943006,0.0,0.0,0.0,0.0,0.0,0.0,0.0,0.0,0.0,0.0,0.0,0.0,0.0,5,10
Manchester City,2021-10-10,9438,9.152605321324945,0.0,0.0,0.0,0.0,0.0,0.0,0.0,0.0,0.0,0.0,0.0,0.0,0.0,6,10
Manchester City,2021-10-11,9267,9.134322885552267,0.0,0.0,0.0,0.0,0.0,0.0,0.0,0.0,0.0,0.0,0.0,0.0,0.0,0,10
Manchester City,2021-10-12,8312,9.025575833531088,0.0,0.0,0.0,0.0,0.0,0.0,0.0,0.0,0.0,0.0,0.0,0.0,0.0,1,10
Manchester City,2021-10-13,8289,9.022805248129341,0.0,0.0,0.0,0.0,0.0,0.0,0.0,0.0,0.0,0.0,0.0,0.0,0.0,2,10
Manchester City,2021-10-14,8799,9.082507000466299,0.0,0.0,0.0,0.0,0.0,0.0,0.0,0.0,0.0,0.0,0.0,0.0,0.0,3,10
Manchester City,2021-10-15,8731,9.074749717669835,0.0,0.0,0.0,0.0,0.0,0.0,0.0,0.0,0.0,0.0,0.0,0.0,0.0,4,10
Manchester City,2021-10-16,11429,9.343996756788856,1.0,1.0,2.0,0.0,2.0,1.0,0.0,0.0,0.0,0.0,0.0,0.0,3.0,5,10
Manchester City,2021-10-17,10773,9.28489110324048,0.0,0.0,0.0,0.0,0.0,0.0,0.0,0.0,1.0,1.0,0.0,0.0,3.0,6,10
Manchester City,2021-10-18,9153,9.121946221213587,0.0,0.0,0.0,0.0,0.0,0.0,0.0,0.0,0.0,0.0,0.0,0.0,3.0,0,10
Manchester City,2021-10-19,15229,9.631022445889208,0.0,0.0,0.0,0.0,0.0,0.0,0.0,0.0,0.0,0.0,0.0,0.0,3.0,1,10
Manchester City,2021-10-20,11763,9.372799299673886,0.0,0.0,0.0,0.0,0.0,0.0,0.0,0.0,0.0,0.0,0.0,0.0,3.0,2,10
Manchester City,2021-10-21,8260,9.019300924562506,0.0,0.0,0.0,0.0,0.0,0.0,0.0,0.0,0.0,0.0,0.0,0.0,0.0,3,10
Manchester City,2021-10-22,7599,8.935903526274423,0.0,0.0,0.0,0.0,0.0,0.0,0.0,0.0,0.0,0.0,0.0,0.0,0.0,4,10
Manchester City,2021-10-23,13285,9.494466128225186,1.0,0.0,4.0,1.0,3.0,1.0,0.0,0.0,0.0,0.0,0.0,0.0,3.0,5,10
Manchester City,2021-10-24,11869,9.381769487603714,0.0,0.0,0.0,0.0,0.0,0.0,0.0,0.0,1.0,1.0,0.0,0.0,3.0,6,10
Manchester City,2021-10-25,10050,9.21542741102474,0.0,0.0,0.0,0.0,0.0,0.0,0.0,0.0,0.0,0.0,0.0,0.0,3.0,0,10
Manchester City,2021-10-26,9408,9.149421957006766,0.0,0.0,0.0,0.0,0.0,0.0,0.0,0.0,0.0,0.0,0.0,0.0,3.0,1,10
Manchester City,2021-10-27,13320,9.497097016351463,0.0,0.0,0.0,0.0,0.0,0.0,0.0,0.0,0.0,0.0,0.0,0.0,3.0,2,10
Manchester City,2021-10-28,10370,9.246768728589734,0.0,0.0,0.0,0.0,0.0,0.0,0.0,0.0,0.0,0.0,0.0,0.0,0.0,3,10
Manchester City,2021-10-29,7642,8.941545475242885,0.0,0.0,0.0,0.0,0.0,0.0,0.0,0.0,0.0,0.0,0.0,0.0,0.0,4,10
Manchester City,2021-10-30,11605,9.359277484750553,1.0,1.0,0.0,2.0,-2.0,0.0,0.0,1.0,0.0,0.0,0.0,0.0,0.0,5,10
Manchester City,2021-10-31,8583,9.057655284310535,0.0,0.0,0.0,0.0,0.0,0.0,0.0,0.0,1.0,0.0,0.0,1.0,0.0,6,10
Manchester City,2021-11-01,7815,8.96392819372262,0.0,0.0,0.0,0.0,0.0,0.0,0.0,0.0,0.0,0.0,0.0,0.0,0.0,0,11
Manchester City,2021-11-02,8135,9.004053937728395,0.0,0.0,0.0,0.0,0.0,0.0,0.0,0.0,0.0,0.0,0.0,0.0,0.0,1,11
Manchester City,2021-11-03,9948,9.20522732258936,0.0,0.0,0.0,0.0,0.0,0.0,0.0,0.0,0.0,0.0,0.0,0.0,0.0,2,11
Manchester City,2021-11-04,8961,9.100748695346088,0.0,0.0,0.0,0.0,0.0,0.0,0.0,0.0,0.0,0.0,0.0,0.0,0.0,3,11
Manchester City,2021-11-05,8055,8.994172434398399,0.0,0.0,0.0,0.0,0.0,0.0,0.0,0.0,0.0,0.0,0.0,0.0,0.0,4,11
Manchester City,2021-11-06,21295,9.966274540634894,1.0,0.0,2.0,0.0,2.0,1.0,0.0,0.0,0.0,0.0,0.0,0.0,3.0,5,11
Manchester City,2021-11-07,11197,9.323490469908839,0.0,0.0,0.0,0.0,0.0,0.0,0.0,0.0,1.0,1.0,0.0,0.0,3.0,6,11
Manchester City,2021-11-08,8586,9.058004710672485,0.0,0.0,0.0,0.0,0.0,0.0,0.0,0.0,0.0,0.0,0.0,0.0,3.0,0,11
Manchester City,2021-11-09,7632,8.94023623179847,0.0,0.0,0.0,0.0,0.0,0.0,0.0,0.0,0.0,0.0,0.0,0.0,3.0,1,11
Manchester City,2021-11-10,7021,8.856803356728378,0.0,0.0,0.0,0.0,0.0,0.0,0.0,0.0,0.0,0.0,0.0,0.0,3.0,2,11
Manchester City,2021-11-11,6718,8.81269461292015,0.0,0.0,0.0,0.0,0.0,0.0,0.0,0.0,0.0,0.0,0.0,0.0,0.0,3,11
Manchester City,2021-11-12,6701,8.810161268297255,0.0,0.0,0.0,0.0,0.0,0.0,0.0,0.0,0.0,0.0,0.0,0.0,0.0,4,11
Manchester City,2021-11-13,6346,8.75573753930647,0.0,0.0,0.0,0.0,0.0,0.0,0.0,0.0,0.0,0.0,0.0,0.0,0.0,5,11
Manchester City,2021-11-14,6036,8.705662478796427,0.0,0.0,0.0,0.0,0.0,0.0,0.0,0.0,0.0,0.0,0.0,0.0,0.0,6,11
Manchester City,2021-11-15,5615,8.633374945705647,0.0,0.0,0.0,0.0,0.0,0.0,0.0,0.0,0.0,0.0,0.0,0.0,0.0,0,11
Manchester City,2021-11-16,6654,8.803123730829212,0.0,0.0,0.0,0.0,0.0,0.0,0.0,0.0,0.0,0.0,0.0,0.0,0.0,1,11
Manchester City,2021-11-17,5598,8.630343289348893,0.0,0.0,0.0,0.0,0.0,0.0,0.0,0.0,0.0,0.0,0.0,0.0,0.0,2,11
Manchester City,2021-11-18,5834,8.671629544720656,0.0,0.0,0.0,0.0,0.0,0.0,0.0,0.0,0.0,0.0,0.0,0.0,0.0,3,11
Manchester City,2021-11-19,5748,8.656781205623291,0.0,0.0,0.0,0.0,0.0,0.0,0.0,0.0,0.0,0.0,0.0,0.0,0.0,4,11
Manchester City,2021-11-20,7790,8.960724500330858,0.0,0.0,0.0,0.0,0.0,0.0,0.0,0.0,0.0,0.0,0.0,0.0,0.0,5,11
Manchester City,2021-11-21,16423,9.70649895869877,1.0,1.0,3.0,0.0,3.0,1.0,0.0,0.0,0.0,0.0,0.0,0.0,3.0,6,11
Manchester City,2021-11-22,9692,9.179159254492609,0.0,0.0,0.0,0.0,0.0,0.0,0.0,0.0,1.0,1.0,0.0,0.0,3.0,0,11
Manchester City,2021-11-23,8307,9.024974184996003,0.0,0.0,0.0,0.0,0.0,0.0,0.0,0.0,0.0,0.0,0.0,0.0,3.0,1,11
Manchester City,2021-11-24,14909,9.609787407758784,0.0,0.0,0.0,0.0,0.0,0.0,0.0,0.0,0.0,0.0,0.0,0.0,3.0,2,11
Manchester City,2021-11-25,10032,9.213634938925614,0.0,0.0,0.0,0.0,0.0,0.0,0.0,0.0,0.0,0.0,0.0,0.0,3.0,3,11
Manchester City,2021-11-26,7337,8.900821604915228,0.0,0.0,0.0,0.0,0.0,0.0,0.0,0.0,0.0,0.0,0.0,0.0,0.0,4,11
Manchester City,2021-11-27,8343,9.029297996680608,0.0,0.0,0.0,0.0,0.0,0.0,0.0,0.0,0.0,0.0,0.0,0.0,0.0,5,11
Manchester City,2021-11-28,11837,9.37906997525067,1.0,1.0,2.0,1.0,1.0,1.0,0.0,0.0,0.0,0.0,0.0,0.0,3.0,6,11
Manchester City,2021-11-29,8022,8.990067695753655,0.0,0.0,0.0,0.0,0.0,0.0,0.0,0.0,1.0,1.0,0.0,0.0,3.0,0,11
Manchester City,2021-11-30,7447,8.915700818956903,0.0,0.0,0.0,0.0,0.0,0.0,0.0,0.0,0.0,0.0,0.0,0.0,3.0,1,11
Manchester City,2021-12-01,9430,9.151757414543885,1.0,0.0,2.0,1.0,1.0,1.0,0.0,0.0,0.0,0.0,0.0,0.0,6.0,2,12
Manchester City,2021-12-02,10161,9.226410552153677,0.0,0.0,0.0,0.0,0.0,0.0,0.0,0.0,1.0,1.0,0.0,0.0,6.0,3,12
Manchester City,2021-12-03,7642,8.941545475242885,0.0,0.0,0.0,0.0,0.0,0.0,0.0,0.0,0.0,0.0,0.0,0.0,3.0,4,12
Manchester City,2021-12-04,13067,9.477921772720961,1.0,0.0,3.0,1.0,2.0,1.0,0.0,0.0,0.0,0.0,0.0,0.0,6.0,5,12
Manchester City,2021-12-05,10488,9.258082367961604,0.0,0.0,0.0,0.0,0.0,0.0,0.0,0.0,1.0,1.0,0.0,0.0,6.0,6,12
Manchester City,2021-12-06,8051,8.993675786759683,0.0,0.0,0.0,0.0,0.0,0.0,0.0,0.0,0.0,0.0,0.0,0.0,3.0,0,12
Manchester City,2021-12-07,11057,9.310909426897878,0.0,0.0,0.0,0.0,0.0,0.0,0.0,0.0,0.0,0.0,0.0,0.0,3.0,1,12
Manchester City,2021-12-08,8005,8.987946539552519,0.0,0.0,0.0,0.0,0.0,0.0,0.0,0.0,0.0,0.0,0.0,0.0,3.0,2,12
Manchester City,2021-12-09,6820,8.82776136765472,0.0,0.0,0.0,0.0,0.0,0.0,0.0,0.0,0.0,0.0,0.0,0.0,0.0,3,12
Manchester City,2021-12-10,6888,8.837681215593197,0.0,0.0,0.0,0.0,0.0,0.0,0.0,0.0,0.0,0.0,0.0,0.0,0.0,4,12
Manchester City,2021-12-11,12206,9.4097648366698,1.0,1.0,1.0,0.0,1.0,1.0,0.0,0.0,0.0,0.0,0.0,0.0,3.0,5,12
Manchester City,2021-12-12,8462,9.043458999670106,0.0,0.0,0.0,0.0,0.0,0.0,0.0,0.0,1.0,1.0,0.0,0.0,3.0,6,12
Manchester City,2021-12-13,8896,9.093469420244768,0.0,0.0,0.0,0.0,0.0,0.0,0.0,0.0,0.0,0.0,0.0,0.0,3.0,0,12
Manchester City,2021-12-14,12923,9.466841326944389,1.0,1.0,7.0,0.0,7.0,1.0,0.0,0.0,0.0,0.0,0.0,0.0,6.0,1,12
Manchester City,2021-12-15,18037,9.800235922725653,0.0,0.0,0.0,0.0,0.0,0.0,0.0,0.0,1.0,1.0,0.0,0.0,6.0,2,12
Manchester City,2021-12-16,11284,9.331229689251636,0.0,0.0,0.0,0.0,0.0,0.0,0.0,0.0,0.0,0.0,0.0,0.0,3.0,3,12
Manchester City,2021-12-17,8126,9.002947130753205,0.0,0.0,0.0,0.0,0.0,0.0,0.0,0.0,0.0,0.0,0.0,0.0,3.0,4,12
Manchester City,2021-12-18,7462,8.917712757131387,0.0,0.0,0.0,0.0,0.0,0.0,0.0,0.0,0.0,0.0,0.0,0.0,3.0,5,12
Manchester City,2021-12-19,13368,9.500693872983122,1.0,0.0,4.0,0.0,4.0,1.0,0.0,0.0,0.0,0.0,0.0,0.0,3.0,6,12
Manchester City,2021-12-20,9420,9.150696519048667,0.0,0.0,0.0,0.0,0.0,0.0,0.0,0.0,1.0,1.0,0.0,0.0,3.0,0,12
Manchester City,2021-12-21,8752,9.077151777732437,0.0,0.0,0.0,0.0,0.0,0.0,0.0,0.0,0.0,0.0,0.0,0.0,3.0,1,12
Manchester City,2021-12-22,13027,9.474856166396124,0.0,0.0,0.0,0.0,0.0,0.0,0.0,0.0,0.0,0.0,0.0,0.0,3.0,2,12
Manchester City,2021-12-23,9692,9.179159254492609,0.0,0.0,0.0,0.0,0.0,0.0,0.0,0.0,0.0,0.0,0.0,0.0,3.0,3,12
Manchester City,2021-12-24,8627,9.062768007509048,0.0,0.0,0.0,0.0,0.0,0.0,0.0,0.0,0.0,0.0,0.0,0.0,0.0,4,12
Manchester City,2021-12-25,6860,8.833608482690892,0.0,0.0,0.0,0.0,0.0,0.0,0.0,0.0,0.0,0.0,0.0,0.0,0.0,5,12
Manchester City,2021-12-26,14659,9.592877975440642,1.0,1.0,6.0,3.0,3.0,1.0,0.0,0.0,0.0,0.0,0.0,0.0,3.0,6,12
Manchester City,2021-12-27,11634,9.361773075736393,0.0,0.0,0.0,0.0,0.0,0.0,0.0,0.0,1.0,1.0,0.0,0.0,3.0,0,12
Manchester City,2021-12-28,13304,9.49589518341179,0.0,0.0,0.0,0.0,0.0,0.0,0.0,0.0,0.0,0.0,0.0,0.0,3.0,1,12
Manchester City,2021-12-29,18446,9.82265703462158,1.0,0.0,1.0,0.0,1.0,1.0,0.0,0.0,0.0,0.0,0.0,0.0,6.0,2,12
Manchester City,2021-12-30,14508,9.582524425515684,0.0,0.0,0.0,0.0,0.0,0.0,0.0,0.0,1.0,1.0,0.0,0.0,6.0,3,12
Manchester City,2021-12-31,9877,9.19806534110057,0.0,0.0,0.0,0.0,0.0,0.0,0.0,0.0,0.0,0.0,0.0,0.0,3.0,4,12
Manchester City,2022-01-01,19055,9.855137291595081,1.0,0.0,2.0,1.0,1.0,1.0,0.0,0.0,0.0,0.0,0.0,0.0,6.0,5,1
Manchester City,2022-01-02,16003,9.680593969977126,0.0,0.0,0.0,0.0,0.0,0.0,0.0,0.0,1.0,1.0,0.0,0.0,6.0,6,1
Manchester City,2022-01-03,13093,9.479909389001037,0.0,0.0,0.0,0.0,0.0,0.0,0.0,0.0,0.0,0.0,0.0,0.0,3.0,0,1
Manchester City,2022-01-04,11332,9.335474102732949,0.0,0.0,0.0,0.0,0.0,0.0,0.0,0.0,0.0,0.0,0.0,0.0,3.0,1,1
Manchester City,2022-01-05,12250,9.41336284529417,0.0,0.0,0.0,0.0,0.0,0.0,0.0,0.0,0.0,0.0,0.0,0.0,3.0,2,1
Manchester City,2022-01-06,10557,9.264639145383562,0.0,0.0,0.0,0.0,0.0,0.0,0.0,0.0,0.0,0.0,0.0,0.0,0.0,3,1
Manchester City,2022-01-07,16699,9.723163998404846,0.0,0.0,0.0,0.0,0.0,0.0,0.0,0.0,0.0,0.0,0.0,0.0,0.0,4,1
Manchester City,2022-01-08,12497,9.433323910489028,0.0,0.0,0.0,0.0,0.0,0.0,0.0,0.0,0.0,0.0,0.0,0.0,0.0,5,1
Manchester City,2022-01-09,10008,9.211239967219019,0.0,0.0,0.0,0.0,0.0,0.0,0.0,0.0,0.0,0.0,0.0,0.0,0.0,6,1
Manchester City,2022-01-10,9197,9.12674134809987,0.0,0.0,0.0,0.0,0.0,0.0,0.0,0.0,0.0,0.0,0.0,0.0,0.0,0,1
Manchester City,2022-01-11,8238,9.01663425631559,0.0,0.0,0.0,0.0,0.0,0.0,0.0,0.0,0.0,0.0,0.0,0.0,0.0,1,1
Manchester City,2022-01-12,9200,9.127067452782361,0.0,0.0,0.0,0.0,0.0,0.0,0.0,0.0,0.0,0.0,0.0,0.0,0.0,2,1
Manchester City,2022-01-13,9531,9.162409838218633,0.0,0.0,0.0,0.0,0.0,0.0,0.0,0.0,0.0,0.0,0.0,0.0,0.0,3,1
Manchester City,2022-01-14,7939,8.979668554241181,0.0,0.0,0.0,0.0,0.0,0.0,0.0,0.0,0.0,0.0,0.0,0.0,0.0,4,1
Manchester City,2022-01-15,20138,9.910413512606862,1.0,1.0,1.0,0.0,1.0,1.0,0.0,0.0,0.0,0.0,0.0,0.0,3.0,5,1
Manchester City,2022-01-16,11757,9.3722891389622,0.0,0.0,0.0,0.0,0.0,0.0,0.0,0.0,1.0,1.0,0.0,0.0,3.0,6,1
Manchester City,2022-01-17,8818,9.08466376388818,0.0,0.0,0.0,0.0,0.0,0.0,0.0,0.0,0.0,0.0,0.0,0.0,3.0,0,1
Manchester City,2022-01-18,8702,9.071423072789514,0.0,0.0,0.0,0.0,0.0,0.0,0.0,0.0,0.0,0.0,0.0,0.0,3.0,1,1
Manchester City,2022-01-19,8391,9.035034150076132,0.0,0.0,0.0,0.0,0.0,0.0,0.0,0.0,0.0,0.0,0.0,0.0,3.0,2,1
Manchester City,2022-01-20,9799,9.190137664658664,0.0,0.0,0.0,0.0,0.0,0.0,0.0,0.0,0.0,0.0,0.0,0.0,0.0,3,1
Manchester City,2022-01-21,8336,9.028458718410613,0.0,0.0,0.0,0.0,0.0,0.0,0.0,0.0,0.0,0.0,0.0,0.0,0.0,4,1
Manchester City,2022-01-22,13154,9.484557193474393,1.0,0.0,1.0,1.0,0.0,0.0,1.0,0.0,0.0,0.0,0.0,0.0,1.0,5,1
Manchester City,2022-01-23,9417,9.1503780308035,0.0,0.0,0.0,0.0,0.0,0.0,0.0,0.0,1.0,0.0,1.0,0.0,1.0,6,1
Manchester City,2022-01-24,7692,8.948066103458935,0.0,0.0,0.0,0.0,0.0,0.0,0.0,0.0,0.0,0.0,0.0,0.0,1.0,0,1
Manchester City,2022-01-25,7410,8.910720661951359,0.0,0.0,0.0,0.0,0.0,0.0,0.0,0.0,0.0,0.0,0.0,0.0,1.0,1,1
Manchester City,2022-01-26,7477,8.91972065553706,0.0,0.0,0.0,0.0,0.0,0.0,0.0,0.0,0.0,0.0,0.0,0.0,1.0,2,1
Manchester City,2022-01-27,7323,8.898911905794401,0.0,0.0,0.0,0.0,0.0,0.0,0.0,0.0,0.0,0.0,0.0,0.0,0.0,3,1
Manchester City,2022-01-28,7245,8.888204871455022,0.0,0.0,0.0,0.0,0.0,0.0,0.0,0.0,0.0,0.0,0.0,0.0,0.0,4,1
Manchester City,2022-01-29,7087,8.866158492284917,0.0,0.0,0.0,0.0,0.0,0.0,0.0,0.0,0.0,0.0,0.0,0.0,0.0,5,1
Manchester City,2022-01-30,7998,8.987071812848821,0.0,0.0,0.0,0.0,0.0,0.0,0.0,0.0,0.0,0.0,0.0,0.0,0.0,6,1
Manchester City,2022-01-31,10027,9.213136459278184,0.0,0.0,0.0,0.0,0.0,0.0,0.0,0.0,0.0,0.0,0.0,0.0,0.0,0,1
Manchester City,2022-02-01,10202,9.230437073675304,0.0,0.0,0.0,0.0,0.0,0.0,0.0,0.0,0.0,0.0,0.0,0.0,0.0,1,2
Manchester City,2022-02-02,8414,9.037771106624906,0.0,0.0,0.0,0.0,0.0,0.0,0.0,0.0,0.0,0.0,0.0,0.0,0.0,2,2
Manchester City,2022-02-03,7385,8.90734159541251,0.0,0.0,0.0,0.0,0.0,0.0,0.0,0.0,0.0,0.0,0.0,0.0,0.0,3,2
Manchester City,2022-02-04,7039,8.859363449152088,0.0,0.0,0.0,0.0,0.0,0.0,0.0,0.0,0.0,0.0,0.0,0.0,0.0,4,2
Manchester City,2022-02-05,9332,9.141311785565748,0.0,0.0,0.0,0.0,0.0,0.0,0.0,0.0,0.0,0.0,0.0,0.0,0.0,5,2
Manchester City,2022-02-06,8731,9.074749717669835,0.0,0.0,0.0,0.0,0.0,0.0,0.0,0.0,0.0,0.0,0.0,0.0,0.0,6,2
Manchester City,2022-02-07,7232,8.886409166849282,0.0,0.0,0.0,0.0,0.0,0.0,0.0,0.0,0.0,0.0,0.0,0.0,0.0,0,2
Manchester City,2022-02-08,7394,8.9085593751449,0.0,0.0,0.0,0.0,0.0,0.0,0.0,0.0,0.0,0.0,0.0,0.0,0.0,1,2
Manchester City,2022-02-09,8829,9.085910293598007,1.0,1.0,2.0,0.0,2.0,1.0,0.0,0.0,0.0,0.0,0.0,0.0,3.0,2,2
Manchester City,2022-02-10,8046,8.993054630146133,0.0,0.0,0.0,0.0,0.0,0.0,0.0,0.0,1.0,1.0,0.0,0.0,3.0,3,2
Manchester City,2022-02-11,6942,8.845489236753274,0.0,0.0,0.0,0.0,0.0,0.0,0.0,0.0,0.0,0.0,0.0,0.0,3.0,4,2
Manchester City,2022-02-12,12489,9.432683603119623,1.0,0.0,4.0,0.0,4.0,1.0,0.0,0.0,0.0,0.0,0.0,0.0,6.0,5,2
Manchester City,2022-02-13,11086,9.313528529772352,0.0,0.0,0.0,0.0,0.0,0.0,0.0,0.0,1.0,1.0,0.0,0.0,6.0,6,2
Manchester City,2022-02-14,7920,8.97727273946428,0.0,0.0,0.0,0.0,0.0,0.0,0.0,0.0,0.0,0.0,0.0,0.0,3.0,0,2
Manchester City,2022-02-15,15339,9.638219074921247,0.0,0.0,0.0,0.0,0.0,0.0,0.0,0.0,0.0,0.0,0.0,0.0,3.0,1,2
Manchester City,2022-02-16,13835,9.53502917005706,0.0,0.0,0.0,0.0,0.0,0.0,0.0,0.0,0.0,0.0,0.0,0.0,3.0,2,2
Manchester City,2022-02-17,8973,9.102086786535928,0.0,0.0,0.0,0.0,0.0,0.0,0.0,0.0,0.0,0.0,0.0,0.0,0.0,3,2
Manchester City,2022-02-18,7847,8.9680140012452,0.0,0.0,0.0,0.0,0.0,0.0,0.0,0.0,0.0,0.0,0.0,0.0,0.0,4,2
Manchester City,2022-02-19,16791,9.72865786150047,1.0,1.0,2.0,3.0,-1.0,0.0,0.0,1.0,0.0,0.0,0.0,0.0,0.0,5,2
Manchester City,2022-02-20,11415,9.342771159156673,0.0,0.0,0.0,0.0,0.0,0.0,0.0,0.0,1.0,0.0,0.0,1.0,0.0,6,2
Manchester City,2022-02-21,8487,9.046408680293819,0.0,0.0,0.0,0.0,0.0,0.0,0.0,0.0,0.0,0.0,0.0,0.0,0.0,0,2
Manchester City,2022-02-22,8146,9.005405040310642,0.0,0.0,0.0,0.0,0.0,0.0,0.0,0.0,0.0,0.0,0.0,0.0,0.0,1,2
Manchester City,2022-02-23,8189,9.010669176847115,0.0,0.0,0.0,0.0,0.0,0.0,0.0,0.0,0.0,0.0,0.0,0.0,0.0,2,2
Manchester City,2022-02-24,7997,8.986946789406764,0.0,0.0,0.0,0.0,0.0,0.0,0.0,0.0,0.0,0.0,0.0,0.0,0.0,3,2
Manchester City,2022-02-25,7054,8.861491864286915,0.0,0.0,0.0,0.0,0.0,0.0,0.0,0.0,0.0,0.0,0.0,0.0,0.0,4,2
Manchester City,2022-02-26,12920,9.46660917372222,1.0,0.0,1.0,0.0,1.0,1.0,0.0,0.0,0.0,0.0,0.0,0.0,3.0,5,2
Manchester City,2022-02-27,13885,9.538636417313219,0.0,0.0,0.0,0.0,0.0,0.0,0.0,0.0,1.0,1.0,0.0,0.0,3.0,6,2
Manchester City,2022-02-28,8471,9.044521887281242,0.0,0.0,0.0,0.0,0.0,0.0,0.0,0.0,0.0,0.0,0.0,0.0,3.0,0,2
Manchester City,2022-03-01,9632,9.172949982757624,0.0,0.0,0.0,0.0,0.0,0.0,0.0,0.0,0.0,0.0,0.0,0.0,3.0,1,3
Manchester City,2022-03-02,9041,9.109635667854551,0.0,0.0,0.0,0.0,0.0,0.0,0.0,0.0,0.0,0.0,0.0,0.0,3.0,2,3
Manchester City,2022-03-03,8083,8.997642078523512,0.0,0.0,0.0,0.0,0.0,0.0,0.0,0.0,0.0,0.0,0.0,0.0,0.0,3,3
Manchester City,2022-03-04,6681,8.807172622916703,0.0,0.0,0.0,0.0,0.0,0.0,0.0,0.0,0.0,0.0,0.0,0.0,0.0,4,3
Manchester City,2022-03-05,8503,9.048291920021784,0.0,0.0,0.0,0.0,0.0,0.0,0.0,0.0,0.0,0.0,0.0,0.0,0.0,5,3
Manchester City,2022-03-06,23783,10.076768364677934,1.0,1.0,4.0,1.0,3.0,1.0,0.0,0.0,0.0,0.0,0.0,0.0,3.0,6,3
Manchester City,2022-03-07,13645,9.52120171737537,0.0,0.0,0.0,0.0,0.0,0.0,0.0,0.0,1.0,1.0,0.0,0.0,3.0,0,3
Manchester City,2022-03-08,10131,9.223454011121566,0.0,0.0,0.0,0.0,0.0,0.0,0.0,0.0,0.0,0.0,0.0,0.0,3.0,1,3
Manchester City,2022-03-09,13096,9.480138475329403,0.0,0.0,0.0,0.0,0.0,0.0,0.0,0.0,0.0,0.0,0.0,0.0,3.0,2,3
Manchester City,2022-03-10,12975,9.470856776355195,0.0,0.0,0.0,0.0,0.0,0.0,0.0,0.0,0.0,0.0,0.0,0.0,3.0,3,3
Manchester City,2022-03-11,8702,9.071423072789514,0.0,0.0,0.0,0.0,0.0,0.0,0.0,0.0,0.0,0.0,0.0,0.0,0.0,4,3
Manchester City,2022-03-12,9400,9.148571345578551,0.0,0.0,0.0,0.0,0.0,0.0,0.0,0.0,0.0,0.0,0.0,0.0,0.0,5,3
Manchester City,2022-03-13,8710,9.072341873818893,0.0,0.0,0.0,0.0,0.0,0.0,0.0,0.0,0.0,0.0,0.0,0.0,0.0,6,3
Manchester City,2022-03-14,11952,9.38873757187798,1.0,0.0,0.0,0.0,0.0,0.0,1.0,0.0,0.0,0.0,0.0,0.0,1.0,0,3
Manchester City,2022-03-15,10460,9.25540933534376,0.0,0.0,0.0,0.0,0.0,0.0,0.0,0.0,1.0,0.0,1.0,0.0,1.0,1,3
Manchester City,2022-03-16,9831,9.19339765124587,0.0,0.0,0.0,0.0,0.0,0.0,0.0,0.0,0.0,0.0,0.0,0.0,1.0,2,3
Manchester City,2022-03-17,8865,9.089979015305,0.0,0.0,0.0,0.0,0.0,0.0,0.0,0.0,0.0,0.0,0.0,0.0,1.0,3,3
Manchester City,2022-03-18,8675,9.068315871946766,0.0,0.0,0.0,0.0,0.0,0.0,0.0,0.0,0.0,0.0,0.0,0.0,1.0,4,3
Manchester City,2022-03-19,8698,9.07096335550754,0.0,0.0,0.0,0.0,0.0,0.0,0.0,0.0,0.0,0.0,0.0,0.0,0.0,5,3
Manchester City,2022-03-20,12528,9.435801236245553,0.0,0.0,0.0,0.0,0.0,0.0,0.0,0.0,0.0,0.0,0.0,0.0,0.0,6,3
Manchester City,2022-03-21,8245,9.017483513266844,0.0,0.0,0.0,0.0,0.0,0.0,0.0,0.0,0.0,0.0,0.0,0.0,0.0,0,3
Manchester City,2022-03-22,8192,9.011035410141815,0.0,0.0,0.0,0.0,0.0,0.0,0.0,0.0,0.0,0.0,0.0,0.0,0.0,1,3
Manchester City,2022-03-23,6759,8.81877816903701,0.0,0.0,0.0,0.0,0.0,0.0,0.0,0.0,0.0,0.0,0.0,0.0,0.0,2,3
Manchester City,2022-03-24,6302,8.74878098951311,0.0,0.0,0.0,0.0,0.0,0.0,0.0,0.0,0.0,0.0,0.0,0.0,0.0,3,3
Manchester City,2022-03-25,6163,8.726481196440007,0.0,0.0,0.0,0.0,0.0,0.0,0.0,0.0,0.0,0.0,0.0,0.0,0.0,4,3
Manchester City,2022-03-26,5298,8.575273402492762,0.0,0.0,0.0,0.0,0.0,0.0,0.0,0.0,0.0,0.0,0.0,0.0,0.0,5,3
Manchester City,2022-03-27,5443,8.602269363771356,0.0,0.0,0.0,0.0,0.0,0.0,0.0,0.0,0.0,0.0,0.0,0.0,0.0,6,3
Manchester City,2022-03-28,5092,8.535622326884605,0.0,0.0,0.0,0.0,0.0,0.0,0.0,0.0,0.0,0.0,0.0,0.0,0.0,0,3
Manchester City,2022-03-29,5770,8.660600654710967,0.0,0.0,0.0,0.0,0.0,0.0,0.0,0.0,0.0,0.0,0.0,0.0,0.0,1,3
Manchester City,2022-03-30,5630,8.636042325254618,0.0,0.0,0.0,0.0,0.0,0.0,0.0,0.0,0.0,0.0,0.0,0.0,0.0,2,3
Manchester City,2022-03-31,5873,8.678291111758565,0.0,0.0,0.0,0.0,0.0,0.0,0.0,0.0,0.0,0.0,0.0,0.0,0.0,3,3
Manchester City,2022-04-01,5475,8.60813018640834,0.0,0.0,0.0,0.0,0.0,0.0,0.0,0.0,0.0,0.0,0.0,0.0,0.0,4,4
Manchester City,2022-04-02,8746,9.076466063419854,1.0,0.0,2.0,0.0,2.0,1.0,0.0,0.0,0.0,0.0,0.0,0.0,3.0,5,4
Manchester City,2022-04-03,7508,8.923857580099885,0.0,0.0,0.0,0.0,0.0,0.0,0.0,0.0,1.0,1.0,0.0,0.0,3.0,6,4
Manchester City,2022-04-04,7322,8.89877535906107,0.0,0.0,0.0,0.0,0.0,0.0,0.0,0.0,0.0,0.0,0.0,0.0,3.0,0,4
Manchester City,2022-04-05,15608,9.655602949958412,0.0,0.0,0.0,0.0,0.0,0.0,0.0,0.0,0.0,0.0,0.0,0.0,3.0,1,4
Manchester City,2022-04-06,11165,9.320628725870305,0.0,0.0,0.0,0.0,0.0,0.0,0.0,0.0,0.0,0.0,0.0,0.0,3.0,2,4
Manchester City,2022-04-07,8693,9.070388411548738,0.0,0.0,0.0,0.0,0.0,0.0,0.0,0.0,0.0,0.0,0.0,0.0,0.0,3,4
Manchester City,2022-04-08,7686,8.947285869349132,0.0,0.0,0.0,0.0,0.0,0.0,0.0,0.0,0.0,0.0,0.0,0.0,0.0,4,4
Manchester City,2022-04-09,8978,9.102643796520809,0.0,0.0,0.0,0.0,0.0,0.0,0.0,0.0,0.0,0.0,0.0,0.0,0.0,5,4
Manchester City,2022-04-10,26627,10.189718572720594,1.0,1.0,2.0,2.0,0.0,0.0,1.0,0.0,0.0,0.0,0.0,0.0,1.0,6,4
Manchester City,2022-04-11,12011,9.39366142910322,0.0,0.0,0.0,0.0,0.0,0.0,0.0,0.0,1.0,0.0,1.0,0.0,1.0,0,4
Manchester City,2022-04-12,13380,9.50159106930499,0.0,0.0,0.0,0.0,0.0,0.0,0.0,0.0,0.0,0.0,0.0,0.0,1.0,1,4
Manchester City,2022-04-13,23575,10.06798452441753,0.0,0.0,0.0,0.0,0.0,0.0,0.0,0.0,0.0,0.0,0.0,0.0,1.0,2,4
Manchester City,2022-04-14,17272,9.756899867693285,0.0,0.0,0.0,0.0,0.0,0.0,0.0,0.0,0.0,0.0,0.0,0.0,1.0,3,4
Manchester City,2022-04-15,10900,9.296609807128359,0.0,0.0,0.0,0.0,0.0,0.0,0.0,0.0,0.0,0.0,0.0,0.0,0.0,4,4
Manchester City,2022-04-16,24423,10.103321534414714,0.0,0.0,0.0,0.0,0.0,0.0,0.0,0.0,0.0,0.0,0.0,0.0,0.0,5,4
Manchester City,2022-04-17,13707,9.525734882994499,0.0,0.0,0.0,0.0,0.0,0.0,0.0,0.0,0.0,0.0,0.0,0.0,0.0,6,4
Manchester City,2022-04-18,10217,9.231906149890744,0.0,0.0,0.0,0.0,0.0,0.0,0.0,0.0,0.0,0.0,0.0,0.0,0.0,0,4
Manchester City,2022-04-19,12631,9.443988555935478,0.0,0.0,0.0,0.0,0.0,0.0,0.0,0.0,0.0,0.0,0.0,0.0,0.0,1,4
Manchester City,2022-04-20,14971,9.61393706902432,1.0,1.0,3.0,0.0,3.0,1.0,0.0,0.0,0.0,0.0,0.0,0.0,3.0,2,4
Manchester City,2022-04-21,12346,9.421168397567744,0.0,0.0,0.0,0.0,0.0,0.0,0.0,0.0,1.0,1.0,0.0,0.0,3.0,3,4
Manchester City,2022-04-22,9366,9.14494815320913,0.0,0.0,0.0,0.0,0.0,0.0,0.0,0.0,0.0,0.0,0.0,0.0,3.0,4,4
Manchester City,2022-04-23,16972,9.739379125161532,1.0,1.0,5.0,1.0,4.0,1.0,0.0,0.0,0.0,0.0,0.0,0.0,6.0,5,4
Manchester City,2022-04-24,12644,9.445017159104065,0.0,0.0,0.0,0.0,0.0,0.0,0.0,0.0,1.0,1.0,0.0,0.0,6.0,6,4
Manchester City,2022-04-25,11387,9.340315448397929,0.0,0.0,0.0,0.0,0.0,0.0,0.0,0.0,0.0,0.0,0.0,0.0,3.0,0,4
Manchester City,2022-04-26,32804,10.398336221778978,0.0,0.0,0.0,0.0,0.0,0.0,0.0,0.0,0.0,0.0,0.0,0.0,3.0,1,4
Manchester City,2022-04-27,20035,9.905285934477508,0.0,0.0,0.0,0.0,0.0,0.0,0.0,0.0,0.0,0.0,0.0,0.0,3.0,2,4
Manchester City,2022-04-28,12883,9.46374151045109,0.0,0.0,0.0,0.0,0.0,0.0,0.0,0.0,0.0,0.0,0.0,0.0,0.0,3,4
Manchester City,2022-04-29,9887,9.199077179697472,0.0,0.0,0.0,0.0,0.0,0.0,0.0,0.0,0.0,0.0,0.0,0.0,0.0,4,4
Manchester City,2022-04-30,17222,9.754000978835746,1.0,0.0,4.0,0.0,4.0,1.0,0.0,0.0,0.0,0.0,0.0,0.0,3.0,5,4
Manchester City,2022-05-01,13137,9.483264073452418,0.0,0.0,0.0,0.0,0.0,0.0,0.0,0.0,1.0,1.0,0.0,0.0,3.0,6,5
Manchester City,2022-05-02,10949,9.301094735244646,0.0,0.0,0.0,0.0,0.0,0.0,0.0,0.0,0.0,0.0,0.0,0.0,3.0,0,5
Manchester City,2022-05-03,12702,9.44959346502346,0.0,0.0,0.0,0.0,0.0,0.0,0.0,0.0,0.0,0.0,0.0,0.0,3.0,1,5
Manchester City,2022-05-04,44335,10.69955226710276,0.0,0.0,0.0,0.0,0.0,0.0,0.0,0.0,0.0,0.0,0.0,0.0,3.0,2,5
Manchester City,2022-05-05,29644,10.297048756141468,0.0,0.0,0.0,0.0,0.0,0.0,0.0,0.0,0.0,0.0,0.0,0.0,0.0,3,5
Manchester City,2022-05-06,13636,9.520541965857834,0.0,0.0,0.0,0.0,0.0,0.0,0.0,0.0,0.0,0.0,0.0,0.0,0.0,4,5
Manchester City,2022-05-07,15060,9.619863900211849,0.0,0.0,0.0,0.0,0.0,0.0,0.0,0.0,0.0,0.0,0.0,0.0,0.0,5,5
Manchester City,2022-05-08,26699,10.19241884438834,1.0,1.0,5.0,0.0,5.0,1.0,0.0,0.0,0.0,0.0,0.0,0.0,3.0,6,5
Manchester City,2022-05-09,24879,10.121819546853116,0.0,0.0,0.0,0.0,0.0,0.0,0.0,0.0,1.0,1.0,0.0,0.0,3.0,0,5
Manchester City,2022-05-10,27549,10.223757814581061,0.0,0.0,0.0,0.0,0.0,0.0,0.0,0.0,0.0,0.0,0.0,0.0,3.0,1,5
Manchester City,2022-05-11,29198,10.281889741094604,1.0,0.0,5.0,1.0,4.0,1.0,0.0,0.0,0.0,0.0,0.0,0.0,6.0,2,5
Manchester City,2022-05-12,20926,9.94879547024067,0.0,0.0,0.0,0.0,0.0,0.0,0.0,0.0,1.0,1.0,0.0,0.0,6.0,3,5
Manchester City,2022-05-13,20641,9.935083114125879,0.0,0.0,0.0,0.0,0.0,0.0,0.0,0.0,0.0,0.0,0.0,0.0,3.0,4,5
Manchester City,2022-05-14,21252,9.964253340858692,0.0,0.0,0.0,0.0,0.0,0.0,0.0,0.0,0.0,0.0,0.0,0.0,3.0,5,5
Manchester City,2022-05-15,25520,10.147256921643994,1.0,0.0,2.0,2.0,0.0,0.0,1.0,0.0,0.0,0.0,0.0,0.0,4.0,6,5
Manchester City,2022-05-16,14685,9.594649938011555,0.0,0.0,0.0,0.0,0.0,0.0,0.0,0.0,1.0,0.0,1.0,0.0,1.0,0,5
Manchester City,2022-05-17,14714,9.596622660667574,0.0,0.0,0.0,0.0,0.0,0.0,0.0,0.0,0.0,0.0,0.0,0.0,1.0,1,5
Manchester City,2022-05-18,12876,9.463198053273784,0.0,0.0,0.0,0.0,0.0,0.0,0.0,0.0,0.0,0.0,0.0,0.0,1.0,2,5
Manchester City,2022-05-19,12100,9.401043372798053,0.0,0.0,0.0,0.0,0.0,0.0,0.0,0.0,0.0,0.0,0.0,0.0,1.0,3,5
Manchester City,2022-05-20,11335,9.335738781370516,0.0,0.0,0.0,0.0,0.0,0.0,0.0,0.0,0.0,0.0,0.0,0.0,0.0,4,5
Manchester City,2022-05-21,12911,9.46591239050973,0.0,0.0,0.0,0.0,0.0,0.0,0.0,0.0,0.0,0.0,0.0,0.0,0.0,5,5
Manchester City,2022-05-22,98130,11.494058599712154,1.0,1.0,3.0,2.0,1.0,1.0,0.0,0.0,0.0,0.0,0.0,0.0,3.0,6,5
Manchester City,2022-05-23,61845,11.032402703134284,0.0,0.0,0.0,0.0,0.0,0.0,0.0,0.0,1.0,1.0,0.0,0.0,3.0,0,5
Manchester City,2022-05-24,29131,10.279592505337806,0.0,0.0,0.0,0.0,0.0,0.0,0.0,0.0,0.0,0.0,0.0,0.0,3.0,1,5
Manchester City,2022-05-25,23550,10.066923561388053,0.0,0.0,0.0,0.0,0.0,0.0,0.0,0.0,0.0,0.0,0.0,0.0,3.0,2,5
Manchester City,2022-05-26,20254,9.91615695563679,0.0,0.0,0.0,0.0,0.0,0.0,0.0,0.0,0.0,0.0,0.0,0.0,3.0,3,5
Manchester City,2022-05-27,15368,9.640107772607312,0.0,0.0,0.0,0.0,0.0,0.0,0.0,0.0,0.0,0.0,0.0,0.0,0.0,4,5
Manchester City,2022-05-28,19088,9.856867531900901,0.0,0.0,0.0,0.0,0.0,0.0,0.0,0.0,0.0,0.0,0.0,0.0,0.0,5,5
Manchester City,2022-05-29,17806,9.787346917401315,0.0,0.0,0.0,0.0,0.0,0.0,0.0,0.0,0.0,0.0,0.0,0.0,0.0,6,5
Manchester City,2022-05-30,15575,9.653486547052035,0.0,0.0,0.0,0.0,0.0,0.0,0.0,0.0,0.0,0.0,0.0,0.0,0.0,0,5
Manchester City,2022-05-31,13007,9.473319831787592,0.0,0.0,0.0,0.0,0.0,0.0,0.0,0.0,0.0,0.0,0.0,0.0,0.0,1,5
Manchester City,2022-06-01,11708,9.368113055848724,0.0,0.0,0.0,0.0,0.0,0.0,0.0,0.0,0.0,0.0,0.0,0.0,0.0,2,6
Manchester City,2022-06-02,9686,9.178540059426386,0.0,0.0,0.0,0.0,0.0,0.0,0.0,0.0,0.0,0.0,0.0,0.0,0.0,3,6
Manchester City,2022-06-03,9188,9.125762395500885,0.0,0.0,0.0,0.0,0.0,0.0,0.0,0.0,0.0,0.0,0.0,0.0,0.0,4,6
Manchester City,2022-06-04,8194,9.01127949117793,0.0,0.0,0.0,0.0,0.0,0.0,0.0,0.0,0.0,0.0,0.0,0.0,0.0,5,6
Manchester City,2022-06-05,9019,9.10719961305667,0.0,0.0,0.0,0.0,0.0,0.0,0.0,0.0,0.0,0.0,0.0,0.0,0.0,6,6
Manchester City,2022-06-06,9570,9.166492972195906,0.0,0.0,0.0,0.0,0.0,0.0,0.0,0.0,0.0,0.0,0.0,0.0,0.0,0,6
Manchester City,2022-06-07,8557,9.054621796976763,0.0,0.0,0.0,0.0,0.0,0.0,0.0,0.0,0.0,0.0,0.0,0.0,0.0,1,6
Manchester City,2022-06-08,8380,9.033722518098907,0.0,0.0,0.0,0.0,0.0,0.0,0.0,0.0,0.0,0.0,0.0,0.0,0.0,2,6
Manchester City,2022-06-09,8584,9.057771773331575,0.0,0.0,0.0,0.0,0.0,0.0,0.0,0.0,0.0,0.0,0.0,0.0,0.0,3,6
Manchester City,2022-06-10,8619,9.061840363657739,0.0,0.0,0.0,0.0,0.0,0.0,0.0,0.0,0.0,0.0,0.0,0.0,0.0,4,6
Manchester City,2022-06-11,9393,9.14782646658694,0.0,0.0,0.0,0.0,0.0,0.0,0.0,0.0,0.0,0.0,0.0,0.0,0.0,5,6
Manchester City,2022-06-12,8864,9.089866218508309,0.0,0.0,0.0,0.0,0.0,0.0,0.0,0.0,0.0,0.0,0.0,0.0,0.0,6,6
Manchester City,2022-06-13,20693,9.937599082164896,0.0,0.0,0.0,0.0,0.0,0.0,0.0,0.0,0.0,0.0,0.0,0.0,0.0,0,6
Manchester City,2022-06-14,14789,9.601706555704846,0.0,0.0,0.0,0.0,0.0,0.0,0.0,0.0,0.0,0.0,0.0,0.0,0.0,1,6
Manchester City,2022-06-15,11477,9.348187438668308,0.0,0.0,0.0,0.0,0.0,0.0,0.0,0.0,0.0,0.0,0.0,0.0,0.0,2,6
Manchester City,2022-06-16,11767,9.373139262281274,0.0,0.0,0.0,0.0,0.0,0.0,0.0,0.0,0.0,0.0,0.0,0.0,0.0,3,6
Manchester City,2022-06-17,10641,9.272563715156315,0.0,0.0,0.0,0.0,0.0,0.0,0.0,0.0,0.0,0.0,0.0,0.0,0.0,4,6
Manchester City,2022-06-18,9989,9.2093398716426,0.0,0.0,0.0,0.0,0.0,0.0,0.0,0.0,0.0,0.0,0.0,0.0,0.0,5,6
Manchester City,2022-06-19,10452,9.254644297532707,0.0,0.0,0.0,0.0,0.0,0.0,0.0,0.0,0.0,0.0,0.0,0.0,0.0,6,6
Manchester City,2022-06-20,10023,9.212737496575905,0.0,0.0,0.0,0.0,0.0,0.0,0.0,0.0,0.0,0.0,0.0,0.0,0.0,0,6
Manchester City,2022-06-21,9003,9.105424202026622,0.0,0.0,0.0,0.0,0.0,0.0,0.0,0.0,0.0,0.0,0.0,0.0,0.0,1,6
Manchester City,2022-06-22,9015,9.106756055719613,0.0,0.0,0.0,0.0,0.0,0.0,0.0,0.0,0.0,0.0,0.0,0.0,0.0,2,6
Manchester City,2022-06-23,8436,9.040382074165628,0.0,0.0,0.0,0.0,0.0,0.0,0.0,0.0,0.0,0.0,0.0,0.0,0.0,3,6
Manchester City,2022-06-24,10445,9.253974408996244,0.0,0.0,0.0,0.0,0.0,0.0,0.0,0.0,0.0,0.0,0.0,0.0,0.0,4,6
Manchester City,2022-06-25,11766,9.37305428246393,0.0,0.0,0.0,0.0,0.0,0.0,0.0,0.0,0.0,0.0,0.0,0.0,0.0,5,6
Manchester City,2022-06-26,10829,9.290075339995036,0.0,0.0,0.0,0.0,0.0,0.0,0.0,0.0,0.0,0.0,0.0,0.0,0.0,6,6
Manchester City,2022-06-27,11584,9.357466436866476,0.0,0.0,0.0,0.0,0.0,0.0,0.0,0.0,0.0,0.0,0.0,0.0,0.0,0,6
Manchester City,2022-06-28,12018,9.39424400995279,0.0,0.0,0.0,0.0,0.0,0.0,0.0,0.0,0.0,0.0,0.0,0.0,0.0,1,6
Manchester City,2022-06-29,9835,9.193804403336083,0.0,0.0,0.0,0.0,0.0,0.0,0.0,0.0,0.0,0.0,0.0,0.0,0.0,2,6
Manchester City,2022-06-30,9850,9.19532825185568,0.0,0.0,0.0,0.0,0.0,0.0,0.0,0.0,0.0,0.0,0.0,0.0,0.0,3,6
Manchester City,2022-07-01,13053,9.476849879195163,0.0,0.0,0.0,0.0,0.0,0.0,0.0,0.0,0.0,0.0,0.0,0.0,0.0,4,7
Manchester City,2022-07-02,11417,9.342946336524205,0.0,0.0,0.0,0.0,0.0,0.0,0.0,0.0,0.0,0.0,0.0,0.0,0.0,5,7
Manchester City,2022-07-03,10088,9.219201000408379,0.0,0.0,0.0,0.0,0.0,0.0,0.0,0.0,0.0,0.0,0.0,0.0,0.0,6,7
Manchester City,2022-07-04,26455,10.183238254661628,0.0,0.0,0.0,0.0,0.0,0.0,0.0,0.0,0.0,0.0,0.0,0.0,0.0,0,7
Manchester City,2022-07-05,14538,9.584589972931425,0.0,0.0,0.0,0.0,0.0,0.0,0.0,0.0,0.0,0.0,0.0,0.0,0.0,1,7
Manchester City,2022-07-06,13137,9.483264073452418,0.0,0.0,0.0,0.0,0.0,0.0,0.0,0.0,0.0,0.0,0.0,0.0,0.0,2,7
Manchester City,2022-07-07,12573,9.439386468943006,0.0,0.0,0.0,0.0,0.0,0.0,0.0,0.0,0.0,0.0,0.0,0.0,0.0,3,7
Manchester City,2022-07-08,13909,9.540363284917488,0.0,0.0,0.0,0.0,0.0,0.0,0.0,0.0,0.0,0.0,0.0,0.0,0.0,4,7
Manchester City,2022-07-09,13845,9.53575166123797,0.0,0.0,0.0,0.0,0.0,0.0,0.0,0.0,0.0,0.0,0.0,0.0,0.0,5,7
Manchester City,2022-07-10,16889,9.734477009801846,0.0,0.0,0.0,0.0,0.0,0.0,0.0,0.0,0.0,0.0,0.0,0.0,0.0,6,7
Manchester City,2022-07-11,13443,9.506288188844996,0.0,0.0,0.0,0.0,0.0,0.0,0.0,0.0,0.0,0.0,0.0,0.0,0.0,0,7
Manchester City,2022-07-12,12343,9.420925394042996,0.0,0.0,0.0,0.0,0.0,0.0,0.0,0.0,0.0,0.0,0.0,0.0,0.0,1,7
Manchester City,2022-07-13,15720,9.662752677191515,0.0,0.0,0.0,0.0,0.0,0.0,0.0,0.0,0.0,0.0,0.0,0.0,0.0,2,7
Manchester City,2022-07-14,15432,9.64426335290083,0.0,0.0,0.0,0.0,0.0,0.0,0.0,0.0,0.0,0.0,0.0,0.0,0.0,3,7
Manchester City,2022-07-15,14863,9.606697461053619,0.0,0.0,0.0,0.0,0.0,0.0,0.0,0.0,0.0,0.0,0.0,0.0,0.0,4,7
Manchester City,2022-07-16,14168,9.558811758564227,0.0,0.0,0.0,0.0,0.0,0.0,0.0,0.0,0.0,0.0,0.0,0.0,0.0,5,7
Manchester City,2022-07-17,13987,9.545955098183267,0.0,0.0,0.0,0.0,0.0,0.0,0.0,0.0,0.0,0.0,0.0,0.0,0.0,6,7
Manchester City,2022-07-18,14761,9.599811590329997,0.0,0.0,0.0,0.0,0.0,0.0,0.0,0.0,0.0,0.0,0.0,0.0,0.0,0,7
Manchester City,2022-07-19,19488,9.877605482822025,0.0,0.0,0.0,0.0,0.0,0.0,0.0,0.0,0.0,0.0,0.0,0.0,0.0,1,7
Manchester City,2022-07-20,18560,9.828817884199099,0.0,0.0,0.0,0.0,0.0,0.0,0.0,0.0,0.0,0.0,0.0,0.0,0.0,2,7
Manchester City,2022-07-21,23415,10.061174828371723,0.0,0.0,0.0,0.0,0.0,0.0,0.0,0.0,0.0,0.0,0.0,0.0,0.0,3,7
Manchester City,2022-07-22,16724,9.724659884996429,0.0,0.0,0.0,0.0,0.0,0.0,0.0,0.0,0.0,0.0,0.0,0.0,0.0,4,7
Manchester City,2022-07-23,21842,9.99163578306282,0.0,0.0,0.0,0.0,0.0,0.0,0.0,0.0,0.0,0.0,0.0,0.0,0.0,5,7
Manchester City,2022-07-24,26544,10.186596685017772,0.0,0.0,0.0,0.0,0.0,0.0,0.0,0.0,0.0,0.0,0.0,0.0,0.0,6,7
Manchester City,2022-07-25,13251,9.491903763419787,0.0,0.0,0.0,0.0,0.0,0.0,0.0,0.0,0.0,0.0,0.0,0.0,0.0,0,7
Manchester City,2022-07-26,12528,9.435801236245553,0.0,0.0,0.0,0.0,0.0,0.0,0.0,0.0,0.0,0.0,0.0,0.0,0.0,1,7
Manchester City,2022-07-27,11533,9.353054474175359,0.0,0.0,0.0,0.0,0.0,0.0,0.0,0.0,0.0,0.0,0.0,0.0,0.0,2,7
Manchester City,2022-07-28,11642,9.362460420037015,0.0,0.0,0.0,0.0,0.0,0.0,0.0,0.0,0.0,0.0,0.0,0.0,0.0,3,7
Manchester City,2022-07-29,13261,9.492658081928813,0.0,0.0,0.0,0.0,0.0,0.0,0.0,0.0,0.0,0.0,0.0,0.0,0.0,4,7
Manchester City,2022-07-30,38264,10.55229091924402,0.0,0.0,0.0,0.0,0.0,0.0,0.0,0.0,0.0,0.0,0.0,0.0,0.0,5,7
Manchester City,2022-07-31,17784,9.786110684382555,0.0,0.0,0.0,0.0,0.0,0.0,0.0,0.0,0.0,0.0,0.0,0.0,0.0,6,7
Manchester City,2022-08-01,12259,9.414097209490203,0.0,0.0,0.0,0.0,0.0,0.0,0.0,0.0,0.0,0.0,0.0,0.0,0.0,0,8
Manchester City,2022-08-02,12082,9.399554785027307,0.0,0.0,0.0,0.0,0.0,0.0,0.0,0.0,0.0,0.0,0.0,0.0,0.0,1,8
Manchester City,2022-08-03,11900,9.38437770918244,0.0,0.0,0.0,0.0,0.0,0.0,0.0,0.0,0.0,0.0,0.0,0.0,0.0,2,8
Manchester City,2022-08-04,13858,9.536690120068803,0.0,0.0,0.0,0.0,0.0,0.0,0.0,0.0,0.0,0.0,0.0,0.0,0.0,3,8
Manchester City,2022-08-05,16488,9.710448770900967,0.0,0.0,0.0,0.0,0.0,0.0,0.0,0.0,0.0,0.0,0.0,0.0,0.0,4,8
Manchester City,2022-08-06,15571,9.653229708730347,0.0,0.0,0.0,0.0,0.0,0.0,0.0,0.0,0.0,0.0,0.0,0.0,0.0,5,8
Manchester City,2022-08-07,42337,10.653440306917526,1.0,0.0,2.0,0.0,2.0,1.0,0.0,0.0,0.0,0.0,0.0,0.0,3.0,6,8
Manchester City,2022-08-08,20984,9.951563175767692,0.0,0.0,0.0,0.0,0.0,0.0,0.0,0.0,1.0,1.0,0.0,0.0,3.0,0,8
Manchester City,2022-08-09,14340,9.570877846729212,0.0,0.0,0.0,0.0,0.0,0.0,0.0,0.0,0.0,0.0,0.0,0.0,3.0,1,8
Manchester City,2022-08-10,12861,9.462032506694808,0.0,0.0,0.0,0.0,0.0,0.0,0.0,0.0,0.0,0.0,0.0,0.0,3.0,2,8
Manchester City,2022-08-11,12307,9.418004736441933,0.0,0.0,0.0,0.0,0.0,0.0,0.0,0.0,0.0,0.0,0.0,0.0,3.0,3,8
Manchester City,2022-08-12,12037,9.395823592107716,0.0,0.0,0.0,0.0,0.0,0.0,0.0,0.0,0.0,0.0,0.0,0.0,0.0,4,8
Manchester City,2022-08-13,35357,10.47327995406597,1.0,1.0,4.0,0.0,4.0,1.0,0.0,0.0,0.0,0.0,0.0,0.0,3.0,5,8
Manchester City,2022-08-14,21961,9.99706896615766,0.0,0.0,0.0,0.0,0.0,0.0,0.0,0.0,1.0,1.0,0.0,0.0,3.0,6,8
Manchester City,2022-08-15,18209,9.809726172721653,0.0,0.0,0.0,0.0,0.0,0.0,0.0,0.0,0.0,0.0,0.0,0.0,3.0,0,8
Manchester City,2022-08-16,19005,9.85250999777126,0.0,0.0,0.0,0.0,0.0,0.0,0.0,0.0,0.0,0.0,0.0,0.0,3.0,1,8
Manchester City,2022-08-17,15765,9.665611001619853,0.0,0.0,0.0,0.0,0.0,0.0,0.0,0.0,0.0,0.0,0.0,0.0,3.0,2,8
Manchester City,2022-08-18,14648,9.59212735272977,0.0,0.0,0.0,0.0,0.0,0.0,0.0,0.0,0.0,0.0,0.0,0.0,0.0,3,8
Manchester City,2022-08-19,13600,9.517898598432753,0.0,0.0,0.0,0.0,0.0,0.0,0.0,0.0,0.0,0.0,0.0,0.0,0.0,4,8
Manchester City,2022-08-20,16019,9.68159322062235,0.0,0.0,0.0,0.0,0.0,0.0,0.0,0.0,0.0,0.0,0.0,0.0,0.0,5,8
Manchester City,2022-08-21,38210,10.55087871125787,1.0,0.0,3.0,3.0,0.0,0.0,1.0,0.0,0.0,0.0,0.0,0.0,1.0,6,8
Manchester City,2022-08-22,20483,9.92739937258244,0.0,0.0,0.0,0.0,0.0,0.0,0.0,0.0,1.0,0.0,1.0,0.0,1.0,0,8
Manchester City,2022-08-23,15633,9.657203308780275,0.0,0.0,0.0,0.0,0.0,0.0,0.0,0.0,0.0,0.0,0.0,0.0,1.0,1,8
Manchester City,2022-08-24,21885,9.993602441978389,0.0,0.0,0.0,0.0,0.0,0.0,0.0,0.0,0.0,0.0,0.0,0.0,1.0,2,8
Manchester City,2022-08-25,16375,9.703572127341126,0.0,0.0,0.0,0.0,0.0,0.0,0.0,0.0,0.0,0.0,0.0,0.0,1.0,3,8
Manchester City,2022-08-26,14241,9.56395062454207,0.0,0.0,0.0,0.0,0.0,0.0,0.0,0.0,0.0,0.0,0.0,0.0,0.0,4,8
Manchester City,2022-08-27,54182,10.900122485091773,1.0,1.0,4.0,2.0,2.0,1.0,0.0,0.0,0.0,0.0,0.0,0.0,3.0,5,8
Manchester City,2022-08-28,21961,9.99706896615766,0.0,0.0,0.0,0.0,0.0,0.0,0.0,0.0,1.0,1.0,0.0,0.0,3.0,6,8
Manchester City,2022-08-29,14378,9.57352408782774,0.0,0.0,0.0,0.0,0.0,0.0,0.0,0.0,0.0,0.0,0.0,0.0,3.0,0,8
Manchester City,2022-08-30,14802,9.602585141913492,0.0,0.0,0.0,0.0,0.0,0.0,0.0,0.0,0.0,0.0,0.0,0.0,3.0,1,8
Manchester City,2022-08-31,46365,10.74432171099484,1.0,1.0,6.0,0.0,6.0,1.0,0.0,0.0,0.0,0.0,0.0,0.0,6.0,2,8
Manchester City,2022-09-01,44280,10.698310970126737,0.0,0.0,0.0,0.0,0.0,0.0,0.0,0.0,1.0,1.0,0.0,0.0,3.0,3,9
Manchester City,2022-09-02,25788,10.157703323404748,0.0,0.0,0.0,0.0,0.0,0.0,0.0,0.0,0.0,0.0,0.0,0.0,3.0,4,9
Manchester City,2022-09-03,51508,10.849511828665106,1.0,0.0,1.0,1.0,0.0,0.0,1.0,0.0,0.0,0.0,0.0,0.0,4.0,5,9
Manchester City,2022-09-04,25795,10.157974720130268,0.0,0.0,0.0,0.0,0.0,0.0,0.0,0.0,1.0,0.0,1.0,0.0,4.0,6,9
Manchester City,2022-09-05,17824,9.788357245282496,0.0,0.0,0.0,0.0,0.0,0.0,0.0,0.0,0.0,0.0,0.0,0.0,1.0,0,9
Manchester City,2022-09-06,32520,10.389641313496469,0.0,0.0,0.0,0.0,0.0,0.0,0.0,0.0,0.0,0.0,0.0,0.0,1.0,1,9
Manchester City,2022-09-07,27825,10.233726114401822,0.0,0.0,0.0,0.0,0.0,0.0,0.0,0.0,0.0,0.0,0.0,0.0,1.0,2,9
Manchester City,2022-09-08,14995,9.615538777855802,0.0,0.0,0.0,0.0,0.0,0.0,0.0,0.0,0.0,0.0,0.0,0.0,0.0,3,9
Manchester City,2022-09-09,10991,9.30492301446213,0.0,0.0,0.0,0.0,0.0,0.0,0.0,0.0,0.0,0.0,0.0,0.0,0.0,4,9
Manchester City,2022-09-10,11054,9.310638093291546,0.0,0.0,0.0,0.0,0.0,0.0,0.0,0.0,0.0,0.0,0.0,0.0,0.0,5,9
Manchester City,2022-09-11,8840,9.087155271405804,0.0,0.0,0.0,0.0,0.0,0.0,0.0,0.0,0.0,0.0,0.0,0.0,0.0,6,9
Manchester City,2022-09-12,8201,9.012133305952004,0.0,0.0,0.0,0.0,0.0,0.0,0.0,0.0,0.0,0.0,0.0,0.0,0.0,0,9
Manchester City,2022-09-13,9246,9.132054453577638,0.0,0.0,0.0,0.0,0.0,0.0,0.0,0.0,0.0,0.0,0.0,0.0,0.0,1,9
Manchester City,2022-09-14,17020,9.742203154807973,0.0,0.0,0.0,0.0,0.0,0.0,0.0,0.0,0.0,0.0,0.0,0.0,0.0,2,9
Manchester City,2022-09-15,20583,9.93226935396158,0.0,0.0,0.0,0.0,0.0,0.0,0.0,0.0,0.0,0.0,0.0,0.0,0.0,3,9
Manchester City,2022-09-16,12301,9.417517129768314,0.0,0.0,0.0,0.0,0.0,0.0,0.0,0.0,0.0,0.0,0.0,0.0,0.0,4,9
Manchester City,2022-09-17,42745,10.663030902735755,1.0,0.0,3.0,0.0,3.0,1.0,0.0,0.0,0.0,0.0,0.0,0.0,3.0,5,9
Manchester City,2022-09-18,18748,9.83889569664295,0.0,0.0,0.0,0.0,0.0,0.0,0.0,0.0,1.0,1.0,0.0,0.0,3.0,6,9
Manchester City,2022-09-19,10976,9.303557453687317,0.0,0.0,0.0,0.0,0.0,0.0,0.0,0.0,0.0,0.0,0.0,0.0,3.0,0,9
Manchester City,2022-09-20,9705,9.18049952996516,0.0,0.0,0.0,0.0,0.0,0.0,0.0,0.0,0.0,0.0,0.0,0.0,3.0,1,9
Manchester City,2022-09-21,8985,9.103423089630105,0.0,0.0,0.0,0.0,0.0,0.0,0.0,0.0,0.0,0.0,0.0,0.0,3.0,2,9
Manchester City,2022-09-22,9858,9.196140022575042,0.0,0.0,0.0,0.0,0.0,0.0,0.0,0.0,0.0,0.0,0.0,0.0,0.0,3,9
Manchester City,2022-09-23,8077,8.996899596123358,0.0,0.0,0.0,0.0,0.0,0.0,0.0,0.0,0.0,0.0,0.0,0.0,0.0,4,9
Manchester City,2022-09-24,7538,8.927844826211702,0.0,0.0,0.0,0.0,0.0,0.0,0.0,0.0,0.0,0.0,0.0,0.0,0.0,5,9
Manchester City,2022-09-25,7335,8.9005490139363,0.0,0.0,0.0,0.0,0.0,0.0,0.0,0.0,0.0,0.0,0.0,0.0,0.0,6,9
Manchester City,2022-09-26,7326,8.899321434159964,0.0,0.0,0.0,0.0,0.0,0.0,0.0,0.0,0.0,0.0,0.0,0.0,0.0,0,9
Manchester City,2022-09-27,7079,8.865029186687766,0.0,0.0,0.0,0.0,0.0,0.0,0.0,0.0,0.0,0.0,0.0,0.0,0.0,1,9
Manchester City,2022-09-28,6925,8.843037724962366,0.0,0.0,0.0,0.0,0.0,0.0,0.0,0.0,0.0,0.0,0.0,0.0,0.0,2,9
Manchester City,2022-09-29,6965,8.848796450925947,0.0,0.0,0.0,0.0,0.0,0.0,0.0,0.0,0.0,0.0,0.0,0.0,0.0,3,9
Manchester City,2022-09-30,7680,8.946505025998682,0.0,0.0,0.0,0.0,0.0,0.0,0.0,0.0,0.0,0.0,0.0,0.0,0.0,4,9
Manchester City,2022-10-01,9954,9.205830216498297,0.0,0.0,0.0,0.0,0.0,0.0,0.0,0.0,0.0,0.0,0.0,0.0,0.0,5,10
Manchester City,2022-10-02,49384,10.807402013342228,1.0,1.0,6.0,3.0,3.0,1.0,0.0,0.0,0.0,0.0,0.0,0.0,3.0,6,10
Manchester City,2022-10-03,29217,10.282540236692459,0.0,0.0,0.0,0.0,0.0,0.0,0.0,0.0,1.0,1.0,0.0,0.0,3.0,0,10
Manchester City,2022-10-04,17273,9.756957759840232,0.0,0.0,0.0,0.0,0.0,0.0,0.0,0.0,0.0,0.0,0.0,0.0,3.0,1,10
Manchester City,2022-10-05,35351,10.473110246810576,0.0,0.0,0.0,0.0,0.0,0.0,0.0,0.0,0.0,0.0,0.0,0.0,3.0,2,10
Manchester City,2022-10-06,29380,10.288103485908332,0.0,0.0,0.0,0.0,0.0,0.0,0.0,0.0,0.0,0.0,0.0,0.0,3.0,3,10
Manchester City,2022-10-07,15422,9.643615180723614,0.0,0.0,0.0,0.0,0.0,0.0,0.0,0.0,0.0,0.0,0.0,0.0,0.0,4,10
Manchester City,2022-10-08,51542,10.850171689730077,1.0,1.0,4.0,0.0,4.0,1.0,0.0,0.0,0.0,0.0,0.0,0.0,3.0,5,10
Manchester City,2022-10-09,26105,10.169920451948736,0.0,0.0,0.0,0.0,0.0,0.0,0.0,0.0,1.0,1.0,0.0,0.0,3.0,6,10
Manchester City,2022-10-10,16011,9.681093720112464,0.0,0.0,0.0,0.0,0.0,0.0,0.0,0.0,0.0,0.0,0.0,0.0,3.0,0,10
Manchester City,2022-10-11,26035,10.167235474692278,0.0,0.0,0.0,0.0,0.0,0.0,0.0,0.0,0.0,0.0,0.0,0.0,3.0,1,10
Manchester City,2022-10-12,17218,9.753768704286186,0.0,0.0,0.0,0.0,0.0,0.0,0.0,0.0,0.0,0.0,0.0,0.0,3.0,2,10
Manchester City,2022-10-13,13557,9.51473205799091,0.0,0.0,0.0,0.0,0.0,0.0,0.0,0.0,0.0,0.0,0.0,0.0,0.0,3,10
Manchester City,2022-10-14,12903,9.465292619805044,0.0,0.0,0.0,0.0,0.0,0.0,0.0,0.0,0.0,0.0,0.0,0.0,0.0,4,10
Manchester City,2022-10-15,18149,9.806425839692997,0.0,0.0,0.0,0.0,0.0,0.0,0.0,0.0,0.0,0.0,0.0,0.0,0.0,5,10
Manchester City,2022-10-16,56360,10.939532708935408,1.0,0.0,0.0,1.0,-1.0,0.0,0.0,1.0,0.0,0.0,0.0,0.0,0.0,6,10
Manchester City,2022-10-17,17312,9.759212943379076,0.0,0.0,0.0,0.0,0.0,0.0,0.0,0.0,1.0,0.0,0.0,1.0,0.0,0,10
Manchester City,2022-10-18,13168,9.48562086171022,0.0,0.0,0.0,0.0,0.0,0.0,0.0,0.0,0.0,0.0,0.0,0.0,0.0,1,10
Manchester City,2022-10-19,11550,9.35452729228868,0.0,0.0,0.0,0.0,0.0,0.0,0.0,0.0,0.0,0.0,0.0,0.0,0.0,2,10
Manchester City,2022-10-20,10517,9.260843354149289,0.0,0.0,0.0,0.0,0.0,0.0,0.0,0.0,0.0,0.0,0.0,0.0,0.0,3,10
Manchester City,2022-10-21,10015,9.211939093339879,0.0,0.0,0.0,0.0,0.0,0.0,0.0,0.0,0.0,0.0,0.0,0.0,0.0,4,10
Manchester City,2022-10-22,60040,11.002782941171654,1.0,1.0,3.0,1.0,2.0,1.0,0.0,0.0,0.0,0.0,0.0,0.0,3.0,5,10
Manchester City,2022-10-23,20414,9.924025203753676,0.0,0.0,0.0,0.0,0.0,0.0,0.0,0.0,1.0,1.0,0.0,0.0,3.0,6,10
Manchester City,2022-10-24,11777,9.373988663504516,0.0,0.0,0.0,0.0,0.0,0.0,0.0,0.0,0.0,0.0,0.0,0.0,3.0,0,10
Manchester City,2022-10-25,18518,9.826552511062006,0.0,0.0,0.0,0.0,0.0,0.0,0.0,0.0,0.0,0.0,0.0,0.0,3.0,1,10
Manchester City,2022-10-26,17979,9.79701530802561,0.0,0.0,0.0,0.0,0.0,0.0,0.0,0.0,0.0,0.0,0.0,0.0,3.0,2,10
Manchester City,2022-10-27,9755,9.18563775933581,0.0,0.0,0.0,0.0,0.0,0.0,0.0,0.0,0.0,0.0,0.0,0.0,0.0,3,10
Manchester City,2022-10-28,9316,9.139595967450425,0.0,0.0,0.0,0.0,0.0,0.0,0.0,0.0,0.0,0.0,0.0,0.0,0.0,4,10
Manchester City,2022-10-29,26120,10.170494867496725,1.0,0.0,1.0,0.0,1.0,1.0,0.0,0.0,0.0,0.0,0.0,0.0,3.0,5,10
Manchester City,2022-10-30,16255,9.696217350378209,0.0,0.0,0.0,0.0,0.0,0.0,0.0,0.0,1.0,1.0,0.0,0.0,3.0,6,10
Manchester City,2022-10-31,9662,9.176059437999308,0.0,0.0,0.0,0.0,0.0,0.0,0.0,0.0,0.0,0.0,0.0,0.0,3.0,0,10
Manchester City,2022-11-01,11342,9.336356092559043,0.0,0.0,0.0,0.0,0.0,0.0,0.0,0.0,0.0,0.0,0.0,0.0,3.0,1,11
Manchester City,2022-11-02,28574,10.260287488663012,0.0,0.0,0.0,0.0,0.0,0.0,0.0,0.0,0.0,0.0,0.0,0.0,3.0,2,11
Manchester City,2022-11-03,22993,10.042988591313685,0.0,0.0,0.0,0.0,0.0,0.0,0.0,0.0,0.0,0.0,0.0,0.0,0.0,3,11
Manchester City,2022-11-04,14654,9.592536853144992,0.0,0.0,0.0,0.0,0.0,0.0,0.0,0.0,0.0,0.0,0.0,0.0,0.0,4,11
Manchester City,2022-11-05,37006,10.518862362921533,1.0,1.0,2.0,1.0,1.0,1.0,0.0,0.0,0.0,0.0,0.0,0.0,3.0,5,11
Manchester City,2022-11-06,21237,9.963547308963792,0.0,0.0,0.0,0.0,0.0,0.0,0.0,0.0,1.0,1.0,0.0,0.0,3.0,6,11
Manchester City,2022-11-07,16299,9.698920386794853,0.0,0.0,0.0,0.0,0.0,0.0,0.0,0.0,0.0,0.0,0.0,0.0,3.0,0,11
Manchester City,2022-11-08,13488,9.50962981746968,0.0,0.0,0.0,0.0,0.0,0.0,0.0,0.0,0.0,0.0,0.0,0.0,3.0,1,11
Manchester City,2022-11-09,24808,10.11896176954543,0.0,0.0,0.0,0.0,0.0,0.0,0.0,0.0,0.0,0.0,0.0,0.0,3.0,2,11
Manchester City,2022-11-10,21268,9.965005892514545,0.0,0.0,0.0,0.0,0.0,0.0,0.0,0.0,0.0,0.0,0.0,0.0,0.0,3,11
Manchester City,2022-11-11,12451,9.4296365315615,0.0,0.0,0.0,0.0,0.0,0.0,0.0,0.0,0.0,0.0,0.0,0.0,0.0,4,11
Manchester City,2022-11-12,54191,10.900288575057553,1.0,1.0,1.0,2.0,-1.0,0.0,0.0,1.0,0.0,0.0,0.0,0.0,0.0,5,11
Manchester City,2022-11-13,16437,9.707351006708445,0.0,0.0,0.0,0.0,0.0,0.0,0.0,0.0,1.0,0.0,0.0,1.0,0.0,6,11
Manchester City,2022-11-14,11695,9.36700218198956,0.0,0.0,0.0,0.0,0.0,0.0,0.0,0.0,0.0,0.0,0.0,0.0,0.0,0,11
Manchester City,2022-11-15,11592,9.358156746670401,0.0,0.0,0.0,0.0,0.0,0.0,0.0,0.0,0.0,0.0,0.0,0.0,0.0,1,11
Manchester City,2022-11-16,11478,9.348274558065496,0.0,0.0,0.0,0.0,0.0,0.0,0.0,0.0,0.0,0.0,0.0,0.0,0.0,2,11
Manchester City,2022-11-17,9897,9.200087995511831,0.0,0.0,0.0,0.0,0.0,0.0,0.0,0.0,0.0,0.0,0.0,0.0,0.0,3,11
Manchester City,2022-11-18,8795,9.082052351674651,0.0,0.0,0.0,0.0,0.0,0.0,0.0,0.0,0.0,0.0,0.0,0.0,0.0,4,11
Manchester City,2022-11-19,8738,9.075551045627543,0.0,0.0,0.0,0.0,0.0,0.0,0.0,0.0,0.0,0.0,0.0,0.0,0.0,5,11
Manchester City,2022-11-20,11042,9.30955202204713,0.0,0.0,0.0,0.0,0.0,0.0,0.0,0.0,0.0,0.0,0.0,0.0,0.0,6,11
Manchester City,2022-11-21,12992,9.472166029882736,0.0,0.0,0.0,0.0,0.0,0.0,0.0,0.0,0.0,0.0,0.0,0.0,0.0,0,11
Manchester City,2022-11-22,13350,9.499346567390095,0.0,0.0,0.0,0.0,0.0,0.0,0.0,0.0,0.0,0.0,0.0,0.0,0.0,1,11
Manchester City,2022-11-23,17835,9.788974165747367,0.0,0.0,0.0,0.0,0.0,0.0,0.0,0.0,0.0,0.0,0.0,0.0,0.0,2,11
Manchester City,2022-11-24,14544,9.585002570929301,0.0,0.0,0.0,0.0,0.0,0.0,0.0,0.0,0.0,0.0,0.0,0.0,0.0,3,11
Manchester City,2022-11-25,13013,9.47378098005493,0.0,0.0,0.0,0.0,0.0,0.0,0.0,0.0,0.0,0.0,0.0,0.0,0.0,4,11
Manchester City,2022-11-26,12130,9.40351943877092,0.0,0.0,0.0,0.0,0.0,0.0,0.0,0.0,0.0,0.0,0.0,0.0,0.0,5,11
Manchester City,2022-11-27,14158,9.55810574328497,0.0,0.0,0.0,0.0,0.0,0.0,0.0,0.0,0.0,0.0,0.0,0.0,0.0,6,11
Manchester City,2022-11-28,12214,9.41041998369184,0.0,0.0,0.0,0.0,0.0,0.0,0.0,0.0,0.0,0.0,0.0,0.0,0.0,0,11
Manchester City,2022-11-29,11524,9.352273867864849,0.0,0.0,0.0,0.0,0.0,0.0,0.0,0.0,0.0,0.0,0.0,0.0,0.0,1,11
Manchester City,2022-11-30,10899,9.296518068217235,0.0,0.0,0.0,0.0,0.0,0.0,0.0,0.0,0.0,0.0,0.0,0.0,0.0,2,11
Manchester City,2022-12-01,9339,9.142061531222888,0.0,0.0,0.0,0.0,0.0,0.0,0.0,0.0,0.0,0.0,0.0,0.0,0.0,3,12
Manchester City,2022-12-02,8480,9.0455836463617,0.0,0.0,0.0,0.0,0.0,0.0,0.0,0.0,0.0,0.0,0.0,0.0,0.0,4,12
Manchester City,2022-12-03,10126,9.222960403332285,0.0,0.0,0.0,0.0,0.0,0.0,0.0,0.0,0.0,0.0,0.0,0.0,0.0,5,12
Manchester City,2022-12-04,11794,9.375430991841775,0.0,0.0,0.0,0.0,0.0,0.0,0.0,0.0,0.0,0.0,0.0,0.0,0.0,6,12
Manchester City,2022-12-05,10283,9.23834456838578,0.0,0.0,0.0,0.0,0.0,0.0,0.0,0.0,0.0,0.0,0.0,0.0,0.0,0,12
Manchester City,2022-12-06,10947,9.30091207016057,0.0,0.0,0.0,0.0,0.0,0.0,0.0,0.0,0.0,0.0,0.0,0.0,0.0,1,12
Manchester City,2022-12-07,8610,9.060795734696166,0.0,0.0,0.0,0.0,0.0,0.0,0.0,0.0,0.0,0.0,0.0,0.0,0.0,2,12
Manchester City,2022-12-08,7334,8.900412690577083,0.0,0.0,0.0,0.0,0.0,0.0,0.0,0.0,0.0,0.0,0.0,0.0,0.0,3,12
Manchester City,2022-12-09,9728,9.182866394975427,0.0,0.0,0.0,0.0,0.0,0.0,0.0,0.0,0.0,0.0,0.0,0.0,0.0,4,12
Manchester City,2022-12-10,12321,9.419141561574516,0.0,0.0,0.0,0.0,0.0,0.0,0.0,0.0,0.0,0.0,0.0,0.0,0.0,5,12
Manchester City,2022-12-11,10308,9.240772579096385,0.0,0.0,0.0,0.0,0.0,0.0,0.0,0.0,0.0,0.0,0.0,0.0,0.0,6,12
Manchester City,2022-12-12,9273,9.134970064951407,0.0,0.0,0.0,0.0,0.0,0.0,0.0,0.0,0.0,0.0,0.0,0.0,0.0,0,12
Manchester City,2022-12-13,15070,9.620527646419676,0.0,0.0,0.0,0.0,0.0,0.0,0.0,0.0,0.0,0.0,0.0,0.0,0.0,1,12
Manchester City,2022-12-14,14797,9.602247315485496,0.0,0.0,0.0,0.0,0.0,0.0,0.0,0.0,0.0,0.0,0.0,0.0,0.0,2,12
Manchester City,2022-12-15,10037,9.214133170214879,0.0,0.0,0.0,0.0,0.0,0.0,0.0,0.0,0.0,0.0,0.0,0.0,0.0,3,12
Manchester City,2022-12-16,8607,9.060447282401565,0.0,0.0,0.0,0.0,0.0,0.0,0.0,0.0,0.0,0.0,0.0,0.0,0.0,4,12
Manchester City,2022-12-17,10605,9.269175157697076,0.0,0.0,0.0,0.0,0.0,0.0,0.0,0.0,0.0,0.0,0.0,0.0,0.0,5,12
Manchester City,2022-12-18,15825,9.669409436169138,0.0,0.0,0.0,0.0,0.0,0.0,0.0,0.0,0.0,0.0,0.0,0.0,0.0,6,12
Manchester City,2022-12-19,17133,9.748820072523989,0.0,0.0,0.0,0.0,0.0,0.0,0.0,0.0,0.0,0.0,0.0,0.0,0.0,0,12
Manchester City,2022-12-20,14049,9.550377674761892,0.0,0.0,0.0,0.0,0.0,0.0,0.0,0.0,0.0,0.0,0.0,0.0,0.0,1,12
Manchester City,2022-12-21,14056,9.550875771331766,0.0,0.0,0.0,0.0,0.0,0.0,0.0,0.0,0.0,0.0,0.0,0.0,0.0,2,12
Manchester City,2022-12-22,25703,10.154401900795694,0.0,0.0,0.0,0.0,0.0,0.0,0.0,0.0,0.0,0.0,0.0,0.0,0.0,3,12
Manchester City,2022-12-23,20778,9.94169814029988,0.0,0.0,0.0,0.0,0.0,0.0,0.0,0.0,0.0,0.0,0.0,0.0,0.0,4,12
Manchester City,2022-12-24,12791,9.45657525451379,0.0,0.0,0.0,0.0,0.0,0.0,0.0,0.0,0.0,0.0,0.0,0.0,0.0,5,12
Manchester City,2022-12-25,11039,9.309280319831087,0.0,0.0,0.0,0.0,0.0,0.0,0.0,0.0,0.0,0.0,0.0,0.0,0.0,6,12
Manchester City,2022-12-26,16714,9.7240617988542,0.0,0.0,0.0,0.0,0.0,0.0,0.0,0.0,0.0,0.0,0.0,0.0,0.0,0,12
Manchester City,2022-12-27,16726,9.724779459312009,0.0,0.0,0.0,0.0,0.0,0.0,0.0,0.0,0.0,0.0,0.0,0.0,0.0,1,12
Manchester City,2022-12-28,28592,10.260917211605735,1.0,0.0,3.0,1.0,2.0,1.0,0.0,0.0,0.0,0.0,0.0,0.0,3.0,2,12
Manchester City,2022-12-29,21911,9.994789710942914,0.0,0.0,0.0,0.0,0.0,0.0,0.0,0.0,1.0,1.0,0.0,0.0,3.0,3,12
Manchester City,2022-12-30,13638,9.520688614926875,0.0,0.0,0.0,0.0,0.0,0.0,0.0,0.0,0.0,0.0,0.0,0.0,3.0,4,12
Manchester City,2022-12-31,23622,10.069976092693759,1.0,1.0,1.0,1.0,0.0,0.0,1.0,0.0,0.0,0.0,0.0,0.0,4.0,5,12
Manchester City,2023-01-01,15443,9.644975857384127,0.0,0.0,0.0,0.0,0.0,0.0,0.0,0.0,1.0,0.0,1.0,0.0,4.0,6,1
Manchester City,2023-01-02,16073,9.684958338772663,0.0,0.0,0.0,0.0,0.0,0.0,0.0,0.0,0.0,0.0,0.0,0.0,1.0,0,1
Manchester City,2023-01-03,16541,9.713657880251851,0.0,0.0,0.0,0.0,0.0,0.0,0.0,0.0,0.0,0.0,0.0,0.0,1.0,1,1
Manchester City,2023-01-04,15436,9.644522504181841,0.0,0.0,0.0,0.0,0.0,0.0,0.0,0.0,0.0,0.0,0.0,0.0,1.0,2,1
Manchester City,2023-01-05,23929,10.082888180902419,1.0,0.0,1.0,0.0,1.0,1.0,0.0,0.0,0.0,0.0,0.0,0.0,3.0,3,1
Manchester City,2023-01-06,18450,9.822873848541882,0.0,0.0,0.0,0.0,0.0,0.0,0.0,0.0,1.0,1.0,0.0,0.0,3.0,4,1
Manchester City,2023-01-07,14586,9.587886000086213,0.0,0.0,0.0,0.0,0.0,0.0,0.0,0.0,0.0,0.0,0.0,0.0,3.0,5,1
Manchester City,2023-01-08,28908,10.27190824430491,0.0,0.0,0.0,0.0,0.0,0.0,0.0,0.0,0.0,0.0,0.0,0.0,3.0,6,1
Manchester City,2023-01-09,17603,9.775881427930981,0.0,0.0,0.0,0.0,0.0,0.0,0.0,0.0,0.0,0.0,0.0,0.0,3.0,0,1
Manchester City,2023-01-10,14139,9.556762939450564,0.0,0.0,0.0,0.0,0.0,0.0,0.0,0.0,0.0,0.0,0.0,0.0,0.0,1,1
Manchester City,2023-01-11,26150,10.171642709679686,0.0,0.0,0.0,0.0,0.0,0.0,0.0,0.0,0.0,0.0,0.0,0.0,0.0,2,1
Manchester City,2023-01-12,20160,9.911505324129712,0.0,0.0,0.0,0.0,0.0,0.0,0.0,0.0,0.0,0.0,0.0,0.0,0.0,3,1
Manchester City,2023-01-13,16846,9.731927878386204,0.0,0.0,0.0,0.0,0.0,0.0,0.0,0.0,0.0,0.0,0.0,0.0,0.0,4,1
Manchester City,2023-01-14,47855,10.775951780869729,1.0,0.0,1.0,2.0,-1.0,0.0,0.0,1.0,0.0,0.0,0.0,0.0,0.0,5,1
Manchester City,2023-01-15,19821,9.894547710966654,0.0,0.0,0.0,0.0,0.0,0.0,0.0,0.0,1.0,0.0,0.0,1.0,0.0,6,1
Manchester City,2023-01-16,15280,9.634365505605258,0.0,0.0,0.0,0.0,0.0,0.0,0.0,0.0,0.0,0.0,0.0,0.0,0.0,0,1
Manchester City,2023-01-17,13426,9.505022884072709,0.0,0.0,0.0,0.0,0.0,0.0,0.0,0.0,0.0,0.0,0.0,0.0,0.0,1,1
Manchester City,2023-01-18,17628,9.777300552285743,0.0,0.0,0.0,0.0,0.0,0.0,0.0,0.0,0.0,0.0,0.0,0.0,0.0,2,1
Manchester City,2023-01-19,45584,10.727333994019004,1.0,1.0,4.0,2.0,2.0,1.0,0.0,0.0,0.0,0.0,0.0,0.0,3.0,3,1
Manchester City,2023-01-20,23144,10.04953405346537,0.0,0.0,0.0,0.0,0.0,0.0,0.0,0.0,1.0,1.0,0.0,0.0,3.0,4,1
Manchester City,2023-01-21,22031,10.000251220968437,0.0,0.0,0.0,0.0,0.0,0.0,0.0,0.0,0.0,0.0,0.0,0.0,3.0,5,1
Manchester City,2023-01-22,55690,10.927573832967658,1.0,1.0,3.0,0.0,3.0,1.0,0.0,0.0,0.0,0.0,0.0,0.0,6.0,6,1
Manchester City,2023-01-23,27054,10.205627110076836,0.0,0.0,0.0,0.0,0.0,0.0,0.0,0.0,1.0,1.0,0.0,0.0,6.0,0,1
Manchester City,2023-01-24,20671,9.936535406582328,0.0,0.0,0.0,0.0,0.0,0.0,0.0,0.0,0.0,0.0,0.0,0.0,3.0,1,1
Manchester City,2023-01-25,18305,9.814984153944724,0.0,0.0,0.0,0.0,0.0,0.0,0.0,0.0,0.0,0.0,0.0,0.0,3.0,2,1
Manchester City,2023-01-26,17054,9.744198694852747,0.0,0.0,0.0,0.0,0.0,0.0,0.0,0.0,0.0,0.0,0.0,0.0,3.0,3,1
Manchester City,2023-01-27,50501,10.82976821843963,0.0,0.0,0.0,0.0,0.0,0.0,0.0,0.0,0.0,0.0,0.0,0.0,0.0,4,1
Manchester City,2023-01-28,32444,10.387301627055269,0.0,0.0,0.0,0.0,0.0,0.0,0.0,0.0,0.0,0.0,0.0,0.0,0.0,5,1
Manchester City,2023-01-29,19918,9.899429329075273,0.0,0.0,0.0,0.0,0.0,0.0,0.0,0.0,0.0,0.0,0.0,0.0,0.0,6,1
Manchester City,2023-01-30,21354,9.969041183275566,0.0,0.0,0.0,0.0,0.0,0.0,0.0,0.0,0.0,0.0,0.0,0.0,0.0,0,1
Manchester City,2023-01-31,25522,10.14733528540863,0.0,0.0,0.0,0.0,0.0,0.0,0.0,0.0,0.0,0.0,0.0,0.0,0.0,1,1
Manchester City,2023-02-01,21678,9.984099329028517,0.0,0.0,0.0,0.0,0.0,0.0,0.0,0.0,0.0,0.0,0.0,0.0,0.0,2,2
Manchester City,2023-02-02,17797,9.786841370416807,0.0,0.0,0.0,0.0,0.0,0.0,0.0,0.0,0.0,0.0,0.0,0.0,0.0,3,2
Manchester City,2023-02-03,16543,9.713778777308155,0.0,0.0,0.0,0.0,0.0,0.0,0.0,0.0,0.0,0.0,0.0,0.0,0.0,4,2
Manchester City,2023-02-04,32168,10.378758534888256,0.0,0.0,0.0,0.0,0.0,0.0,0.0,0.0,0.0,0.0,0.0,0.0,0.0,5,2
Manchester City,2023-02-05,54652,10.908759386883016,1.0,0.0,0.0,1.0,-1.0,0.0,0.0,1.0,0.0,0.0,0.0,0.0,0.0,6,2
Manchester City,2023-02-06,55627,10.926441950598502,0.0,0.0,0.0,0.0,0.0,0.0,0.0,0.0,1.0,0.0,0.0,1.0,0.0,0,2
Manchester City,2023-02-07,49080,10.801227273515408,0.0,0.0,0.0,0.0,0.0,0.0,0.0,0.0,0.0,0.0,0.0,0.0,0.0,1,2
Manchester City,2023-02-08,35962,10.49024591113472,0.0,0.0,0.0,0.0,0.0,0.0,0.0,0.0,0.0,0.0,0.0,0.0,0.0,2,2
Manchester City,2023-02-09,20601,9.933143437443638,0.0,0.0,0.0,0.0,0.0,0.0,0.0,0.0,0.0,0.0,0.0,0.0,0.0,3,2
Manchester City,2023-02-10,16699,9.723163998404846,0.0,0.0,0.0,0.0,0.0,0.0,0.0,0.0,0.0,0.0,0.0,0.0,0.0,4,2
Manchester City,2023-02-11,24027,10.086975095970052,0.0,0.0,0.0,0.0,0.0,0.0,0.0,0.0,0.0,0.0,0.0,0.0,0.0,5,2
Manchester City,2023-02-12,57324,10.956492107726104,1.0,1.0,3.0,1.0,2.0,1.0,0.0,0.0,0.0,0.0,0.0,0.0,3.0,6,2
Manchester City,2023-02-13,31525,10.358567881186488,0.0,0.0,0.0,0.0,0.0,0.0,0.0,0.0,1.0,1.0,0.0,0.0,3.0,0,2
Manchester City,2023-02-14,23786,10.076894491940509,0.0,0.0,0.0,0.0,0.0,0.0,0.0,0.0,0.0,0.0,0.0,0.0,3.0,1,2
Manchester City,2023-02-15,85748,11.359179703152607,1.0,0.0,3.0,1.0,2.0,1.0,0.0,0.0,0.0,0.0,0.0,0.0,6.0,2,2
Manchester City,2023-02-16,53387,10.885341280594043,0.0,0.0,0.0,0.0,0.0,0.0,0.0,0.0,1.0,1.0,0.0,0.0,6.0,3,2
Manchester City,2023-02-17,21537,9.977574095888826,0.0,0.0,0.0,0.0,0.0,0.0,0.0,0.0,0.0,0.0,0.0,0.0,3.0,4,2
Manchester City,2023-02-18,72853,11.196212717459854,1.0,0.0,1.0,1.0,0.0,0.0,1.0,0.0,0.0,0.0,0.0,0.0,4.0,5,2
Manchester City,2023-02-19,23837,10.079036225042653,0.0,0.0,0.0,0.0,0.0,0.0,0.0,0.0,1.0,0.0,1.0,0.0,4.0,6,2
Manchester City,2023-02-20,16200,9.692828247710418,0.0,0.0,0.0,0.0,0.0,0.0,0.0,0.0,0.0,0.0,0.0,0.0,1.0,0,2
Manchester City,2023-02-21,20147,9.91086030686554,0.0,0.0,0.0,0.0,0.0,0.0,0.0,0.0,0.0,0.0,0.0,0.0,1.0,1,2
Manchester City,2023-02-22,46480,10.746798905924305,0.0,0.0,0.0,0.0,0.0,0.0,0.0,0.0,0.0,0.0,0.0,0.0,1.0,2,2
Manchester City,2023-02-23,37418,10.52993387579382,0.0,0.0,0.0,0.0,0.0,0.0,0.0,0.0,0.0,0.0,0.0,0.0,0.0,3,2
Manchester City,2023-02-24,16903,9.735305559295893,0.0,0.0,0.0,0.0,0.0,0.0,0.0,0.0,0.0,0.0,0.0,0.0,0.0,4,2
Manchester City,2023-02-25,67808,11.124450208481699,1.0,0.0,4.0,1.0,3.0,1.0,0.0,0.0,0.0,0.0,0.0,0.0,3.0,5,2
Manchester City,2023-02-26,38114,10.548363184422374,0.0,0.0,0.0,0.0,0.0,0.0,0.0,0.0,1.0,1.0,0.0,0.0,3.0,6,2
Manchester City,2023-02-27,20763,9.94097599694712,0.0,0.0,0.0,0.0,0.0,0.0,0.0,0.0,0.0,0.0,0.0,0.0,3.0,0,2
Manchester City,2023-02-28,31605,10.36110225496905,0.0,0.0,0.0,0.0,0.0,0.0,0.0,0.0,0.0,0.0,0.0,0.0,3.0,1,2
Manchester City,2023-03-01,33363,10.415232753361503,0.0,0.0,0.0,0.0,0.0,0.0,0.0,0.0,0.0,0.0,0.0,0.0,3.0,2,3
Manchester City,2023-03-02,22539,10.023046787593767,0.0,0.0,0.0,0.0,0.0,0.0,0.0,0.0,0.0,0.0,0.0,0.0,0.0,3,3
Manchester City,2023-03-03,15126,9.6242365055622,0.0,0.0,0.0,0.0,0.0,0.0,0.0,0.0,0.0,0.0,0.0,0.0,0.0,4,3
Manchester City,2023-03-04,39639,10.587593988443924,1.0,1.0,2.0,0.0,2.0,1.0,0.0,0.0,0.0,0.0,0.0,0.0,3.0,5,3
Manchester City,2023-03-05,29182,10.28134162693611,0.0,0.0,0.0,0.0,0.0,0.0,0.0,0.0,1.0,1.0,0.0,0.0,3.0,6,3
Manchester City,2023-03-06,19195,9.862457202978137,0.0,0.0,0.0,0.0,0.0,0.0,0.0,0.0,0.0,0.0,0.0,0.0,3.0,0,3
Manchester City,2023-03-07,14347,9.571365838652174,0.0,0.0,0.0,0.0,0.0,0.0,0.0,0.0,0.0,0.0,0.0,0.0,3.0,1,3
Manchester City,2023-03-08,16551,9.714262219425379,0.0,0.0,0.0,0.0,0.0,0.0,0.0,0.0,0.0,0.0,0.0,0.0,3.0,2,3
Manchester City,2023-03-09,16268,9.69701673550917,0.0,0.0,0.0,0.0,0.0,0.0,0.0,0.0,0.0,0.0,0.0,0.0,0.0,3,3
Manchester City,2023-03-10,17175,9.751268339558617,0.0,0.0,0.0,0.0,0.0,0.0,0.0,0.0,0.0,0.0,0.0,0.0,0.0,4,3
Manchester City,2023-03-11,55265,10.91991317021629,1.0,0.0,1.0,0.0,1.0,1.0,0.0,0.0,0.0,0.0,0.0,0.0,3.0,5,3
Manchester City,2023-03-12,36918,10.516481602659502,0.0,0.0,0.0,0.0,0.0,0.0,0.0,0.0,1.0,1.0,0.0,0.0,3.0,6,3
Manchester City,2023-03-13,21886,9.993648132244084,0.0,0.0,0.0,0.0,0.0,0.0,0.0,0.0,0.0,0.0,0.0,0.0,3.0,0,3
Manchester City,2023-03-14,56343,10.939231036425246,0.0,0.0,0.0,0.0,0.0,0.0,0.0,0.0,0.0,0.0,0.0,0.0,3.0,1,3
Manchester City,2023-03-15,70808,11.167741390246988,0.0,0.0,0.0,0.0,0.0,0.0,0.0,0.0,0.0,0.0,0.0,0.0,3.0,2,3
Manchester City,2023-03-16,24547,10.108385663508988,0.0,0.0,0.0,0.0,0.0,0.0,0.0,0.0,0.0,0.0,0.0,0.0,0.0,3,3
Manchester City,2023-03-17,21998,9.998752276761909,0.0,0.0,0.0,0.0,0.0,0.0,0.0,0.0,0.0,0.0,0.0,0.0,0.0,4,3
Manchester City,2023-03-18,52212,10.863086785010477,0.0,0.0,0.0,0.0,0.0,0.0,0.0,0.0,0.0,0.0,0.0,0.0,0.0,5,3
Manchester City,2023-03-19,69475,11.148736648173903,0.0,0.0,0.0,0.0,0.0,0.0,0.0,0.0,0.0,0.0,0.0,0.0,0.0,6,3
Manchester City,2023-03-20,28346,10.252276483450736,0.0,0.0,0.0,0.0,0.0,0.0,0.0,0.0,0.0,0.0,0.0,0.0,0.0,0,3
Manchester City,2023-03-21,18866,9.845169643211612,0.0,0.0,0.0,0.0,0.0,0.0,0.0,0.0,0.0,0.0,0.0,0.0,0.0,1,3
Manchester City,2023-03-22,20544,9.93037288131751,0.0,0.0,0.0,0.0,0.0,0.0,0.0,0.0,0.0,0.0,0.0,0.0,0.0,2,3
Manchester City,2023-03-23,14347,9.571365838652174,0.0,0.0,0.0,0.0,0.0,0.0,0.0,0.0,0.0,0.0,0.0,0.0,0.0,3,3
Manchester City,2023-03-24,13829,9.534595424658804,0.0,0.0,0.0,0.0,0.0,0.0,0.0,0.0,0.0,0.0,0.0,0.0,0.0,4,3
Manchester City,2023-03-25,13268,9.493185766536437,0.0,0.0,0.0,0.0,0.0,0.0,0.0,0.0,0.0,0.0,0.0,0.0,0.0,5,3
Manchester City,2023-03-26,13651,9.521641310026597,0.0,0.0,0.0,0.0,0.0,0.0,0.0,0.0,0.0,0.0,0.0,0.0,0.0,6,3
Manchester City,2023-03-27,12075,9.39897529082673,0.0,0.0,0.0,0.0,0.0,0.0,0.0,0.0,0.0,0.0,0.0,0.0,0.0,0,3
Manchester City,2023-03-28,10826,9.289798293310898,0.0,0.0,0.0,0.0,0.0,0.0,0.0,0.0,0.0,0.0,0.0,0.0,0.0,1,3
Manchester City,2023-03-29,10436,9.253112463820052,0.0,0.0,0.0,0.0,0.0,0.0,0.0,0.0,0.0,0.0,0.0,0.0,0.0,2,3
Manchester City,2023-03-30,11568,9.356084386028888,0.0,0.0,0.0,0.0,0.0,0.0,0.0,0.0,0.0,0.0,0.0,0.0,0.0,3,3
Manchester City,2023-03-31,11961,9.389490237604502,0.0,0.0,0.0,0.0,0.0,0.0,0.0,0.0,0.0,0.0,0.0,0.0,0.0,4,3
Manchester City,2023-04-01,54878,10.912886040659409,1.0,1.0,4.0,1.0,3.0,1.0,0.0,0.0,0.0,0.0,0.0,0.0,3.0,5,4
Manchester City,2023-04-02,18466,9.823740634445873,0.0,0.0,0.0,0.0,0.0,0.0,0.0,0.0,1.0,1.0,0.0,0.0,3.0,6,4
Manchester City,2023-04-03,19602,9.883437894730424,0.0,0.0,0.0,0.0,0.0,0.0,0.0,0.0,0.0,0.0,0.0,0.0,3.0,0,4
Manchester City,2023-04-04,15389,9.641473226832925,0.0,0.0,0.0,0.0,0.0,0.0,0.0,0.0,0.0,0.0,0.0,0.0,3.0,1,4
Manchester City,2023-04-05,8536,9.052164937010307,0.0,0.0,0.0,0.0,0.0,0.0,0.0,0.0,0.0,0.0,0.0,0.0,3.0,2,4
Manchester City,2023-04-06,8068,8.995784837848506,0.0,0.0,0.0,0.0,0.0,0.0,0.0,0.0,0.0,0.0,0.0,0.0,0.0,3,4
Manchester City,2023-04-07,7999,8.987196820661973,0.0,0.0,0.0,0.0,0.0,0.0,0.0,0.0,0.0,0.0,0.0,0.0,0.0,4,4
Manchester City,2023-04-08,16102,9.686760869017997,1.0,0.0,4.0,1.0,3.0,1.0,0.0,0.0,0.0,0.0,0.0,0.0,3.0,5,4
Manchester City,2023-04-09,14586,9.587886000086213,0.0,0.0,0.0,0.0,0.0,0.0,0.0,0.0,1.0,1.0,0.0,0.0,3.0,6,4
Manchester City,2023-04-10,12906,9.465525078835189,0.0,0.0,0.0,0.0,0.0,0.0,0.0,0.0,0.0,0.0,0.0,0.0,3.0,0,4
Manchester City,2023-04-11,29599,10.295529640312152,0.0,0.0,0.0,0.0,0.0,0.0,0.0,0.0,0.0,0.0,0.0,0.0,3.0,1,4
Manchester City,2023-04-12,22096,10.003197131685106,0.0,0.0,0.0,0.0,0.0,0.0,0.0,0.0,0.0,0.0,0.0,0.0,3.0,2,4
Manchester City,2023-04-13,12623,9.443355043085656,0.0,0.0,0.0,0.0,0.0,0.0,0.0,0.0,0.0,0.0,0.0,0.0,0.0,3,4
Manchester City,2023-04-14,10253,9.235423152343646,0.0,0.0,0.0,0.0,0.0,0.0,0.0,0.0,0.0,0.0,0.0,0.0,0.0,4,4
Manchester City,2023-04-15,18818,9.842622276764853,1.0,1.0,3.0,1.0,2.0,1.0,0.0,0.0,0.0,0.0,0.0,0.0,3.0,5,4
Manchester City,2023-04-16,17781,9.785941988681085,0.0,0.0,0.0,0.0,0.0,0.0,0.0,0.0,1.0,1.0,0.0,0.0,3.0,6,4
Manchester City,2023-04-17,13924,9.541441064795485,0.0,0.0,0.0,0.0,0.0,0.0,0.0,0.0,0.0,0.0,0.0,0.0,3.0,0,4
Manchester City,2023-04-18,13701,9.525297086562844,0.0,0.0,0.0,0.0,0.0,0.0,0.0,0.0,0.0,0.0,0.0,0.0,3.0,1,4
Manchester City,2023-04-19,58993,10.985191022801324,0.0,0.0,0.0,0.0,0.0,0.0,0.0,0.0,0.0,0.0,0.0,0.0,3.0,2,4
Manchester City,2023-04-20,55436,10.923002519845536,0.0,0.0,0.0,0.0,0.0,0.0,0.0,0.0,0.0,0.0,0.0,0.0,0.0,3,4
Manchester City,2023-04-21,44481,10.70283989194239,0.0,0.0,0.0,0.0,0.0,0.0,0.0,0.0,0.0,0.0,0.0,0.0,0.0,4,4
Manchester City,2023-04-22,80937,11.30143870846309,0.0,0.0,0.0,0.0,0.0,0.0,0.0,0.0,0.0,0.0,0.0,0.0,0.0,5,4
Manchester City,2023-04-23,61487,11.026597312804626,0.0,0.0,0.0,0.0,0.0,0.0,0.0,0.0,0.0,0.0,0.0,0.0,0.0,6,4
Manchester City,2023-04-24,33179,10.409702563744435,0.0,0.0,0.0,0.0,0.0,0.0,0.0,0.0,0.0,0.0,0.0,0.0,0.0,0,4
Manchester City,2023-04-25,29889,10.305279255277984,0.0,0.0,0.0,0.0,0.0,0.0,0.0,0.0,0.0,0.0,0.0,0.0,0.0,1,4
Manchester City,2023-04-26,128433,11.763170432693114,1.0,1.0,4.0,1.0,3.0,1.0,0.0,0.0,0.0,0.0,0.0,0.0,3.0,2,4
Manchester City,2023-04-27,95422,11.46607491852557,0.0,0.0,0.0,0.0,0.0,0.0,0.0,0.0,1.0,1.0,0.0,0.0,3.0,3,4
Manchester City,2023-04-28,30894,10.33834963749508,0.0,0.0,0.0,0.0,0.0,0.0,0.0,0.0,0.0,0.0,0.0,0.0,3.0,4,4
Manchester City,2023-04-29,32152,10.378261037909617,0.0,0.0,0.0,0.0,0.0,0.0,0.0,0.0,0.0,0.0,0.0,0.0,3.0,5,4
Manchester City,2023-04-30,44064,10.693421095533761,1.0,0.0,2.0,1.0,1.0,1.0,0.0,0.0,0.0,0.0,0.0,0.0,6.0,6,4
Manchester City,2023-05-01,36888,10.515668682606062,0.0,0.0,0.0,0.0,0.0,0.0,0.0,0.0,1.0,1.0,0.0,0.0,3.0,0,5
Manchester City,2023-05-02,35865,10.48754505050837,0.0,0.0,0.0,0.0,0.0,0.0,0.0,0.0,0.0,0.0,0.0,0.0,3.0,1,5
Manchester City,2023-05-03,88536,11.391175822721351,1.0,1.0,3.0,0.0,3.0,1.0,0.0,0.0,0.0,0.0,0.0,0.0,6.0,2,5
Manchester City,2023-05-04,67261,11.116350720207512,0.0,0.0,0.0,0.0,0.0,0.0,0.0,0.0,1.0,1.0,0.0,0.0,6.0,3,5
Manchester City,2023-05-05,30486,10.32505564222569,0.0,0.0,0.0,0.0,0.0,0.0,0.0,0.0,0.0,0.0,0.0,0.0,3.0,4,5
Manchester City,2023-05-06,104061,11.552742154340551,1.0,1.0,2.0,1.0,1.0,1.0,0.0,0.0,0.0,0.0,0.0,0.0,6.0,5,5
Manchester City,2023-05-07,76556,11.245790840406107,0.0,0.0,0.0,0.0,0.0,0.0,0.0,0.0,1.0,1.0,0.0,0.0,6.0,6,5
Manchester City,2023-05-08,57523,10.959957531006271,0.0,0.0,0.0,0.0,0.0,0.0,0.0,0.0,0.0,0.0,0.0,0.0,3.0,0,5
Manchester City,2023-05-09,114581,11.64904600286347,0.0,0.0,0.0,0.0,0.0,0.0,0.0,0.0,0.0,0.0,0.0,0.0,3.0,1,5
Manchester City,2023-05-10,44357,10.700048354785155,0.0,0.0,0.0,0.0,0.0,0.0,0.0,0.0,0.0,0.0,0.0,0.0,3.0,2,5
Manchester City,2023-05-11,25677,10.15338987315103,0.0,0.0,0.0,0.0,0.0,0.0,0.0,0.0,0.0,0.0,0.0,0.0,0.0,3,5
Manchester City,2023-05-12,26892,10.199621308677711,0.0,0.0,0.0,0.0,0.0,0.0,0.0,0.0,0.0,0.0,0.0,0.0,0.0,4,5
Manchester City,2023-05-13,46787,10.753382038770598,0.0,0.0,0.0,0.0,0.0,0.0,0.0,0.0,0.0,0.0,0.0,0.0,0.0,5,5
Manchester City,2023-05-14,117009,11.670014680213004,1.0,0.0,3.0,0.0,3.0,1.0,0.0,0.0,0.0,0.0,0.0,0.0,3.0,6,5
Manchester City,2023-05-15,52746,10.873262177683122,0.0,0.0,0.0,0.0,0.0,0.0,0.0,0.0,1.0,1.0,0.0,0.0,3.0,0,5
Manchester City,2023-05-16,43872,10.689054375683599,0.0,0.0,0.0,0.0,0.0,0.0,0.0,0.0,0.0,0.0,0.0,0.0,3.0,1,5
Manchester City,2023-05-17,142666,11.868268522341692,0.0,0.0,0.0,0.0,0.0,0.0,0.0,0.0,0.0,0.0,0.0,0.0,3.0,2,5
Manchester City,2023-05-18,130751,11.781057678177294,0.0,0.0,0.0,0.0,0.0,0.0,0.0,0.0,0.0,0.0,0.0,0.0,3.0,3,5
Manchester City,2023-05-19,47180,10.761746548158834,0.0,0.0,0.0,0.0,0.0,0.0,0.0,0.0,0.0,0.0,0.0,0.0,0.0,4,5
Manchester City,2023-05-20,84716,11.34707156888344,0.0,0.0,0.0,0.0,0.0,0.0,0.0,0.0,0.0,0.0,0.0,0.0,0.0,5,5
Manchester City,2023-05-21,198087,12.196466655384938,1.0,1.0,1.0,0.0,1.0,1.0,0.0,0.0,0.0,0.0,0.0,0.0,3.0,6,5
Manchester City,2023-05-22,77926,11.263527770010382,0.0,0.0,0.0,0.0,0.0,0.0,0.0,0.0,1.0,1.0,0.0,0.0,3.0,0,5
Manchester City,2023-05-23,38170,10.549831343981374,0.0,0.0,0.0,0.0,0.0,0.0,0.0,0.0,0.0,0.0,0.0,0.0,3.0,1,5
Manchester City,2023-05-24,71538,11.177998034521295,1.0,0.0,1.0,1.0,0.0,0.0,1.0,0.0,0.0,0.0,0.0,0.0,4.0,2,5
Manchester City,2023-05-25,46637,10.750170938458275,0.0,0.0,0.0,0.0,0.0,0.0,0.0,0.0,1.0,0.0,1.0,0.0,4.0,3,5
Manchester City,2023-05-26,30849,10.336892029333534,0.0,0.0,0.0,0.0,0.0,0.0,0.0,0.0,0.0,0.0,0.0,0.0,1.0,4,5
Manchester City,2023-05-27,31833,10.368290179989799,0.0,0.0,0.0,0.0,0.0,0.0,0.0,0.0,0.0,0.0,0.0,0.0,1.0,5,5
Manchester City,2023-05-28,69091,11.143194228813176,1.0,0.0,0.0,1.0,-1.0,0.0,0.0,1.0,0.0,0.0,0.0,0.0,1.0,6,5
Manchester City,2023-05-29,41137,10.624687547538109,0.0,0.0,0.0,0.0,0.0,0.0,0.0,0.0,1.0,0.0,0.0,1.0,0.0,0,5
Manchester City,2023-05-30,30440,10.323545662947193,0.0,0.0,0.0,0.0,0.0,0.0,0.0,0.0,0.0,0.0,0.0,0.0,0.0,1,5
Manchester City,2023-05-31,25166,10.133288891514404,0.0,0.0,0.0,0.0,0.0,0.0,0.0,0.0,0.0,0.0,0.0,0.0,0.0,2,5
Manchester City,2023-06-01,25991,10.165544077348937,0.0,0.0,0.0,0.0,0.0,0.0,0.0,0.0,0.0,0.0,0.0,0.0,0.0,3,6
Manchester City,2023-06-02,35494,10.477147120473486,0.0,0.0,0.0,0.0,0.0,0.0,0.0,0.0,0.0,0.0,0.0,0.0,0.0,4,6
Manchester City,2023-06-03,222071,12.310756932596975,0.0,0.0,0.0,0.0,0.0,0.0,0.0,0.0,0.0,0.0,0.0,0.0,0.0,5,6
Manchester City,2023-06-04,67310,11.117078949527887,0.0,0.0,0.0,0.0,0.0,0.0,0.0,0.0,0.0,0.0,0.0,0.0,0.0,6,6
Manchester City,2023-06-05,35479,10.476724436423515,0.0,0.0,0.0,0.0,0.0,0.0,0.0,0.0,0.0,0.0,0.0,0.0,0.0,0,6
Manchester City,2023-06-06,27769,10.231711580300844,0.0,0.0,0.0,0.0,0.0,0.0,0.0,0.0,0.0,0.0,0.0,0.0,0.0,1,6
Manchester City,2023-06-07,25622,10.151245664614256,0.0,0.0,0.0,0.0,0.0,0.0,0.0,0.0,0.0,0.0,0.0,0.0,0.0,2,6
Manchester City,2023-06-08,24245,10.096006934306528,0.0,0.0,0.0,0.0,0.0,0.0,0.0,0.0,0.0,0.0,0.0,0.0,0.0,3,6
Manchester City,2023-06-09,40453,10.607920805113041,0.0,0.0,0.0,0.0,0.0,0.0,0.0,0.0,0.0,0.0,0.0,0.0,0.0,4,6
Manchester City,2023-06-10,287678,12.569600554174812,0.0,0.0,0.0,0.0,0.0,0.0,0.0,0.0,0.0,0.0,0.0,0.0,0.0,5,6
Manchester City,2023-06-11,192506,12.167887795685198,0.0,0.0,0.0,0.0,0.0,0.0,0.0,0.0,0.0,0.0,0.0,0.0,0.0,6,6
Manchester City,2023-06-12,74436,11.217708409030596,0.0,0.0,0.0,0.0,0.0,0.0,0.0,0.0,0.0,0.0,0.0,0.0,0.0,0,6
Manchester City,2023-06-13,45557,10.726741518441289,0.0,0.0,0.0,0.0,0.0,0.0,0.0,0.0,0.0,0.0,0.0,0.0,0.0,1,6
Manchester City,2023-06-14,35225,10.469539725292242,0.0,0.0,0.0,0.0,0.0,0.0,0.0,0.0,0.0,0.0,0.0,0.0,0.0,2,6
Manchester City,2023-06-15,32731,10.396108471647272,0.0,0.0,0.0,0.0,0.0,0.0,0.0,0.0,0.0,0.0,0.0,0.0,0.0,3,6
Manchester City,2023-06-16,25725,10.155257432638662,0.0,0.0,0.0,0.0,0.0,0.0,0.0,0.0,0.0,0.0,0.0,0.0,0.0,4,6
Manchester City,2023-06-17,22611,10.026236017795181,0.0,0.0,0.0,0.0,0.0,0.0,0.0,0.0,0.0,0.0,0.0,0.0,0.0,5,6
Manchester City,2023-06-18,19913,9.89917828094803,0.0,0.0,0.0,0.0,0.0,0.0,0.0,0.0,0.0,0.0,0.0,0.0,0.0,6,6
Manchester City,2023-06-19,20919,9.94846091817886,0.0,0.0,0.0,0.0,0.0,0.0,0.0,0.0,0.0,0.0,0.0,0.0,0.0,0,6
Manchester City,2023-06-20,18036,9.8001804826702,0.0,0.0,0.0,0.0,0.0,0.0,0.0,0.0,0.0,0.0,0.0,0.0,0.0,1,6
Manchester City,2023-06-21,20217,9.914328575714002,0.0,0.0,0.0,0.0,0.0,0.0,0.0,0.0,0.0,0.0,0.0,0.0,0.0,2,6
Manchester City,2023-06-22,18304,9.814929525554337,0.0,0.0,0.0,0.0,0.0,0.0,0.0,0.0,0.0,0.0,0.0,0.0,0.0,3,6
Manchester City,2023-06-23,15968,9.678404621840867,0.0,0.0,0.0,0.0,0.0,0.0,0.0,0.0,0.0,0.0,0.0,0.0,0.0,4,6
Manchester City,2023-06-24,13601,9.517972119735584,0.0,0.0,0.0,0.0,0.0,0.0,0.0,0.0,0.0,0.0,0.0,0.0,0.0,5,6
Manchester City,2023-06-25,15934,9.676273226851437,0.0,0.0,0.0,0.0,0.0,0.0,0.0,0.0,0.0,0.0,0.0,0.0,0.0,6,6
Manchester City,2023-06-26,20530,9.929691218032765,0.0,0.0,0.0,0.0,0.0,0.0,0.0,0.0,0.0,0.0,0.0,0.0,0.0,0,6
Manchester City,2023-06-27,24064,10.088513781737209,0.0,0.0,0.0,0.0,0.0,0.0,0.0,0.0,0.0,0.0,0.0,0.0,0.0,1,6
Manchester City,2023-06-28,22014,9.999479318189854,0.0,0.0,0.0,0.0,0.0,0.0,0.0,0.0,0.0,0.0,0.0,0.0,0.0,2,6
Manchester City,2023-06-29,34819,10.45794721332218,0.0,0.0,0.0,0.0,0.0,0.0,0.0,0.0,0.0,0.0,0.0,0.0,0.0,3,6
Manchester City,2023-06-30,19558,9.881190817537517,0.0,0.0,0.0,0.0,0.0,0.0,0.0,0.0,0.0,0.0,0.0,0.0,0.0,4,6
Tottenham,2019-08-01,10524,9.261508658550582,0.0,0.0,0.0,0.0,0.0,0.0,0.0,0.0,0.0,0.0,0.0,0.0,0.0,3,8
Tottenham,2019-08-02,7365,8.904630097005011,0.0,0.0,0.0,0.0,0.0,0.0,0.0,0.0,0.0,0.0,0.0,0.0,0.0,4,8
Tottenham,2019-08-03,6565,8.789660098061537,0.0,0.0,0.0,0.0,0.0,0.0,0.0,0.0,0.0,0.0,0.0,0.0,0.0,5,8
Tottenham,2019-08-04,9000,9.105090961257085,0.0,0.0,0.0,0.0,0.0,0.0,0.0,0.0,0.0,0.0,0.0,0.0,0.0,6,8
Tottenham,2019-08-05,8930,9.097283649683886,0.0,0.0,0.0,0.0,0.0,0.0,0.0,0.0,0.0,0.0,0.0,0.0,0.0,0,8
Tottenham,2019-08-06,11023,9.30782999325344,0.0,0.0,0.0,0.0,0.0,0.0,0.0,0.0,0.0,0.0,0.0,0.0,0.0,1,8
Tottenham,2019-08-07,13090,9.479680250180099,0.0,0.0,0.0,0.0,0.0,0.0,0.0,0.0,0.0,0.0,0.0,0.0,0.0,2,8
Tottenham,2019-08-08,31959,10.37224039988021,0.0,0.0,0.0,0.0,0.0,0.0,0.0,0.0,0.0,0.0,0.0,0.0,0.0,3,8
Tottenham,2019-08-09,23114,10.048237036422325,0.0,0.0,0.0,0.0,0.0,0.0,0.0,0.0,0.0,0.0,0.0,0.0,0.0,4,8
Tottenham,2019-08-10,25661,10.152766577454964,1.0,1.0,3.0,1.0,2.0,1.0,0.0,0.0,0.0,0.0,0.0,0.0,3.0,5,8
Tottenham,2019-08-11,14821,9.603867842511304,0.0,0.0,0.0,0.0,0.0,0.0,0.0,0.0,1.0,1.0,0.0,0.0,3.0,6,8
Tottenham,2019-08-12,9960,9.206432747145165,0.0,0.0,0.0,0.0,0.0,0.0,0.0,0.0,0.0,0.0,0.0,0.0,3.0,0,8
Tottenham,2019-08-13,7678,8.946244609330543,0.0,0.0,0.0,0.0,0.0,0.0,0.0,0.0,0.0,0.0,0.0,0.0,3.0,1,8
Tottenham,2019-08-14,7675,8.94585385712759,0.0,0.0,0.0,0.0,0.0,0.0,0.0,0.0,0.0,0.0,0.0,0.0,3.0,2,8
Tottenham,2019-08-15,7241,8.887652690325586,0.0,0.0,0.0,0.0,0.0,0.0,0.0,0.0,0.0,0.0,0.0,0.0,0.0,3,8
Tottenham,2019-08-16,7394,8.9085593751449,0.0,0.0,0.0,0.0,0.0,0.0,0.0,0.0,0.0,0.0,0.0,0.0,0.0,4,8
Tottenham,2019-08-17,14870,9.607168286688683,1.0,0.0,2.0,2.0,0.0,0.0,1.0,0.0,0.0,0.0,0.0,0.0,1.0,5,8
Tottenham,2019-08-18,8657,9.066239028001926,0.0,0.0,0.0,0.0,0.0,0.0,0.0,0.0,1.0,0.0,1.0,0.0,1.0,6,8
Tottenham,2019-08-19,7358,8.903679332926599,0.0,0.0,0.0,0.0,0.0,0.0,0.0,0.0,0.0,0.0,0.0,0.0,1.0,0,8
Tottenham,2019-08-20,6620,8.798001694924846,0.0,0.0,0.0,0.0,0.0,0.0,0.0,0.0,0.0,0.0,0.0,0.0,1.0,1,8
Tottenham,2019-08-21,5921,8.686429508661536,0.0,0.0,0.0,0.0,0.0,0.0,0.0,0.0,0.0,0.0,0.0,0.0,1.0,2,8
Tottenham,2019-08-22,7036,8.85893722196655,0.0,0.0,0.0,0.0,0.0,0.0,0.0,0.0,0.0,0.0,0.0,0.0,0.0,3,8
Tottenham,2019-08-23,6040,8.706324840138741,0.0,0.0,0.0,0.0,0.0,0.0,0.0,0.0,0.0,0.0,0.0,0.0,0.0,4,8
Tottenham,2019-08-24,6243,8.739376281635323,0.0,0.0,0.0,0.0,0.0,0.0,0.0,0.0,0.0,0.0,0.0,0.0,0.0,5,8
Tottenham,2019-08-25,11595,9.358415490041546,1.0,1.0,0.0,1.0,-1.0,0.0,0.0,1.0,0.0,0.0,0.0,0.0,0.0,6,8
Tottenham,2019-08-26,8658,9.066354521447801,0.0,0.0,0.0,0.0,0.0,0.0,0.0,0.0,1.0,0.0,0.0,1.0,0.0,0,8
Tottenham,2019-08-27,6264,8.742733867330168,0.0,0.0,0.0,0.0,0.0,0.0,0.0,0.0,0.0,0.0,0.0,0.0,0.0,1,8
Tottenham,2019-08-28,6406,8.765146421639022,0.0,0.0,0.0,0.0,0.0,0.0,0.0,0.0,0.0,0.0,0.0,0.0,0.0,2,8
Tottenham,2019-08-29,7975,8.984192311641674,0.0,0.0,0.0,0.0,0.0,0.0,0.0,0.0,0.0,0.0,0.0,0.0,0.0,3,8
Tottenham,2019-08-30,7183,8.879611609982035,0.0,0.0,0.0,0.0,0.0,0.0,0.0,0.0,0.0,0.0,0.0,0.0,0.0,4,8
Tottenham,2019-08-31,7196,8.881419551507804,0.0,0.0,0.0,0.0,0.0,0.0,0.0,0.0,0.0,0.0,0.0,0.0,0.0,5,8
Tottenham,2019-09-01,15262,9.633186877915122,1.0,0.0,2.0,2.0,0.0,0.0,1.0,0.0,0.0,0.0,0.0,0.0,1.0,6,9
Tottenham,2019-09-02,7615,8.938006576471201,0.0,0.0,0.0,0.0,0.0,0.0,0.0,0.0,1.0,0.0,1.0,0.0,1.0,0,9
Tottenham,2019-09-03,6800,8.824824939175638,0.0,0.0,0.0,0.0,0.0,0.0,0.0,0.0,0.0,0.0,0.0,0.0,1.0,1,9
Tottenham,2019-09-04,6116,8.718827059242566,0.0,0.0,0.0,0.0,0.0,0.0,0.0,0.0,0.0,0.0,0.0,0.0,1.0,2,9
Tottenham,2019-09-05,6124,8.720134035412928,0.0,0.0,0.0,0.0,0.0,0.0,0.0,0.0,0.0,0.0,0.0,0.0,1.0,3,9
Tottenham,2019-09-06,4255,8.35608503102148,0.0,0.0,0.0,0.0,0.0,0.0,0.0,0.0,0.0,0.0,0.0,0.0,0.0,4,9
Tottenham,2019-09-07,4693,8.454040376410969,0.0,0.0,0.0,0.0,0.0,0.0,0.0,0.0,0.0,0.0,0.0,0.0,0.0,5,9
Tottenham,2019-09-08,4829,8.482601746646619,0.0,0.0,0.0,0.0,0.0,0.0,0.0,0.0,0.0,0.0,0.0,0.0,0.0,6,9
Tottenham,2019-09-09,4201,8.343315881404946,0.0,0.0,0.0,0.0,0.0,0.0,0.0,0.0,0.0,0.0,0.0,0.0,0.0,0,9
Tottenham,2019-09-10,4406,8.390949464841986,0.0,0.0,0.0,0.0,0.0,0.0,0.0,0.0,0.0,0.0,0.0,0.0,0.0,1,9
Tottenham,2019-09-11,4148,8.330622620332868,0.0,0.0,0.0,0.0,0.0,0.0,0.0,0.0,0.0,0.0,0.0,0.0,0.0,2,9
Tottenham,2019-09-12,4204,8.344029572407049,0.0,0.0,0.0,0.0,0.0,0.0,0.0,0.0,0.0,0.0,0.0,0.0,0.0,3,9
Tottenham,2019-09-13,3932,8.27715777243181,0.0,0.0,0.0,0.0,0.0,0.0,0.0,0.0,0.0,0.0,0.0,0.0,0.0,4,9
Tottenham,2019-09-14,7028,8.857799727175905,1.0,1.0,4.0,0.0,4.0,1.0,0.0,0.0,0.0,0.0,0.0,0.0,3.0,5,9
Tottenham,2019-09-15,6839,8.830543010616596,0.0,0.0,0.0,0.0,0.0,0.0,0.0,0.0,1.0,1.0,0.0,0.0,3.0,6,9
Tottenham,2019-09-16,5588,8.628555659269699,0.0,0.0,0.0,0.0,0.0,0.0,0.0,0.0,0.0,0.0,0.0,0.0,3.0,0,9
Tottenham,2019-09-17,5705,8.649273531773446,0.0,0.0,0.0,0.0,0.0,0.0,0.0,0.0,0.0,0.0,0.0,0.0,3.0,1,9
Tottenham,2019-09-18,8472,9.044639916198465,0.0,0.0,0.0,0.0,0.0,0.0,0.0,0.0,0.0,0.0,0.0,0.0,3.0,2,9
Tottenham,2019-09-19,6166,8.726967774991493,0.0,0.0,0.0,0.0,0.0,0.0,0.0,0.0,0.0,0.0,0.0,0.0,0.0,3,9
Tottenham,2019-09-20,4706,8.456806041401142,0.0,0.0,0.0,0.0,0.0,0.0,0.0,0.0,0.0,0.0,0.0,0.0,0.0,4,9
Tottenham,2019-09-21,8551,9.053920452704881,1.0,0.0,1.0,2.0,-1.0,0.0,0.0,1.0,0.0,0.0,0.0,0.0,0.0,5,9
Tottenham,2019-09-22,6650,8.802522498284421,0.0,0.0,0.0,0.0,0.0,0.0,0.0,0.0,1.0,0.0,0.0,1.0,0.0,6,9
Tottenham,2019-09-23,5382,8.591001118560957,0.0,0.0,0.0,0.0,0.0,0.0,0.0,0.0,0.0,0.0,0.0,0.0,0.0,0,9
Tottenham,2019-09-24,7443,8.915163617762142,0.0,0.0,0.0,0.0,0.0,0.0,0.0,0.0,0.0,0.0,0.0,0.0,0.0,1,9
Tottenham,2019-09-25,7454,8.916640227198839,0.0,0.0,0.0,0.0,0.0,0.0,0.0,0.0,0.0,0.0,0.0,0.0,0.0,2,9
Tottenham,2019-09-26,5118,8.540714386457584,0.0,0.0,0.0,0.0,0.0,0.0,0.0,0.0,0.0,0.0,0.0,0.0,0.0,3,9
Tottenham,2019-09-27,4658,8.446556111816797,0.0,0.0,0.0,0.0,0.0,0.0,0.0,0.0,0.0,0.0,0.0,0.0,0.0,4,9
Tottenham,2019-09-28,6353,8.756839814829462,1.0,1.0,2.0,1.0,1.0,1.0,0.0,0.0,0.0,0.0,0.0,0.0,3.0,5,9
Tottenham,2019-09-29,5213,8.559102594493448,0.0,0.0,0.0,0.0,0.0,0.0,0.0,0.0,1.0,1.0,0.0,0.0,3.0,6,9
Tottenham,2019-09-30,5033,8.523970175695261,0.0,0.0,0.0,0.0,0.0,0.0,0.0,0.0,0.0,0.0,0.0,0.0,3.0,0,9
Tottenham,2019-10-01,12947,9.468696615046134,0.0,0.0,0.0,0.0,0.0,0.0,0.0,0.0,0.0,0.0,0.0,0.0,3.0,1,10
Tottenham,2019-10-02,11431,9.344171719609703,0.0,0.0,0.0,0.0,0.0,0.0,0.0,0.0,0.0,0.0,0.0,0.0,3.0,2,10
Tottenham,2019-10-03,5954,8.691986481789401,0.0,0.0,0.0,0.0,0.0,0.0,0.0,0.0,0.0,0.0,0.0,0.0,0.0,3,10
Tottenham,2019-10-04,5887,8.680671660408713,0.0,0.0,0.0,0.0,0.0,0.0,0.0,0.0,0.0,0.0,0.0,0.0,0.0,4,10
Tottenham,2019-10-05,13372,9.500993027872797,1.0,0.0,0.0,3.0,-3.0,0.0,0.0,1.0,0.0,0.0,0.0,0.0,0.0,5,10
Tottenham,2019-10-06,11200,9.32375833901174,0.0,0.0,0.0,0.0,0.0,0.0,0.0,0.0,1.0,0.0,0.0,1.0,0.0,6,10
Tottenham,2019-10-07,8014,8.989070065043654,0.0,0.0,0.0,0.0,0.0,0.0,0.0,0.0,0.0,0.0,0.0,0.0,0.0,0,10
Tottenham,2019-10-08,5836,8.671972245203792,0.0,0.0,0.0,0.0,0.0,0.0,0.0,0.0,0.0,0.0,0.0,0.0,0.0,1,10
Tottenham,2019-10-09,4476,8.406708458240965,0.0,0.0,0.0,0.0,0.0,0.0,0.0,0.0,0.0,0.0,0.0,0.0,0.0,2,10
Tottenham,2019-10-10,4145,8.329899292995725,0.0,0.0,0.0,0.0,0.0,0.0,0.0,0.0,0.0,0.0,0.0,0.0,0.0,3,10
Tottenham,2019-10-11,4130,8.326274787396764,0.0,0.0,0.0,0.0,0.0,0.0,0.0,0.0,0.0,0.0,0.0,0.0,0.0,4,10
Tottenham,2019-10-12,3656,8.204398418149381,0.0,0.0,0.0,0.0,0.0,0.0,0.0,0.0,0.0,0.0,0.0,0.0,0.0,5,10
Tottenham,2019-10-13,6127,8.720623711420426,0.0,0.0,0.0,0.0,0.0,0.0,0.0,0.0,0.0,0.0,0.0,0.0,0.0,6,10
Tottenham,2019-10-14,5241,8.564458383883352,0.0,0.0,0.0,0.0,0.0,0.0,0.0,0.0,0.0,0.0,0.0,0.0,0.0,0,10
Tottenham,2019-10-15,4587,8.431199478249262,0.0,0.0,0.0,0.0,0.0,0.0,0.0,0.0,0.0,0.0,0.0,0.0,0.0,1,10
Tottenham,2019-10-16,4665,8.448057452581375,0.0,0.0,0.0,0.0,0.0,0.0,0.0,0.0,0.0,0.0,0.0,0.0,0.0,2,10
Tottenham,2019-10-17,4393,8.387995252944556,0.0,0.0,0.0,0.0,0.0,0.0,0.0,0.0,0.0,0.0,0.0,0.0,0.0,3,10
Tottenham,2019-10-18,4058,8.308691916838898,0.0,0.0,0.0,0.0,0.0,0.0,0.0,0.0,0.0,0.0,0.0,0.0,0.0,4,10
Tottenham,2019-10-19,6784,8.82246957226897,1.0,1.0,1.0,1.0,0.0,0.0,1.0,0.0,0.0,0.0,0.0,0.0,1.0,5,10
Tottenham,2019-10-20,6119,8.719317375506371,0.0,0.0,0.0,0.0,0.0,0.0,0.0,0.0,1.0,0.0,1.0,0.0,1.0,6,10
Tottenham,2019-10-21,5415,8.59711281459211,0.0,0.0,0.0,0.0,0.0,0.0,0.0,0.0,0.0,0.0,0.0,0.0,1.0,0,10
Tottenham,2019-10-22,8504,9.048409504829962,0.0,0.0,0.0,0.0,0.0,0.0,0.0,0.0,0.0,0.0,0.0,0.0,1.0,1,10
Tottenham,2019-10-23,6247,8.740016691519521,0.0,0.0,0.0,0.0,0.0,0.0,0.0,0.0,0.0,0.0,0.0,0.0,1.0,2,10
Tottenham,2019-10-24,5460,8.605387202152153,0.0,0.0,0.0,0.0,0.0,0.0,0.0,0.0,0.0,0.0,0.0,0.0,0.0,3,10
Tottenham,2019-10-25,4733,8.46252579007393,0.0,0.0,0.0,0.0,0.0,0.0,0.0,0.0,0.0,0.0,0.0,0.0,0.0,4,10
Tottenham,2019-10-26,4602,8.434463543817241,0.0,0.0,0.0,0.0,0.0,0.0,0.0,0.0,0.0,0.0,0.0,0.0,0.0,5,10
Tottenham,2019-10-27,12194,9.40878131065002,1.0,0.0,1.0,2.0,-1.0,0.0,0.0,1.0,0.0,0.0,0.0,0.0,0.0,6,10
Tottenham,2019-10-28,6681,8.807172622916703,0.0,0.0,0.0,0.0,0.0,0.0,0.0,0.0,1.0,0.0,0.0,1.0,0.0,0,10
Tottenham,2019-10-29,5183,8.55333223803211,0.0,0.0,0.0,0.0,0.0,0.0,0.0,0.0,0.0,0.0,0.0,0.0,0.0,1,10
Tottenham,2019-10-30,4514,8.415160465851086,0.0,0.0,0.0,0.0,0.0,0.0,0.0,0.0,0.0,0.0,0.0,0.0,0.0,2,10
Tottenham,2019-10-31,3816,8.247220052745229,0.0,0.0,0.0,0.0,0.0,0.0,0.0,0.0,0.0,0.0,0.0,0.0,0.0,3,10
Tottenham,2019-11-01,3689,8.213381737034572,0.0,0.0,0.0,0.0,0.0,0.0,0.0,0.0,0.0,0.0,0.0,0.0,0.0,4,11
Tottenham,2019-11-02,4449,8.400659375160286,0.0,0.0,0.0,0.0,0.0,0.0,0.0,0.0,0.0,0.0,0.0,0.0,0.0,5,11
Tottenham,2019-11-03,8689,9.069928218259438,1.0,0.0,1.0,1.0,0.0,0.0,1.0,0.0,0.0,0.0,0.0,0.0,1.0,6,11
Tottenham,2019-11-04,5629,8.635864721133736,0.0,0.0,0.0,0.0,0.0,0.0,0.0,0.0,1.0,0.0,1.0,0.0,1.0,0,11
Tottenham,2019-11-05,5214,8.559294367434873,0.0,0.0,0.0,0.0,0.0,0.0,0.0,0.0,0.0,0.0,0.0,0.0,1.0,1,11
Tottenham,2019-11-06,6958,8.84779106484485,0.0,0.0,0.0,0.0,0.0,0.0,0.0,0.0,0.0,0.0,0.0,0.0,1.0,2,11
Tottenham,2019-11-07,6314,8.750683034784592,0.0,0.0,0.0,0.0,0.0,0.0,0.0,0.0,0.0,0.0,0.0,0.0,1.0,3,11
Tottenham,2019-11-08,4672,8.449556542700426,0.0,0.0,0.0,0.0,0.0,0.0,0.0,0.0,0.0,0.0,0.0,0.0,0.0,4,11
Tottenham,2019-11-09,7438,8.914491710191342,1.0,1.0,1.0,1.0,0.0,0.0,1.0,0.0,0.0,0.0,0.0,0.0,1.0,5,11
Tottenham,2019-11-10,6200,8.732465848349879,0.0,0.0,0.0,0.0,0.0,0.0,0.0,0.0,1.0,0.0,1.0,0.0,1.0,6,11
Tottenham,2019-11-11,5307,8.576970395452099,0.0,0.0,0.0,0.0,0.0,0.0,0.0,0.0,0.0,0.0,0.0,0.0,1.0,0,11
Tottenham,2019-11-12,4694,8.454253391642363,0.0,0.0,0.0,0.0,0.0,0.0,0.0,0.0,0.0,0.0,0.0,0.0,1.0,1,11
Tottenham,2019-11-13,4807,8.478036476215044,0.0,0.0,0.0,0.0,0.0,0.0,0.0,0.0,0.0,0.0,0.0,0.0,1.0,2,11
Tottenham,2019-11-14,4753,8.46674164792014,0.0,0.0,0.0,0.0,0.0,0.0,0.0,0.0,0.0,0.0,0.0,0.0,0.0,3,11
Tottenham,2019-11-15,3744,8.22817689595132,0.0,0.0,0.0,0.0,0.0,0.0,0.0,0.0,0.0,0.0,0.0,0.0,0.0,4,11
Tottenham,2019-11-16,3626,8.196161139282902,0.0,0.0,0.0,0.0,0.0,0.0,0.0,0.0,0.0,0.0,0.0,0.0,0.0,5,11
Tottenham,2019-11-17,4179,8.338066525518801,0.0,0.0,0.0,0.0,0.0,0.0,0.0,0.0,0.0,0.0,0.0,0.0,0.0,6,11
Tottenham,2019-11-18,3931,8.276903481267057,0.0,0.0,0.0,0.0,0.0,0.0,0.0,0.0,0.0,0.0,0.0,0.0,0.0,0,11
Tottenham,2019-11-19,20431,9.92485757827232,0.0,0.0,0.0,0.0,0.0,0.0,0.0,0.0,0.0,0.0,0.0,0.0,0.0,1,11
Tottenham,2019-11-20,82426,11.319668332128417,0.0,0.0,0.0,0.0,0.0,0.0,0.0,0.0,0.0,0.0,0.0,0.0,0.0,2,11
Tottenham,2019-11-21,35569,10.4792578649425,0.0,0.0,0.0,0.0,0.0,0.0,0.0,0.0,0.0,0.0,0.0,0.0,0.0,3,11
Tottenham,2019-11-22,19508,9.878631176537262,0.0,0.0,0.0,0.0,0.0,0.0,0.0,0.0,0.0,0.0,0.0,0.0,0.0,4,11
Tottenham,2019-11-23,25063,10.129187832632027,1.0,0.0,3.0,2.0,1.0,1.0,0.0,0.0,0.0,0.0,0.0,0.0,3.0,5,11
Tottenham,2019-11-24,12934,9.46769209462013,0.0,0.0,0.0,0.0,0.0,0.0,0.0,0.0,1.0,1.0,0.0,0.0,3.0,6,11
Tottenham,2019-11-25,10096,9.219993629004321,0.0,0.0,0.0,0.0,0.0,0.0,0.0,0.0,0.0,0.0,0.0,0.0,3.0,0,11
Tottenham,2019-11-26,13195,9.487669032348473,0.0,0.0,0.0,0.0,0.0,0.0,0.0,0.0,0.0,0.0,0.0,0.0,3.0,1,11
Tottenham,2019-11-27,11132,9.317668949728708,0.0,0.0,0.0,0.0,0.0,0.0,0.0,0.0,0.0,0.0,0.0,0.0,3.0,2,11
Tottenham,2019-11-28,6952,8.846928500099018,0.0,0.0,0.0,0.0,0.0,0.0,0.0,0.0,0.0,0.0,0.0,0.0,0.0,3,11
Tottenham,2019-11-29,7451,8.916237731721479,0.0,0.0,0.0,0.0,0.0,0.0,0.0,0.0,0.0,0.0,0.0,0.0,0.0,4,11
Tottenham,2019-11-30,10767,9.284334051884509,1.0,1.0,3.0,2.0,1.0,1.0,0.0,0.0,0.0,0.0,0.0,0.0,3.0,5,11
Tottenham,2019-12-01,8239,9.016755622903517,0.0,0.0,0.0,0.0,0.0,0.0,0.0,0.0,1.0,1.0,0.0,0.0,3.0,6,12
Tottenham,2019-12-02,7100,8.867990898182093,0.0,0.0,0.0,0.0,0.0,0.0,0.0,0.0,0.0,0.0,0.0,0.0,3.0,0,12
Tottenham,2019-12-03,6530,8.784315349902657,0.0,0.0,0.0,0.0,0.0,0.0,0.0,0.0,0.0,0.0,0.0,0.0,3.0,1,12
Tottenham,2019-12-04,9953,9.2057297594185,1.0,0.0,1.0,2.0,-1.0,0.0,0.0,1.0,0.0,0.0,0.0,0.0,3.0,2,12
Tottenham,2019-12-05,6522,8.783089671796096,0.0,0.0,0.0,0.0,0.0,0.0,0.0,0.0,1.0,0.0,0.0,1.0,0.0,3,12
Tottenham,2019-12-06,5095,8.536211197252,0.0,0.0,0.0,0.0,0.0,0.0,0.0,0.0,0.0,0.0,0.0,0.0,0.0,4,12
Tottenham,2019-12-07,9906,9.20099685697303,1.0,1.0,5.0,0.0,5.0,1.0,0.0,0.0,0.0,0.0,0.0,0.0,3.0,5,12
Tottenham,2019-12-08,9159,9.122601457668177,0.0,0.0,0.0,0.0,0.0,0.0,0.0,0.0,1.0,1.0,0.0,0.0,3.0,6,12
Tottenham,2019-12-09,6831,8.829372735468406,0.0,0.0,0.0,0.0,0.0,0.0,0.0,0.0,0.0,0.0,0.0,0.0,3.0,0,12
Tottenham,2019-12-10,6033,8.705165419719007,0.0,0.0,0.0,0.0,0.0,0.0,0.0,0.0,0.0,0.0,0.0,0.0,3.0,1,12
Tottenham,2019-12-11,8734,9.075093222568157,0.0,0.0,0.0,0.0,0.0,0.0,0.0,0.0,0.0,0.0,0.0,0.0,3.0,2,12
Tottenham,2019-12-12,5952,8.69165057315339,0.0,0.0,0.0,0.0,0.0,0.0,0.0,0.0,0.0,0.0,0.0,0.0,0.0,3,12
Tottenham,2019-12-13,4624,8.439231649946526,0.0,0.0,0.0,0.0,0.0,0.0,0.0,0.0,0.0,0.0,0.0,0.0,0.0,4,12
Tottenham,2019-12-14,5130,8.543055850941965,0.0,0.0,0.0,0.0,0.0,0.0,0.0,0.0,0.0,0.0,0.0,0.0,0.0,5,12
Tottenham,2019-12-15,8048,8.993303139093733,1.0,0.0,2.0,1.0,1.0,1.0,0.0,0.0,0.0,0.0,0.0,0.0,3.0,6,12
Tottenham,2019-12-16,7742,8.954544488386723,0.0,0.0,0.0,0.0,0.0,0.0,0.0,0.0,1.0,1.0,0.0,0.0,3.0,0,12
Tottenham,2019-12-17,7808,8.963032193662675,0.0,0.0,0.0,0.0,0.0,0.0,0.0,0.0,0.0,0.0,0.0,0.0,3.0,1,12
Tottenham,2019-12-18,6870,8.835064935031076,0.0,0.0,0.0,0.0,0.0,0.0,0.0,0.0,0.0,0.0,0.0,0.0,3.0,2,12
Tottenham,2019-12-19,4964,8.510168576479273,0.0,0.0,0.0,0.0,0.0,0.0,0.0,0.0,0.0,0.0,0.0,0.0,3.0,3,12
Tottenham,2019-12-20,5521,8.6164953924901,0.0,0.0,0.0,0.0,0.0,0.0,0.0,0.0,0.0,0.0,0.0,0.0,0.0,4,12
Tottenham,2019-12-21,6572,8.790725628263576,0.0,0.0,0.0,0.0,0.0,0.0,0.0,0.0,0.0,0.0,0.0,0.0,0.0,5,12
Tottenham,2019-12-22,13334,9.498147436616115,1.0,1.0,0.0,2.0,-2.0,0.0,0.0,1.0,0.0,0.0,0.0,0.0,0.0,6,12
Tottenham,2019-12-23,6689,8.808369153122275,0.0,0.0,0.0,0.0,0.0,0.0,0.0,0.0,1.0,0.0,0.0,1.0,0.0,0,12
Tottenham,2019-12-24,5012,8.519789817263504,0.0,0.0,0.0,0.0,0.0,0.0,0.0,0.0,0.0,0.0,0.0,0.0,0.0,1,12
Tottenham,2019-12-25,4812,8.47907586930311,0.0,0.0,0.0,0.0,0.0,0.0,0.0,0.0,0.0,0.0,0.0,0.0,0.0,2,12
Tottenham,2019-12-26,11666,9.364519622823858,1.0,1.0,2.0,1.0,1.0,1.0,0.0,0.0,0.0,0.0,0.0,0.0,3.0,3,12
Tottenham,2019-12-27,8415,9.03788993497749,0.0,0.0,0.0,0.0,0.0,0.0,0.0,0.0,1.0,1.0,0.0,0.0,3.0,4,12
Tottenham,2019-12-28,10556,9.264544425989694,1.0,0.0,2.0,2.0,0.0,0.0,1.0,0.0,0.0,0.0,0.0,0.0,4.0,5,12
Tottenham,2019-12-29,7745,8.954931860074698,0.0,0.0,0.0,0.0,0.0,0.0,0.0,0.0,1.0,0.0,1.0,0.0,4.0,6,12
Tottenham,2019-12-30,6523,8.783242963740905,0.0,0.0,0.0,0.0,0.0,0.0,0.0,0.0,0.0,0.0,0.0,0.0,4.0,0,12
Tottenham,2019-12-31,5678,8.644530439877432,0.0,0.0,0.0,0.0,0.0,0.0,0.0,0.0,0.0,0.0,0.0,0.0,1.0,1,12
Tottenham,2020-01-01,8764,9.078521797355334,1.0,0.0,0.0,1.0,-1.0,0.0,0.0,1.0,0.0,0.0,0.0,0.0,1.0,2,1
Tottenham,2020-01-02,7313,8.897545598709327,0.0,0.0,0.0,0.0,0.0,0.0,0.0,0.0,1.0,0.0,0.0,1.0,0.0,3,1
Tottenham,2020-01-03,6442,8.770749549138642,0.0,0.0,0.0,0.0,0.0,0.0,0.0,0.0,0.0,0.0,0.0,0.0,0.0,4,1
Tottenham,2020-01-04,5723,8.652423140676342,0.0,0.0,0.0,0.0,0.0,0.0,0.0,0.0,0.0,0.0,0.0,0.0,0.0,5,1
Tottenham,2020-01-05,7660,8.94389780251682,0.0,0.0,0.0,0.0,0.0,0.0,0.0,0.0,0.0,0.0,0.0,0.0,0.0,6,1
Tottenham,2020-01-06,5547,8.621192781434722,0.0,0.0,0.0,0.0,0.0,0.0,0.0,0.0,0.0,0.0,0.0,0.0,0.0,0,1
Tottenham,2020-01-07,5115,8.540128162698734,0.0,0.0,0.0,0.0,0.0,0.0,0.0,0.0,0.0,0.0,0.0,0.0,0.0,1,1
Tottenham,2020-01-08,4719,8.459564078579602,0.0,0.0,0.0,0.0,0.0,0.0,0.0,0.0,0.0,0.0,0.0,0.0,0.0,2,1
Tottenham,2020-01-09,4896,8.496378051702317,0.0,0.0,0.0,0.0,0.0,0.0,0.0,0.0,0.0,0.0,0.0,0.0,0.0,3,1
Tottenham,2020-01-10,5772,8.660947155060933,0.0,0.0,0.0,0.0,0.0,0.0,0.0,0.0,0.0,0.0,0.0,0.0,0.0,4,1
Tottenham,2020-01-11,15443,9.644975857384127,1.0,1.0,0.0,1.0,-1.0,0.0,0.0,1.0,0.0,0.0,0.0,0.0,0.0,5,1
Tottenham,2020-01-12,7567,8.931684110731714,0.0,0.0,0.0,0.0,0.0,0.0,0.0,0.0,1.0,0.0,0.0,1.0,0.0,6,1
Tottenham,2020-01-13,6347,8.7558950816463,0.0,0.0,0.0,0.0,0.0,0.0,0.0,0.0,0.0,0.0,0.0,0.0,0.0,0,1
Tottenham,2020-01-14,12083,9.399637542506563,0.0,0.0,0.0,0.0,0.0,0.0,0.0,0.0,0.0,0.0,0.0,0.0,0.0,1,1
Tottenham,2020-01-15,11231,9.326522126265592,0.0,0.0,0.0,0.0,0.0,0.0,0.0,0.0,0.0,0.0,0.0,0.0,0.0,2,1
Tottenham,2020-01-16,6665,8.804775258867686,0.0,0.0,0.0,0.0,0.0,0.0,0.0,0.0,0.0,0.0,0.0,0.0,0.0,3,1
Tottenham,2020-01-17,5546,8.621012520055235,0.0,0.0,0.0,0.0,0.0,0.0,0.0,0.0,0.0,0.0,0.0,0.0,0.0,4,1
Tottenham,2020-01-18,8424,9.038958755220563,1.0,0.0,0.0,0.0,0.0,0.0,1.0,0.0,0.0,0.0,0.0,0.0,1.0,5,1
Tottenham,2020-01-19,5580,8.627123250788433,0.0,0.0,0.0,0.0,0.0,0.0,0.0,0.0,1.0,0.0,1.0,0.0,1.0,6,1
Tottenham,2020-01-20,4939,8.505120610181969,0.0,0.0,0.0,0.0,0.0,0.0,0.0,0.0,0.0,0.0,0.0,0.0,1.0,0,1
Tottenham,2020-01-21,5419,8.597851094433691,0.0,0.0,0.0,0.0,0.0,0.0,0.0,0.0,0.0,0.0,0.0,0.0,1.0,1,1
Tottenham,2020-01-22,6812,8.826587830773668,1.0,1.0,2.0,1.0,1.0,1.0,0.0,0.0,0.0,0.0,0.0,0.0,4.0,2,1
Tottenham,2020-01-23,6639,8.80086724247048,0.0,0.0,0.0,0.0,0.0,0.0,0.0,0.0,1.0,1.0,0.0,0.0,3.0,3,1
Tottenham,2020-01-24,5968,8.69433468816865,0.0,0.0,0.0,0.0,0.0,0.0,0.0,0.0,0.0,0.0,0.0,0.0,3.0,4,1
Tottenham,2020-01-25,6687,8.808070154764538,0.0,0.0,0.0,0.0,0.0,0.0,0.0,0.0,0.0,0.0,0.0,0.0,3.0,5,1
Tottenham,2020-01-26,5437,8.601166625192416,0.0,0.0,0.0,0.0,0.0,0.0,0.0,0.0,0.0,0.0,0.0,0.0,3.0,6,1
Tottenham,2020-01-27,5549,8.62155320674048,0.0,0.0,0.0,0.0,0.0,0.0,0.0,0.0,0.0,0.0,0.0,0.0,0.0,0,1
Tottenham,2020-01-28,10104,9.22078562983772,0.0,0.0,0.0,0.0,0.0,0.0,0.0,0.0,0.0,0.0,0.0,0.0,0.0,1,1
Tottenham,2020-01-29,13780,9.531046110875145,0.0,0.0,0.0,0.0,0.0,0.0,0.0,0.0,0.0,0.0,0.0,0.0,0.0,2,1
Tottenham,2020-01-30,10085,9.21890360263667,0.0,0.0,0.0,0.0,0.0,0.0,0.0,0.0,0.0,0.0,0.0,0.0,0.0,3,1
Tottenham,2020-01-31,8796,9.082166033252674,0.0,0.0,0.0,0.0,0.0,0.0,0.0,0.0,0.0,0.0,0.0,0.0,0.0,4,1
Tottenham,2020-02-01,8194,9.01127949117793,0.0,0.0,0.0,0.0,0.0,0.0,0.0,0.0,0.0,0.0,0.0,0.0,0.0,5,2
Tottenham,2020-02-02,17901,9.792667717430884,1.0,1.0,2.0,0.0,2.0,1.0,0.0,0.0,0.0,0.0,0.0,0.0,3.0,6,2
Tottenham,2020-02-03,10919,9.298351249298896,0.0,0.0,0.0,0.0,0.0,0.0,0.0,0.0,1.0,1.0,0.0,0.0,3.0,0,2
Tottenham,2020-02-04,6924,8.842893331055539,0.0,0.0,0.0,0.0,0.0,0.0,0.0,0.0,0.0,0.0,0.0,0.0,3.0,1,2
Tottenham,2020-02-05,9562,9.165656764349542,0.0,0.0,0.0,0.0,0.0,0.0,0.0,0.0,0.0,0.0,0.0,0.0,3.0,2,2
Tottenham,2020-02-06,8433,9.040026434306505,0.0,0.0,0.0,0.0,0.0,0.0,0.0,0.0,0.0,0.0,0.0,0.0,3.0,3,2
Tottenham,2020-02-07,6040,8.706324840138741,0.0,0.0,0.0,0.0,0.0,0.0,0.0,0.0,0.0,0.0,0.0,0.0,0.0,4,2
Tottenham,2020-02-08,5354,8.585785982881848,0.0,0.0,0.0,0.0,0.0,0.0,0.0,0.0,0.0,0.0,0.0,0.0,0.0,5,2
Tottenham,2020-02-09,5090,8.535229553902337,0.0,0.0,0.0,0.0,0.0,0.0,0.0,0.0,0.0,0.0,0.0,0.0,0.0,6,2
Tottenham,2020-02-10,4652,8.445267451844648,0.0,0.0,0.0,0.0,0.0,0.0,0.0,0.0,0.0,0.0,0.0,0.0,0.0,0,2
Tottenham,2020-02-11,4555,8.424200324567073,0.0,0.0,0.0,0.0,0.0,0.0,0.0,0.0,0.0,0.0,0.0,0.0,0.0,1,2
Tottenham,2020-02-12,4774,8.471149252914831,0.0,0.0,0.0,0.0,0.0,0.0,0.0,0.0,0.0,0.0,0.0,0.0,0.0,2,2
Tottenham,2020-02-13,4633,8.441175704992322,0.0,0.0,0.0,0.0,0.0,0.0,0.0,0.0,0.0,0.0,0.0,0.0,0.0,3,2
Tottenham,2020-02-14,4635,8.441607204459642,0.0,0.0,0.0,0.0,0.0,0.0,0.0,0.0,0.0,0.0,0.0,0.0,0.0,4,2
Tottenham,2020-02-15,5562,8.623892810075294,0.0,0.0,0.0,0.0,0.0,0.0,0.0,0.0,0.0,0.0,0.0,0.0,0.0,5,2
Tottenham,2020-02-16,10328,9.242710752006634,1.0,0.0,3.0,2.0,1.0,1.0,0.0,0.0,0.0,0.0,0.0,0.0,3.0,6,2
Tottenham,2020-02-17,7826,8.965334573804839,0.0,0.0,0.0,0.0,0.0,0.0,0.0,0.0,1.0,1.0,0.0,0.0,3.0,0,2
Tottenham,2020-02-18,9031,9.108529105829499,0.0,0.0,0.0,0.0,0.0,0.0,0.0,0.0,0.0,0.0,0.0,0.0,3.0,1,2
Tottenham,2020-02-19,14058,9.551018039079908,0.0,0.0,0.0,0.0,0.0,0.0,0.0,0.0,0.0,0.0,0.0,0.0,3.0,2,2
Tottenham,2020-02-20,7407,8.910315776326016,0.0,0.0,0.0,0.0,0.0,0.0,0.0,0.0,0.0,0.0,0.0,0.0,3.0,3,2
Tottenham,2020-02-21,5384,8.591372589590488,0.0,0.0,0.0,0.0,0.0,0.0,0.0,0.0,0.0,0.0,0.0,0.0,0.0,4,2
Tottenham,2020-02-22,10395,9.249176395761381,1.0,0.0,1.0,2.0,-1.0,0.0,0.0,1.0,0.0,0.0,0.0,0.0,0.0,5,2
Tottenham,2020-02-23,5546,8.621012520055235,0.0,0.0,0.0,0.0,0.0,0.0,0.0,0.0,1.0,0.0,0.0,1.0,0.0,6,2
Tottenham,2020-02-24,5402,8.594709633844065,0.0,0.0,0.0,0.0,0.0,0.0,0.0,0.0,0.0,0.0,0.0,0.0,0.0,0,2
Tottenham,2020-02-25,4969,8.511175119090675,0.0,0.0,0.0,0.0,0.0,0.0,0.0,0.0,0.0,0.0,0.0,0.0,0.0,1,2
Tottenham,2020-02-26,4759,8.468002947225466,0.0,0.0,0.0,0.0,0.0,0.0,0.0,0.0,0.0,0.0,0.0,0.0,0.0,2,2
Tottenham,2020-02-27,4632,8.440959885416648,0.0,0.0,0.0,0.0,0.0,0.0,0.0,0.0,0.0,0.0,0.0,0.0,0.0,3,2
Tottenham,2020-02-28,4293,8.364973978438726,0.0,0.0,0.0,0.0,0.0,0.0,0.0,0.0,0.0,0.0,0.0,0.0,0.0,4,2
Tottenham,2020-02-29,4687,8.452761331256848,0.0,0.0,0.0,0.0,0.0,0.0,0.0,0.0,0.0,0.0,0.0,0.0,0.0,5,2
Tottenham,2020-03-01,7575,8.932740634865914,1.0,1.0,2.0,3.0,-1.0,0.0,0.0,1.0,0.0,0.0,0.0,0.0,0.0,6,3
Tottenham,2020-03-02,5406,8.595449689382004,0.0,0.0,0.0,0.0,0.0,0.0,0.0,0.0,1.0,0.0,0.0,1.0,0.0,0,3
Tottenham,2020-03-03,5400,8.594339400592892,0.0,0.0,0.0,0.0,0.0,0.0,0.0,0.0,0.0,0.0,0.0,0.0,0.0,1,3
Tottenham,2020-03-04,9708,9.180808569370145,0.0,0.0,0.0,0.0,0.0,0.0,0.0,0.0,0.0,0.0,0.0,0.0,0.0,2,3
Tottenham,2020-03-05,8990,9.103979355984773,0.0,0.0,0.0,0.0,0.0,0.0,0.0,0.0,0.0,0.0,0.0,0.0,0.0,3,3
Tottenham,2020-03-06,5101,8.537387898701757,0.0,0.0,0.0,0.0,0.0,0.0,0.0,0.0,0.0,0.0,0.0,0.0,0.0,4,3
Tottenham,2020-03-07,7447,8.915700818956903,1.0,0.0,1.0,1.0,0.0,0.0,1.0,0.0,0.0,0.0,0.0,0.0,1.0,5,3
Tottenham,2020-03-08,6069,8.711113884053544,0.0,0.0,0.0,0.0,0.0,0.0,0.0,0.0,1.0,0.0,1.0,0.0,1.0,6,3
Tottenham,2020-03-09,5315,8.578476419833136,0.0,0.0,0.0,0.0,0.0,0.0,0.0,0.0,0.0,0.0,0.0,0.0,1.0,0,3
Tottenham,2020-03-10,12694,9.448963494138779,0.0,0.0,0.0,0.0,0.0,0.0,0.0,0.0,0.0,0.0,0.0,0.0,1.0,1,3
Tottenham,2020-03-11,9619,9.171599543659752,0.0,0.0,0.0,0.0,0.0,0.0,0.0,0.0,0.0,0.0,0.0,0.0,1.0,2,3
Tottenham,2020-03-12,4781,8.47261414801827,0.0,0.0,0.0,0.0,0.0,0.0,0.0,0.0,0.0,0.0,0.0,0.0,0.0,3,3
Tottenham,2020-03-13,3735,8.225770799348734,0.0,0.0,0.0,0.0,0.0,0.0,0.0,0.0,0.0,0.0,0.0,0.0,0.0,4,3
Tottenham,2020-03-14,3785,8.239065331769268,0.0,0.0,0.0,0.0,0.0,0.0,0.0,0.0,0.0,0.0,0.0,0.0,0.0,5,3
Tottenham,2020-03-15,4080,8.314097335405807,0.0,0.0,0.0,0.0,0.0,0.0,0.0,0.0,0.0,0.0,0.0,0.0,0.0,6,3
Tottenham,2020-03-16,3608,8.19118600464279,0.0,0.0,0.0,0.0,0.0,0.0,0.0,0.0,0.0,0.0,0.0,0.0,0.0,0,3
Tottenham,2020-03-17,3394,8.130059039992796,0.0,0.0,0.0,0.0,0.0,0.0,0.0,0.0,0.0,0.0,0.0,0.0,0.0,1,3
Tottenham,2020-03-18,3453,8.147288258706624,0.0,0.0,0.0,0.0,0.0,0.0,0.0,0.0,0.0,0.0,0.0,0.0,0.0,2,3
Tottenham,2020-03-19,3561,8.178077463849608,0.0,0.0,0.0,0.0,0.0,0.0,0.0,0.0,0.0,0.0,0.0,0.0,0.0,3,3
Tottenham,2020-03-20,3526,8.168202930236053,0.0,0.0,0.0,0.0,0.0,0.0,0.0,0.0,0.0,0.0,0.0,0.0,0.0,4,3
Tottenham,2020-03-21,4118,8.323365694436081,0.0,0.0,0.0,0.0,0.0,0.0,0.0,0.0,0.0,0.0,0.0,0.0,0.0,5,3
Tottenham,2020-03-22,3998,8.293799608846818,0.0,0.0,0.0,0.0,0.0,0.0,0.0,0.0,0.0,0.0,0.0,0.0,0.0,6,3
Tottenham,2020-03-23,3693,8.214465160759186,0.0,0.0,0.0,0.0,0.0,0.0,0.0,0.0,0.0,0.0,0.0,0.0,0.0,0,3
Tottenham,2020-03-24,4220,8.347827345782498,0.0,0.0,0.0,0.0,0.0,0.0,0.0,0.0,0.0,0.0,0.0,0.0,0.0,1,3
Tottenham,2020-03-25,4333,8.374246182096304,0.0,0.0,0.0,0.0,0.0,0.0,0.0,0.0,0.0,0.0,0.0,0.0,0.0,2,3
Tottenham,2020-03-26,4543,8.421562960400987,0.0,0.0,0.0,0.0,0.0,0.0,0.0,0.0,0.0,0.0,0.0,0.0,0.0,3,3
Tottenham,2020-03-27,4431,8.39660622842712,0.0,0.0,0.0,0.0,0.0,0.0,0.0,0.0,0.0,0.0,0.0,0.0,0.0,4,3
Tottenham,2020-03-28,4599,8.433811582477187,0.0,0.0,0.0,0.0,0.0,0.0,0.0,0.0,0.0,0.0,0.0,0.0,0.0,5,3
Tottenham,2020-03-29,4805,8.477620416296414,0.0,0.0,0.0,0.0,0.0,0.0,0.0,0.0,0.0,0.0,0.0,0.0,0.0,6,3
Tottenham,2020-03-30,4595,8.432941638968646,0.0,0.0,0.0,0.0,0.0,0.0,0.0,0.0,0.0,0.0,0.0,0.0,0.0,0,3
Tottenham,2020-03-31,5028,8.522976436171964,0.0,0.0,0.0,0.0,0.0,0.0,0.0,0.0,0.0,0.0,0.0,0.0,0.0,1,3
Tottenham,2020-04-01,5436,8.600982717145921,0.0,0.0,0.0,0.0,0.0,0.0,0.0,0.0,0.0,0.0,0.0,0.0,0.0,2,4
Tottenham,2020-04-02,5204,8.557374981049069,0.0,0.0,0.0,0.0,0.0,0.0,0.0,0.0,0.0,0.0,0.0,0.0,0.0,3,4
Tottenham,2020-04-03,5243,8.56483984488359,0.0,0.0,0.0,0.0,0.0,0.0,0.0,0.0,0.0,0.0,0.0,0.0,0.0,4,4
Tottenham,2020-04-04,5165,8.549853973655786,0.0,0.0,0.0,0.0,0.0,0.0,0.0,0.0,0.0,0.0,0.0,0.0,0.0,5,4
Tottenham,2020-04-05,4806,8.47782846789396,0.0,0.0,0.0,0.0,0.0,0.0,0.0,0.0,0.0,0.0,0.0,0.0,0.0,6,4
Tottenham,2020-04-06,4857,8.488382109562117,0.0,0.0,0.0,0.0,0.0,0.0,0.0,0.0,0.0,0.0,0.0,0.0,0.0,0,4
Tottenham,2020-04-07,5115,8.540128162698734,0.0,0.0,0.0,0.0,0.0,0.0,0.0,0.0,0.0,0.0,0.0,0.0,0.0,1,4
Tottenham,2020-04-08,5415,8.59711281459211,0.0,0.0,0.0,0.0,0.0,0.0,0.0,0.0,0.0,0.0,0.0,0.0,0.0,2,4
Tottenham,2020-04-09,4842,8.48528964240323,0.0,0.0,0.0,0.0,0.0,0.0,0.0,0.0,0.0,0.0,0.0,0.0,0.0,3,4
Tottenham,2020-04-10,5199,8.556413904569519,0.0,0.0,0.0,0.0,0.0,0.0,0.0,0.0,0.0,0.0,0.0,0.0,0.0,4,4
Tottenham,2020-04-11,5829,8.670772279344538,0.0,0.0,0.0,0.0,0.0,0.0,0.0,0.0,0.0,0.0,0.0,0.0,0.0,5,4
Tottenham,2020-04-12,7703,8.949494953477961,0.0,0.0,0.0,0.0,0.0,0.0,0.0,0.0,0.0,0.0,0.0,0.0,0.0,6,4
Tottenham,2020-04-13,6205,8.733271845008325,0.0,0.0,0.0,0.0,0.0,0.0,0.0,0.0,0.0,0.0,0.0,0.0,0.0,0,4
Tottenham,2020-04-14,5515,8.615408238913192,0.0,0.0,0.0,0.0,0.0,0.0,0.0,0.0,0.0,0.0,0.0,0.0,0.0,1,4
Tottenham,2020-04-15,5078,8.532869670801245,0.0,0.0,0.0,0.0,0.0,0.0,0.0,0.0,0.0,0.0,0.0,0.0,0.0,2,4
Tottenham,2020-04-16,5019,8.521185212685776,0.0,0.0,0.0,0.0,0.0,0.0,0.0,0.0,0.0,0.0,0.0,0.0,0.0,3,4
Tottenham,2020-04-17,5286,8.57300625623545,0.0,0.0,0.0,0.0,0.0,0.0,0.0,0.0,0.0,0.0,0.0,0.0,0.0,4,4
Tottenham,2020-04-18,5839,8.672486075822272,0.0,0.0,0.0,0.0,0.0,0.0,0.0,0.0,0.0,0.0,0.0,0.0,0.0,5,4
Tottenham,2020-04-19,5675,8.644002038279933,0.0,0.0,0.0,0.0,0.0,0.0,0.0,0.0,0.0,0.0,0.0,0.0,0.0,6,4
Tottenham,2020-04-20,5177,8.552174160311482,0.0,0.0,0.0,0.0,0.0,0.0,0.0,0.0,0.0,0.0,0.0,0.0,0.0,0,4
Tottenham,2020-04-21,4822,8.481151420068972,0.0,0.0,0.0,0.0,0.0,0.0,0.0,0.0,0.0,0.0,0.0,0.0,0.0,1,4
Tottenham,2020-04-22,4788,8.47407690034261,0.0,0.0,0.0,0.0,0.0,0.0,0.0,0.0,0.0,0.0,0.0,0.0,0.0,2,4
Tottenham,2020-04-23,5195,8.55564437779049,0.0,0.0,0.0,0.0,0.0,0.0,0.0,0.0,0.0,0.0,0.0,0.0,0.0,3,4
Tottenham,2020-04-24,4964,8.510168576479273,0.0,0.0,0.0,0.0,0.0,0.0,0.0,0.0,0.0,0.0,0.0,0.0,0.0,4,4
Tottenham,2020-04-25,5747,8.656607247198915,0.0,0.0,0.0,0.0,0.0,0.0,0.0,0.0,0.0,0.0,0.0,0.0,0.0,5,4
Tottenham,2020-04-26,5988,8.697679732264463,0.0,0.0,0.0,0.0,0.0,0.0,0.0,0.0,0.0,0.0,0.0,0.0,0.0,6,4
Tottenham,2020-04-27,4925,8.502282578680484,0.0,0.0,0.0,0.0,0.0,0.0,0.0,0.0,0.0,0.0,0.0,0.0,0.0,0,4
Tottenham,2020-04-28,8661,9.066700921774572,0.0,0.0,0.0,0.0,0.0,0.0,0.0,0.0,0.0,0.0,0.0,0.0,0.0,1,4
Tottenham,2020-04-29,5627,8.63550941823428,0.0,0.0,0.0,0.0,0.0,0.0,0.0,0.0,0.0,0.0,0.0,0.0,0.0,2,4
Tottenham,2020-04-30,5475,8.60813018640834,0.0,0.0,0.0,0.0,0.0,0.0,0.0,0.0,0.0,0.0,0.0,0.0,0.0,3,4
Tottenham,2020-05-01,5105,8.53817159780143,0.0,0.0,0.0,0.0,0.0,0.0,0.0,0.0,0.0,0.0,0.0,0.0,0.0,4,5
Tottenham,2020-05-02,7445,8.915432254432663,0.0,0.0,0.0,0.0,0.0,0.0,0.0,0.0,0.0,0.0,0.0,0.0,0.0,5,5
Tottenham,2020-05-03,5587,8.628376720376853,0.0,0.0,0.0,0.0,0.0,0.0,0.0,0.0,0.0,0.0,0.0,0.0,0.0,6,5
Tottenham,2020-05-04,5025,8.522379718103538,0.0,0.0,0.0,0.0,0.0,0.0,0.0,0.0,0.0,0.0,0.0,0.0,0.0,0,5
Tottenham,2020-05-05,4791,8.474703139795285,0.0,0.0,0.0,0.0,0.0,0.0,0.0,0.0,0.0,0.0,0.0,0.0,0.0,1,5
Tottenham,2020-05-06,4907,8.498621805830801,0.0,0.0,0.0,0.0,0.0,0.0,0.0,0.0,0.0,0.0,0.0,0.0,0.0,2,5
Tottenham,2020-05-07,4614,8.437067146936952,0.0,0.0,0.0,0.0,0.0,0.0,0.0,0.0,0.0,0.0,0.0,0.0,0.0,3,5
Tottenham,2020-05-08,5039,8.525161361065415,0.0,0.0,0.0,0.0,0.0,0.0,0.0,0.0,0.0,0.0,0.0,0.0,0.0,4,5
Tottenham,2020-05-09,5276,8.571113033405668,0.0,0.0,0.0,0.0,0.0,0.0,0.0,0.0,0.0,0.0,0.0,0.0,0.0,5,5
Tottenham,2020-05-10,4910,8.499232866039245,0.0,0.0,0.0,0.0,0.0,0.0,0.0,0.0,0.0,0.0,0.0,0.0,0.0,6,5
Tottenham,2020-05-11,4360,8.380456667842767,0.0,0.0,0.0,0.0,0.0,0.0,0.0,0.0,0.0,0.0,0.0,0.0,0.0,0,5
Tottenham,2020-05-12,4406,8.390949464841986,0.0,0.0,0.0,0.0,0.0,0.0,0.0,0.0,0.0,0.0,0.0,0.0,0.0,1,5
Tottenham,2020-05-13,4376,8.384118837190895,0.0,0.0,0.0,0.0,0.0,0.0,0.0,0.0,0.0,0.0,0.0,0.0,0.0,2,5
Tottenham,2020-05-14,4783,8.473032295630468,0.0,0.0,0.0,0.0,0.0,0.0,0.0,0.0,0.0,0.0,0.0,0.0,0.0,3,5
Tottenham,2020-05-15,5027,8.522777569710138,0.0,0.0,0.0,0.0,0.0,0.0,0.0,0.0,0.0,0.0,0.0,0.0,0.0,4,5
Tottenham,2020-05-16,4988,8.514990767861038,0.0,0.0,0.0,0.0,0.0,0.0,0.0,0.0,0.0,0.0,0.0,0.0,0.0,5,5
Tottenham,2020-05-17,4670,8.449128460502108,0.0,0.0,0.0,0.0,0.0,0.0,0.0,0.0,0.0,0.0,0.0,0.0,0.0,6,5
Tottenham,2020-05-18,4376,8.384118837190895,0.0,0.0,0.0,0.0,0.0,0.0,0.0,0.0,0.0,0.0,0.0,0.0,0.0,0,5
Tottenham,2020-05-19,4433,8.397057390176256,0.0,0.0,0.0,0.0,0.0,0.0,0.0,0.0,0.0,0.0,0.0,0.0,0.0,1,5
Tottenham,2020-05-20,4294,8.365206834418355,0.0,0.0,0.0,0.0,0.0,0.0,0.0,0.0,0.0,0.0,0.0,0.0,0.0,2,5
Tottenham,2020-05-21,4055,8.30795254527102,0.0,0.0,0.0,0.0,0.0,0.0,0.0,0.0,0.0,0.0,0.0,0.0,0.0,3,5
Tottenham,2020-05-22,4372,8.38320455141292,0.0,0.0,0.0,0.0,0.0,0.0,0.0,0.0,0.0,0.0,0.0,0.0,0.0,4,5
Tottenham,2020-05-23,5638,8.637462023807181,0.0,0.0,0.0,0.0,0.0,0.0,0.0,0.0,0.0,0.0,0.0,0.0,0.0,5,5
Tottenham,2020-05-24,4455,8.40200678160712,0.0,0.0,0.0,0.0,0.0,0.0,0.0,0.0,0.0,0.0,0.0,0.0,0.0,6,5
Tottenham,2020-05-25,4168,8.335431477880796,0.0,0.0,0.0,0.0,0.0,0.0,0.0,0.0,0.0,0.0,0.0,0.0,0.0,0,5
Tottenham,2020-05-26,4101,8.319229938632326,0.0,0.0,0.0,0.0,0.0,0.0,0.0,0.0,0.0,0.0,0.0,0.0,0.0,1,5
Tottenham,2020-05-27,3993,8.29254851397576,0.0,0.0,0.0,0.0,0.0,0.0,0.0,0.0,0.0,0.0,0.0,0.0,0.0,2,5
Tottenham,2020-05-28,4228,8.34972083747249,0.0,0.0,0.0,0.0,0.0,0.0,0.0,0.0,0.0,0.0,0.0,0.0,0.0,3,5
Tottenham,2020-05-29,4088,8.316055720364643,0.0,0.0,0.0,0.0,0.0,0.0,0.0,0.0,0.0,0.0,0.0,0.0,0.0,4,5
Tottenham,2020-05-30,3618,8.193953023563742,0.0,0.0,0.0,0.0,0.0,0.0,0.0,0.0,0.0,0.0,0.0,0.0,0.0,5,5
Tottenham,2020-05-31,3914,8.272570608424903,0.0,0.0,0.0,0.0,0.0,0.0,0.0,0.0,0.0,0.0,0.0,0.0,0.0,6,5
Tottenham,2020-06-01,3745,8.228443883004033,0.0,0.0,0.0,0.0,0.0,0.0,0.0,0.0,0.0,0.0,0.0,0.0,0.0,0,6
Tottenham,2020-06-02,3742,8.22764270790443,0.0,0.0,0.0,0.0,0.0,0.0,0.0,0.0,0.0,0.0,0.0,0.0,0.0,1,6
Tottenham,2020-06-03,3731,8.224699561967235,0.0,0.0,0.0,0.0,0.0,0.0,0.0,0.0,0.0,0.0,0.0,0.0,0.0,2,6
Tottenham,2020-06-04,3905,8.270269111436624,0.0,0.0,0.0,0.0,0.0,0.0,0.0,0.0,0.0,0.0,0.0,0.0,0.0,3,6
Tottenham,2020-06-05,4274,8.360539381370861,0.0,0.0,0.0,0.0,0.0,0.0,0.0,0.0,0.0,0.0,0.0,0.0,0.0,4,6
Tottenham,2020-06-06,4498,8.411610428841172,0.0,0.0,0.0,0.0,0.0,0.0,0.0,0.0,0.0,0.0,0.0,0.0,0.0,5,6
Tottenham,2020-06-07,3968,8.286269452783065,0.0,0.0,0.0,0.0,0.0,0.0,0.0,0.0,0.0,0.0,0.0,0.0,0.0,6,6
Tottenham,2020-06-08,4227,8.349484346990128,0.0,0.0,0.0,0.0,0.0,0.0,0.0,0.0,0.0,0.0,0.0,0.0,0.0,0,6
Tottenham,2020-06-09,3890,8.266421472984554,0.0,0.0,0.0,0.0,0.0,0.0,0.0,0.0,0.0,0.0,0.0,0.0,0.0,1,6
Tottenham,2020-06-10,3830,8.25088114470065,0.0,0.0,0.0,0.0,0.0,0.0,0.0,0.0,0.0,0.0,0.0,0.0,0.0,2,6
Tottenham,2020-06-11,3991,8.292047637431354,0.0,0.0,0.0,0.0,0.0,0.0,0.0,0.0,0.0,0.0,0.0,0.0,0.0,3,6
Tottenham,2020-06-12,4129,8.326032685955079,0.0,0.0,0.0,0.0,0.0,0.0,0.0,0.0,0.0,0.0,0.0,0.0,0.0,4,6
Tottenham,2020-06-13,3781,8.238008249218403,0.0,0.0,0.0,0.0,0.0,0.0,0.0,0.0,0.0,0.0,0.0,0.0,0.0,5,6
Tottenham,2020-06-14,3999,8.294049640102028,0.0,0.0,0.0,0.0,0.0,0.0,0.0,0.0,0.0,0.0,0.0,0.0,0.0,6,6
Tottenham,2020-06-15,3781,8.238008249218403,0.0,0.0,0.0,0.0,0.0,0.0,0.0,0.0,0.0,0.0,0.0,0.0,0.0,0,6
Tottenham,2020-06-16,4116,8.322880021769905,0.0,0.0,0.0,0.0,0.0,0.0,0.0,0.0,0.0,0.0,0.0,0.0,0.0,1,6
Tottenham,2020-06-17,4967,8.510772623613315,0.0,0.0,0.0,0.0,0.0,0.0,0.0,0.0,0.0,0.0,0.0,0.0,0.0,2,6
Tottenham,2020-06-18,5119,8.540909718033554,0.0,0.0,0.0,0.0,0.0,0.0,0.0,0.0,0.0,0.0,0.0,0.0,0.0,3,6
Tottenham,2020-06-19,15228,9.63095678385169,1.0,1.0,1.0,1.0,0.0,0.0,1.0,0.0,0.0,0.0,0.0,0.0,1.0,4,6
Tottenham,2020-06-20,8720,9.073489189226986,0.0,0.0,0.0,0.0,0.0,0.0,0.0,0.0,1.0,0.0,1.0,0.0,1.0,5,6
Tottenham,2020-06-21,6880,8.83651926920248,0.0,0.0,0.0,0.0,0.0,0.0,0.0,0.0,0.0,0.0,0.0,0.0,1.0,6,6
Tottenham,2020-06-22,5051,8.527539483470381,0.0,0.0,0.0,0.0,0.0,0.0,0.0,0.0,0.0,0.0,0.0,0.0,1.0,0,6
Tottenham,2020-06-23,9264,9.13399913871946,1.0,1.0,2.0,0.0,2.0,1.0,0.0,0.0,0.0,0.0,0.0,0.0,4.0,1,6
Tottenham,2020-06-24,6517,8.782322859397507,0.0,0.0,0.0,0.0,0.0,0.0,0.0,0.0,1.0,1.0,0.0,0.0,3.0,2,6
Tottenham,2020-06-25,7854,8.96890555068972,0.0,0.0,0.0,0.0,0.0,0.0,0.0,0.0,0.0,0.0,0.0,0.0,3.0,3,6
Tottenham,2020-06-26,9716,9.181632207839439,0.0,0.0,0.0,0.0,0.0,0.0,0.0,0.0,0.0,0.0,0.0,0.0,3.0,4,6
Tottenham,2020-06-27,7602,8.936298185228436,0.0,0.0,0.0,0.0,0.0,0.0,0.0,0.0,0.0,0.0,0.0,0.0,3.0,5,6
Tottenham,2020-06-28,7029,8.857941984804711,0.0,0.0,0.0,0.0,0.0,0.0,0.0,0.0,0.0,0.0,0.0,0.0,0.0,6,6
Tottenham,2020-06-29,5866,8.67709870892586,0.0,0.0,0.0,0.0,0.0,0.0,0.0,0.0,0.0,0.0,0.0,0.0,0.0,0,6
Tottenham,2020-06-30,5381,8.590815331286851,0.0,0.0,0.0,0.0,0.0,0.0,0.0,0.0,0.0,0.0,0.0,0.0,0.0,1,6
Tottenham,2020-07-01,5787,8.663542087751374,0.0,0.0,0.0,0.0,0.0,0.0,0.0,0.0,0.0,0.0,0.0,0.0,0.0,2,7
Tottenham,2020-07-02,10029,9.21333588095598,1.0,0.0,1.0,3.0,-2.0,0.0,0.0,1.0,0.0,0.0,0.0,0.0,0.0,3,7
Tottenham,2020-07-03,6188,8.73052880173936,0.0,0.0,0.0,0.0,0.0,0.0,0.0,0.0,1.0,0.0,0.0,1.0,0.0,4,7
Tottenham,2020-07-04,5887,8.680671660408713,0.0,0.0,0.0,0.0,0.0,0.0,0.0,0.0,0.0,0.0,0.0,0.0,0.0,5,7
Tottenham,2020-07-05,6316,8.7509996908987,0.0,0.0,0.0,0.0,0.0,0.0,0.0,0.0,0.0,0.0,0.0,0.0,0.0,6,7
Tottenham,2020-07-06,11237,9.327056171672144,1.0,1.0,1.0,0.0,1.0,1.0,0.0,0.0,0.0,0.0,0.0,0.0,3.0,0,7
Tottenham,2020-07-07,7698,8.94884572927805,0.0,0.0,0.0,0.0,0.0,0.0,0.0,0.0,1.0,1.0,0.0,0.0,3.0,1,7
Tottenham,2020-07-08,5924,8.686935966003333,0.0,0.0,0.0,0.0,0.0,0.0,0.0,0.0,0.0,0.0,0.0,0.0,3.0,2,7
Tottenham,2020-07-09,9439,9.152711259139547,1.0,0.0,0.0,0.0,0.0,0.0,1.0,0.0,0.0,0.0,0.0,0.0,4.0,3,7
Tottenham,2020-07-10,6655,8.803273982501045,0.0,0.0,0.0,0.0,0.0,0.0,0.0,0.0,1.0,0.0,1.0,0.0,4.0,4,7
Tottenham,2020-07-11,6713,8.81195017753998,0.0,0.0,0.0,0.0,0.0,0.0,0.0,0.0,0.0,0.0,0.0,0.0,1.0,5,7
Tottenham,2020-07-12,15039,9.618468597503831,1.0,1.0,2.0,1.0,1.0,1.0,0.0,0.0,0.0,0.0,0.0,0.0,4.0,6,7
Tottenham,2020-07-13,8295,9.023528749909364,0.0,0.0,0.0,0.0,0.0,0.0,0.0,0.0,1.0,1.0,0.0,0.0,4.0,0,7
Tottenham,2020-07-14,5898,8.682538124003075,0.0,0.0,0.0,0.0,0.0,0.0,0.0,0.0,0.0,0.0,0.0,0.0,3.0,1,7
Tottenham,2020-07-15,8697,9.070848393157585,1.0,0.0,3.0,1.0,2.0,1.0,0.0,0.0,0.0,0.0,0.0,0.0,6.0,2,7
Tottenham,2020-07-16,7459,8.917310693197807,0.0,0.0,0.0,0.0,0.0,0.0,0.0,0.0,1.0,1.0,0.0,0.0,6.0,3,7
Tottenham,2020-07-17,6163,8.726481196440007,0.0,0.0,0.0,0.0,0.0,0.0,0.0,0.0,0.0,0.0,0.0,0.0,3.0,4,7
Tottenham,2020-07-18,7429,8.913281137711804,0.0,0.0,0.0,0.0,0.0,0.0,0.0,0.0,0.0,0.0,0.0,0.0,3.0,5,7
Tottenham,2020-07-19,14717,9.596826513486544,1.0,1.0,3.0,0.0,3.0,1.0,0.0,0.0,0.0,0.0,0.0,0.0,6.0,6,7
Tottenham,2020-07-20,7886,8.97297111339799,0.0,0.0,0.0,0.0,0.0,0.0,0.0,0.0,1.0,1.0,0.0,0.0,3.0,0,7
Tottenham,2020-07-21,7162,8.876684166614451,0.0,0.0,0.0,0.0,0.0,0.0,0.0,0.0,0.0,0.0,0.0,0.0,3.0,1,7
Tottenham,2020-07-22,7828,8.965590066907914,0.0,0.0,0.0,0.0,0.0,0.0,0.0,0.0,0.0,0.0,0.0,0.0,3.0,2,7
Tottenham,2020-07-23,6756,8.818334283552174,0.0,0.0,0.0,0.0,0.0,0.0,0.0,0.0,0.0,0.0,0.0,0.0,3.0,3,7
Tottenham,2020-07-24,6081,8.71308886823731,0.0,0.0,0.0,0.0,0.0,0.0,0.0,0.0,0.0,0.0,0.0,0.0,0.0,4,7
Tottenham,2020-07-25,5747,8.656607247198915,0.0,0.0,0.0,0.0,0.0,0.0,0.0,0.0,0.0,0.0,0.0,0.0,0.0,5,7
Tottenham,2020-07-26,10475,9.256842205627603,1.0,0.0,1.0,1.0,0.0,0.0,1.0,0.0,0.0,0.0,0.0,0.0,1.0,6,7
Tottenham,2020-07-27,11156,9.31982238259318,0.0,0.0,0.0,0.0,0.0,0.0,0.0,0.0,1.0,0.0,1.0,0.0,1.0,0,7
Tottenham,2020-07-28,7491,8.921591063563978,0.0,0.0,0.0,0.0,0.0,0.0,0.0,0.0,0.0,0.0,0.0,0.0,1.0,1,7
Tottenham,2020-07-29,6145,8.72355674269043,0.0,0.0,0.0,0.0,0.0,0.0,0.0,0.0,0.0,0.0,0.0,0.0,1.0,2,7
Tottenham,2020-07-30,6467,8.774622220696997,0.0,0.0,0.0,0.0,0.0,0.0,0.0,0.0,0.0,0.0,0.0,0.0,1.0,3,7
Tottenham,2020-07-31,5432,8.600246746551523,0.0,0.0,0.0,0.0,0.0,0.0,0.0,0.0,0.0,0.0,0.0,0.0,0.0,4,7
Tottenham,2020-08-01,11915,9.385637313833174,0.0,0.0,0.0,0.0,0.0,0.0,0.0,0.0,0.0,0.0,0.0,0.0,0.0,5,8
Tottenham,2020-08-02,11696,9.367087677650707,0.0,0.0,0.0,0.0,0.0,0.0,0.0,0.0,0.0,0.0,0.0,0.0,0.0,6,8
Tottenham,2020-08-03,7646,8.942068693044225,0.0,0.0,0.0,0.0,0.0,0.0,0.0,0.0,0.0,0.0,0.0,0.0,0.0,0,8
Tottenham,2020-08-04,7543,8.928507824313293,0.0,0.0,0.0,0.0,0.0,0.0,0.0,0.0,0.0,0.0,0.0,0.0,0.0,1,8
Tottenham,2020-08-05,6783,8.822322177471738,0.0,0.0,0.0,0.0,0.0,0.0,0.0,0.0,0.0,0.0,0.0,0.0,0.0,2,8
Tottenham,2020-08-06,7000,8.853808274977197,0.0,0.0,0.0,0.0,0.0,0.0,0.0,0.0,0.0,0.0,0.0,0.0,0.0,3,8
Tottenham,2020-08-07,6112,8.718172930028725,0.0,0.0,0.0,0.0,0.0,0.0,0.0,0.0,0.0,0.0,0.0,0.0,0.0,4,8
Tottenham,2020-08-08,5987,8.69751274553952,0.0,0.0,0.0,0.0,0.0,0.0,0.0,0.0,0.0,0.0,0.0,0.0,0.0,5,8
Tottenham,2020-08-09,5293,8.574329382787047,0.0,0.0,0.0,0.0,0.0,0.0,0.0,0.0,0.0,0.0,0.0,0.0,0.0,6,8
Tottenham,2020-08-10,5547,8.621192781434722,0.0,0.0,0.0,0.0,0.0,0.0,0.0,0.0,0.0,0.0,0.0,0.0,0.0,0,8
Tottenham,2020-08-11,9903,9.200693994924377,0.0,0.0,0.0,0.0,0.0,0.0,0.0,0.0,0.0,0.0,0.0,0.0,0.0,1,8
Tottenham,2020-08-12,8584,9.057771773331575,0.0,0.0,0.0,0.0,0.0,0.0,0.0,0.0,0.0,0.0,0.0,0.0,0.0,2,8
Tottenham,2020-08-13,6535,8.785080636539838,0.0,0.0,0.0,0.0,0.0,0.0,0.0,0.0,0.0,0.0,0.0,0.0,0.0,3,8
Tottenham,2020-08-14,7308,8.896861744480391,0.0,0.0,0.0,0.0,0.0,0.0,0.0,0.0,0.0,0.0,0.0,0.0,0.0,4,8
Tottenham,2020-08-15,7596,8.935508711503221,0.0,0.0,0.0,0.0,0.0,0.0,0.0,0.0,0.0,0.0,0.0,0.0,0.0,5,8
Tottenham,2020-08-16,7113,8.8698199525084,0.0,0.0,0.0,0.0,0.0,0.0,0.0,0.0,0.0,0.0,0.0,0.0,0.0,6,8
Tottenham,2020-08-17,10218,9.23200401161221,0.0,0.0,0.0,0.0,0.0,0.0,0.0,0.0,0.0,0.0,0.0,0.0,0.0,0,8
Tottenham,2020-08-18,12375,9.423514392252901,0.0,0.0,0.0,0.0,0.0,0.0,0.0,0.0,0.0,0.0,0.0,0.0,0.0,1,8
Tottenham,2020-08-19,8677,9.068546366358296,0.0,0.0,0.0,0.0,0.0,0.0,0.0,0.0,0.0,0.0,0.0,0.0,0.0,2,8
Tottenham,2020-08-20,7369,8.905172985183382,0.0,0.0,0.0,0.0,0.0,0.0,0.0,0.0,0.0,0.0,0.0,0.0,0.0,3,8
Tottenham,2020-08-21,7051,8.861066543517762,0.0,0.0,0.0,0.0,0.0,0.0,0.0,0.0,0.0,0.0,0.0,0.0,0.0,4,8
Tottenham,2020-08-22,7937,8.97941663334301,0.0,0.0,0.0,0.0,0.0,0.0,0.0,0.0,0.0,0.0,0.0,0.0,0.0,5,8
Tottenham,2020-08-23,8383,9.034080406560824,0.0,0.0,0.0,0.0,0.0,0.0,0.0,0.0,0.0,0.0,0.0,0.0,0.0,6,8
Tottenham,2020-08-24,6818,8.827468112520654,0.0,0.0,0.0,0.0,0.0,0.0,0.0,0.0,0.0,0.0,0.0,0.0,0.0,0,8
Tottenham,2020-08-25,6371,8.759668671029939,0.0,0.0,0.0,0.0,0.0,0.0,0.0,0.0,0.0,0.0,0.0,0.0,0.0,1,8
Tottenham,2020-08-26,6861,8.833754223418396,0.0,0.0,0.0,0.0,0.0,0.0,0.0,0.0,0.0,0.0,0.0,0.0,0.0,2,8
Tottenham,2020-08-27,7755,8.956222016362542,0.0,0.0,0.0,0.0,0.0,0.0,0.0,0.0,0.0,0.0,0.0,0.0,0.0,3,8
Tottenham,2020-08-28,8350,9.03013657115323,0.0,0.0,0.0,0.0,0.0,0.0,0.0,0.0,0.0,0.0,0.0,0.0,0.0,4,8
Tottenham,2020-08-29,10708,9.278839788400875,0.0,0.0,0.0,0.0,0.0,0.0,0.0,0.0,0.0,0.0,0.0,0.0,0.0,5,8
Tottenham,2020-08-30,17127,9.748469830269519,0.0,0.0,0.0,0.0,0.0,0.0,0.0,0.0,0.0,0.0,0.0,0.0,0.0,6,8
Tottenham,2020-08-31,19072,9.856029001376427,0.0,0.0,0.0,0.0,0.0,0.0,0.0,0.0,0.0,0.0,0.0,0.0,0.0,0,8
Tottenham,2020-09-01,14599,9.588776807696428,0.0,0.0,0.0,0.0,0.0,0.0,0.0,0.0,0.0,0.0,0.0,0.0,0.0,1,9
Tottenham,2020-09-02,12724,9.451323841418724,0.0,0.0,0.0,0.0,0.0,0.0,0.0,0.0,0.0,0.0,0.0,0.0,0.0,2,9
Tottenham,2020-09-03,10491,9.258368340986765,0.0,0.0,0.0,0.0,0.0,0.0,0.0,0.0,0.0,0.0,0.0,0.0,0.0,3,9
Tottenham,2020-09-04,9380,9.14644164612595,0.0,0.0,0.0,0.0,0.0,0.0,0.0,0.0,0.0,0.0,0.0,0.0,0.0,4,9
Tottenham,2020-09-05,15475,9.647045715820404,0.0,0.0,0.0,0.0,0.0,0.0,0.0,0.0,0.0,0.0,0.0,0.0,0.0,5,9
Tottenham,2020-09-06,10798,9.28720881623276,0.0,0.0,0.0,0.0,0.0,0.0,0.0,0.0,0.0,0.0,0.0,0.0,0.0,6,9
Tottenham,2020-09-07,19341,9.870034176276908,0.0,0.0,0.0,0.0,0.0,0.0,0.0,0.0,0.0,0.0,0.0,0.0,0.0,0,9
Tottenham,2020-09-08,17377,9.762960317399152,0.0,0.0,0.0,0.0,0.0,0.0,0.0,0.0,0.0,0.0,0.0,0.0,0.0,1,9
Tottenham,2020-09-09,15671,9.659630959624376,0.0,0.0,0.0,0.0,0.0,0.0,0.0,0.0,0.0,0.0,0.0,0.0,0.0,2,9
Tottenham,2020-09-10,14611,9.589598387915172,0.0,0.0,0.0,0.0,0.0,0.0,0.0,0.0,0.0,0.0,0.0,0.0,0.0,3,9
Tottenham,2020-09-11,16583,9.716193654115616,0.0,0.0,0.0,0.0,0.0,0.0,0.0,0.0,0.0,0.0,0.0,0.0,0.0,4,9
Tottenham,2020-09-12,17533,9.771897132148531,0.0,0.0,0.0,0.0,0.0,0.0,0.0,0.0,0.0,0.0,0.0,0.0,0.0,5,9
Tottenham,2020-09-13,23632,10.070399319380286,1.0,1.0,0.0,1.0,-1.0,0.0,0.0,1.0,0.0,0.0,0.0,0.0,0.0,6,9
Tottenham,2020-09-14,19013,9.852930828918975,0.0,0.0,0.0,0.0,0.0,0.0,0.0,0.0,1.0,0.0,0.0,1.0,0.0,0,9
Tottenham,2020-09-15,18662,9.83429823318313,0.0,0.0,0.0,0.0,0.0,0.0,0.0,0.0,0.0,0.0,0.0,0.0,0.0,1,9
Tottenham,2020-09-16,23142,10.049447637979663,0.0,0.0,0.0,0.0,0.0,0.0,0.0,0.0,0.0,0.0,0.0,0.0,0.0,2,9
Tottenham,2020-09-17,28509,10.258010181906718,0.0,0.0,0.0,0.0,0.0,0.0,0.0,0.0,0.0,0.0,0.0,0.0,0.0,3,9
Tottenham,2020-09-18,28918,10.272254097528252,0.0,0.0,0.0,0.0,0.0,0.0,0.0,0.0,0.0,0.0,0.0,0.0,0.0,4,9
Tottenham,2020-09-19,48625,10.791913646261978,0.0,0.0,0.0,0.0,0.0,0.0,0.0,0.0,0.0,0.0,0.0,0.0,0.0,5,9
Tottenham,2020-09-20,45083,10.716282695361969,1.0,0.0,5.0,2.0,3.0,1.0,0.0,0.0,0.0,0.0,0.0,0.0,3.0,6,9
Tottenham,2020-09-21,20704,9.938130495979667,0.0,0.0,0.0,0.0,0.0,0.0,0.0,0.0,1.0,1.0,0.0,0.0,3.0,0,9
Tottenham,2020-09-22,16008,9.680906343078094,0.0,0.0,0.0,0.0,0.0,0.0,0.0,0.0,0.0,0.0,0.0,0.0,3.0,1,9
Tottenham,2020-09-23,13971,9.544810605926722,0.0,0.0,0.0,0.0,0.0,0.0,0.0,0.0,0.0,0.0,0.0,0.0,3.0,2,9
Tottenham,2020-09-24,14690,9.594990340370426,0.0,0.0,0.0,0.0,0.0,0.0,0.0,0.0,0.0,0.0,0.0,0.0,3.0,3,9
Tottenham,2020-09-25,12882,9.463663891791525,0.0,0.0,0.0,0.0,0.0,0.0,0.0,0.0,0.0,0.0,0.0,0.0,0.0,4,9
Tottenham,2020-09-26,11598,9.358674166481876,0.0,0.0,0.0,0.0,0.0,0.0,0.0,0.0,0.0,0.0,0.0,0.0,0.0,5,9
Tottenham,2020-09-27,17105,9.747184558140727,1.0,1.0,1.0,1.0,0.0,0.0,1.0,0.0,0.0,0.0,0.0,0.0,1.0,6,9
Tottenham,2020-09-28,9964,9.206834232646894,0.0,0.0,0.0,0.0,0.0,0.0,0.0,0.0,1.0,0.0,1.0,0.0,1.0,0,9
Tottenham,2020-09-29,16853,9.7323432963323,0.0,0.0,0.0,0.0,0.0,0.0,0.0,0.0,0.0,0.0,0.0,0.0,1.0,1,9
Tottenham,2020-09-30,12809,9.45798139489078,0.0,0.0,0.0,0.0,0.0,0.0,0.0,0.0,0.0,0.0,0.0,0.0,1.0,2,9
Tottenham,2020-10-01,12493,9.433003808053515,0.0,0.0,0.0,0.0,0.0,0.0,0.0,0.0,0.0,0.0,0.0,0.0,1.0,3,10
Tottenham,2020-10-02,16460,9.708749225727084,0.0,0.0,0.0,0.0,0.0,0.0,0.0,0.0,0.0,0.0,0.0,0.0,0.0,4,10
Tottenham,2020-10-03,14522,9.583488878607804,0.0,0.0,0.0,0.0,0.0,0.0,0.0,0.0,0.0,0.0,0.0,0.0,0.0,5,10
Tottenham,2020-10-04,25445,10.144313838702645,1.0,0.0,6.0,1.0,5.0,1.0,0.0,0.0,0.0,0.0,0.0,0.0,3.0,6,10
Tottenham,2020-10-05,20926,9.94879547024067,0.0,0.0,0.0,0.0,0.0,0.0,0.0,0.0,1.0,1.0,0.0,0.0,3.0,0,10
Tottenham,2020-10-06,16784,9.728240909414135,0.0,0.0,0.0,0.0,0.0,0.0,0.0,0.0,0.0,0.0,0.0,0.0,3.0,1,10
Tottenham,2020-10-07,11443,9.345220854170002,0.0,0.0,0.0,0.0,0.0,0.0,0.0,0.0,0.0,0.0,0.0,0.0,3.0,2,10
Tottenham,2020-10-08,10257,9.235813167949214,0.0,0.0,0.0,0.0,0.0,0.0,0.0,0.0,0.0,0.0,0.0,0.0,3.0,3,10
Tottenham,2020-10-09,8519,9.050171619823361,0.0,0.0,0.0,0.0,0.0,0.0,0.0,0.0,0.0,0.0,0.0,0.0,0.0,4,10
Tottenham,2020-10-10,8338,9.028698584086985,0.0,0.0,0.0,0.0,0.0,0.0,0.0,0.0,0.0,0.0,0.0,0.0,0.0,5,10
Tottenham,2020-10-11,8625,9.062536177207788,0.0,0.0,0.0,0.0,0.0,0.0,0.0,0.0,0.0,0.0,0.0,0.0,0.0,6,10
Tottenham,2020-10-12,8002,8.987571750367046,0.0,0.0,0.0,0.0,0.0,0.0,0.0,0.0,0.0,0.0,0.0,0.0,0.0,0,10
Tottenham,2020-10-13,7324,8.899048433885268,0.0,0.0,0.0,0.0,0.0,0.0,0.0,0.0,0.0,0.0,0.0,0.0,0.0,1,10
Tottenham,2020-10-14,7089,8.866440619526173,0.0,0.0,0.0,0.0,0.0,0.0,0.0,0.0,0.0,0.0,0.0,0.0,0.0,2,10
Tottenham,2020-10-15,6717,8.812545770172237,0.0,0.0,0.0,0.0,0.0,0.0,0.0,0.0,0.0,0.0,0.0,0.0,0.0,3,10
Tottenham,2020-10-16,10916,9.29807648628027,0.0,0.0,0.0,0.0,0.0,0.0,0.0,0.0,0.0,0.0,0.0,0.0,0.0,4,10
Tottenham,2020-10-17,11304,9.33300038471207,0.0,0.0,0.0,0.0,0.0,0.0,0.0,0.0,0.0,0.0,0.0,0.0,0.0,5,10
Tottenham,2020-10-18,21843,9.991681563272044,1.0,1.0,3.0,3.0,0.0,0.0,1.0,0.0,0.0,0.0,0.0,0.0,1.0,6,10
Tottenham,2020-10-19,10356,9.24541789858888,0.0,0.0,0.0,0.0,0.0,0.0,0.0,0.0,1.0,0.0,1.0,0.0,1.0,0,10
Tottenham,2020-10-20,7917,8.976893927666076,0.0,0.0,0.0,0.0,0.0,0.0,0.0,0.0,0.0,0.0,0.0,0.0,1.0,1,10
Tottenham,2020-10-21,7263,8.890685920281129,0.0,0.0,0.0,0.0,0.0,0.0,0.0,0.0,0.0,0.0,0.0,0.0,1.0,2,10
Tottenham,2020-10-22,12730,9.451795243061646,0.0,0.0,0.0,0.0,0.0,0.0,0.0,0.0,0.0,0.0,0.0,0.0,1.0,3,10
Tottenham,2020-10-23,11019,9.307467082706905,0.0,0.0,0.0,0.0,0.0,0.0,0.0,0.0,0.0,0.0,0.0,0.0,0.0,4,10
Tottenham,2020-10-24,7641,8.941414628006845,0.0,0.0,0.0,0.0,0.0,0.0,0.0,0.0,0.0,0.0,0.0,0.0,0.0,5,10
Tottenham,2020-10-25,7399,8.909235279192261,0.0,0.0,0.0,0.0,0.0,0.0,0.0,0.0,0.0,0.0,0.0,0.0,0.0,6,10
Tottenham,2020-10-26,12115,9.402282172147128,1.0,0.0,1.0,0.0,1.0,1.0,0.0,0.0,0.0,0.0,0.0,0.0,3.0,0,10
Tottenham,2020-10-27,10901,9.296701537624227,0.0,0.0,0.0,0.0,0.0,0.0,0.0,0.0,1.0,1.0,0.0,0.0,3.0,1,10
Tottenham,2020-10-28,7771,8.95828281049733,0.0,0.0,0.0,0.0,0.0,0.0,0.0,0.0,0.0,0.0,0.0,0.0,3.0,2,10
Tottenham,2020-10-29,9986,9.209039526243135,0.0,0.0,0.0,0.0,0.0,0.0,0.0,0.0,0.0,0.0,0.0,0.0,3.0,3,10
Tottenham,2020-10-30,6701,8.810161268297255,0.0,0.0,0.0,0.0,0.0,0.0,0.0,0.0,0.0,0.0,0.0,0.0,3.0,4,10
Tottenham,2020-10-31,5709,8.649974302650056,0.0,0.0,0.0,0.0,0.0,0.0,0.0,0.0,0.0,0.0,0.0,0.0,0.0,5,10
Tottenham,2020-11-01,10603,9.268986567408916,1.0,1.0,2.0,1.0,1.0,1.0,0.0,0.0,0.0,0.0,0.0,0.0,3.0,6,11
Tottenham,2020-11-02,10078,9.218209330354878,0.0,0.0,0.0,0.0,0.0,0.0,0.0,0.0,1.0,1.0,0.0,0.0,3.0,0,11
Tottenham,2020-11-03,7113,8.8698199525084,0.0,0.0,0.0,0.0,0.0,0.0,0.0,0.0,0.0,0.0,0.0,0.0,3.0,1,11
Tottenham,2020-11-04,5575,8.62622695244036,0.0,0.0,0.0,0.0,0.0,0.0,0.0,0.0,0.0,0.0,0.0,0.0,3.0,2,11
Tottenham,2020-11-05,9634,9.173157580848466,0.0,0.0,0.0,0.0,0.0,0.0,0.0,0.0,0.0,0.0,0.0,0.0,3.0,3,11
Tottenham,2020-11-06,7641,8.941414628006845,0.0,0.0,0.0,0.0,0.0,0.0,0.0,0.0,0.0,0.0,0.0,0.0,0.0,4,11
Tottenham,2020-11-07,6397,8.763740720509464,0.0,0.0,0.0,0.0,0.0,0.0,0.0,0.0,0.0,0.0,0.0,0.0,0.0,5,11
Tottenham,2020-11-08,12108,9.401704256754366,1.0,0.0,1.0,0.0,1.0,1.0,0.0,0.0,0.0,0.0,0.0,0.0,3.0,6,11
Tottenham,2020-11-09,8056,8.994296557777195,0.0,0.0,0.0,0.0,0.0,0.0,0.0,0.0,1.0,1.0,0.0,0.0,3.0,0,11
Tottenham,2020-11-10,6321,8.751790892775563,0.0,0.0,0.0,0.0,0.0,0.0,0.0,0.0,0.0,0.0,0.0,0.0,3.0,1,11
Tottenham,2020-11-11,5821,8.669399124305569,0.0,0.0,0.0,0.0,0.0,0.0,0.0,0.0,0.0,0.0,0.0,0.0,3.0,2,11
Tottenham,2020-11-12,5407,8.5956346177228,0.0,0.0,0.0,0.0,0.0,0.0,0.0,0.0,0.0,0.0,0.0,0.0,3.0,3,11
Tottenham,2020-11-13,4918,8.50086053679534,0.0,0.0,0.0,0.0,0.0,0.0,0.0,0.0,0.0,0.0,0.0,0.0,0.0,4,11
Tottenham,2020-11-14,5446,8.602820277383675,0.0,0.0,0.0,0.0,0.0,0.0,0.0,0.0,0.0,0.0,0.0,0.0,0.0,5,11
Tottenham,2020-11-15,6361,8.758098072309089,0.0,0.0,0.0,0.0,0.0,0.0,0.0,0.0,0.0,0.0,0.0,0.0,0.0,6,11
Tottenham,2020-11-16,5508,8.614138397472717,0.0,0.0,0.0,0.0,0.0,0.0,0.0,0.0,0.0,0.0,0.0,0.0,0.0,0,11
Tottenham,2020-11-17,5245,8.56522116042682,0.0,0.0,0.0,0.0,0.0,0.0,0.0,0.0,0.0,0.0,0.0,0.0,0.0,1,11
Tottenham,2020-11-18,5165,8.549853973655786,0.0,0.0,0.0,0.0,0.0,0.0,0.0,0.0,0.0,0.0,0.0,0.0,0.0,2,11
Tottenham,2020-11-19,5053,8.52793528794814,0.0,0.0,0.0,0.0,0.0,0.0,0.0,0.0,0.0,0.0,0.0,0.0,0.0,3,11
Tottenham,2020-11-20,5459,8.605204068738951,0.0,0.0,0.0,0.0,0.0,0.0,0.0,0.0,0.0,0.0,0.0,0.0,0.0,4,11
Tottenham,2020-11-21,17686,9.780585185434793,1.0,1.0,2.0,0.0,2.0,1.0,0.0,0.0,0.0,0.0,0.0,0.0,3.0,5,11
Tottenham,2020-11-22,14582,9.587611745713565,0.0,0.0,0.0,0.0,0.0,0.0,0.0,0.0,1.0,1.0,0.0,0.0,3.0,6,11
Tottenham,2020-11-23,10139,9.224243277145174,0.0,0.0,0.0,0.0,0.0,0.0,0.0,0.0,0.0,0.0,0.0,0.0,3.0,0,11
Tottenham,2020-11-24,8243,9.01724094201035,0.0,0.0,0.0,0.0,0.0,0.0,0.0,0.0,0.0,0.0,0.0,0.0,3.0,1,11
Tottenham,2020-11-25,7711,8.950532836290382,0.0,0.0,0.0,0.0,0.0,0.0,0.0,0.0,0.0,0.0,0.0,0.0,3.0,2,11
Tottenham,2020-11-26,11930,9.3868953338758,0.0,0.0,0.0,0.0,0.0,0.0,0.0,0.0,0.0,0.0,0.0,0.0,0.0,3,11
Tottenham,2020-11-27,11019,9.307467082706905,0.0,0.0,0.0,0.0,0.0,0.0,0.0,0.0,0.0,0.0,0.0,0.0,0.0,4,11
Tottenham,2020-11-28,9147,9.121290555142672,0.0,0.0,0.0,0.0,0.0,0.0,0.0,0.0,0.0,0.0,0.0,0.0,0.0,5,11
Tottenham,2020-11-29,17816,9.78790833668397,1.0,0.0,0.0,0.0,0.0,0.0,1.0,0.0,0.0,0.0,0.0,0.0,1.0,6,11
Tottenham,2020-11-30,9847,9.19502366786429,0.0,0.0,0.0,0.0,0.0,0.0,0.0,0.0,1.0,0.0,1.0,0.0,1.0,0,11
Tottenham,2020-12-01,7700,8.94910546953925,0.0,0.0,0.0,0.0,0.0,0.0,0.0,0.0,0.0,0.0,0.0,0.0,1.0,1,12
Tottenham,2020-12-02,6478,8.776321456449958,0.0,0.0,0.0,0.0,0.0,0.0,0.0,0.0,0.0,0.0,0.0,0.0,1.0,2,12
Tottenham,2020-12-03,8619,9.061840363657739,0.0,0.0,0.0,0.0,0.0,0.0,0.0,0.0,0.0,0.0,0.0,0.0,1.0,3,12
Tottenham,2020-12-04,7392,8.9082888855571,0.0,0.0,0.0,0.0,0.0,0.0,0.0,0.0,0.0,0.0,0.0,0.0,0.0,4,12
Tottenham,2020-12-05,8030,8.991064332188461,0.0,0.0,0.0,0.0,0.0,0.0,0.0,0.0,0.0,0.0,0.0,0.0,0.0,5,12
Tottenham,2020-12-06,22812,10.035085827892875,1.0,1.0,2.0,0.0,2.0,1.0,0.0,0.0,0.0,0.0,0.0,0.0,3.0,6,12
Tottenham,2020-12-07,15462,9.64620535247543,0.0,0.0,0.0,0.0,0.0,0.0,0.0,0.0,1.0,1.0,0.0,0.0,3.0,0,12
Tottenham,2020-12-08,9593,9.168893182062009,0.0,0.0,0.0,0.0,0.0,0.0,0.0,0.0,0.0,0.0,0.0,0.0,3.0,1,12
Tottenham,2020-12-09,8178,9.009325172734973,0.0,0.0,0.0,0.0,0.0,0.0,0.0,0.0,0.0,0.0,0.0,0.0,3.0,2,12
Tottenham,2020-12-10,10347,9.24454854330592,0.0,0.0,0.0,0.0,0.0,0.0,0.0,0.0,0.0,0.0,0.0,0.0,3.0,3,12
Tottenham,2020-12-11,9036,9.109082539901955,0.0,0.0,0.0,0.0,0.0,0.0,0.0,0.0,0.0,0.0,0.0,0.0,0.0,4,12
Tottenham,2020-12-12,8234,9.016148642611741,0.0,0.0,0.0,0.0,0.0,0.0,0.0,0.0,0.0,0.0,0.0,0.0,0.0,5,12
Tottenham,2020-12-13,13999,9.546812608597396,1.0,0.0,1.0,1.0,0.0,0.0,1.0,0.0,0.0,0.0,0.0,0.0,1.0,6,12
Tottenham,2020-12-14,8638,9.064042114358884,0.0,0.0,0.0,0.0,0.0,0.0,0.0,0.0,1.0,0.0,1.0,0.0,1.0,0,12
Tottenham,2020-12-15,8581,9.05742226555147,0.0,0.0,0.0,0.0,0.0,0.0,0.0,0.0,0.0,0.0,0.0,0.0,1.0,1,12
Tottenham,2020-12-16,15005,9.616205400105674,1.0,0.0,1.0,2.0,-1.0,0.0,0.0,1.0,0.0,0.0,0.0,0.0,1.0,2,12
Tottenham,2020-12-17,9041,9.109635667854551,0.0,0.0,0.0,0.0,0.0,0.0,0.0,0.0,1.0,0.0,0.0,1.0,1.0,3,12
Tottenham,2020-12-18,6527,8.783855896643942,0.0,0.0,0.0,0.0,0.0,0.0,0.0,0.0,0.0,0.0,0.0,0.0,0.0,4,12
Tottenham,2020-12-19,7266,8.891098830616636,0.0,0.0,0.0,0.0,0.0,0.0,0.0,0.0,0.0,0.0,0.0,0.0,0.0,5,12
Tottenham,2020-12-20,11515,9.351492651732066,1.0,1.0,0.0,2.0,-2.0,0.0,0.0,1.0,0.0,0.0,0.0,0.0,0.0,6,12
Tottenham,2020-12-21,6156,8.72534492491121,0.0,0.0,0.0,0.0,0.0,0.0,0.0,0.0,1.0,0.0,0.0,1.0,0.0,0,12
Tottenham,2020-12-22,6045,8.707152175339404,0.0,0.0,0.0,0.0,0.0,0.0,0.0,0.0,0.0,0.0,0.0,0.0,0.0,1,12
Tottenham,2020-12-23,9982,9.208638925336425,0.0,0.0,0.0,0.0,0.0,0.0,0.0,0.0,0.0,0.0,0.0,0.0,0.0,2,12
Tottenham,2020-12-24,8535,9.05204779298159,0.0,0.0,0.0,0.0,0.0,0.0,0.0,0.0,0.0,0.0,0.0,0.0,0.0,3,12
Tottenham,2020-12-25,5784,8.663023639627777,0.0,0.0,0.0,0.0,0.0,0.0,0.0,0.0,0.0,0.0,0.0,0.0,0.0,4,12
Tottenham,2020-12-26,7537,8.92771217382708,0.0,0.0,0.0,0.0,0.0,0.0,0.0,0.0,0.0,0.0,0.0,0.0,0.0,5,12
Tottenham,2020-12-27,11720,9.36913738372318,1.0,0.0,1.0,1.0,0.0,0.0,1.0,0.0,0.0,0.0,0.0,0.0,1.0,6,12
Tottenham,2020-12-28,7126,8.871645667501872,0.0,0.0,0.0,0.0,0.0,0.0,0.0,0.0,1.0,0.0,1.0,0.0,1.0,0,12
Tottenham,2020-12-29,6933,8.844192126244968,0.0,0.0,0.0,0.0,0.0,0.0,0.0,0.0,0.0,0.0,0.0,0.0,1.0,1,12
Tottenham,2020-12-30,7225,8.885440911707585,0.0,0.0,0.0,0.0,0.0,0.0,0.0,0.0,0.0,0.0,0.0,0.0,1.0,2,12
Tottenham,2020-12-31,5536,8.619208116822968,0.0,0.0,0.0,0.0,0.0,0.0,0.0,0.0,0.0,0.0,0.0,0.0,1.0,3,12
Tottenham,2021-01-01,5720,8.651898894268529,0.0,0.0,0.0,0.0,0.0,0.0,0.0,0.0,0.0,0.0,0.0,0.0,0.0,4,1
Tottenham,2021-01-02,15871,9.672311829524654,1.0,1.0,3.0,0.0,3.0,1.0,0.0,0.0,0.0,0.0,0.0,0.0,3.0,5,1
Tottenham,2021-01-03,9666,9.176473302464606,0.0,0.0,0.0,0.0,0.0,0.0,0.0,0.0,1.0,1.0,0.0,0.0,3.0,6,1
Tottenham,2021-01-04,7683,8.946895523888447,0.0,0.0,0.0,0.0,0.0,0.0,0.0,0.0,0.0,0.0,0.0,0.0,3.0,0,1
Tottenham,2021-01-05,17160,9.750394646402302,0.0,0.0,0.0,0.0,0.0,0.0,0.0,0.0,0.0,0.0,0.0,0.0,3.0,1,1
Tottenham,2021-01-06,15117,9.623641365852121,0.0,0.0,0.0,0.0,0.0,0.0,0.0,0.0,0.0,0.0,0.0,0.0,3.0,2,1
Tottenham,2021-01-07,7784,8.959954084268098,0.0,0.0,0.0,0.0,0.0,0.0,0.0,0.0,0.0,0.0,0.0,0.0,0.0,3,1
Tottenham,2021-01-08,6658,8.803724602110622,0.0,0.0,0.0,0.0,0.0,0.0,0.0,0.0,0.0,0.0,0.0,0.0,0.0,4,1
Tottenham,2021-01-09,7278,8.892748769118258,0.0,0.0,0.0,0.0,0.0,0.0,0.0,0.0,0.0,0.0,0.0,0.0,0.0,5,1
Tottenham,2021-01-10,21195,9.961567763612653,0.0,0.0,0.0,0.0,0.0,0.0,0.0,0.0,0.0,0.0,0.0,0.0,0.0,6,1
Tottenham,2021-01-11,9244,9.131838143821225,0.0,0.0,0.0,0.0,0.0,0.0,0.0,0.0,0.0,0.0,0.0,0.0,0.0,0,1
Tottenham,2021-01-12,6882,8.836809882398365,0.0,0.0,0.0,0.0,0.0,0.0,0.0,0.0,0.0,0.0,0.0,0.0,0.0,1,1
Tottenham,2021-01-13,9702,9.1801903950253,1.0,1.0,1.0,1.0,0.0,0.0,1.0,0.0,0.0,0.0,0.0,0.0,1.0,2,1
Tottenham,2021-01-14,6704,8.81060879571578,0.0,0.0,0.0,0.0,0.0,0.0,0.0,0.0,1.0,0.0,1.0,0.0,1.0,3,1
Tottenham,2021-01-15,5200,8.556606193773073,0.0,0.0,0.0,0.0,0.0,0.0,0.0,0.0,0.0,0.0,0.0,0.0,1.0,4,1
Tottenham,2021-01-16,6244,8.739536422559677,0.0,0.0,0.0,0.0,0.0,0.0,0.0,0.0,0.0,0.0,0.0,0.0,1.0,5,1
Tottenham,2021-01-17,10704,9.278466201023782,1.0,0.0,3.0,1.0,2.0,1.0,0.0,0.0,0.0,0.0,0.0,0.0,4.0,6,1
Tottenham,2021-01-18,6219,8.735525185733225,0.0,0.0,0.0,0.0,0.0,0.0,0.0,0.0,1.0,1.0,0.0,0.0,3.0,0,1
Tottenham,2021-01-19,5538,8.619569258033104,0.0,0.0,0.0,0.0,0.0,0.0,0.0,0.0,0.0,0.0,0.0,0.0,3.0,1,1
Tottenham,2021-01-20,5344,8.583916823459145,0.0,0.0,0.0,0.0,0.0,0.0,0.0,0.0,0.0,0.0,0.0,0.0,3.0,2,1
Tottenham,2021-01-21,5255,8.567125560164447,0.0,0.0,0.0,0.0,0.0,0.0,0.0,0.0,0.0,0.0,0.0,0.0,3.0,3,1
Tottenham,2021-01-22,5545,8.620832226175724,0.0,0.0,0.0,0.0,0.0,0.0,0.0,0.0,0.0,0.0,0.0,0.0,0.0,4,1
Tottenham,2021-01-23,6309,8.749890955535259,0.0,0.0,0.0,0.0,0.0,0.0,0.0,0.0,0.0,0.0,0.0,0.0,0.0,5,1
Tottenham,2021-01-24,5945,8.690474003558043,0.0,0.0,0.0,0.0,0.0,0.0,0.0,0.0,0.0,0.0,0.0,0.0,0.0,6,1
Tottenham,2021-01-25,9862,9.196545660953994,0.0,0.0,0.0,0.0,0.0,0.0,0.0,0.0,0.0,0.0,0.0,0.0,0.0,0,1
Tottenham,2021-01-26,7738,8.95402775927046,0.0,0.0,0.0,0.0,0.0,0.0,0.0,0.0,0.0,0.0,0.0,0.0,0.0,1,1
Tottenham,2021-01-27,6150,8.724369949208368,0.0,0.0,0.0,0.0,0.0,0.0,0.0,0.0,0.0,0.0,0.0,0.0,0.0,2,1
Tottenham,2021-01-28,12408,9.42617729477462,1.0,1.0,1.0,3.0,-2.0,0.0,0.0,1.0,0.0,0.0,0.0,0.0,0.0,3,1
Tottenham,2021-01-29,7174,8.878358040627822,0.0,0.0,0.0,0.0,0.0,0.0,0.0,0.0,1.0,0.0,0.0,1.0,0.0,4,1
Tottenham,2021-01-30,6335,8.754002933494261,0.0,0.0,0.0,0.0,0.0,0.0,0.0,0.0,0.0,0.0,0.0,0.0,0.0,5,1
Tottenham,2021-01-31,10291,9.239122173401634,1.0,0.0,0.0,1.0,-1.0,0.0,0.0,1.0,0.0,0.0,0.0,0.0,0.0,6,1
Tottenham,2021-02-01,8563,9.055322649709574,0.0,0.0,0.0,0.0,0.0,0.0,0.0,0.0,1.0,0.0,0.0,1.0,0.0,0,2
Tottenham,2021-02-02,7525,8.926118971153382,0.0,0.0,0.0,0.0,0.0,0.0,0.0,0.0,0.0,0.0,0.0,0.0,0.0,1,2
Tottenham,2021-02-03,6595,8.794218683679489,0.0,0.0,0.0,0.0,0.0,0.0,0.0,0.0,0.0,0.0,0.0,0.0,0.0,2,2
Tottenham,2021-02-04,11669,9.364776725280601,1.0,1.0,0.0,1.0,-1.0,0.0,0.0,1.0,0.0,0.0,0.0,0.0,0.0,3,2
Tottenham,2021-02-05,7575,8.932740634865914,0.0,0.0,0.0,0.0,0.0,0.0,0.0,0.0,1.0,0.0,0.0,1.0,0.0,4,2
Tottenham,2021-02-06,6387,8.762176509334903,0.0,0.0,0.0,0.0,0.0,0.0,0.0,0.0,0.0,0.0,0.0,0.0,0.0,5,2
Tottenham,2021-02-07,11540,9.353661191420406,1.0,1.0,2.0,0.0,2.0,1.0,0.0,0.0,0.0,0.0,0.0,0.0,3.0,6,2
Tottenham,2021-02-08,5811,8.667680024690174,0.0,0.0,0.0,0.0,0.0,0.0,0.0,0.0,1.0,1.0,0.0,0.0,3.0,0,2
Tottenham,2021-02-09,5440,8.601718146485926,0.0,0.0,0.0,0.0,0.0,0.0,0.0,0.0,0.0,0.0,0.0,0.0,3.0,1,2
Tottenham,2021-02-10,9729,9.18296917518005,0.0,0.0,0.0,0.0,0.0,0.0,0.0,0.0,0.0,0.0,0.0,0.0,3.0,2,2
Tottenham,2021-02-11,8484,9.046055177668327,0.0,0.0,0.0,0.0,0.0,0.0,0.0,0.0,0.0,0.0,0.0,0.0,3.0,3,2
Tottenham,2021-02-12,5753,8.657650544111494,0.0,0.0,0.0,0.0,0.0,0.0,0.0,0.0,0.0,0.0,0.0,0.0,0.0,4,2
Tottenham,2021-02-13,11074,9.312445594913337,1.0,0.0,0.0,3.0,-3.0,0.0,0.0,1.0,0.0,0.0,0.0,0.0,0.0,5,2
Tottenham,2021-02-14,6411,8.765926513729443,0.0,0.0,0.0,0.0,0.0,0.0,0.0,0.0,1.0,0.0,0.0,1.0,0.0,6,2
Tottenham,2021-02-15,5394,8.593227877692234,0.0,0.0,0.0,0.0,0.0,0.0,0.0,0.0,0.0,0.0,0.0,0.0,0.0,0,2
Tottenham,2021-02-16,5662,8.641709066113805,0.0,0.0,0.0,0.0,0.0,0.0,0.0,0.0,0.0,0.0,0.0,0.0,0.0,1,2
Tottenham,2021-02-17,5622,8.634620608292202,0.0,0.0,0.0,0.0,0.0,0.0,0.0,0.0,0.0,0.0,0.0,0.0,0.0,2,2
Tottenham,2021-02-18,6941,8.845345196421732,0.0,0.0,0.0,0.0,0.0,0.0,0.0,0.0,0.0,0.0,0.0,0.0,0.0,3,2
Tottenham,2021-02-19,5860,8.676075516476429,0.0,0.0,0.0,0.0,0.0,0.0,0.0,0.0,0.0,0.0,0.0,0.0,0.0,4,2
Tottenham,2021-02-20,6289,8.746716349694486,0.0,0.0,0.0,0.0,0.0,0.0,0.0,0.0,0.0,0.0,0.0,0.0,0.0,5,2
Tottenham,2021-02-21,9750,9.18512512283512,1.0,0.0,1.0,2.0,-1.0,0.0,0.0,1.0,0.0,0.0,0.0,0.0,0.0,6,2
Tottenham,2021-02-22,5960,8.692993531219926,0.0,0.0,0.0,0.0,0.0,0.0,0.0,0.0,1.0,0.0,0.0,1.0,0.0,0,2
Tottenham,2021-02-23,6017,8.70251025718999,0.0,0.0,0.0,0.0,0.0,0.0,0.0,0.0,0.0,0.0,0.0,0.0,0.0,1,2
Tottenham,2021-02-24,10267,9.236787541991031,0.0,0.0,0.0,0.0,0.0,0.0,0.0,0.0,0.0,0.0,0.0,0.0,0.0,2,2
Tottenham,2021-02-25,8358,9.031094081699155,0.0,0.0,0.0,0.0,0.0,0.0,0.0,0.0,0.0,0.0,0.0,0.0,0.0,3,2
Tottenham,2021-02-26,7076,8.864605368075784,0.0,0.0,0.0,0.0,0.0,0.0,0.0,0.0,0.0,0.0,0.0,0.0,0.0,4,2
Tottenham,2021-02-27,5973,8.695171998776056,0.0,0.0,0.0,0.0,0.0,0.0,0.0,0.0,0.0,0.0,0.0,0.0,0.0,5,2
Tottenham,2021-02-28,12058,9.397566548103592,1.0,1.0,4.0,0.0,4.0,1.0,0.0,0.0,0.0,0.0,0.0,0.0,3.0,6,2
Tottenham,2021-03-01,8093,8.998878325435811,0.0,0.0,0.0,0.0,0.0,0.0,0.0,0.0,1.0,1.0,0.0,0.0,3.0,0,3
Tottenham,2021-03-02,6777,8.821437352166997,0.0,0.0,0.0,0.0,0.0,0.0,0.0,0.0,0.0,0.0,0.0,0.0,3.0,1,3
Tottenham,2021-03-03,5909,8.684401110400144,0.0,0.0,0.0,0.0,0.0,0.0,0.0,0.0,0.0,0.0,0.0,0.0,3.0,2,3
Tottenham,2021-03-04,7863,8.970050661827003,1.0,0.0,1.0,0.0,1.0,1.0,0.0,0.0,0.0,0.0,0.0,0.0,6.0,3,3
Tottenham,2021-03-05,5615,8.633374945705647,0.0,0.0,0.0,0.0,0.0,0.0,0.0,0.0,1.0,1.0,0.0,0.0,3.0,4,3
Tottenham,2021-03-06,5417,8.59748202264504,0.0,0.0,0.0,0.0,0.0,0.0,0.0,0.0,0.0,0.0,0.0,0.0,3.0,5,3
Tottenham,2021-03-07,11996,9.392411897514927,1.0,1.0,4.0,1.0,3.0,1.0,0.0,0.0,0.0,0.0,0.0,0.0,6.0,6,3
Tottenham,2021-03-08,9748,9.184919994629272,0.0,0.0,0.0,0.0,0.0,0.0,0.0,0.0,1.0,1.0,0.0,0.0,6.0,0,3
Tottenham,2021-03-09,6146,8.72371943690701,0.0,0.0,0.0,0.0,0.0,0.0,0.0,0.0,0.0,0.0,0.0,0.0,3.0,1,3
Tottenham,2021-03-10,6614,8.797095076549056,0.0,0.0,0.0,0.0,0.0,0.0,0.0,0.0,0.0,0.0,0.0,0.0,3.0,2,3
Tottenham,2021-03-11,9935,9.20391980417326,0.0,0.0,0.0,0.0,0.0,0.0,0.0,0.0,0.0,0.0,0.0,0.0,3.0,3,3
Tottenham,2021-03-12,7530,8.926783114101351,0.0,0.0,0.0,0.0,0.0,0.0,0.0,0.0,0.0,0.0,0.0,0.0,0.0,4,3
Tottenham,2021-03-13,7144,8.874168090363968,0.0,0.0,0.0,0.0,0.0,0.0,0.0,0.0,0.0,0.0,0.0,0.0,0.0,5,3
Tottenham,2021-03-14,14166,9.55867059537935,1.0,0.0,1.0,2.0,-1.0,0.0,0.0,1.0,0.0,0.0,0.0,0.0,0.0,6,3
Tottenham,2021-03-15,7918,8.977020214210413,0.0,0.0,0.0,0.0,0.0,0.0,0.0,0.0,1.0,0.0,0.0,1.0,0.0,0,3
Tottenham,2021-03-16,6003,8.700181192753353,0.0,0.0,0.0,0.0,0.0,0.0,0.0,0.0,0.0,0.0,0.0,0.0,0.0,1,3
Tottenham,2021-03-17,5608,8.632127729508337,0.0,0.0,0.0,0.0,0.0,0.0,0.0,0.0,0.0,0.0,0.0,0.0,0.0,2,3
Tottenham,2021-03-18,12533,9.436200230784621,0.0,0.0,0.0,0.0,0.0,0.0,0.0,0.0,0.0,0.0,0.0,0.0,0.0,3,3
Tottenham,2021-03-19,11833,9.378732023236639,0.0,0.0,0.0,0.0,0.0,0.0,0.0,0.0,0.0,0.0,0.0,0.0,0.0,4,3
Tottenham,2021-03-20,7148,8.874727765766853,0.0,0.0,0.0,0.0,0.0,0.0,0.0,0.0,0.0,0.0,0.0,0.0,0.0,5,3
Tottenham,2021-03-21,10747,9.282474969735382,1.0,0.0,2.0,0.0,2.0,1.0,0.0,0.0,0.0,0.0,0.0,0.0,3.0,6,3
Tottenham,2021-03-22,7306,8.896588071791218,0.0,0.0,0.0,0.0,0.0,0.0,0.0,0.0,1.0,1.0,0.0,0.0,3.0,0,3
Tottenham,2021-03-23,5860,8.676075516476429,0.0,0.0,0.0,0.0,0.0,0.0,0.0,0.0,0.0,0.0,0.0,0.0,3.0,1,3
Tottenham,2021-03-24,5302,8.57602797713713,0.0,0.0,0.0,0.0,0.0,0.0,0.0,0.0,0.0,0.0,0.0,0.0,3.0,2,3
Tottenham,2021-03-25,4664,8.447843113281444,0.0,0.0,0.0,0.0,0.0,0.0,0.0,0.0,0.0,0.0,0.0,0.0,3.0,3,3
Tottenham,2021-03-26,4162,8.333991247194975,0.0,0.0,0.0,0.0,0.0,0.0,0.0,0.0,0.0,0.0,0.0,0.0,0.0,4,3
Tottenham,2021-03-27,4619,8.438149984075784,0.0,0.0,0.0,0.0,0.0,0.0,0.0,0.0,0.0,0.0,0.0,0.0,0.0,5,3
Tottenham,2021-03-28,5316,8.57866451350434,0.0,0.0,0.0,0.0,0.0,0.0,0.0,0.0,0.0,0.0,0.0,0.0,0.0,6,3
Tottenham,2021-03-29,4692,8.453827315794417,0.0,0.0,0.0,0.0,0.0,0.0,0.0,0.0,0.0,0.0,0.0,0.0,0.0,0,3
Tottenham,2021-03-30,4446,8.399984990510696,0.0,0.0,0.0,0.0,0.0,0.0,0.0,0.0,0.0,0.0,0.0,0.0,0.0,1,3
Tottenham,2021-03-31,4737,8.463370384718731,0.0,0.0,0.0,0.0,0.0,0.0,0.0,0.0,0.0,0.0,0.0,0.0,0.0,2,3
Tottenham,2021-04-01,4547,8.422442854870427,0.0,0.0,0.0,0.0,0.0,0.0,0.0,0.0,0.0,0.0,0.0,0.0,0.0,3,4
Tottenham,2021-04-02,4507,8.413608875159667,0.0,0.0,0.0,0.0,0.0,0.0,0.0,0.0,0.0,0.0,0.0,0.0,0.0,4,4
Tottenham,2021-04-03,5353,8.585599224080298,0.0,0.0,0.0,0.0,0.0,0.0,0.0,0.0,0.0,0.0,0.0,0.0,0.0,5,4
Tottenham,2021-04-04,9776,9.18778796750567,1.0,0.0,2.0,2.0,0.0,0.0,1.0,0.0,0.0,0.0,0.0,0.0,1.0,6,4
Tottenham,2021-04-05,6313,8.750524669117937,0.0,0.0,0.0,0.0,0.0,0.0,0.0,0.0,1.0,0.0,1.0,0.0,1.0,0,4
Tottenham,2021-04-06,5748,8.656781205623291,0.0,0.0,0.0,0.0,0.0,0.0,0.0,0.0,0.0,0.0,0.0,0.0,1.0,1,4
Tottenham,2021-04-07,5233,8.562931083090092,0.0,0.0,0.0,0.0,0.0,0.0,0.0,0.0,0.0,0.0,0.0,0.0,1.0,2,4
Tottenham,2021-04-08,5400,8.594339400592892,0.0,0.0,0.0,0.0,0.0,0.0,0.0,0.0,0.0,0.0,0.0,0.0,1.0,3,4
Tottenham,2021-04-09,4614,8.437067146936952,0.0,0.0,0.0,0.0,0.0,0.0,0.0,0.0,0.0,0.0,0.0,0.0,0.0,4,4
Tottenham,2021-04-10,5761,8.659039915644474,0.0,0.0,0.0,0.0,0.0,0.0,0.0,0.0,0.0,0.0,0.0,0.0,0.0,5,4
Tottenham,2021-04-11,13258,9.49243184611472,1.0,1.0,1.0,3.0,-2.0,0.0,0.0,1.0,0.0,0.0,0.0,0.0,0.0,6,4
Tottenham,2021-04-12,8312,9.025575833531088,0.0,0.0,0.0,0.0,0.0,0.0,0.0,0.0,1.0,0.0,0.0,1.0,0.0,0,4
Tottenham,2021-04-13,6859,8.83346272071993,0.0,0.0,0.0,0.0,0.0,0.0,0.0,0.0,0.0,0.0,0.0,0.0,0.0,1,4
Tottenham,2021-04-14,6248,8.740176729929082,0.0,0.0,0.0,0.0,0.0,0.0,0.0,0.0,0.0,0.0,0.0,0.0,0.0,2,4
Tottenham,2021-04-15,6916,8.841737428600585,0.0,0.0,0.0,0.0,0.0,0.0,0.0,0.0,0.0,0.0,0.0,0.0,0.0,3,4
Tottenham,2021-04-16,9516,9.160834952072344,1.0,0.0,2.0,2.0,0.0,0.0,1.0,0.0,0.0,0.0,0.0,0.0,1.0,4,4
Tottenham,2021-04-17,8636,9.063810579280286,0.0,0.0,0.0,0.0,0.0,0.0,0.0,0.0,1.0,0.0,1.0,0.0,1.0,5,4
Tottenham,2021-04-18,13616,9.519074291124575,0.0,0.0,0.0,0.0,0.0,0.0,0.0,0.0,0.0,0.0,0.0,0.0,1.0,6,4
Tottenham,2021-04-19,79014,11.277392986843203,0.0,0.0,0.0,0.0,0.0,0.0,0.0,0.0,0.0,0.0,0.0,0.0,1.0,0,4
Tottenham,2021-04-20,56619,10.94411755866589,0.0,0.0,0.0,0.0,0.0,0.0,0.0,0.0,0.0,0.0,0.0,0.0,1.0,1,4
Tottenham,2021-04-21,41721,10.638783846604232,1.0,1.0,2.0,1.0,1.0,1.0,0.0,0.0,0.0,0.0,0.0,0.0,3.0,2,4
Tottenham,2021-04-22,20514,9.928911604876287,0.0,0.0,0.0,0.0,0.0,0.0,0.0,0.0,1.0,1.0,0.0,0.0,3.0,3,4
Tottenham,2021-04-23,15261,9.633121357849578,0.0,0.0,0.0,0.0,0.0,0.0,0.0,0.0,0.0,0.0,0.0,0.0,3.0,4,4
Tottenham,2021-04-24,13529,9.512664721164834,0.0,0.0,0.0,0.0,0.0,0.0,0.0,0.0,0.0,0.0,0.0,0.0,3.0,5,4
Tottenham,2021-04-25,36378,10.501746964063756,0.0,0.0,0.0,0.0,0.0,0.0,0.0,0.0,0.0,0.0,0.0,0.0,3.0,6,4
Tottenham,2021-04-26,19482,9.877297569445886,0.0,0.0,0.0,0.0,0.0,0.0,0.0,0.0,0.0,0.0,0.0,0.0,0.0,0,4
Tottenham,2021-04-27,12200,9.409273194575334,0.0,0.0,0.0,0.0,0.0,0.0,0.0,0.0,0.0,0.0,0.0,0.0,0.0,1,4
Tottenham,2021-04-28,10237,9.233861567017529,0.0,0.0,0.0,0.0,0.0,0.0,0.0,0.0,0.0,0.0,0.0,0.0,0.0,2,4
Tottenham,2021-04-29,8703,9.071537969095724,0.0,0.0,0.0,0.0,0.0,0.0,0.0,0.0,0.0,0.0,0.0,0.0,0.0,3,4
Tottenham,2021-04-30,7248,8.888618807300878,0.0,0.0,0.0,0.0,0.0,0.0,0.0,0.0,0.0,0.0,0.0,0.0,0.0,4,4
Tottenham,2021-05-01,6931,8.843903650835497,0.0,0.0,0.0,0.0,0.0,0.0,0.0,0.0,0.0,0.0,0.0,0.0,0.0,5,5
Tottenham,2021-05-02,13354,9.49964612554406,1.0,1.0,4.0,0.0,4.0,1.0,0.0,0.0,0.0,0.0,0.0,0.0,3.0,6,5
Tottenham,2021-05-03,10382,9.247925132303454,0.0,0.0,0.0,0.0,0.0,0.0,0.0,0.0,1.0,1.0,0.0,0.0,3.0,0,5
Tottenham,2021-05-04,12106,9.40153907670774,0.0,0.0,0.0,0.0,0.0,0.0,0.0,0.0,0.0,0.0,0.0,0.0,3.0,1,5
Tottenham,2021-05-05,10502,9.259416209622776,0.0,0.0,0.0,0.0,0.0,0.0,0.0,0.0,0.0,0.0,0.0,0.0,3.0,2,5
Tottenham,2021-05-06,10293,9.2393164802127,0.0,0.0,0.0,0.0,0.0,0.0,0.0,0.0,0.0,0.0,0.0,0.0,3.0,3,5
Tottenham,2021-05-07,8141,9.004791129062925,0.0,0.0,0.0,0.0,0.0,0.0,0.0,0.0,0.0,0.0,0.0,0.0,0.0,4,5
Tottenham,2021-05-08,12515,9.434763104788773,1.0,0.0,1.0,3.0,-2.0,0.0,0.0,1.0,0.0,0.0,0.0,0.0,0.0,5,5
Tottenham,2021-05-09,7807,8.962904128092928,0.0,0.0,0.0,0.0,0.0,0.0,0.0,0.0,1.0,0.0,0.0,1.0,0.0,6,5
Tottenham,2021-05-10,6844,8.83127373772255,0.0,0.0,0.0,0.0,0.0,0.0,0.0,0.0,0.0,0.0,0.0,0.0,0.0,0,5
Tottenham,2021-05-11,7046,8.860357273327022,0.0,0.0,0.0,0.0,0.0,0.0,0.0,0.0,0.0,0.0,0.0,0.0,0.0,1,5
Tottenham,2021-05-12,7352,8.902863672196222,0.0,0.0,0.0,0.0,0.0,0.0,0.0,0.0,0.0,0.0,0.0,0.0,0.0,2,5
Tottenham,2021-05-13,6264,8.742733867330168,0.0,0.0,0.0,0.0,0.0,0.0,0.0,0.0,0.0,0.0,0.0,0.0,0.0,3,5
Tottenham,2021-05-14,6265,8.742893471512136,0.0,0.0,0.0,0.0,0.0,0.0,0.0,0.0,0.0,0.0,0.0,0.0,0.0,4,5
Tottenham,2021-05-15,9626,9.172326929777967,0.0,0.0,0.0,0.0,0.0,0.0,0.0,0.0,0.0,0.0,0.0,0.0,0.0,5,5
Tottenham,2021-05-16,12874,9.463042725531936,1.0,1.0,2.0,0.0,2.0,1.0,0.0,0.0,0.0,0.0,0.0,0.0,3.0,6,5
Tottenham,2021-05-17,11177,9.321702839829644,0.0,0.0,0.0,0.0,0.0,0.0,0.0,0.0,1.0,1.0,0.0,0.0,3.0,0,5
Tottenham,2021-05-18,12614,9.442641861075158,0.0,0.0,0.0,0.0,0.0,0.0,0.0,0.0,0.0,0.0,0.0,0.0,3.0,1,5
Tottenham,2021-05-19,13240,9.491073355339758,1.0,1.0,1.0,2.0,-1.0,0.0,0.0,1.0,0.0,0.0,0.0,0.0,3.0,2,5
Tottenham,2021-05-20,11602,9.359018964347545,0.0,0.0,0.0,0.0,0.0,0.0,0.0,0.0,1.0,0.0,0.0,1.0,3.0,3,5
Tottenham,2021-05-21,9714,9.18142636181154,0.0,0.0,0.0,0.0,0.0,0.0,0.0,0.0,0.0,0.0,0.0,0.0,0.0,4,5
Tottenham,2021-05-22,8461,9.043340831280013,0.0,0.0,0.0,0.0,0.0,0.0,0.0,0.0,0.0,0.0,0.0,0.0,0.0,5,5
Tottenham,2021-05-23,16765,9.727108305197802,1.0,0.0,4.0,2.0,2.0,1.0,0.0,0.0,0.0,0.0,0.0,0.0,3.0,6,5
Tottenham,2021-05-24,13872,9.537699784080726,0.0,0.0,0.0,0.0,0.0,0.0,0.0,0.0,1.0,1.0,0.0,0.0,3.0,0,5
Tottenham,2021-05-25,10341,9.243968552956167,0.0,0.0,0.0,0.0,0.0,0.0,0.0,0.0,0.0,0.0,0.0,0.0,3.0,1,5
Tottenham,2021-05-26,10886,9.29532469588118,0.0,0.0,0.0,0.0,0.0,0.0,0.0,0.0,0.0,0.0,0.0,0.0,3.0,2,5
Tottenham,2021-05-27,12412,9.426499589515949,0.0,0.0,0.0,0.0,0.0,0.0,0.0,0.0,0.0,0.0,0.0,0.0,3.0,3,5
Tottenham,2021-05-28,8477,9.045229851912582,0.0,0.0,0.0,0.0,0.0,0.0,0.0,0.0,0.0,0.0,0.0,0.0,0.0,4,5
Tottenham,2021-05-29,11240,9.327323087461798,0.0,0.0,0.0,0.0,0.0,0.0,0.0,0.0,0.0,0.0,0.0,0.0,0.0,5,5
Tottenham,2021-05-30,10366,9.246382963323112,0.0,0.0,0.0,0.0,0.0,0.0,0.0,0.0,0.0,0.0,0.0,0.0,0.0,6,5
Tottenham,2021-05-31,8616,9.061492275239766,0.0,0.0,0.0,0.0,0.0,0.0,0.0,0.0,0.0,0.0,0.0,0.0,0.0,0,5
Tottenham,2021-06-01,8569,9.056023011591826,0.0,0.0,0.0,0.0,0.0,0.0,0.0,0.0,0.0,0.0,0.0,0.0,0.0,1,6
Tottenham,2021-06-02,9642,9.173987542510384,0.0,0.0,0.0,0.0,0.0,0.0,0.0,0.0,0.0,0.0,0.0,0.0,0.0,2,6
Tottenham,2021-06-03,8482,9.045819439807735,0.0,0.0,0.0,0.0,0.0,0.0,0.0,0.0,0.0,0.0,0.0,0.0,0.0,3,6
Tottenham,2021-06-04,8961,9.100748695346088,0.0,0.0,0.0,0.0,0.0,0.0,0.0,0.0,0.0,0.0,0.0,0.0,0.0,4,6
Tottenham,2021-06-05,7825,8.965206802770357,0.0,0.0,0.0,0.0,0.0,0.0,0.0,0.0,0.0,0.0,0.0,0.0,0.0,5,6
Tottenham,2021-06-06,6503,8.780172651227646,0.0,0.0,0.0,0.0,0.0,0.0,0.0,0.0,0.0,0.0,0.0,0.0,0.0,6,6
Tottenham,2021-06-07,6185,8.730043953245016,0.0,0.0,0.0,0.0,0.0,0.0,0.0,0.0,0.0,0.0,0.0,0.0,0.0,0,6
Tottenham,2021-06-08,6391,8.76280248744611,0.0,0.0,0.0,0.0,0.0,0.0,0.0,0.0,0.0,0.0,0.0,0.0,0.0,1,6
Tottenham,2021-06-09,6740,8.815963560853438,0.0,0.0,0.0,0.0,0.0,0.0,0.0,0.0,0.0,0.0,0.0,0.0,0.0,2,6
Tottenham,2021-06-10,6907,8.84043543926657,0.0,0.0,0.0,0.0,0.0,0.0,0.0,0.0,0.0,0.0,0.0,0.0,0.0,3,6
Tottenham,2021-06-11,6838,8.830396801098097,0.0,0.0,0.0,0.0,0.0,0.0,0.0,0.0,0.0,0.0,0.0,0.0,0.0,4,6
Tottenham,2021-06-12,11358,9.33776566023142,0.0,0.0,0.0,0.0,0.0,0.0,0.0,0.0,0.0,0.0,0.0,0.0,0.0,5,6
Tottenham,2021-06-13,12249,9.413281215972873,0.0,0.0,0.0,0.0,0.0,0.0,0.0,0.0,0.0,0.0,0.0,0.0,0.0,6,6
Tottenham,2021-06-14,7585,8.934059722248843,0.0,0.0,0.0,0.0,0.0,0.0,0.0,0.0,0.0,0.0,0.0,0.0,0.0,0,6
Tottenham,2021-06-15,7162,8.876684166614451,0.0,0.0,0.0,0.0,0.0,0.0,0.0,0.0,0.0,0.0,0.0,0.0,0.0,1,6
Tottenham,2021-06-16,7580,8.933400396056303,0.0,0.0,0.0,0.0,0.0,0.0,0.0,0.0,0.0,0.0,0.0,0.0,0.0,2,6
Tottenham,2021-06-17,7904,8.975250749643573,0.0,0.0,0.0,0.0,0.0,0.0,0.0,0.0,0.0,0.0,0.0,0.0,0.0,3,6
Tottenham,2021-06-18,9375,9.145908511816794,0.0,0.0,0.0,0.0,0.0,0.0,0.0,0.0,0.0,0.0,0.0,0.0,0.0,4,6
Tottenham,2021-06-19,7519,8.925321416943886,0.0,0.0,0.0,0.0,0.0,0.0,0.0,0.0,0.0,0.0,0.0,0.0,0.0,5,6
Tottenham,2021-06-20,7250,8.888894669371593,0.0,0.0,0.0,0.0,0.0,0.0,0.0,0.0,0.0,0.0,0.0,0.0,0.0,6,6
Tottenham,2021-06-21,6946,8.846065190692881,0.0,0.0,0.0,0.0,0.0,0.0,0.0,0.0,0.0,0.0,0.0,0.0,0.0,0,6
Tottenham,2021-06-22,7267,8.891236429516061,0.0,0.0,0.0,0.0,0.0,0.0,0.0,0.0,0.0,0.0,0.0,0.0,0.0,1,6
Tottenham,2021-06-23,6782,8.82217476094608,0.0,0.0,0.0,0.0,0.0,0.0,0.0,0.0,0.0,0.0,0.0,0.0,0.0,2,6
Tottenham,2021-06-24,5774,8.661293535389994,0.0,0.0,0.0,0.0,0.0,0.0,0.0,0.0,0.0,0.0,0.0,0.0,0.0,3,6
Tottenham,2021-06-25,5966,8.693999567522082,0.0,0.0,0.0,0.0,0.0,0.0,0.0,0.0,0.0,0.0,0.0,0.0,0.0,4,6
Tottenham,2021-06-26,7799,8.961879012677683,0.0,0.0,0.0,0.0,0.0,0.0,0.0,0.0,0.0,0.0,0.0,0.0,0.0,5,6
Tottenham,2021-06-27,6806,8.825706773447951,0.0,0.0,0.0,0.0,0.0,0.0,0.0,0.0,0.0,0.0,0.0,0.0,0.0,6,6
Tottenham,2021-06-28,7746,8.955060950631902,0.0,0.0,0.0,0.0,0.0,0.0,0.0,0.0,0.0,0.0,0.0,0.0,0.0,0,6
Tottenham,2021-06-29,10852,9.292196818446016,0.0,0.0,0.0,0.0,0.0,0.0,0.0,0.0,0.0,0.0,0.0,0.0,0.0,1,6
Tottenham,2021-06-30,13872,9.537699784080726,0.0,0.0,0.0,0.0,0.0,0.0,0.0,0.0,0.0,0.0,0.0,0.0,0.0,2,6
Tottenham,2021-07-01,14837,9.604946736749472,0.0,0.0,0.0,0.0,0.0,0.0,0.0,0.0,0.0,0.0,0.0,0.0,0.0,3,7
Tottenham,2021-07-02,10188,9.229063985974285,0.0,0.0,0.0,0.0,0.0,0.0,0.0,0.0,0.0,0.0,0.0,0.0,0.0,4,7
Tottenham,2021-07-03,14207,9.56156046523195,0.0,0.0,0.0,0.0,0.0,0.0,0.0,0.0,0.0,0.0,0.0,0.0,0.0,5,7
Tottenham,2021-07-04,10643,9.27275163209758,0.0,0.0,0.0,0.0,0.0,0.0,0.0,0.0,0.0,0.0,0.0,0.0,0.0,6,7
Tottenham,2021-07-05,8500,9.04793908261736,0.0,0.0,0.0,0.0,0.0,0.0,0.0,0.0,0.0,0.0,0.0,0.0,0.0,0,7
Tottenham,2021-07-06,9766,9.186764635447478,0.0,0.0,0.0,0.0,0.0,0.0,0.0,0.0,0.0,0.0,0.0,0.0,0.0,1,7
Tottenham,2021-07-07,14624,9.590487672100057,0.0,0.0,0.0,0.0,0.0,0.0,0.0,0.0,0.0,0.0,0.0,0.0,0.0,2,7
Tottenham,2021-07-08,11200,9.32375833901174,0.0,0.0,0.0,0.0,0.0,0.0,0.0,0.0,0.0,0.0,0.0,0.0,0.0,3,7
Tottenham,2021-07-09,8491,9.046879822823147,0.0,0.0,0.0,0.0,0.0,0.0,0.0,0.0,0.0,0.0,0.0,0.0,0.0,4,7
Tottenham,2021-07-10,8125,9.002824076547672,0.0,0.0,0.0,0.0,0.0,0.0,0.0,0.0,0.0,0.0,0.0,0.0,0.0,5,7
Tottenham,2021-07-11,17853,9.789982851739307,0.0,0.0,0.0,0.0,0.0,0.0,0.0,0.0,0.0,0.0,0.0,0.0,0.0,6,7
Tottenham,2021-07-12,13054,9.47692648113323,0.0,0.0,0.0,0.0,0.0,0.0,0.0,0.0,0.0,0.0,0.0,0.0,0.0,0,7
Tottenham,2021-07-13,11977,9.390826912824407,0.0,0.0,0.0,0.0,0.0,0.0,0.0,0.0,0.0,0.0,0.0,0.0,0.0,1,7
Tottenham,2021-07-14,11671,9.364948090202622,0.0,0.0,0.0,0.0,0.0,0.0,0.0,0.0,0.0,0.0,0.0,0.0,0.0,2,7
Tottenham,2021-07-15,10829,9.290075339995036,0.0,0.0,0.0,0.0,0.0,0.0,0.0,0.0,0.0,0.0,0.0,0.0,0.0,3,7
Tottenham,2021-07-16,10530,9.262078567380597,0.0,0.0,0.0,0.0,0.0,0.0,0.0,0.0,0.0,0.0,0.0,0.0,0.0,4,7
Tottenham,2021-07-17,11006,9.306286713023391,0.0,0.0,0.0,0.0,0.0,0.0,0.0,0.0,0.0,0.0,0.0,0.0,0.0,5,7
Tottenham,2021-07-18,8670,9.06773940337716,0.0,0.0,0.0,0.0,0.0,0.0,0.0,0.0,0.0,0.0,0.0,0.0,0.0,6,7
Tottenham,2021-07-19,8419,9.038365107236372,0.0,0.0,0.0,0.0,0.0,0.0,0.0,0.0,0.0,0.0,0.0,0.0,0.0,0,7
Tottenham,2021-07-20,10817,9.288966692431373,0.0,0.0,0.0,0.0,0.0,0.0,0.0,0.0,0.0,0.0,0.0,0.0,0.0,1,7
Tottenham,2021-07-21,9785,9.188708071849069,0.0,0.0,0.0,0.0,0.0,0.0,0.0,0.0,0.0,0.0,0.0,0.0,0.0,2,7
Tottenham,2021-07-22,10615,9.270117576012044,0.0,0.0,0.0,0.0,0.0,0.0,0.0,0.0,0.0,0.0,0.0,0.0,0.0,3,7
Tottenham,2021-07-23,11445,9.345395602969047,0.0,0.0,0.0,0.0,0.0,0.0,0.0,0.0,0.0,0.0,0.0,0.0,0.0,4,7
Tottenham,2021-07-24,12965,9.470085825734941,0.0,0.0,0.0,0.0,0.0,0.0,0.0,0.0,0.0,0.0,0.0,0.0,0.0,5,7
Tottenham,2021-07-25,10412,9.250810304529896,0.0,0.0,0.0,0.0,0.0,0.0,0.0,0.0,0.0,0.0,0.0,0.0,0.0,6,7
Tottenham,2021-07-26,15859,9.671555495188839,0.0,0.0,0.0,0.0,0.0,0.0,0.0,0.0,0.0,0.0,0.0,0.0,0.0,0,7
Tottenham,2021-07-27,15508,9.649175779559453,0.0,0.0,0.0,0.0,0.0,0.0,0.0,0.0,0.0,0.0,0.0,0.0,0.0,1,7
Tottenham,2021-07-28,11497,9.349928386183237,0.0,0.0,0.0,0.0,0.0,0.0,0.0,0.0,0.0,0.0,0.0,0.0,0.0,2,7
Tottenham,2021-07-29,10185,9.22876950744455,0.0,0.0,0.0,0.0,0.0,0.0,0.0,0.0,0.0,0.0,0.0,0.0,0.0,3,7
Tottenham,2021-07-30,8412,9.037533407550814,0.0,0.0,0.0,0.0,0.0,0.0,0.0,0.0,0.0,0.0,0.0,0.0,0.0,4,7
Tottenham,2021-07-31,7990,8.986071187374463,0.0,0.0,0.0,0.0,0.0,0.0,0.0,0.0,0.0,0.0,0.0,0.0,0.0,5,7
Tottenham,2021-08-01,7826,8.965334573804839,0.0,0.0,0.0,0.0,0.0,0.0,0.0,0.0,0.0,0.0,0.0,0.0,0.0,6,8
Tottenham,2021-08-02,10774,9.28498391497195,0.0,0.0,0.0,0.0,0.0,0.0,0.0,0.0,0.0,0.0,0.0,0.0,0.0,0,8
Tottenham,2021-08-03,12576,9.439625028047155,0.0,0.0,0.0,0.0,0.0,0.0,0.0,0.0,0.0,0.0,0.0,0.0,0.0,1,8
Tottenham,2021-08-04,13122,9.482121694896287,0.0,0.0,0.0,0.0,0.0,0.0,0.0,0.0,0.0,0.0,0.0,0.0,0.0,2,8
Tottenham,2021-08-05,11833,9.378732023236639,0.0,0.0,0.0,0.0,0.0,0.0,0.0,0.0,0.0,0.0,0.0,0.0,0.0,3,8
Tottenham,2021-08-06,15185,9.62812922977318,0.0,0.0,0.0,0.0,0.0,0.0,0.0,0.0,0.0,0.0,0.0,0.0,0.0,4,8
Tottenham,2021-08-07,15313,9.63652272167307,0.0,0.0,0.0,0.0,0.0,0.0,0.0,0.0,0.0,0.0,0.0,0.0,0.0,5,8
Tottenham,2021-08-08,15632,9.657139343577324,0.0,0.0,0.0,0.0,0.0,0.0,0.0,0.0,0.0,0.0,0.0,0.0,0.0,6,8
Tottenham,2021-08-09,12810,9.458059455856434,0.0,0.0,0.0,0.0,0.0,0.0,0.0,0.0,0.0,0.0,0.0,0.0,0.0,0,8
Tottenham,2021-08-10,12036,9.395740518379736,0.0,0.0,0.0,0.0,0.0,0.0,0.0,0.0,0.0,0.0,0.0,0.0,0.0,1,8
Tottenham,2021-08-11,14015,9.547954813176172,0.0,0.0,0.0,0.0,0.0,0.0,0.0,0.0,0.0,0.0,0.0,0.0,0.0,2,8
Tottenham,2021-08-12,14494,9.581559041355757,0.0,0.0,0.0,0.0,0.0,0.0,0.0,0.0,0.0,0.0,0.0,0.0,0.0,3,8
Tottenham,2021-08-13,15638,9.657523073436215,0.0,0.0,0.0,0.0,0.0,0.0,0.0,0.0,0.0,0.0,0.0,0.0,0.0,4,8
Tottenham,2021-08-14,15203,9.629313830109139,0.0,0.0,0.0,0.0,0.0,0.0,0.0,0.0,0.0,0.0,0.0,0.0,0.0,5,8
Tottenham,2021-08-15,53459,10.88668898969291,1.0,1.0,1.0,0.0,1.0,1.0,0.0,0.0,0.0,0.0,0.0,0.0,3.0,6,8
Tottenham,2021-08-16,22417,10.01761948658104,0.0,0.0,0.0,0.0,0.0,0.0,0.0,0.0,1.0,1.0,0.0,0.0,3.0,0,8
Tottenham,2021-08-17,13460,9.507551894644093,0.0,0.0,0.0,0.0,0.0,0.0,0.0,0.0,0.0,0.0,0.0,0.0,3.0,1,8
Tottenham,2021-08-18,12285,9.416215681723873,0.0,0.0,0.0,0.0,0.0,0.0,0.0,0.0,0.0,0.0,0.0,0.0,3.0,2,8
Tottenham,2021-08-19,15823,9.669283053862493,0.0,0.0,0.0,0.0,0.0,0.0,0.0,0.0,0.0,0.0,0.0,0.0,3.0,3,8
Tottenham,2021-08-20,13453,9.507031738585551,0.0,0.0,0.0,0.0,0.0,0.0,0.0,0.0,0.0,0.0,0.0,0.0,0.0,4,8
Tottenham,2021-08-21,11119,9.316500567804573,0.0,0.0,0.0,0.0,0.0,0.0,0.0,0.0,0.0,0.0,0.0,0.0,0.0,5,8
Tottenham,2021-08-22,18702,9.836439217783001,1.0,0.0,1.0,0.0,1.0,1.0,0.0,0.0,0.0,0.0,0.0,0.0,3.0,6,8
Tottenham,2021-08-23,12631,9.443988555935478,0.0,0.0,0.0,0.0,0.0,0.0,0.0,0.0,1.0,1.0,0.0,0.0,3.0,0,8
Tottenham,2021-08-24,11111,9.31578088443418,0.0,0.0,0.0,0.0,0.0,0.0,0.0,0.0,0.0,0.0,0.0,0.0,3.0,1,8
Tottenham,2021-08-25,12790,9.456497077599392,0.0,0.0,0.0,0.0,0.0,0.0,0.0,0.0,0.0,0.0,0.0,0.0,3.0,2,8
Tottenham,2021-08-26,14480,9.580592724328602,0.0,0.0,0.0,0.0,0.0,0.0,0.0,0.0,0.0,0.0,0.0,0.0,3.0,3,8
Tottenham,2021-08-27,17401,9.76434042112597,0.0,0.0,0.0,0.0,0.0,0.0,0.0,0.0,0.0,0.0,0.0,0.0,0.0,4,8
Tottenham,2021-08-28,15570,9.653165488841426,0.0,0.0,0.0,0.0,0.0,0.0,0.0,0.0,0.0,0.0,0.0,0.0,0.0,5,8
Tottenham,2021-08-29,25411,10.142976782386423,1.0,1.0,1.0,0.0,1.0,1.0,0.0,0.0,0.0,0.0,0.0,0.0,3.0,6,8
Tottenham,2021-08-30,16012,9.681156171322476,0.0,0.0,0.0,0.0,0.0,0.0,0.0,0.0,1.0,1.0,0.0,0.0,3.0,0,8
Tottenham,2021-08-31,23049,10.045421048424794,0.0,0.0,0.0,0.0,0.0,0.0,0.0,0.0,0.0,0.0,0.0,0.0,3.0,1,8
Tottenham,2021-09-01,21710,9.985574323534237,0.0,0.0,0.0,0.0,0.0,0.0,0.0,0.0,0.0,0.0,0.0,0.0,3.0,2,9
Tottenham,2021-09-02,12240,9.412546252075513,0.0,0.0,0.0,0.0,0.0,0.0,0.0,0.0,0.0,0.0,0.0,0.0,3.0,3,9
Tottenham,2021-09-03,10467,9.256078263650036,0.0,0.0,0.0,0.0,0.0,0.0,0.0,0.0,0.0,0.0,0.0,0.0,0.0,4,9
Tottenham,2021-09-04,9339,9.142061531222888,0.0,0.0,0.0,0.0,0.0,0.0,0.0,0.0,0.0,0.0,0.0,0.0,0.0,5,9
Tottenham,2021-09-05,10432,9.25272913846797,0.0,0.0,0.0,0.0,0.0,0.0,0.0,0.0,0.0,0.0,0.0,0.0,0.0,6,9
Tottenham,2021-09-06,8558,9.05473863988161,0.0,0.0,0.0,0.0,0.0,0.0,0.0,0.0,0.0,0.0,0.0,0.0,0.0,0,9
Tottenham,2021-09-07,7603,8.93642970360832,0.0,0.0,0.0,0.0,0.0,0.0,0.0,0.0,0.0,0.0,0.0,0.0,0.0,1,9
Tottenham,2021-09-08,8414,9.037771106624906,0.0,0.0,0.0,0.0,0.0,0.0,0.0,0.0,0.0,0.0,0.0,0.0,0.0,2,9
Tottenham,2021-09-09,7942,8.980046316633132,0.0,0.0,0.0,0.0,0.0,0.0,0.0,0.0,0.0,0.0,0.0,0.0,0.0,3,9
Tottenham,2021-09-10,7672,8.945462952177666,0.0,0.0,0.0,0.0,0.0,0.0,0.0,0.0,0.0,0.0,0.0,0.0,0.0,4,9
Tottenham,2021-09-11,17622,9.77696014606437,1.0,0.0,0.0,3.0,-3.0,0.0,0.0,1.0,0.0,0.0,0.0,0.0,0.0,5,9
Tottenham,2021-09-12,8837,9.086815885690685,0.0,0.0,0.0,0.0,0.0,0.0,0.0,0.0,1.0,0.0,0.0,1.0,0.0,6,9
Tottenham,2021-09-13,7803,8.962391701743002,0.0,0.0,0.0,0.0,0.0,0.0,0.0,0.0,0.0,0.0,0.0,0.0,0.0,0,9
Tottenham,2021-09-14,7388,8.907747686788648,0.0,0.0,0.0,0.0,0.0,0.0,0.0,0.0,0.0,0.0,0.0,0.0,0.0,1,9
Tottenham,2021-09-15,6920,8.842315546841863,0.0,0.0,0.0,0.0,0.0,0.0,0.0,0.0,0.0,0.0,0.0,0.0,0.0,2,9
Tottenham,2021-09-16,10145,9.224834818126634,0.0,0.0,0.0,0.0,0.0,0.0,0.0,0.0,0.0,0.0,0.0,0.0,0.0,3,9
Tottenham,2021-09-17,8188,9.010547069270189,0.0,0.0,0.0,0.0,0.0,0.0,0.0,0.0,0.0,0.0,0.0,0.0,0.0,4,9
Tottenham,2021-09-18,7733,8.953381472167242,0.0,0.0,0.0,0.0,0.0,0.0,0.0,0.0,0.0,0.0,0.0,0.0,0.0,5,9
Tottenham,2021-09-19,26720,10.193205052099978,1.0,1.0,0.0,3.0,-3.0,0.0,0.0,1.0,0.0,0.0,0.0,0.0,0.0,6,9
Tottenham,2021-09-20,11741,9.37092743662413,0.0,0.0,0.0,0.0,0.0,0.0,0.0,0.0,1.0,0.0,0.0,1.0,0.0,0,9
Tottenham,2021-09-21,7677,8.946114375560743,0.0,0.0,0.0,0.0,0.0,0.0,0.0,0.0,0.0,0.0,0.0,0.0,0.0,1,9
Tottenham,2021-09-22,8816,9.084436955087027,0.0,0.0,0.0,0.0,0.0,0.0,0.0,0.0,0.0,0.0,0.0,0.0,0.0,2,9
Tottenham,2021-09-23,7730,8.952993499320474,0.0,0.0,0.0,0.0,0.0,0.0,0.0,0.0,0.0,0.0,0.0,0.0,0.0,3,9
Tottenham,2021-09-24,6570,8.790421306897867,0.0,0.0,0.0,0.0,0.0,0.0,0.0,0.0,0.0,0.0,0.0,0.0,0.0,4,9
Tottenham,2021-09-25,8212,9.013473543740192,0.0,0.0,0.0,0.0,0.0,0.0,0.0,0.0,0.0,0.0,0.0,0.0,0.0,5,9
Tottenham,2021-09-26,19301,9.867963996467081,1.0,0.0,1.0,3.0,-2.0,0.0,0.0,1.0,0.0,0.0,0.0,0.0,0.0,6,9
Tottenham,2021-09-27,11056,9.310818990542401,0.0,0.0,0.0,0.0,0.0,0.0,0.0,0.0,1.0,0.0,0.0,1.0,0.0,0,9
Tottenham,2021-09-28,8142,9.004913941467132,0.0,0.0,0.0,0.0,0.0,0.0,0.0,0.0,0.0,0.0,0.0,0.0,0.0,1,9
Tottenham,2021-09-29,6922,8.842604480678025,0.0,0.0,0.0,0.0,0.0,0.0,0.0,0.0,0.0,0.0,0.0,0.0,0.0,2,9
Tottenham,2021-09-30,8931,9.097395612960048,0.0,0.0,0.0,0.0,0.0,0.0,0.0,0.0,0.0,0.0,0.0,0.0,0.0,3,9
Tottenham,2021-10-01,7706,8.949884285777994,0.0,0.0,0.0,0.0,0.0,0.0,0.0,0.0,0.0,0.0,0.0,0.0,0.0,4,10
Tottenham,2021-10-02,6982,8.851233902846035,0.0,0.0,0.0,0.0,0.0,0.0,0.0,0.0,0.0,0.0,0.0,0.0,0.0,5,10
Tottenham,2021-10-03,10685,9.276689752517717,1.0,1.0,2.0,1.0,1.0,1.0,0.0,0.0,0.0,0.0,0.0,0.0,3.0,6,10
Tottenham,2021-10-04,7170,8.877800393882575,0.0,0.0,0.0,0.0,0.0,0.0,0.0,0.0,1.0,1.0,0.0,0.0,3.0,0,10
Tottenham,2021-10-05,5924,8.686935966003333,0.0,0.0,0.0,0.0,0.0,0.0,0.0,0.0,0.0,0.0,0.0,0.0,3.0,1,10
Tottenham,2021-10-06,5472,8.607582191143917,0.0,0.0,0.0,0.0,0.0,0.0,0.0,0.0,0.0,0.0,0.0,0.0,3.0,2,10
Tottenham,2021-10-07,6663,8.804475183846678,0.0,0.0,0.0,0.0,0.0,0.0,0.0,0.0,0.0,0.0,0.0,0.0,3.0,3,10
Tottenham,2021-10-08,7011,8.855378246041125,0.0,0.0,0.0,0.0,0.0,0.0,0.0,0.0,0.0,0.0,0.0,0.0,0.0,4,10
Tottenham,2021-10-09,6421,8.76748487464946,0.0,0.0,0.0,0.0,0.0,0.0,0.0,0.0,0.0,0.0,0.0,0.0,0.0,5,10
Tottenham,2021-10-10,8264,9.019785010255125,0.0,0.0,0.0,0.0,0.0,0.0,0.0,0.0,0.0,0.0,0.0,0.0,0.0,6,10
Tottenham,2021-10-11,5825,8.67008593751938,0.0,0.0,0.0,0.0,0.0,0.0,0.0,0.0,0.0,0.0,0.0,0.0,0.0,0,10
Tottenham,2021-10-12,5605,8.631592731724734,0.0,0.0,0.0,0.0,0.0,0.0,0.0,0.0,0.0,0.0,0.0,0.0,0.0,1,10
Tottenham,2021-10-13,4658,8.446556111816797,0.0,0.0,0.0,0.0,0.0,0.0,0.0,0.0,0.0,0.0,0.0,0.0,0.0,2,10
Tottenham,2021-10-14,4858,8.488587934405903,0.0,0.0,0.0,0.0,0.0,0.0,0.0,0.0,0.0,0.0,0.0,0.0,0.0,3,10
Tottenham,2021-10-15,5213,8.559102594493448,0.0,0.0,0.0,0.0,0.0,0.0,0.0,0.0,0.0,0.0,0.0,0.0,0.0,4,10
Tottenham,2021-10-16,5984,8.697011617992073,0.0,0.0,0.0,0.0,0.0,0.0,0.0,0.0,0.0,0.0,0.0,0.0,0.0,5,10
Tottenham,2021-10-17,16114,9.687505794249539,1.0,0.0,3.0,2.0,1.0,1.0,0.0,0.0,0.0,0.0,0.0,0.0,3.0,6,10
Tottenham,2021-10-18,7657,8.943506132037239,0.0,0.0,0.0,0.0,0.0,0.0,0.0,0.0,1.0,1.0,0.0,0.0,3.0,0,10
Tottenham,2021-10-19,6105,8.717027173294824,0.0,0.0,0.0,0.0,0.0,0.0,0.0,0.0,0.0,0.0,0.0,0.0,3.0,1,10
Tottenham,2021-10-20,6043,8.70682132339263,0.0,0.0,0.0,0.0,0.0,0.0,0.0,0.0,0.0,0.0,0.0,0.0,3.0,2,10
Tottenham,2021-10-21,8847,9.087946723762116,0.0,0.0,0.0,0.0,0.0,0.0,0.0,0.0,0.0,0.0,0.0,0.0,3.0,3,10
Tottenham,2021-10-22,6590,8.79346036105272,0.0,0.0,0.0,0.0,0.0,0.0,0.0,0.0,0.0,0.0,0.0,0.0,0.0,4,10
Tottenham,2021-10-23,5801,8.665957964681349,0.0,0.0,0.0,0.0,0.0,0.0,0.0,0.0,0.0,0.0,0.0,0.0,0.0,5,10
Tottenham,2021-10-24,10555,9.264449697623215,1.0,0.0,0.0,1.0,-1.0,0.0,0.0,1.0,0.0,0.0,0.0,0.0,0.0,6,10
Tottenham,2021-10-25,6672,8.805824812903607,0.0,0.0,0.0,0.0,0.0,0.0,0.0,0.0,1.0,0.0,0.0,1.0,0.0,0,10
Tottenham,2021-10-26,6267,8.74321260347591,0.0,0.0,0.0,0.0,0.0,0.0,0.0,0.0,0.0,0.0,0.0,0.0,0.0,1,10
Tottenham,2021-10-27,6945,8.845921233304018,0.0,0.0,0.0,0.0,0.0,0.0,0.0,0.0,0.0,0.0,0.0,0.0,0.0,2,10
Tottenham,2021-10-28,6411,8.765926513729443,0.0,0.0,0.0,0.0,0.0,0.0,0.0,0.0,0.0,0.0,0.0,0.0,0.0,3,10
Tottenham,2021-10-29,6225,8.736489351001554,0.0,0.0,0.0,0.0,0.0,0.0,0.0,0.0,0.0,0.0,0.0,0.0,0.0,4,10
Tottenham,2021-10-30,17605,9.775995032020852,1.0,1.0,0.0,3.0,-3.0,0.0,0.0,1.0,0.0,0.0,0.0,0.0,0.0,5,10
Tottenham,2021-10-31,13373,9.501067802613925,0.0,0.0,0.0,0.0,0.0,0.0,0.0,0.0,1.0,0.0,0.0,1.0,0.0,6,10
Tottenham,2021-11-01,39841,10.59267691124173,0.0,0.0,0.0,0.0,0.0,0.0,0.0,0.0,0.0,0.0,0.0,0.0,0.0,0,11
Tottenham,2021-11-02,44547,10.70432253851299,0.0,0.0,0.0,0.0,0.0,0.0,0.0,0.0,0.0,0.0,0.0,0.0,0.0,1,11
Tottenham,2021-11-03,18567,9.829194947954273,0.0,0.0,0.0,0.0,0.0,0.0,0.0,0.0,0.0,0.0,0.0,0.0,0.0,2,11
Tottenham,2021-11-04,20099,9.908475094047168,0.0,0.0,0.0,0.0,0.0,0.0,0.0,0.0,0.0,0.0,0.0,0.0,0.0,3,11
Tottenham,2021-11-05,15552,9.65200882504456,0.0,0.0,0.0,0.0,0.0,0.0,0.0,0.0,0.0,0.0,0.0,0.0,0.0,4,11
Tottenham,2021-11-06,10245,9.234642664499148,0.0,0.0,0.0,0.0,0.0,0.0,0.0,0.0,0.0,0.0,0.0,0.0,0.0,5,11
Tottenham,2021-11-07,13824,9.534233826390535,1.0,0.0,0.0,0.0,0.0,0.0,1.0,0.0,0.0,0.0,0.0,0.0,1.0,6,11
Tottenham,2021-11-08,7956,8.981807323377534,0.0,0.0,0.0,0.0,0.0,0.0,0.0,0.0,1.0,0.0,1.0,0.0,1.0,0,11
Tottenham,2021-11-09,6427,8.768418726857403,0.0,0.0,0.0,0.0,0.0,0.0,0.0,0.0,0.0,0.0,0.0,0.0,1.0,1,11
Tottenham,2021-11-10,6028,8.704336438489406,0.0,0.0,0.0,0.0,0.0,0.0,0.0,0.0,0.0,0.0,0.0,0.0,1.0,2,11
Tottenham,2021-11-11,5937,8.689127655323706,0.0,0.0,0.0,0.0,0.0,0.0,0.0,0.0,0.0,0.0,0.0,0.0,1.0,3,11
Tottenham,2021-11-12,5572,8.625688787569537,0.0,0.0,0.0,0.0,0.0,0.0,0.0,0.0,0.0,0.0,0.0,0.0,0.0,4,11
Tottenham,2021-11-13,5720,8.651898894268529,0.0,0.0,0.0,0.0,0.0,0.0,0.0,0.0,0.0,0.0,0.0,0.0,0.0,5,11
Tottenham,2021-11-14,5245,8.56522116042682,0.0,0.0,0.0,0.0,0.0,0.0,0.0,0.0,0.0,0.0,0.0,0.0,0.0,6,11
Tottenham,2021-11-15,6274,8.744328763999984,0.0,0.0,0.0,0.0,0.0,0.0,0.0,0.0,0.0,0.0,0.0,0.0,0.0,0,11
Tottenham,2021-11-16,5662,8.641709066113805,0.0,0.0,0.0,0.0,0.0,0.0,0.0,0.0,0.0,0.0,0.0,0.0,0.0,1,11
Tottenham,2021-11-17,4842,8.48528964240323,0.0,0.0,0.0,0.0,0.0,0.0,0.0,0.0,0.0,0.0,0.0,0.0,0.0,2,11
Tottenham,2021-11-18,4853,8.487558386286548,0.0,0.0,0.0,0.0,0.0,0.0,0.0,0.0,0.0,0.0,0.0,0.0,0.0,3,11
Tottenham,2021-11-19,5148,8.546557800046141,0.0,0.0,0.0,0.0,0.0,0.0,0.0,0.0,0.0,0.0,0.0,0.0,0.0,4,11
Tottenham,2021-11-20,6718,8.81269461292015,0.0,0.0,0.0,0.0,0.0,0.0,0.0,0.0,0.0,0.0,0.0,0.0,0.0,5,11
Tottenham,2021-11-21,17844,9.789478635924262,1.0,1.0,2.0,1.0,1.0,1.0,0.0,0.0,0.0,0.0,0.0,0.0,3.0,6,11
Tottenham,2021-11-22,11254,9.328567753340833,0.0,0.0,0.0,0.0,0.0,0.0,0.0,0.0,1.0,1.0,0.0,0.0,3.0,0,11
Tottenham,2021-11-23,9251,9.13259502335133,0.0,0.0,0.0,0.0,0.0,0.0,0.0,0.0,0.0,0.0,0.0,0.0,3.0,1,11
Tottenham,2021-11-24,7372,8.90557995798965,0.0,0.0,0.0,0.0,0.0,0.0,0.0,0.0,0.0,0.0,0.0,0.0,3.0,2,11
Tottenham,2021-11-25,10184,9.228671328660907,0.0,0.0,0.0,0.0,0.0,0.0,0.0,0.0,0.0,0.0,0.0,0.0,3.0,3,11
Tottenham,2021-11-26,9198,9.126850061477157,0.0,0.0,0.0,0.0,0.0,0.0,0.0,0.0,0.0,0.0,0.0,0.0,0.0,4,11
Tottenham,2021-11-27,6410,8.765770543987257,0.0,0.0,0.0,0.0,0.0,0.0,0.0,0.0,0.0,0.0,0.0,0.0,0.0,5,11
Tottenham,2021-11-28,7540,8.928110078202646,0.0,0.0,0.0,0.0,0.0,0.0,0.0,0.0,0.0,0.0,0.0,0.0,0.0,6,11
Tottenham,2021-11-29,5552,8.622093601241607,0.0,0.0,0.0,0.0,0.0,0.0,0.0,0.0,0.0,0.0,0.0,0.0,0.0,0,11
Tottenham,2021-11-30,5312,8.577911926450943,0.0,0.0,0.0,0.0,0.0,0.0,0.0,0.0,0.0,0.0,0.0,0.0,0.0,1,11
Tottenham,2021-12-01,5208,8.558143177745192,0.0,0.0,0.0,0.0,0.0,0.0,0.0,0.0,0.0,0.0,0.0,0.0,0.0,2,12
Tottenham,2021-12-02,8784,9.080801000621198,1.0,1.0,2.0,0.0,2.0,1.0,0.0,0.0,0.0,0.0,0.0,0.0,3.0,3,12
Tottenham,2021-12-03,7196,8.881419551507804,0.0,0.0,0.0,0.0,0.0,0.0,0.0,0.0,1.0,1.0,0.0,0.0,3.0,4,12
Tottenham,2021-12-04,6473,8.775549434486189,0.0,0.0,0.0,0.0,0.0,0.0,0.0,0.0,0.0,0.0,0.0,0.0,3.0,5,12
Tottenham,2021-12-05,9835,9.193804403336083,1.0,1.0,3.0,0.0,3.0,1.0,0.0,0.0,0.0,0.0,0.0,0.0,6.0,6,12
Tottenham,2021-12-06,7580,8.933400396056303,0.0,0.0,0.0,0.0,0.0,0.0,0.0,0.0,1.0,1.0,0.0,0.0,6.0,0,12
Tottenham,2021-12-07,6463,8.774003600200931,0.0,0.0,0.0,0.0,0.0,0.0,0.0,0.0,0.0,0.0,0.0,0.0,3.0,1,12
Tottenham,2021-12-08,5682,8.645234541297121,0.0,0.0,0.0,0.0,0.0,0.0,0.0,0.0,0.0,0.0,0.0,0.0,3.0,2,12
Tottenham,2021-12-09,5861,8.676246121270838,0.0,0.0,0.0,0.0,0.0,0.0,0.0,0.0,0.0,0.0,0.0,0.0,3.0,3,12
Tottenham,2021-12-10,5355,8.585972706811063,0.0,0.0,0.0,0.0,0.0,0.0,0.0,0.0,0.0,0.0,0.0,0.0,0.0,4,12
Tottenham,2021-12-11,6041,8.706490361946617,0.0,0.0,0.0,0.0,0.0,0.0,0.0,0.0,0.0,0.0,0.0,0.0,0.0,5,12
Tottenham,2021-12-12,5781,8.662504922576291,0.0,0.0,0.0,0.0,0.0,0.0,0.0,0.0,0.0,0.0,0.0,0.0,0.0,6,12
Tottenham,2021-12-13,5861,8.676246121270838,0.0,0.0,0.0,0.0,0.0,0.0,0.0,0.0,0.0,0.0,0.0,0.0,0.0,0,12
Tottenham,2021-12-14,6150,8.724369949208368,0.0,0.0,0.0,0.0,0.0,0.0,0.0,0.0,0.0,0.0,0.0,0.0,0.0,1,12
Tottenham,2021-12-15,5895,8.682029433869172,0.0,0.0,0.0,0.0,0.0,0.0,0.0,0.0,0.0,0.0,0.0,0.0,0.0,2,12
Tottenham,2021-12-16,6486,8.777555453213056,0.0,0.0,0.0,0.0,0.0,0.0,0.0,0.0,0.0,0.0,0.0,0.0,0.0,3,12
Tottenham,2021-12-17,6568,8.790116892892472,0.0,0.0,0.0,0.0,0.0,0.0,0.0,0.0,0.0,0.0,0.0,0.0,0.0,4,12
Tottenham,2021-12-18,6990,8.852378886511985,0.0,0.0,0.0,0.0,0.0,0.0,0.0,0.0,0.0,0.0,0.0,0.0,0.0,5,12
Tottenham,2021-12-19,15025,9.617537312929105,1.0,1.0,2.0,2.0,0.0,0.0,1.0,0.0,0.0,0.0,0.0,0.0,1.0,6,12
Tottenham,2021-12-20,11132,9.317668949728708,0.0,0.0,0.0,0.0,0.0,0.0,0.0,0.0,1.0,0.0,1.0,0.0,1.0,0,12
Tottenham,2021-12-21,7541,8.928242677818302,0.0,0.0,0.0,0.0,0.0,0.0,0.0,0.0,0.0,0.0,0.0,0.0,1.0,1,12
Tottenham,2021-12-22,9876,9.197964100908127,0.0,0.0,0.0,0.0,0.0,0.0,0.0,0.0,0.0,0.0,0.0,0.0,1.0,2,12
Tottenham,2021-12-23,8059,8.994668835500674,0.0,0.0,0.0,0.0,0.0,0.0,0.0,0.0,0.0,0.0,0.0,0.0,1.0,3,12
Tottenham,2021-12-24,6211,8.734238184268579,0.0,0.0,0.0,0.0,0.0,0.0,0.0,0.0,0.0,0.0,0.0,0.0,0.0,4,12
Tottenham,2021-12-25,5814,8.668196064952765,0.0,0.0,0.0,0.0,0.0,0.0,0.0,0.0,0.0,0.0,0.0,0.0,0.0,5,12
Tottenham,2021-12-26,11617,9.360310898552477,1.0,1.0,3.0,0.0,3.0,1.0,0.0,0.0,0.0,0.0,0.0,0.0,3.0,6,12
Tottenham,2021-12-27,9943,9.204724633190548,0.0,0.0,0.0,0.0,0.0,0.0,0.0,0.0,1.0,1.0,0.0,0.0,3.0,0,12
Tottenham,2021-12-28,11621,9.360655132635051,1.0,0.0,1.0,1.0,0.0,0.0,1.0,0.0,0.0,0.0,0.0,0.0,4.0,1,12
Tottenham,2021-12-29,7503,8.92319149068606,0.0,0.0,0.0,0.0,0.0,0.0,0.0,0.0,1.0,0.0,1.0,0.0,4.0,2,12
Tottenham,2021-12-30,7366,8.904765846682814,0.0,0.0,0.0,0.0,0.0,0.0,0.0,0.0,0.0,0.0,0.0,0.0,4.0,3,12
Tottenham,2021-12-31,6629,8.799360083179907,0.0,0.0,0.0,0.0,0.0,0.0,0.0,0.0,0.0,0.0,0.0,0.0,1.0,4,12
Tottenham,2022-01-01,12739,9.452501929126154,1.0,0.0,1.0,0.0,1.0,1.0,0.0,0.0,0.0,0.0,0.0,0.0,4.0,5,1
Tottenham,2022-01-02,9296,9.137447046455858,0.0,0.0,0.0,0.0,0.0,0.0,0.0,0.0,1.0,1.0,0.0,0.0,3.0,6,1
Tottenham,2022-01-03,8379,9.033603193476129,0.0,0.0,0.0,0.0,0.0,0.0,0.0,0.0,0.0,0.0,0.0,0.0,3.0,0,1
Tottenham,2022-01-04,7953,8.981430225767635,0.0,0.0,0.0,0.0,0.0,0.0,0.0,0.0,0.0,0.0,0.0,0.0,3.0,1,1
Tottenham,2022-01-05,12898,9.464905067965136,0.0,0.0,0.0,0.0,0.0,0.0,0.0,0.0,0.0,0.0,0.0,0.0,3.0,2,1
Tottenham,2022-01-06,8269,9.020389788017736,0.0,0.0,0.0,0.0,0.0,0.0,0.0,0.0,0.0,0.0,0.0,0.0,0.0,3,1
Tottenham,2022-01-07,7836,8.966611387052865,0.0,0.0,0.0,0.0,0.0,0.0,0.0,0.0,0.0,0.0,0.0,0.0,0.0,4,1
Tottenham,2022-01-08,8315,9.025936648977904,0.0,0.0,0.0,0.0,0.0,0.0,0.0,0.0,0.0,0.0,0.0,0.0,0.0,5,1
Tottenham,2022-01-09,11644,9.36263218231844,0.0,0.0,0.0,0.0,0.0,0.0,0.0,0.0,0.0,0.0,0.0,0.0,0.0,6,1
Tottenham,2022-01-10,8940,9.098402718735318,0.0,0.0,0.0,0.0,0.0,0.0,0.0,0.0,0.0,0.0,0.0,0.0,0.0,0,1
Tottenham,2022-01-11,7642,8.941545475242885,0.0,0.0,0.0,0.0,0.0,0.0,0.0,0.0,0.0,0.0,0.0,0.0,0.0,1,1
Tottenham,2022-01-12,11911,9.385301574363845,0.0,0.0,0.0,0.0,0.0,0.0,0.0,0.0,0.0,0.0,0.0,0.0,0.0,2,1
Tottenham,2022-01-13,8524,9.050758302151717,0.0,0.0,0.0,0.0,0.0,0.0,0.0,0.0,0.0,0.0,0.0,0.0,0.0,3,1
Tottenham,2022-01-14,7188,8.880307358983872,0.0,0.0,0.0,0.0,0.0,0.0,0.0,0.0,0.0,0.0,0.0,0.0,0.0,4,1
Tottenham,2022-01-15,7453,8.916506080039204,0.0,0.0,0.0,0.0,0.0,0.0,0.0,0.0,0.0,0.0,0.0,0.0,0.0,5,1
Tottenham,2022-01-16,7433,8.913819350857198,0.0,0.0,0.0,0.0,0.0,0.0,0.0,0.0,0.0,0.0,0.0,0.0,0.0,6,1
Tottenham,2022-01-17,6509,8.781094735202615,0.0,0.0,0.0,0.0,0.0,0.0,0.0,0.0,0.0,0.0,0.0,0.0,0.0,0,1
Tottenham,2022-01-18,6123,8.719970756777574,0.0,0.0,0.0,0.0,0.0,0.0,0.0,0.0,0.0,0.0,0.0,0.0,0.0,1,1
Tottenham,2022-01-19,9400,9.148571345578551,1.0,0.0,3.0,2.0,1.0,1.0,0.0,0.0,0.0,0.0,0.0,0.0,3.0,2,1
Tottenham,2022-01-20,9889,9.199279424616758,0.0,0.0,0.0,0.0,0.0,0.0,0.0,0.0,1.0,1.0,0.0,0.0,3.0,3,1
Tottenham,2022-01-21,7565,8.931419805192975,0.0,0.0,0.0,0.0,0.0,0.0,0.0,0.0,0.0,0.0,0.0,0.0,3.0,4,1
Tottenham,2022-01-22,7187,8.88016824790345,0.0,0.0,0.0,0.0,0.0,0.0,0.0,0.0,0.0,0.0,0.0,0.0,3.0,5,1
Tottenham,2022-01-23,12439,9.42867236629317,1.0,0.0,0.0,2.0,-2.0,0.0,0.0,1.0,0.0,0.0,0.0,0.0,3.0,6,1
Tottenham,2022-01-24,7649,8.942460926820582,0.0,0.0,0.0,0.0,0.0,0.0,0.0,0.0,1.0,0.0,0.0,1.0,0.0,0,1
Tottenham,2022-01-25,6504,8.780326390946605,0.0,0.0,0.0,0.0,0.0,0.0,0.0,0.0,0.0,0.0,0.0,0.0,0.0,1,1
Tottenham,2022-01-26,6255,8.741296282225147,0.0,0.0,0.0,0.0,0.0,0.0,0.0,0.0,0.0,0.0,0.0,0.0,0.0,2,1
Tottenham,2022-01-27,6223,8.736168065858228,0.0,0.0,0.0,0.0,0.0,0.0,0.0,0.0,0.0,0.0,0.0,0.0,0.0,3,1
Tottenham,2022-01-28,6974,8.850087606689566,0.0,0.0,0.0,0.0,0.0,0.0,0.0,0.0,0.0,0.0,0.0,0.0,0.0,4,1
Tottenham,2022-01-29,7068,8.863474306170954,0.0,0.0,0.0,0.0,0.0,0.0,0.0,0.0,0.0,0.0,0.0,0.0,0.0,5,1
Tottenham,2022-01-30,10261,9.23620303150191,0.0,0.0,0.0,0.0,0.0,0.0,0.0,0.0,0.0,0.0,0.0,0.0,0.0,6,1
Tottenham,2022-01-31,25935,10.163387243975457,0.0,0.0,0.0,0.0,0.0,0.0,0.0,0.0,0.0,0.0,0.0,0.0,0.0,0,1
Tottenham,2022-02-01,24143,10.09179118100763,0.0,0.0,0.0,0.0,0.0,0.0,0.0,0.0,0.0,0.0,0.0,0.0,0.0,1,2
Tottenham,2022-02-02,11711,9.368369236201092,0.0,0.0,0.0,0.0,0.0,0.0,0.0,0.0,0.0,0.0,0.0,0.0,0.0,2,2
Tottenham,2022-02-03,9051,9.110741006753427,0.0,0.0,0.0,0.0,0.0,0.0,0.0,0.0,0.0,0.0,0.0,0.0,0.0,3,2
Tottenham,2022-02-04,8925,9.096723645189215,0.0,0.0,0.0,0.0,0.0,0.0,0.0,0.0,0.0,0.0,0.0,0.0,0.0,4,2
Tottenham,2022-02-05,11680,9.365718869155696,0.0,0.0,0.0,0.0,0.0,0.0,0.0,0.0,0.0,0.0,0.0,0.0,0.0,5,2
Tottenham,2022-02-06,9857,9.196038587265322,0.0,0.0,0.0,0.0,0.0,0.0,0.0,0.0,0.0,0.0,0.0,0.0,0.0,6,2
Tottenham,2022-02-07,7258,8.889997357284841,0.0,0.0,0.0,0.0,0.0,0.0,0.0,0.0,0.0,0.0,0.0,0.0,0.0,0,2
Tottenham,2022-02-08,7806,8.962776046120291,0.0,0.0,0.0,0.0,0.0,0.0,0.0,0.0,0.0,0.0,0.0,0.0,0.0,1,2
Tottenham,2022-02-09,9848,9.195125206169703,1.0,1.0,2.0,3.0,-1.0,0.0,0.0,1.0,0.0,0.0,0.0,0.0,0.0,2,2
Tottenham,2022-02-10,9198,9.126850061477157,0.0,0.0,0.0,0.0,0.0,0.0,0.0,0.0,1.0,0.0,0.0,1.0,0.0,3,2
Tottenham,2022-02-11,6190,8.730851903519232,0.0,0.0,0.0,0.0,0.0,0.0,0.0,0.0,0.0,0.0,0.0,0.0,0.0,4,2
Tottenham,2022-02-12,6578,8.791638037085997,0.0,0.0,0.0,0.0,0.0,0.0,0.0,0.0,0.0,0.0,0.0,0.0,0.0,5,2
Tottenham,2022-02-13,10911,9.297618380083243,1.0,1.0,0.0,2.0,-2.0,0.0,0.0,1.0,0.0,0.0,0.0,0.0,0.0,6,2
Tottenham,2022-02-14,6722,8.813289762469037,0.0,0.0,0.0,0.0,0.0,0.0,0.0,0.0,1.0,0.0,0.0,1.0,0.0,0,2
Tottenham,2022-02-15,5786,8.663369301573839,0.0,0.0,0.0,0.0,0.0,0.0,0.0,0.0,0.0,0.0,0.0,0.0,0.0,1,2
Tottenham,2022-02-16,5413,8.596743470174246,0.0,0.0,0.0,0.0,0.0,0.0,0.0,0.0,0.0,0.0,0.0,0.0,0.0,2,2
Tottenham,2022-02-17,6239,8.738735461363474,0.0,0.0,0.0,0.0,0.0,0.0,0.0,0.0,0.0,0.0,0.0,0.0,0.0,3,2
Tottenham,2022-02-18,5727,8.653121708640482,0.0,0.0,0.0,0.0,0.0,0.0,0.0,0.0,0.0,0.0,0.0,0.0,0.0,4,2
Tottenham,2022-02-19,17534,9.771954162574279,1.0,0.0,3.0,2.0,1.0,1.0,0.0,0.0,0.0,0.0,0.0,0.0,3.0,5,2
Tottenham,2022-02-20,12914,9.46614470552994,0.0,0.0,0.0,0.0,0.0,0.0,0.0,0.0,1.0,1.0,0.0,0.0,3.0,6,2
Tottenham,2022-02-21,7583,8.933796043934858,0.0,0.0,0.0,0.0,0.0,0.0,0.0,0.0,0.0,0.0,0.0,0.0,3.0,0,2
Tottenham,2022-02-22,7071,8.863898604317479,0.0,0.0,0.0,0.0,0.0,0.0,0.0,0.0,0.0,0.0,0.0,0.0,3.0,1,2
Tottenham,2022-02-23,8939,9.09829086816756,1.0,0.0,0.0,1.0,-1.0,0.0,0.0,1.0,0.0,0.0,0.0,0.0,3.0,2,2
Tottenham,2022-02-24,9484,9.157466882369114,0.0,0.0,0.0,0.0,0.0,0.0,0.0,0.0,1.0,0.0,0.0,1.0,0.0,3,2
Tottenham,2022-02-25,6146,8.72371943690701,0.0,0.0,0.0,0.0,0.0,0.0,0.0,0.0,0.0,0.0,0.0,0.0,0.0,4,2
Tottenham,2022-02-26,12622,9.443275825752862,1.0,0.0,4.0,0.0,4.0,1.0,0.0,0.0,0.0,0.0,0.0,0.0,3.0,5,2
Tottenham,2022-02-27,8817,9.084550365917883,0.0,0.0,0.0,0.0,0.0,0.0,0.0,0.0,1.0,1.0,0.0,0.0,3.0,6,2
Tottenham,2022-02-28,6712,8.811801223938751,0.0,0.0,0.0,0.0,0.0,0.0,0.0,0.0,0.0,0.0,0.0,0.0,3.0,0,2
Tottenham,2022-03-01,11063,9.311451873344595,0.0,0.0,0.0,0.0,0.0,0.0,0.0,0.0,0.0,0.0,0.0,0.0,3.0,1,3
Tottenham,2022-03-02,10890,9.295692039075686,0.0,0.0,0.0,0.0,0.0,0.0,0.0,0.0,0.0,0.0,0.0,0.0,3.0,2,3
Tottenham,2022-03-03,6594,8.794067065151415,0.0,0.0,0.0,0.0,0.0,0.0,0.0,0.0,0.0,0.0,0.0,0.0,0.0,3,3
Tottenham,2022-03-04,4713,8.458292083496076,0.0,0.0,0.0,0.0,0.0,0.0,0.0,0.0,0.0,0.0,0.0,0.0,0.0,4,3
Tottenham,2022-03-05,5190,8.55468163582723,0.0,0.0,0.0,0.0,0.0,0.0,0.0,0.0,0.0,0.0,0.0,0.0,0.0,5,3
Tottenham,2022-03-06,5432,8.600246746551523,0.0,0.0,0.0,0.0,0.0,0.0,0.0,0.0,0.0,0.0,0.0,0.0,0.0,6,3
Tottenham,2022-03-07,11145,9.318835968129482,1.0,1.0,5.0,0.0,5.0,1.0,0.0,0.0,0.0,0.0,0.0,0.0,3.0,0,3
Tottenham,2022-03-08,9115,9.117786390365575,0.0,0.0,0.0,0.0,0.0,0.0,0.0,0.0,1.0,1.0,0.0,0.0,3.0,1,3
Tottenham,2022-03-09,6294,8.747510946478448,0.0,0.0,0.0,0.0,0.0,0.0,0.0,0.0,0.0,0.0,0.0,0.0,3.0,2,3
Tottenham,2022-03-10,7016,8.85609105525229,0.0,0.0,0.0,0.0,0.0,0.0,0.0,0.0,0.0,0.0,0.0,0.0,3.0,3,3
Tottenham,2022-03-11,6008,8.701013624333928,0.0,0.0,0.0,0.0,0.0,0.0,0.0,0.0,0.0,0.0,0.0,0.0,3.0,4,3
Tottenham,2022-03-12,11337,9.33591519488425,1.0,0.0,2.0,3.0,-1.0,0.0,0.0,1.0,0.0,0.0,0.0,0.0,0.0,5,3
Tottenham,2022-03-13,7563,8.931155429778348,0.0,0.0,0.0,0.0,0.0,0.0,0.0,0.0,1.0,0.0,0.0,1.0,0.0,6,3
Tottenham,2022-03-14,5508,8.614138397472717,0.0,0.0,0.0,0.0,0.0,0.0,0.0,0.0,0.0,0.0,0.0,0.0,0.0,0,3
Tottenham,2022-03-15,5643,8.638348312972704,0.0,0.0,0.0,0.0,0.0,0.0,0.0,0.0,0.0,0.0,0.0,0.0,0.0,1,3
Tottenham,2022-03-16,7791,8.960852845322371,1.0,0.0,2.0,0.0,2.0,1.0,0.0,0.0,0.0,0.0,0.0,0.0,3.0,2,3
Tottenham,2022-03-17,6835,8.829958044235482,0.0,0.0,0.0,0.0,0.0,0.0,0.0,0.0,1.0,1.0,0.0,0.0,3.0,3,3
Tottenham,2022-03-18,5335,8.58223158759546,0.0,0.0,0.0,0.0,0.0,0.0,0.0,0.0,0.0,0.0,0.0,0.0,3.0,4,3
Tottenham,2022-03-19,6231,8.737452587550584,0.0,0.0,0.0,0.0,0.0,0.0,0.0,0.0,0.0,0.0,0.0,0.0,3.0,5,3
Tottenham,2022-03-20,11374,9.33917324381915,1.0,1.0,3.0,1.0,2.0,1.0,0.0,0.0,0.0,0.0,0.0,0.0,6.0,6,3
Tottenham,2022-03-21,8120,9.002208578282412,0.0,0.0,0.0,0.0,0.0,0.0,0.0,0.0,1.0,1.0,0.0,0.0,3.0,0,3
Tottenham,2022-03-22,6750,8.81744592104187,0.0,0.0,0.0,0.0,0.0,0.0,0.0,0.0,0.0,0.0,0.0,0.0,3.0,1,3
Tottenham,2022-03-23,5653,8.640118538253535,0.0,0.0,0.0,0.0,0.0,0.0,0.0,0.0,0.0,0.0,0.0,0.0,3.0,2,3
Tottenham,2022-03-24,6077,8.712430973476739,0.0,0.0,0.0,0.0,0.0,0.0,0.0,0.0,0.0,0.0,0.0,0.0,3.0,3,3
Tottenham,2022-03-25,5596,8.62998601889136,0.0,0.0,0.0,0.0,0.0,0.0,0.0,0.0,0.0,0.0,0.0,0.0,0.0,4,3
Tottenham,2022-03-26,5301,8.57583938684897,0.0,0.0,0.0,0.0,0.0,0.0,0.0,0.0,0.0,0.0,0.0,0.0,0.0,5,3
Tottenham,2022-03-27,4982,8.513787398281405,0.0,0.0,0.0,0.0,0.0,0.0,0.0,0.0,0.0,0.0,0.0,0.0,0.0,6,3
Tottenham,2022-03-28,4268,8.359134886757962,0.0,0.0,0.0,0.0,0.0,0.0,0.0,0.0,0.0,0.0,0.0,0.0,0.0,0,3
Tottenham,2022-03-29,5212,8.558910784768106,0.0,0.0,0.0,0.0,0.0,0.0,0.0,0.0,0.0,0.0,0.0,0.0,0.0,1,3
Tottenham,2022-03-30,4908,8.498825534058053,0.0,0.0,0.0,0.0,0.0,0.0,0.0,0.0,0.0,0.0,0.0,0.0,0.0,2,3
Tottenham,2022-03-31,4406,8.390949464841986,0.0,0.0,0.0,0.0,0.0,0.0,0.0,0.0,0.0,0.0,0.0,0.0,0.0,3,3
Tottenham,2022-04-01,4461,8.403352374992478,0.0,0.0,0.0,0.0,0.0,0.0,0.0,0.0,0.0,0.0,0.0,0.0,0.0,4,4
Tottenham,2022-04-02,5296,8.574895901544526,0.0,0.0,0.0,0.0,0.0,0.0,0.0,0.0,0.0,0.0,0.0,0.0,0.0,5,4
Tottenham,2022-04-03,13186,9.486986774807699,1.0,1.0,5.0,1.0,4.0,1.0,0.0,0.0,0.0,0.0,0.0,0.0,3.0,6,4
Tottenham,2022-04-04,8388,9.034676602846295,0.0,0.0,0.0,0.0,0.0,0.0,0.0,0.0,1.0,1.0,0.0,0.0,3.0,0,4
Tottenham,2022-04-05,6985,8.851663425366777,0.0,0.0,0.0,0.0,0.0,0.0,0.0,0.0,0.0,0.0,0.0,0.0,3.0,1,4
Tottenham,2022-04-06,6823,8.828201089171515,0.0,0.0,0.0,0.0,0.0,0.0,0.0,0.0,0.0,0.0,0.0,0.0,3.0,2,4
Tottenham,2022-04-07,5960,8.692993531219926,0.0,0.0,0.0,0.0,0.0,0.0,0.0,0.0,0.0,0.0,0.0,0.0,3.0,3,4
Tottenham,2022-04-08,5386,8.591743922680534,0.0,0.0,0.0,0.0,0.0,0.0,0.0,0.0,0.0,0.0,0.0,0.0,0.0,4,4
Tottenham,2022-04-09,14098,9.55385915186536,1.0,0.0,4.0,0.0,4.0,1.0,0.0,0.0,0.0,0.0,0.0,0.0,3.0,5,4
Tottenham,2022-04-10,11050,9.310276200588783,0.0,0.0,0.0,0.0,0.0,0.0,0.0,0.0,1.0,1.0,0.0,0.0,3.0,6,4
Tottenham,2022-04-11,7978,8.984568369308281,0.0,0.0,0.0,0.0,0.0,0.0,0.0,0.0,0.0,0.0,0.0,0.0,3.0,0,4
Tottenham,2022-04-12,7066,8.863191340690854,0.0,0.0,0.0,0.0,0.0,0.0,0.0,0.0,0.0,0.0,0.0,0.0,3.0,1,4
Tottenham,2022-04-13,7315,8.897819009510757,0.0,0.0,0.0,0.0,0.0,0.0,0.0,0.0,0.0,0.0,0.0,0.0,3.0,2,4
Tottenham,2022-04-14,6865,8.834336974017637,0.0,0.0,0.0,0.0,0.0,0.0,0.0,0.0,0.0,0.0,0.0,0.0,0.0,3,4
Tottenham,2022-04-15,6578,8.791638037085997,0.0,0.0,0.0,0.0,0.0,0.0,0.0,0.0,0.0,0.0,0.0,0.0,0.0,4,4
Tottenham,2022-04-16,10589,9.267665438595452,1.0,1.0,0.0,1.0,-1.0,0.0,0.0,1.0,0.0,0.0,0.0,0.0,0.0,5,4
Tottenham,2022-04-17,6621,8.798152718107191,0.0,0.0,0.0,0.0,0.0,0.0,0.0,0.0,1.0,0.0,0.0,1.0,0.0,6,4
Tottenham,2022-04-18,6021,8.70317470904168,0.0,0.0,0.0,0.0,0.0,0.0,0.0,0.0,0.0,0.0,0.0,0.0,0.0,0,4
Tottenham,2022-04-19,6432,8.769196271411001,0.0,0.0,0.0,0.0,0.0,0.0,0.0,0.0,0.0,0.0,0.0,0.0,0.0,1,4
Tottenham,2022-04-20,6819,8.827614750837508,0.0,0.0,0.0,0.0,0.0,0.0,0.0,0.0,0.0,0.0,0.0,0.0,0.0,2,4
Tottenham,2022-04-21,6687,8.808070154764538,0.0,0.0,0.0,0.0,0.0,0.0,0.0,0.0,0.0,0.0,0.0,0.0,0.0,3,4
Tottenham,2022-04-22,5736,8.654691704601872,0.0,0.0,0.0,0.0,0.0,0.0,0.0,0.0,0.0,0.0,0.0,0.0,0.0,4,4
Tottenham,2022-04-23,10976,9.303557453687317,1.0,0.0,0.0,0.0,0.0,0.0,1.0,0.0,0.0,0.0,0.0,0.0,1.0,5,4
Tottenham,2022-04-24,7453,8.916506080039204,0.0,0.0,0.0,0.0,0.0,0.0,0.0,0.0,1.0,0.0,1.0,0.0,1.0,6,4
Tottenham,2022-04-25,6806,8.825706773447951,0.0,0.0,0.0,0.0,0.0,0.0,0.0,0.0,0.0,0.0,0.0,0.0,1.0,0,4
Tottenham,2022-04-26,6596,8.794370279222871,0.0,0.0,0.0,0.0,0.0,0.0,0.0,0.0,0.0,0.0,0.0,0.0,1.0,1,4
Tottenham,2022-04-27,6367,8.75904072752422,0.0,0.0,0.0,0.0,0.0,0.0,0.0,0.0,0.0,0.0,0.0,0.0,1.0,2,4
Tottenham,2022-04-28,6286,8.74623928838306,0.0,0.0,0.0,0.0,0.0,0.0,0.0,0.0,0.0,0.0,0.0,0.0,0.0,3,4
Tottenham,2022-04-29,5331,8.5814816812986,0.0,0.0,0.0,0.0,0.0,0.0,0.0,0.0,0.0,0.0,0.0,0.0,0.0,4,4
Tottenham,2022-04-30,5716,8.651199471263972,0.0,0.0,0.0,0.0,0.0,0.0,0.0,0.0,0.0,0.0,0.0,0.0,0.0,5,4
Tottenham,2022-05-01,10186,9.228867676590067,1.0,1.0,3.0,1.0,2.0,1.0,0.0,0.0,0.0,0.0,0.0,0.0,3.0,6,5
Tottenham,2022-05-02,7964,8.98281222234415,0.0,0.0,0.0,0.0,0.0,0.0,0.0,0.0,1.0,1.0,0.0,0.0,3.0,0,5
Tottenham,2022-05-03,7856,8.969160133175821,0.0,0.0,0.0,0.0,0.0,0.0,0.0,0.0,0.0,0.0,0.0,0.0,3.0,1,5
Tottenham,2022-05-04,9520,9.161255164285691,0.0,0.0,0.0,0.0,0.0,0.0,0.0,0.0,0.0,0.0,0.0,0.0,3.0,2,5
Tottenham,2022-05-05,7878,8.971956271245688,0.0,0.0,0.0,0.0,0.0,0.0,0.0,0.0,0.0,0.0,0.0,0.0,3.0,3,5
Tottenham,2022-05-06,7814,8.963800242855577,0.0,0.0,0.0,0.0,0.0,0.0,0.0,0.0,0.0,0.0,0.0,0.0,0.0,4,5
Tottenham,2022-05-07,14793,9.601976972147813,1.0,0.0,1.0,1.0,0.0,0.0,1.0,0.0,0.0,0.0,0.0,0.0,1.0,5,5
Tottenham,2022-05-08,9818,9.19207456316929,0.0,0.0,0.0,0.0,0.0,0.0,0.0,0.0,1.0,0.0,1.0,0.0,1.0,6,5
Tottenham,2022-05-09,8376,9.033245134153809,0.0,0.0,0.0,0.0,0.0,0.0,0.0,0.0,0.0,0.0,0.0,0.0,1.0,0,5
Tottenham,2022-05-10,8033,8.991437814919227,0.0,0.0,0.0,0.0,0.0,0.0,0.0,0.0,0.0,0.0,0.0,0.0,1.0,1,5
Tottenham,2022-05-11,7853,8.968778235137956,0.0,0.0,0.0,0.0,0.0,0.0,0.0,0.0,0.0,0.0,0.0,0.0,1.0,2,5
Tottenham,2022-05-12,19567,9.881650857926953,1.0,1.0,3.0,0.0,3.0,1.0,0.0,0.0,0.0,0.0,0.0,0.0,3.0,3,5
Tottenham,2022-05-13,13011,9.473627287593242,0.0,0.0,0.0,0.0,0.0,0.0,0.0,0.0,1.0,1.0,0.0,0.0,3.0,4,5
Tottenham,2022-05-14,17809,9.787515376283707,0.0,0.0,0.0,0.0,0.0,0.0,0.0,0.0,0.0,0.0,0.0,0.0,3.0,5,5
Tottenham,2022-05-15,15305,9.636000187369866,1.0,1.0,1.0,0.0,1.0,1.0,0.0,0.0,0.0,0.0,0.0,0.0,6.0,6,5
Tottenham,2022-05-16,11904,9.384713758920963,0.0,0.0,0.0,0.0,0.0,0.0,0.0,0.0,1.0,1.0,0.0,0.0,6.0,0,5
Tottenham,2022-05-17,12426,9.427626803805994,0.0,0.0,0.0,0.0,0.0,0.0,0.0,0.0,0.0,0.0,0.0,0.0,3.0,1,5
Tottenham,2022-05-18,9270,9.134646527606982,0.0,0.0,0.0,0.0,0.0,0.0,0.0,0.0,0.0,0.0,0.0,0.0,3.0,2,5
Tottenham,2022-05-19,8417,9.038127549330516,0.0,0.0,0.0,0.0,0.0,0.0,0.0,0.0,0.0,0.0,0.0,0.0,3.0,3,5
Tottenham,2022-05-20,7845,8.967759126769497,0.0,0.0,0.0,0.0,0.0,0.0,0.0,0.0,0.0,0.0,0.0,0.0,0.0,4,5
Tottenham,2022-05-21,7358,8.903679332926599,0.0,0.0,0.0,0.0,0.0,0.0,0.0,0.0,0.0,0.0,0.0,0.0,0.0,5,5
Tottenham,2022-05-22,20532,9.9297886269555,1.0,0.0,5.0,0.0,5.0,1.0,0.0,0.0,0.0,0.0,0.0,0.0,3.0,6,5
Tottenham,2022-05-23,18359,9.817929664174482,0.0,0.0,0.0,0.0,0.0,0.0,0.0,0.0,1.0,1.0,0.0,0.0,3.0,0,5
Tottenham,2022-05-24,14509,9.582593345878234,0.0,0.0,0.0,0.0,0.0,0.0,0.0,0.0,0.0,0.0,0.0,0.0,3.0,1,5
Tottenham,2022-05-25,14037,9.549523217290366,0.0,0.0,0.0,0.0,0.0,0.0,0.0,0.0,0.0,0.0,0.0,0.0,3.0,2,5
Tottenham,2022-05-26,13005,9.473166068429098,0.0,0.0,0.0,0.0,0.0,0.0,0.0,0.0,0.0,0.0,0.0,0.0,3.0,3,5
Tottenham,2022-05-27,10602,9.268892258925797,0.0,0.0,0.0,0.0,0.0,0.0,0.0,0.0,0.0,0.0,0.0,0.0,0.0,4,5
Tottenham,2022-05-28,14969,9.613803477413674,0.0,0.0,0.0,0.0,0.0,0.0,0.0,0.0,0.0,0.0,0.0,0.0,0.0,5,5
Tottenham,2022-05-29,11982,9.391244257682517,0.0,0.0,0.0,0.0,0.0,0.0,0.0,0.0,0.0,0.0,0.0,0.0,0.0,6,5
Tottenham,2022-05-30,10987,9.304559047215164,0.0,0.0,0.0,0.0,0.0,0.0,0.0,0.0,0.0,0.0,0.0,0.0,0.0,0,5
Tottenham,2022-05-31,14952,9.612667227583843,0.0,0.0,0.0,0.0,0.0,0.0,0.0,0.0,0.0,0.0,0.0,0.0,0.0,1,5
Tottenham,2022-06-01,12357,9.422058905620926,0.0,0.0,0.0,0.0,0.0,0.0,0.0,0.0,0.0,0.0,0.0,0.0,0.0,2,6
Tottenham,2022-06-02,9191,9.126088819528592,0.0,0.0,0.0,0.0,0.0,0.0,0.0,0.0,0.0,0.0,0.0,0.0,0.0,3,6
Tottenham,2022-06-03,8183,9.009936307631463,0.0,0.0,0.0,0.0,0.0,0.0,0.0,0.0,0.0,0.0,0.0,0.0,0.0,4,6
Tottenham,2022-06-04,7550,8.929435283803425,0.0,0.0,0.0,0.0,0.0,0.0,0.0,0.0,0.0,0.0,0.0,0.0,0.0,5,6
Tottenham,2022-06-05,7919,8.977146484808472,0.0,0.0,0.0,0.0,0.0,0.0,0.0,0.0,0.0,0.0,0.0,0.0,0.0,6,6
Tottenham,2022-06-06,7907,8.975630184290507,0.0,0.0,0.0,0.0,0.0,0.0,0.0,0.0,0.0,0.0,0.0,0.0,0.0,0,6
Tottenham,2022-06-07,8624,9.062420241899561,0.0,0.0,0.0,0.0,0.0,0.0,0.0,0.0,0.0,0.0,0.0,0.0,0.0,1,6
Tottenham,2022-06-08,9452,9.154087430425385,0.0,0.0,0.0,0.0,0.0,0.0,0.0,0.0,0.0,0.0,0.0,0.0,0.0,2,6
Tottenham,2022-06-09,7444,8.915297945118109,0.0,0.0,0.0,0.0,0.0,0.0,0.0,0.0,0.0,0.0,0.0,0.0,0.0,3,6
Tottenham,2022-06-10,7661,8.944028325260595,0.0,0.0,0.0,0.0,0.0,0.0,0.0,0.0,0.0,0.0,0.0,0.0,0.0,4,6
Tottenham,2022-06-11,7674,8.945723572455398,0.0,0.0,0.0,0.0,0.0,0.0,0.0,0.0,0.0,0.0,0.0,0.0,0.0,5,6
Tottenham,2022-06-12,7078,8.86488793377419,0.0,0.0,0.0,0.0,0.0,0.0,0.0,0.0,0.0,0.0,0.0,0.0,0.0,6,6
Tottenham,2022-06-13,7202,8.882252884889363,0.0,0.0,0.0,0.0,0.0,0.0,0.0,0.0,0.0,0.0,0.0,0.0,0.0,0,6
Tottenham,2022-06-14,10484,9.25770094333602,0.0,0.0,0.0,0.0,0.0,0.0,0.0,0.0,0.0,0.0,0.0,0.0,0.0,1,6
Tottenham,2022-06-15,7386,8.907476977528738,0.0,0.0,0.0,0.0,0.0,0.0,0.0,0.0,0.0,0.0,0.0,0.0,0.0,2,6
Tottenham,2022-06-16,8543,9.052984561199976,0.0,0.0,0.0,0.0,0.0,0.0,0.0,0.0,0.0,0.0,0.0,0.0,0.0,3,6
Tottenham,2022-06-17,11265,9.329544619454659,0.0,0.0,0.0,0.0,0.0,0.0,0.0,0.0,0.0,0.0,0.0,0.0,0.0,4,6
Tottenham,2022-06-18,9325,9.140561477368266,0.0,0.0,0.0,0.0,0.0,0.0,0.0,0.0,0.0,0.0,0.0,0.0,0.0,5,6
Tottenham,2022-06-19,7995,8.98669669562029,0.0,0.0,0.0,0.0,0.0,0.0,0.0,0.0,0.0,0.0,0.0,0.0,0.0,6,6
Tottenham,2022-06-20,7583,8.933796043934858,0.0,0.0,0.0,0.0,0.0,0.0,0.0,0.0,0.0,0.0,0.0,0.0,0.0,0,6
Tottenham,2022-06-21,7729,8.952864141581468,0.0,0.0,0.0,0.0,0.0,0.0,0.0,0.0,0.0,0.0,0.0,0.0,0.0,1,6
Tottenham,2022-06-22,7440,8.914760527397261,0.0,0.0,0.0,0.0,0.0,0.0,0.0,0.0,0.0,0.0,0.0,0.0,0.0,2,6
Tottenham,2022-06-23,6433,8.769351707798972,0.0,0.0,0.0,0.0,0.0,0.0,0.0,0.0,0.0,0.0,0.0,0.0,0.0,3,6
Tottenham,2022-06-24,6007,8.700847193443972,0.0,0.0,0.0,0.0,0.0,0.0,0.0,0.0,0.0,0.0,0.0,0.0,0.0,4,6
Tottenham,2022-06-25,6662,8.804325112562537,0.0,0.0,0.0,0.0,0.0,0.0,0.0,0.0,0.0,0.0,0.0,0.0,0.0,5,6
Tottenham,2022-06-26,6780,8.821879862683842,0.0,0.0,0.0,0.0,0.0,0.0,0.0,0.0,0.0,0.0,0.0,0.0,0.0,6,6
Tottenham,2022-06-27,7073,8.864181369765426,0.0,0.0,0.0,0.0,0.0,0.0,0.0,0.0,0.0,0.0,0.0,0.0,0.0,0,6
Tottenham,2022-06-28,6804,8.825412915085566,0.0,0.0,0.0,0.0,0.0,0.0,0.0,0.0,0.0,0.0,0.0,0.0,0.0,1,6
Tottenham,2022-06-29,7577,8.933004591578547,0.0,0.0,0.0,0.0,0.0,0.0,0.0,0.0,0.0,0.0,0.0,0.0,0.0,2,6
Tottenham,2022-06-30,15061,9.619930294661296,0.0,0.0,0.0,0.0,0.0,0.0,0.0,0.0,0.0,0.0,0.0,0.0,0.0,3,6
Tottenham,2022-07-01,20726,9.939192477156904,0.0,0.0,0.0,0.0,0.0,0.0,0.0,0.0,0.0,0.0,0.0,0.0,0.0,4,7
Tottenham,2022-07-02,12888,9.46412951340478,0.0,0.0,0.0,0.0,0.0,0.0,0.0,0.0,0.0,0.0,0.0,0.0,0.0,5,7
Tottenham,2022-07-03,9953,9.2057297594185,0.0,0.0,0.0,0.0,0.0,0.0,0.0,0.0,0.0,0.0,0.0,0.0,0.0,6,7
Tottenham,2022-07-04,26341,10.178919902558992,0.0,0.0,0.0,0.0,0.0,0.0,0.0,0.0,0.0,0.0,0.0,0.0,0.0,0,7
Tottenham,2022-07-05,25000,10.12667110305036,0.0,0.0,0.0,0.0,0.0,0.0,0.0,0.0,0.0,0.0,0.0,0.0,0.0,1,7
Tottenham,2022-07-06,12739,9.452501929126154,0.0,0.0,0.0,0.0,0.0,0.0,0.0,0.0,0.0,0.0,0.0,0.0,0.0,2,7
Tottenham,2022-07-07,10539,9.262932822095353,0.0,0.0,0.0,0.0,0.0,0.0,0.0,0.0,0.0,0.0,0.0,0.0,0.0,3,7
Tottenham,2022-07-08,14425,9.576787413063618,0.0,0.0,0.0,0.0,0.0,0.0,0.0,0.0,0.0,0.0,0.0,0.0,0.0,4,7
Tottenham,2022-07-09,17264,9.756436609824092,0.0,0.0,0.0,0.0,0.0,0.0,0.0,0.0,0.0,0.0,0.0,0.0,0.0,5,7
Tottenham,2022-07-10,13771,9.530392824458414,0.0,0.0,0.0,0.0,0.0,0.0,0.0,0.0,0.0,0.0,0.0,0.0,0.0,6,7
Tottenham,2022-07-11,12196,9.40894529884324,0.0,0.0,0.0,0.0,0.0,0.0,0.0,0.0,0.0,0.0,0.0,0.0,0.0,0,7
Tottenham,2022-07-12,11955,9.388988523403828,0.0,0.0,0.0,0.0,0.0,0.0,0.0,0.0,0.0,0.0,0.0,0.0,0.0,1,7
Tottenham,2022-07-13,16680,9.722025626154055,0.0,0.0,0.0,0.0,0.0,0.0,0.0,0.0,0.0,0.0,0.0,0.0,0.0,2,7
Tottenham,2022-07-14,12160,9.405989388981,0.0,0.0,0.0,0.0,0.0,0.0,0.0,0.0,0.0,0.0,0.0,0.0,0.0,3,7
Tottenham,2022-07-15,12556,9.438033557988964,0.0,0.0,0.0,0.0,0.0,0.0,0.0,0.0,0.0,0.0,0.0,0.0,0.0,4,7
Tottenham,2022-07-16,14778,9.600962533214572,0.0,0.0,0.0,0.0,0.0,0.0,0.0,0.0,0.0,0.0,0.0,0.0,0.0,5,7
Tottenham,2022-07-17,11577,9.35686202463895,0.0,0.0,0.0,0.0,0.0,0.0,0.0,0.0,0.0,0.0,0.0,0.0,0.0,6,7
Tottenham,2022-07-18,10582,9.267004219093725,0.0,0.0,0.0,0.0,0.0,0.0,0.0,0.0,0.0,0.0,0.0,0.0,0.0,0,7
Tottenham,2022-07-19,16933,9.737078714202223,0.0,0.0,0.0,0.0,0.0,0.0,0.0,0.0,0.0,0.0,0.0,0.0,0.0,1,7
Tottenham,2022-07-20,12166,9.406482647787449,0.0,0.0,0.0,0.0,0.0,0.0,0.0,0.0,0.0,0.0,0.0,0.0,0.0,2,7
Tottenham,2022-07-21,12770,9.454932254496262,0.0,0.0,0.0,0.0,0.0,0.0,0.0,0.0,0.0,0.0,0.0,0.0,0.0,3,7
Tottenham,2022-07-22,12149,9.405084448768694,0.0,0.0,0.0,0.0,0.0,0.0,0.0,0.0,0.0,0.0,0.0,0.0,0.0,4,7
Tottenham,2022-07-23,17286,9.757710052922787,0.0,0.0,0.0,0.0,0.0,0.0,0.0,0.0,0.0,0.0,0.0,0.0,0.0,5,7
Tottenham,2022-07-24,13586,9.516868732224324,0.0,0.0,0.0,0.0,0.0,0.0,0.0,0.0,0.0,0.0,0.0,0.0,0.0,6,7
Tottenham,2022-07-25,11578,9.356948391612272,0.0,0.0,0.0,0.0,0.0,0.0,0.0,0.0,0.0,0.0,0.0,0.0,0.0,0,7
Tottenham,2022-07-26,10710,9.27902652976463,0.0,0.0,0.0,0.0,0.0,0.0,0.0,0.0,0.0,0.0,0.0,0.0,0.0,1,7
Tottenham,2022-07-27,9687,9.178643285232928,0.0,0.0,0.0,0.0,0.0,0.0,0.0,0.0,0.0,0.0,0.0,0.0,0.0,2,7
Tottenham,2022-07-28,9578,9.167328481382892,0.0,0.0,0.0,0.0,0.0,0.0,0.0,0.0,0.0,0.0,0.0,0.0,0.0,3,7
Tottenham,2022-07-29,9057,9.111403624116159,0.0,0.0,0.0,0.0,0.0,0.0,0.0,0.0,0.0,0.0,0.0,0.0,0.0,4,7
Tottenham,2022-07-30,11954,9.388904879892426,0.0,0.0,0.0,0.0,0.0,0.0,0.0,0.0,0.0,0.0,0.0,0.0,0.0,5,7
Tottenham,2022-07-31,12381,9.423999084079178,0.0,0.0,0.0,0.0,0.0,0.0,0.0,0.0,0.0,0.0,0.0,0.0,0.0,6,7
Tottenham,2022-08-01,10715,9.2794932306645,0.0,0.0,0.0,0.0,0.0,0.0,0.0,0.0,0.0,0.0,0.0,0.0,0.0,0,8
Tottenham,2022-08-02,11108,9.315510869581722,0.0,0.0,0.0,0.0,0.0,0.0,0.0,0.0,0.0,0.0,0.0,0.0,0.0,1,8
Tottenham,2022-08-03,11341,9.336267928573973,0.0,0.0,0.0,0.0,0.0,0.0,0.0,0.0,0.0,0.0,0.0,0.0,0.0,2,8
Tottenham,2022-08-04,13482,9.509184911634074,0.0,0.0,0.0,0.0,0.0,0.0,0.0,0.0,0.0,0.0,0.0,0.0,0.0,3,8
Tottenham,2022-08-05,15867,9.672059781634221,0.0,0.0,0.0,0.0,0.0,0.0,0.0,0.0,0.0,0.0,0.0,0.0,0.0,4,8
Tottenham,2022-08-06,29334,10.28653662135996,1.0,1.0,4.0,1.0,3.0,1.0,0.0,0.0,0.0,0.0,0.0,0.0,3.0,5,8
Tottenham,2022-08-07,18637,9.8329577863456,0.0,0.0,0.0,0.0,0.0,0.0,0.0,0.0,1.0,1.0,0.0,0.0,3.0,6,8
Tottenham,2022-08-08,13784,9.531336323457896,0.0,0.0,0.0,0.0,0.0,0.0,0.0,0.0,0.0,0.0,0.0,0.0,3.0,0,8
Tottenham,2022-08-09,12439,9.42867236629317,0.0,0.0,0.0,0.0,0.0,0.0,0.0,0.0,0.0,0.0,0.0,0.0,3.0,1,8
Tottenham,2022-08-10,10439,9.25339986143663,0.0,0.0,0.0,0.0,0.0,0.0,0.0,0.0,0.0,0.0,0.0,0.0,3.0,2,8
Tottenham,2022-08-11,12117,9.402447229504935,0.0,0.0,0.0,0.0,0.0,0.0,0.0,0.0,0.0,0.0,0.0,0.0,0.0,3,8
Tottenham,2022-08-12,12338,9.420520256898534,0.0,0.0,0.0,0.0,0.0,0.0,0.0,0.0,0.0,0.0,0.0,0.0,0.0,4,8
Tottenham,2022-08-13,13989,9.546098067659527,0.0,0.0,0.0,0.0,0.0,0.0,0.0,0.0,0.0,0.0,0.0,0.0,0.0,5,8
Tottenham,2022-08-14,44727,10.708354982706481,1.0,0.0,2.0,2.0,0.0,0.0,1.0,0.0,0.0,0.0,0.0,0.0,1.0,6,8
Tottenham,2022-08-15,22282,10.011579334886969,0.0,0.0,0.0,0.0,0.0,0.0,0.0,0.0,1.0,0.0,1.0,0.0,1.0,0,8
Tottenham,2022-08-16,14541,9.584796293210003,0.0,0.0,0.0,0.0,0.0,0.0,0.0,0.0,0.0,0.0,0.0,0.0,1.0,1,8
Tottenham,2022-08-17,13509,9.511185430954244,0.0,0.0,0.0,0.0,0.0,0.0,0.0,0.0,0.0,0.0,0.0,0.0,1.0,2,8
Tottenham,2022-08-18,12625,9.44351345892757,0.0,0.0,0.0,0.0,0.0,0.0,0.0,0.0,0.0,0.0,0.0,0.0,1.0,3,8
Tottenham,2022-08-19,12249,9.413281215972873,0.0,0.0,0.0,0.0,0.0,0.0,0.0,0.0,0.0,0.0,0.0,0.0,0.0,4,8
Tottenham,2022-08-20,38751,10.564937646352819,1.0,1.0,1.0,0.0,1.0,1.0,0.0,0.0,0.0,0.0,0.0,0.0,3.0,5,8
Tottenham,2022-08-21,16941,9.737551024991497,0.0,0.0,0.0,0.0,0.0,0.0,0.0,0.0,1.0,1.0,0.0,0.0,3.0,6,8
Tottenham,2022-08-22,12292,9.41678527366734,0.0,0.0,0.0,0.0,0.0,0.0,0.0,0.0,0.0,0.0,0.0,0.0,3.0,0,8
Tottenham,2022-08-23,10199,9.230142999272362,0.0,0.0,0.0,0.0,0.0,0.0,0.0,0.0,0.0,0.0,0.0,0.0,3.0,1,8
Tottenham,2022-08-24,9773,9.1874810778301,0.0,0.0,0.0,0.0,0.0,0.0,0.0,0.0,0.0,0.0,0.0,0.0,3.0,2,8
Tottenham,2022-08-25,12401,9.425613028909824,0.0,0.0,0.0,0.0,0.0,0.0,0.0,0.0,0.0,0.0,0.0,0.0,0.0,3,8
Tottenham,2022-08-26,11059,9.311090275076326,0.0,0.0,0.0,0.0,0.0,0.0,0.0,0.0,0.0,0.0,0.0,0.0,0.0,4,8
Tottenham,2022-08-27,13894,9.539284342176604,0.0,0.0,0.0,0.0,0.0,0.0,0.0,0.0,0.0,0.0,0.0,0.0,0.0,5,8
Tottenham,2022-08-28,34276,10.442229854296327,1.0,0.0,2.0,0.0,2.0,1.0,0.0,0.0,0.0,0.0,0.0,0.0,3.0,6,8
Tottenham,2022-08-29,14221,9.562545340443464,0.0,0.0,0.0,0.0,0.0,0.0,0.0,0.0,1.0,1.0,0.0,0.0,3.0,0,8
Tottenham,2022-08-30,14555,9.585758558732051,0.0,0.0,0.0,0.0,0.0,0.0,0.0,0.0,0.0,0.0,0.0,0.0,3.0,1,8
Tottenham,2022-08-31,23523,10.065776455579847,1.0,0.0,1.0,1.0,0.0,0.0,1.0,0.0,0.0,0.0,0.0,0.0,4.0,2,8
Tottenham,2022-09-01,16162,9.690479958409808,0.0,0.0,0.0,0.0,0.0,0.0,0.0,0.0,1.0,0.0,1.0,0.0,4.0,3,9
Tottenham,2022-09-02,12747,9.453129675537227,0.0,0.0,0.0,0.0,0.0,0.0,0.0,0.0,0.0,0.0,0.0,0.0,1.0,4,9
Tottenham,2022-09-03,16768,9.72728722274711,1.0,1.0,2.0,1.0,1.0,1.0,0.0,0.0,0.0,0.0,0.0,0.0,4.0,5,9
Tottenham,2022-09-04,16401,9.705158557596356,0.0,0.0,0.0,0.0,0.0,0.0,0.0,0.0,1.0,1.0,0.0,0.0,4.0,6,9
Tottenham,2022-09-05,15375,9.640563131210074,0.0,0.0,0.0,0.0,0.0,0.0,0.0,0.0,0.0,0.0,0.0,0.0,3.0,0,9
Tottenham,2022-09-06,13927,9.541656481448024,0.0,0.0,0.0,0.0,0.0,0.0,0.0,0.0,0.0,0.0,0.0,0.0,3.0,1,9
Tottenham,2022-09-07,28408,10.254461275355103,0.0,0.0,0.0,0.0,0.0,0.0,0.0,0.0,0.0,0.0,0.0,0.0,3.0,2,9
Tottenham,2022-09-08,19340,9.86998247397873,0.0,0.0,0.0,0.0,0.0,0.0,0.0,0.0,0.0,0.0,0.0,0.0,0.0,3,9
Tottenham,2022-09-09,10682,9.276408971945887,0.0,0.0,0.0,0.0,0.0,0.0,0.0,0.0,0.0,0.0,0.0,0.0,0.0,4,9
Tottenham,2022-09-10,10167,9.22700081286929,0.0,0.0,0.0,0.0,0.0,0.0,0.0,0.0,0.0,0.0,0.0,0.0,0.0,5,9
Tottenham,2022-09-11,9546,9.163982247998034,0.0,0.0,0.0,0.0,0.0,0.0,0.0,0.0,0.0,0.0,0.0,0.0,0.0,6,9
Tottenham,2022-09-12,10173,9.22759072538271,0.0,0.0,0.0,0.0,0.0,0.0,0.0,0.0,0.0,0.0,0.0,0.0,0.0,0,9
Tottenham,2022-09-13,34689,10.454206739963796,0.0,0.0,0.0,0.0,0.0,0.0,0.0,0.0,0.0,0.0,0.0,0.0,0.0,1,9
Tottenham,2022-09-14,13772,9.530465432917332,0.0,0.0,0.0,0.0,0.0,0.0,0.0,0.0,0.0,0.0,0.0,0.0,0.0,2,9
Tottenham,2022-09-15,9525,9.161780181360806,0.0,0.0,0.0,0.0,0.0,0.0,0.0,0.0,0.0,0.0,0.0,0.0,0.0,3,9
Tottenham,2022-09-16,8332,9.027978814382207,0.0,0.0,0.0,0.0,0.0,0.0,0.0,0.0,0.0,0.0,0.0,0.0,0.0,4,9
Tottenham,2022-09-17,19033,9.85398213263229,1.0,1.0,6.0,2.0,4.0,1.0,0.0,0.0,0.0,0.0,0.0,0.0,3.0,5,9
Tottenham,2022-09-18,13577,9.516206114861593,0.0,0.0,0.0,0.0,0.0,0.0,0.0,0.0,1.0,1.0,0.0,0.0,3.0,6,9
Tottenham,2022-09-19,7925,8.97790377375038,0.0,0.0,0.0,0.0,0.0,0.0,0.0,0.0,0.0,0.0,0.0,0.0,3.0,0,9
Tottenham,2022-09-20,7385,8.90734159541251,0.0,0.0,0.0,0.0,0.0,0.0,0.0,0.0,0.0,0.0,0.0,0.0,3.0,1,9
Tottenham,2022-09-21,6889,8.837826364007704,0.0,0.0,0.0,0.0,0.0,0.0,0.0,0.0,0.0,0.0,0.0,0.0,3.0,2,9
Tottenham,2022-09-22,7944,8.980298078970817,0.0,0.0,0.0,0.0,0.0,0.0,0.0,0.0,0.0,0.0,0.0,0.0,0.0,3,9
Tottenham,2022-09-23,6499,8.779557455883728,0.0,0.0,0.0,0.0,0.0,0.0,0.0,0.0,0.0,0.0,0.0,0.0,0.0,4,9
Tottenham,2022-09-24,6001,8.699848026000312,0.0,0.0,0.0,0.0,0.0,0.0,0.0,0.0,0.0,0.0,0.0,0.0,0.0,5,9
Tottenham,2022-09-25,6427,8.768418726857403,0.0,0.0,0.0,0.0,0.0,0.0,0.0,0.0,0.0,0.0,0.0,0.0,0.0,6,9
Tottenham,2022-09-26,6403,8.764678074116606,0.0,0.0,0.0,0.0,0.0,0.0,0.0,0.0,0.0,0.0,0.0,0.0,0.0,0,9
Tottenham,2022-09-27,6317,8.75115798136203,0.0,0.0,0.0,0.0,0.0,0.0,0.0,0.0,0.0,0.0,0.0,0.0,0.0,1,9
Tottenham,2022-09-28,6859,8.83346272071993,0.0,0.0,0.0,0.0,0.0,0.0,0.0,0.0,0.0,0.0,0.0,0.0,0.0,2,9
Tottenham,2022-09-29,7034,8.858652969548489,0.0,0.0,0.0,0.0,0.0,0.0,0.0,0.0,0.0,0.0,0.0,0.0,0.0,3,9
Tottenham,2022-09-30,7221,8.884887201837403,0.0,0.0,0.0,0.0,0.0,0.0,0.0,0.0,0.0,0.0,0.0,0.0,0.0,4,9
Tottenham,2022-10-01,21612,9.981050264483919,1.0,0.0,1.0,3.0,-2.0,0.0,0.0,1.0,0.0,0.0,0.0,0.0,0.0,5,10
Tottenham,2022-10-02,12913,9.466067273186413,0.0,0.0,0.0,0.0,0.0,0.0,0.0,0.0,1.0,0.0,0.0,1.0,0.0,6,10
Tottenham,2022-10-03,8227,9.015298250772847,0.0,0.0,0.0,0.0,0.0,0.0,0.0,0.0,0.0,0.0,0.0,0.0,0.0,0,10
Tottenham,2022-10-04,15404,9.642447411030767,0.0,0.0,0.0,0.0,0.0,0.0,0.0,0.0,0.0,0.0,0.0,0.0,0.0,1,10
Tottenham,2022-10-05,9975,9.207937487359873,0.0,0.0,0.0,0.0,0.0,0.0,0.0,0.0,0.0,0.0,0.0,0.0,0.0,2,10
Tottenham,2022-10-06,8955,9.100078977718645,0.0,0.0,0.0,0.0,0.0,0.0,0.0,0.0,0.0,0.0,0.0,0.0,0.0,3,10
Tottenham,2022-10-07,7568,8.931816237309167,0.0,0.0,0.0,0.0,0.0,0.0,0.0,0.0,0.0,0.0,0.0,0.0,0.0,4,10
Tottenham,2022-10-08,18033,9.800014144059851,1.0,0.0,1.0,0.0,1.0,1.0,0.0,0.0,0.0,0.0,0.0,0.0,3.0,5,10
Tottenham,2022-10-09,14055,9.550804629866933,0.0,0.0,0.0,0.0,0.0,0.0,0.0,0.0,1.0,1.0,0.0,0.0,3.0,6,10
Tottenham,2022-10-10,8713,9.072686206677387,0.0,0.0,0.0,0.0,0.0,0.0,0.0,0.0,0.0,0.0,0.0,0.0,3.0,0,10
Tottenham,2022-10-11,7182,8.879472402074802,0.0,0.0,0.0,0.0,0.0,0.0,0.0,0.0,0.0,0.0,0.0,0.0,3.0,1,10
Tottenham,2022-10-12,9798,9.190035618635818,0.0,0.0,0.0,0.0,0.0,0.0,0.0,0.0,0.0,0.0,0.0,0.0,3.0,2,10
Tottenham,2022-10-13,8482,9.045819439807735,0.0,0.0,0.0,0.0,0.0,0.0,0.0,0.0,0.0,0.0,0.0,0.0,0.0,3,10
Tottenham,2022-10-14,7381,8.906799883589944,0.0,0.0,0.0,0.0,0.0,0.0,0.0,0.0,0.0,0.0,0.0,0.0,0.0,4,10
Tottenham,2022-10-15,14087,9.553078650176042,1.0,1.0,2.0,0.0,2.0,1.0,0.0,0.0,0.0,0.0,0.0,0.0,3.0,5,10
Tottenham,2022-10-16,9419,9.150590367570409,0.0,0.0,0.0,0.0,0.0,0.0,0.0,0.0,1.0,1.0,0.0,0.0,3.0,6,10
Tottenham,2022-10-17,7383,8.907070776182689,0.0,0.0,0.0,0.0,0.0,0.0,0.0,0.0,0.0,0.0,0.0,0.0,3.0,0,10
Tottenham,2022-10-18,6785,8.822616945344176,0.0,0.0,0.0,0.0,0.0,0.0,0.0,0.0,0.0,0.0,0.0,0.0,3.0,1,10
Tottenham,2022-10-19,11385,9.340139809511028,1.0,0.0,0.0,2.0,-2.0,0.0,0.0,1.0,0.0,0.0,0.0,0.0,3.0,2,10
Tottenham,2022-10-20,7827,8.965462328515967,0.0,0.0,0.0,0.0,0.0,0.0,0.0,0.0,1.0,0.0,0.0,1.0,0.0,3,10
Tottenham,2022-10-21,6473,8.775549434486189,0.0,0.0,0.0,0.0,0.0,0.0,0.0,0.0,0.0,0.0,0.0,0.0,0.0,4,10
Tottenham,2022-10-22,7372,8.90557995798965,0.0,0.0,0.0,0.0,0.0,0.0,0.0,0.0,0.0,0.0,0.0,0.0,0.0,5,10
Tottenham,2022-10-23,14988,9.615071877730596,1.0,1.0,1.0,2.0,-1.0,0.0,0.0,1.0,0.0,0.0,0.0,0.0,0.0,6,10
Tottenham,2022-10-24,6741,8.816111895794005,0.0,0.0,0.0,0.0,0.0,0.0,0.0,0.0,1.0,0.0,0.0,1.0,0.0,0,10
Tottenham,2022-10-25,8520,9.050288983827956,0.0,0.0,0.0,0.0,0.0,0.0,0.0,0.0,0.0,0.0,0.0,0.0,0.0,1,10
Tottenham,2022-10-26,24507,10.106754873845546,0.0,0.0,0.0,0.0,0.0,0.0,0.0,0.0,0.0,0.0,0.0,0.0,0.0,2,10
Tottenham,2022-10-27,12042,9.39623885726048,0.0,0.0,0.0,0.0,0.0,0.0,0.0,0.0,0.0,0.0,0.0,0.0,0.0,3,10
Tottenham,2022-10-28,7858,8.969414650866176,0.0,0.0,0.0,0.0,0.0,0.0,0.0,0.0,0.0,0.0,0.0,0.0,0.0,4,10
Tottenham,2022-10-29,19236,9.86459078690618,1.0,0.0,3.0,2.0,1.0,1.0,0.0,0.0,0.0,0.0,0.0,0.0,3.0,5,10
Tottenham,2022-10-30,8922,9.09638749190015,0.0,0.0,0.0,0.0,0.0,0.0,0.0,0.0,1.0,1.0,0.0,0.0,3.0,6,10
Tottenham,2022-10-31,7073,8.864181369765426,0.0,0.0,0.0,0.0,0.0,0.0,0.0,0.0,0.0,0.0,0.0,0.0,3.0,0,10
Tottenham,2022-11-01,11673,9.365119425763737,0.0,0.0,0.0,0.0,0.0,0.0,0.0,0.0,0.0,0.0,0.0,0.0,3.0,1,11
Tottenham,2022-11-02,11662,9.36417671669105,0.0,0.0,0.0,0.0,0.0,0.0,0.0,0.0,0.0,0.0,0.0,0.0,3.0,2,11
Tottenham,2022-11-03,9223,9.129564061948894,0.0,0.0,0.0,0.0,0.0,0.0,0.0,0.0,0.0,0.0,0.0,0.0,0.0,3,11
Tottenham,2022-11-04,7350,8.902591637374087,0.0,0.0,0.0,0.0,0.0,0.0,0.0,0.0,0.0,0.0,0.0,0.0,0.0,4,11
Tottenham,2022-11-05,10407,9.250330020192342,0.0,0.0,0.0,0.0,0.0,0.0,0.0,0.0,0.0,0.0,0.0,0.0,0.0,5,11
Tottenham,2022-11-06,38978,10.570778318550847,1.0,1.0,1.0,2.0,-1.0,0.0,0.0,1.0,0.0,0.0,0.0,0.0,0.0,6,11
Tottenham,2022-11-07,13135,9.48311183169221,0.0,0.0,0.0,0.0,0.0,0.0,0.0,0.0,1.0,0.0,0.0,1.0,0.0,0,11
Tottenham,2022-11-08,8360,9.031333316150057,0.0,0.0,0.0,0.0,0.0,0.0,0.0,0.0,0.0,0.0,0.0,0.0,0.0,1,11
Tottenham,2022-11-09,11951,9.388653907372598,0.0,0.0,0.0,0.0,0.0,0.0,0.0,0.0,0.0,0.0,0.0,0.0,0.0,2,11
Tottenham,2022-11-10,8897,9.093581811365986,0.0,0.0,0.0,0.0,0.0,0.0,0.0,0.0,0.0,0.0,0.0,0.0,0.0,3,11
Tottenham,2022-11-11,6590,8.79346036105272,0.0,0.0,0.0,0.0,0.0,0.0,0.0,0.0,0.0,0.0,0.0,0.0,0.0,4,11
Tottenham,2022-11-12,14920,9.610524895640422,1.0,1.0,4.0,3.0,1.0,1.0,0.0,0.0,0.0,0.0,0.0,0.0,3.0,5,11
Tottenham,2022-11-13,10855,9.292473201514705,0.0,0.0,0.0,0.0,0.0,0.0,0.0,0.0,1.0,1.0,0.0,0.0,3.0,6,11
Tottenham,2022-11-14,8095,8.999125391527247,0.0,0.0,0.0,0.0,0.0,0.0,0.0,0.0,0.0,0.0,0.0,0.0,3.0,0,11
Tottenham,2022-11-15,7150,8.875007486048396,0.0,0.0,0.0,0.0,0.0,0.0,0.0,0.0,0.0,0.0,0.0,0.0,3.0,1,11
Tottenham,2022-11-16,6824,8.82834762005316,0.0,0.0,0.0,0.0,0.0,0.0,0.0,0.0,0.0,0.0,0.0,0.0,3.0,2,11
Tottenham,2022-11-17,6541,8.785998208098329,0.0,0.0,0.0,0.0,0.0,0.0,0.0,0.0,0.0,0.0,0.0,0.0,0.0,3,11
Tottenham,2022-11-18,5254,8.566935283311052,0.0,0.0,0.0,0.0,0.0,0.0,0.0,0.0,0.0,0.0,0.0,0.0,0.0,4,11
Tottenham,2022-11-19,6354,8.756997183623554,0.0,0.0,0.0,0.0,0.0,0.0,0.0,0.0,0.0,0.0,0.0,0.0,0.0,5,11
Tottenham,2022-11-20,6617,8.797548488481558,0.0,0.0,0.0,0.0,0.0,0.0,0.0,0.0,0.0,0.0,0.0,0.0,0.0,6,11
Tottenham,2022-11-21,12323,9.419303859716559,0.0,0.0,0.0,0.0,0.0,0.0,0.0,0.0,0.0,0.0,0.0,0.0,0.0,0,11
Tottenham,2022-11-22,9197,9.12674134809987,0.0,0.0,0.0,0.0,0.0,0.0,0.0,0.0,0.0,0.0,0.0,0.0,0.0,1,11
Tottenham,2022-11-23,9646,9.174402265170553,0.0,0.0,0.0,0.0,0.0,0.0,0.0,0.0,0.0,0.0,0.0,0.0,0.0,2,11
Tottenham,2022-11-24,23125,10.048712804688908,0.0,0.0,0.0,0.0,0.0,0.0,0.0,0.0,0.0,0.0,0.0,0.0,0.0,3,11
Tottenham,2022-11-25,20766,9.941120467342978,0.0,0.0,0.0,0.0,0.0,0.0,0.0,0.0,0.0,0.0,0.0,0.0,0.0,4,11
Tottenham,2022-11-26,12241,9.412627941411015,0.0,0.0,0.0,0.0,0.0,0.0,0.0,0.0,0.0,0.0,0.0,0.0,0.0,5,11
Tottenham,2022-11-27,13391,9.502412792729256,0.0,0.0,0.0,0.0,0.0,0.0,0.0,0.0,0.0,0.0,0.0,0.0,0.0,6,11
Tottenham,2022-11-28,15268,9.633579908183512,0.0,0.0,0.0,0.0,0.0,0.0,0.0,0.0,0.0,0.0,0.0,0.0,0.0,0,11
Tottenham,2022-11-29,12308,9.418085981110297,0.0,0.0,0.0,0.0,0.0,0.0,0.0,0.0,0.0,0.0,0.0,0.0,0.0,1,11
Tottenham,2022-11-30,10136,9.2239473753824,0.0,0.0,0.0,0.0,0.0,0.0,0.0,0.0,0.0,0.0,0.0,0.0,0.0,2,11
Tottenham,2022-12-01,8353,9.03049574505712,0.0,0.0,0.0,0.0,0.0,0.0,0.0,0.0,0.0,0.0,0.0,0.0,0.0,3,12
Tottenham,2022-12-02,11624,9.360913230455557,0.0,0.0,0.0,0.0,0.0,0.0,0.0,0.0,0.0,0.0,0.0,0.0,0.0,4,12
Tottenham,2022-12-03,13766,9.530029703062944,0.0,0.0,0.0,0.0,0.0,0.0,0.0,0.0,0.0,0.0,0.0,0.0,0.0,5,12
Tottenham,2022-12-04,15777,9.666371843655035,0.0,0.0,0.0,0.0,0.0,0.0,0.0,0.0,0.0,0.0,0.0,0.0,0.0,6,12
Tottenham,2022-12-05,24025,10.086891856281321,0.0,0.0,0.0,0.0,0.0,0.0,0.0,0.0,0.0,0.0,0.0,0.0,0.0,0,12
Tottenham,2022-12-06,19889,9.897972371848018,0.0,0.0,0.0,0.0,0.0,0.0,0.0,0.0,0.0,0.0,0.0,0.0,0.0,1,12
Tottenham,2022-12-07,10813,9.28859686994195,0.0,0.0,0.0,0.0,0.0,0.0,0.0,0.0,0.0,0.0,0.0,0.0,0.0,2,12
Tottenham,2022-12-08,8650,9.065430200180375,0.0,0.0,0.0,0.0,0.0,0.0,0.0,0.0,0.0,0.0,0.0,0.0,0.0,3,12
Tottenham,2022-12-09,13325,9.497472293122483,0.0,0.0,0.0,0.0,0.0,0.0,0.0,0.0,0.0,0.0,0.0,0.0,0.0,4,12
Tottenham,2022-12-10,32455,10.387640604886283,0.0,0.0,0.0,0.0,0.0,0.0,0.0,0.0,0.0,0.0,0.0,0.0,0.0,5,12
Tottenham,2022-12-11,17122,9.748177867988971,0.0,0.0,0.0,0.0,0.0,0.0,0.0,0.0,0.0,0.0,0.0,0.0,0.0,6,12
Tottenham,2022-12-12,10424,9.251962046667002,0.0,0.0,0.0,0.0,0.0,0.0,0.0,0.0,0.0,0.0,0.0,0.0,0.0,0,12
Tottenham,2022-12-13,11818,9.377463685012241,0.0,0.0,0.0,0.0,0.0,0.0,0.0,0.0,0.0,0.0,0.0,0.0,0.0,1,12
Tottenham,2022-12-14,12059,9.397649470281177,0.0,0.0,0.0,0.0,0.0,0.0,0.0,0.0,0.0,0.0,0.0,0.0,0.0,2,12
Tottenham,2022-12-15,8564,9.05543941075822,0.0,0.0,0.0,0.0,0.0,0.0,0.0,0.0,0.0,0.0,0.0,0.0,0.0,3,12
Tottenham,2022-12-16,7225,8.885440911707585,0.0,0.0,0.0,0.0,0.0,0.0,0.0,0.0,0.0,0.0,0.0,0.0,0.0,4,12
Tottenham,2022-12-17,8186,9.010302809376448,0.0,0.0,0.0,0.0,0.0,0.0,0.0,0.0,0.0,0.0,0.0,0.0,0.0,5,12
Tottenham,2022-12-18,16438,9.707411839509511,0.0,0.0,0.0,0.0,0.0,0.0,0.0,0.0,0.0,0.0,0.0,0.0,0.0,6,12
Tottenham,2022-12-19,12570,9.43914785291483,0.0,0.0,0.0,0.0,0.0,0.0,0.0,0.0,0.0,0.0,0.0,0.0,0.0,0,12
Tottenham,2022-12-20,9952,9.205629292246064,0.0,0.0,0.0,0.0,0.0,0.0,0.0,0.0,0.0,0.0,0.0,0.0,0.0,1,12
Tottenham,2022-12-21,10311,9.241063544619024,0.0,0.0,0.0,0.0,0.0,0.0,0.0,0.0,0.0,0.0,0.0,0.0,0.0,2,12
Tottenham,2022-12-22,8940,9.098402718735318,0.0,0.0,0.0,0.0,0.0,0.0,0.0,0.0,0.0,0.0,0.0,0.0,0.0,3,12
Tottenham,2022-12-23,8366,9.032050676295599,0.0,0.0,0.0,0.0,0.0,0.0,0.0,0.0,0.0,0.0,0.0,0.0,0.0,4,12
Tottenham,2022-12-24,7443,8.915163617762142,0.0,0.0,0.0,0.0,0.0,0.0,0.0,0.0,0.0,0.0,0.0,0.0,0.0,5,12
Tottenham,2022-12-25,7929,8.978408314628894,0.0,0.0,0.0,0.0,0.0,0.0,0.0,0.0,0.0,0.0,0.0,0.0,0.0,6,12
Tottenham,2022-12-26,21384,9.970445020661009,1.0,0.0,2.0,2.0,0.0,0.0,1.0,0.0,0.0,0.0,0.0,0.0,1.0,0,12
Tottenham,2022-12-27,10863,9.293209849798478,0.0,0.0,0.0,0.0,0.0,0.0,0.0,0.0,1.0,0.0,1.0,0.0,1.0,1,12
Tottenham,2022-12-28,8922,9.09638749190015,0.0,0.0,0.0,0.0,0.0,0.0,0.0,0.0,0.0,0.0,0.0,0.0,1.0,2,12
Tottenham,2022-12-29,8621,9.06207235530708,0.0,0.0,0.0,0.0,0.0,0.0,0.0,0.0,0.0,0.0,0.0,0.0,1.0,3,12
Tottenham,2022-12-30,7773,8.958540111412168,0.0,0.0,0.0,0.0,0.0,0.0,0.0,0.0,0.0,0.0,0.0,0.0,1.0,4,12
Tottenham,2022-12-31,9646,9.174402265170553,0.0,0.0,0.0,0.0,0.0,0.0,0.0,0.0,0.0,0.0,0.0,0.0,0.0,5,12
Tottenham,2023-01-01,22759,10.032759888240268,1.0,1.0,0.0,2.0,-2.0,0.0,0.0,1.0,0.0,0.0,0.0,0.0,0.0,6,1
Tottenham,2023-01-02,13290,9.494842393421333,0.0,0.0,0.0,0.0,0.0,0.0,0.0,0.0,1.0,0.0,0.0,1.0,0.0,0,1
Tottenham,2023-01-03,10117,9.222071294851881,0.0,0.0,0.0,0.0,0.0,0.0,0.0,0.0,0.0,0.0,0.0,0.0,0.0,1,1
Tottenham,2023-01-04,18119,9.80477157959697,1.0,0.0,4.0,0.0,4.0,1.0,0.0,0.0,0.0,0.0,0.0,0.0,3.0,2,1
Tottenham,2023-01-05,13868,9.537411412656335,0.0,0.0,0.0,0.0,0.0,0.0,0.0,0.0,1.0,1.0,0.0,0.0,3.0,3,1
Tottenham,2023-01-06,9943,9.204724633190548,0.0,0.0,0.0,0.0,0.0,0.0,0.0,0.0,0.0,0.0,0.0,0.0,3.0,4,1
Tottenham,2023-01-07,14950,9.612533466213927,0.0,0.0,0.0,0.0,0.0,0.0,0.0,0.0,0.0,0.0,0.0,0.0,3.0,5,1
Tottenham,2023-01-08,10513,9.260462981379394,0.0,0.0,0.0,0.0,0.0,0.0,0.0,0.0,0.0,0.0,0.0,0.0,3.0,6,1
Tottenham,2023-01-09,12940,9.46815584482167,0.0,0.0,0.0,0.0,0.0,0.0,0.0,0.0,0.0,0.0,0.0,0.0,0.0,0,1
Tottenham,2023-01-10,12183,9.407878894574997,0.0,0.0,0.0,0.0,0.0,0.0,0.0,0.0,0.0,0.0,0.0,0.0,0.0,1,1
Tottenham,2023-01-11,9074,9.113278659133051,0.0,0.0,0.0,0.0,0.0,0.0,0.0,0.0,0.0,0.0,0.0,0.0,0.0,2,1
Tottenham,2023-01-12,8953,9.09985563880091,0.0,0.0,0.0,0.0,0.0,0.0,0.0,0.0,0.0,0.0,0.0,0.0,0.0,3,1
Tottenham,2023-01-13,9127,9.119101891541911,0.0,0.0,0.0,0.0,0.0,0.0,0.0,0.0,0.0,0.0,0.0,0.0,0.0,4,1
Tottenham,2023-01-14,11999,9.392661928770137,0.0,0.0,0.0,0.0,0.0,0.0,0.0,0.0,0.0,0.0,0.0,0.0,0.0,5,1
Tottenham,2023-01-15,30070,10.311316531166229,1.0,1.0,0.0,2.0,-2.0,0.0,0.0,1.0,0.0,0.0,0.0,0.0,0.0,6,1
Tottenham,2023-01-16,13699,9.525151111816216,0.0,0.0,0.0,0.0,0.0,0.0,0.0,0.0,1.0,0.0,0.0,1.0,0.0,0,1
Tottenham,2023-01-17,9914,9.201804040953895,0.0,0.0,0.0,0.0,0.0,0.0,0.0,0.0,0.0,0.0,0.0,0.0,0.0,1,1
Tottenham,2023-01-18,9544,9.163772736159848,0.0,0.0,0.0,0.0,0.0,0.0,0.0,0.0,0.0,0.0,0.0,0.0,0.0,2,1
Tottenham,2023-01-19,18796,9.841452561616595,1.0,0.0,2.0,4.0,-2.0,0.0,0.0,1.0,0.0,0.0,0.0,0.0,0.0,3,1
Tottenham,2023-01-20,13441,9.506139412529912,0.0,0.0,0.0,0.0,0.0,0.0,0.0,0.0,1.0,0.0,0.0,1.0,0.0,4,1
Tottenham,2023-01-21,13436,9.50576737487541,0.0,0.0,0.0,0.0,0.0,0.0,0.0,0.0,0.0,0.0,0.0,0.0,0.0,5,1
Tottenham,2023-01-22,15657,9.65873724746786,0.0,0.0,0.0,0.0,0.0,0.0,0.0,0.0,0.0,0.0,0.0,0.0,0.0,6,1
Tottenham,2023-01-23,25831,10.15936931243811,1.0,0.0,1.0,0.0,1.0,1.0,0.0,0.0,0.0,0.0,0.0,0.0,3.0,0,1
Tottenham,2023-01-24,18283,9.813781639451635,0.0,0.0,0.0,0.0,0.0,0.0,0.0,0.0,1.0,1.0,0.0,0.0,3.0,1,1
Tottenham,2023-01-25,15693,9.661033752687418,0.0,0.0,0.0,0.0,0.0,0.0,0.0,0.0,0.0,0.0,0.0,0.0,3.0,2,1
Tottenham,2023-01-26,12544,9.437077458800523,0.0,0.0,0.0,0.0,0.0,0.0,0.0,0.0,0.0,0.0,0.0,0.0,3.0,3,1
Tottenham,2023-01-27,11173,9.321344930019094,0.0,0.0,0.0,0.0,0.0,0.0,0.0,0.0,0.0,0.0,0.0,0.0,3.0,4,1
Tottenham,2023-01-28,25825,10.159137015406596,0.0,0.0,0.0,0.0,0.0,0.0,0.0,0.0,0.0,0.0,0.0,0.0,0.0,5,1
Tottenham,2023-01-29,17817,9.78796446128059,0.0,0.0,0.0,0.0,0.0,0.0,0.0,0.0,0.0,0.0,0.0,0.0,0.0,6,1
Tottenham,2023-01-30,12705,9.449829601826478,0.0,0.0,0.0,0.0,0.0,0.0,0.0,0.0,0.0,0.0,0.0,0.0,0.0,0,1
Tottenham,2023-01-31,16900,9.735128070758227,0.0,0.0,0.0,0.0,0.0,0.0,0.0,0.0,0.0,0.0,0.0,0.0,0.0,1,1
Tottenham,2023-02-01,19111,9.858071689005646,0.0,0.0,0.0,0.0,0.0,0.0,0.0,0.0,0.0,0.0,0.0,0.0,0.0,2,2
Tottenham,2023-02-02,11425,9.343646739284408,0.0,0.0,0.0,0.0,0.0,0.0,0.0,0.0,0.0,0.0,0.0,0.0,0.0,3,2
Tottenham,2023-02-03,11237,9.327056171672144,0.0,0.0,0.0,0.0,0.0,0.0,0.0,0.0,0.0,0.0,0.0,0.0,0.0,4,2
Tottenham,2023-02-04,12424,9.427465850964829,0.0,0.0,0.0,0.0,0.0,0.0,0.0,0.0,0.0,0.0,0.0,0.0,0.0,5,2
Tottenham,2023-02-05,46990,10.757711372994065,1.0,1.0,1.0,0.0,1.0,1.0,0.0,0.0,0.0,0.0,0.0,0.0,3.0,6,2
Tottenham,2023-02-06,23773,10.07634782554057,0.0,0.0,0.0,0.0,0.0,0.0,0.0,0.0,1.0,1.0,0.0,0.0,3.0,0,2
Tottenham,2023-02-07,13072,9.47830431356186,0.0,0.0,0.0,0.0,0.0,0.0,0.0,0.0,0.0,0.0,0.0,0.0,3.0,1,2
Tottenham,2023-02-08,12882,9.463663891791525,0.0,0.0,0.0,0.0,0.0,0.0,0.0,0.0,0.0,0.0,0.0,0.0,3.0,2,2
Tottenham,2023-02-09,11660,9.364005219520333,0.0,0.0,0.0,0.0,0.0,0.0,0.0,0.0,0.0,0.0,0.0,0.0,3.0,3,2
Tottenham,2023-02-10,9834,9.19370273082316,0.0,0.0,0.0,0.0,0.0,0.0,0.0,0.0,0.0,0.0,0.0,0.0,0.0,4,2
Tottenham,2023-02-11,24564,10.109077944602749,1.0,0.0,1.0,4.0,-3.0,0.0,0.0,1.0,0.0,0.0,0.0,0.0,0.0,5,2
Tottenham,2023-02-12,12275,9.415401415739627,0.0,0.0,0.0,0.0,0.0,0.0,0.0,0.0,1.0,0.0,0.0,1.0,0.0,6,2
Tottenham,2023-02-13,11972,9.390409393716844,0.0,0.0,0.0,0.0,0.0,0.0,0.0,0.0,0.0,0.0,0.0,0.0,0.0,0,2
Tottenham,2023-02-14,29103,10.278630900757904,0.0,0.0,0.0,0.0,0.0,0.0,0.0,0.0,0.0,0.0,0.0,0.0,0.0,1,2
Tottenham,2023-02-15,18461,9.823469844550097,0.0,0.0,0.0,0.0,0.0,0.0,0.0,0.0,0.0,0.0,0.0,0.0,0.0,2,2
Tottenham,2023-02-16,9940,9.204422898212146,0.0,0.0,0.0,0.0,0.0,0.0,0.0,0.0,0.0,0.0,0.0,0.0,0.0,3,2
Tottenham,2023-02-17,7672,8.945462952177666,0.0,0.0,0.0,0.0,0.0,0.0,0.0,0.0,0.0,0.0,0.0,0.0,0.0,4,2
Tottenham,2023-02-18,9845,9.194820560318146,0.0,0.0,0.0,0.0,0.0,0.0,0.0,0.0,0.0,0.0,0.0,0.0,0.0,5,2
Tottenham,2023-02-19,28312,10.251076342113603,1.0,1.0,2.0,0.0,2.0,1.0,0.0,0.0,0.0,0.0,0.0,0.0,3.0,6,2
Tottenham,2023-02-20,13779,9.53097354456765,0.0,0.0,0.0,0.0,0.0,0.0,0.0,0.0,1.0,1.0,0.0,0.0,3.0,0,2
Tottenham,2023-02-21,12162,9.406153835618436,0.0,0.0,0.0,0.0,0.0,0.0,0.0,0.0,0.0,0.0,0.0,0.0,3.0,1,2
Tottenham,2023-02-22,9078,9.113719333371757,0.0,0.0,0.0,0.0,0.0,0.0,0.0,0.0,0.0,0.0,0.0,0.0,3.0,2,2
Tottenham,2023-02-23,8507,9.048762176320128,0.0,0.0,0.0,0.0,0.0,0.0,0.0,0.0,0.0,0.0,0.0,0.0,3.0,3,2
Tottenham,2023-02-24,10240,9.234154550075438,0.0,0.0,0.0,0.0,0.0,0.0,0.0,0.0,0.0,0.0,0.0,0.0,0.0,4,2
Tottenham,2023-02-25,11435,9.344521553442203,0.0,0.0,0.0,0.0,0.0,0.0,0.0,0.0,0.0,0.0,0.0,0.0,0.0,5,2
Tottenham,2023-02-26,31678,10.36340927977359,1.0,1.0,2.0,0.0,2.0,1.0,0.0,0.0,0.0,0.0,0.0,0.0,3.0,6,2
Tottenham,2023-02-27,12591,9.440816970657185,0.0,0.0,0.0,0.0,0.0,0.0,0.0,0.0,1.0,1.0,0.0,0.0,3.0,0,2
Tottenham,2023-02-28,11072,9.312264991698108,0.0,0.0,0.0,0.0,0.0,0.0,0.0,0.0,0.0,0.0,0.0,0.0,3.0,1,2
Tottenham,2023-03-01,17271,9.756841972194643,0.0,0.0,0.0,0.0,0.0,0.0,0.0,0.0,0.0,0.0,0.0,0.0,3.0,2,3
Tottenham,2023-03-02,14819,9.603732898850078,0.0,0.0,0.0,0.0,0.0,0.0,0.0,0.0,0.0,0.0,0.0,0.0,3.0,3,3
Tottenham,2023-03-03,10409,9.250522161609014,0.0,0.0,0.0,0.0,0.0,0.0,0.0,0.0,0.0,0.0,0.0,0.0,0.0,4,3
Tottenham,2023-03-04,20694,9.937647404182833,1.0,0.0,0.0,1.0,-1.0,0.0,0.0,1.0,0.0,0.0,0.0,0.0,0.0,5,3
Tottenham,2023-03-05,17733,9.783238979939952,0.0,0.0,0.0,0.0,0.0,0.0,0.0,0.0,1.0,0.0,0.0,1.0,0.0,6,3
Tottenham,2023-03-06,12983,9.471473109194427,0.0,0.0,0.0,0.0,0.0,0.0,0.0,0.0,0.0,0.0,0.0,0.0,0.0,0,3
Tottenham,2023-03-07,10796,9.28702359674714,0.0,0.0,0.0,0.0,0.0,0.0,0.0,0.0,0.0,0.0,0.0,0.0,0.0,1,3
Tottenham,2023-03-08,37729,10.538210812958356,0.0,0.0,0.0,0.0,0.0,0.0,0.0,0.0,0.0,0.0,0.0,0.0,0.0,2,3
Tottenham,2023-03-09,31036,10.342935320141757,0.0,0.0,0.0,0.0,0.0,0.0,0.0,0.0,0.0,0.0,0.0,0.0,0.0,3,3
Tottenham,2023-03-10,12742,9.452737380212278,0.0,0.0,0.0,0.0,0.0,0.0,0.0,0.0,0.0,0.0,0.0,0.0,0.0,4,3
Tottenham,2023-03-11,25867,10.160761962566484,1.0,1.0,3.0,1.0,2.0,1.0,0.0,0.0,0.0,0.0,0.0,0.0,3.0,5,3
Tottenham,2023-03-12,17937,9.794676646677948,0.0,0.0,0.0,0.0,0.0,0.0,0.0,0.0,1.0,1.0,0.0,0.0,3.0,6,3
Tottenham,2023-03-13,9726,9.18266080286944,0.0,0.0,0.0,0.0,0.0,0.0,0.0,0.0,0.0,0.0,0.0,0.0,3.0,0,3
Tottenham,2023-03-14,8206,9.012742727629712,0.0,0.0,0.0,0.0,0.0,0.0,0.0,0.0,0.0,0.0,0.0,0.0,3.0,1,3
Tottenham,2023-03-15,7915,8.976641306722456,0.0,0.0,0.0,0.0,0.0,0.0,0.0,0.0,0.0,0.0,0.0,0.0,3.0,2,3
Tottenham,2023-03-16,7967,8.983188799264434,0.0,0.0,0.0,0.0,0.0,0.0,0.0,0.0,0.0,0.0,0.0,0.0,0.0,3,3
Tottenham,2023-03-17,7970,8.983565234427923,0.0,0.0,0.0,0.0,0.0,0.0,0.0,0.0,0.0,0.0,0.0,0.0,0.0,4,3
Tottenham,2023-03-18,21986,9.99820664859396,1.0,0.0,3.0,3.0,0.0,0.0,1.0,0.0,0.0,0.0,0.0,0.0,1.0,5,3
Tottenham,2023-03-19,17679,9.780189336191635,0.0,0.0,0.0,0.0,0.0,0.0,0.0,0.0,1.0,0.0,1.0,0.0,1.0,6,3
Tottenham,2023-03-20,12415,9.426741242423,0.0,0.0,0.0,0.0,0.0,0.0,0.0,0.0,0.0,0.0,0.0,0.0,1.0,0,3
Tottenham,2023-03-21,15449,9.645364282325891,0.0,0.0,0.0,0.0,0.0,0.0,0.0,0.0,0.0,0.0,0.0,0.0,1.0,1,3
Tottenham,2023-03-22,11508,9.350884616968491,0.0,0.0,0.0,0.0,0.0,0.0,0.0,0.0,0.0,0.0,0.0,0.0,1.0,2,3
Tottenham,2023-03-23,9710,9.181014542594355,0.0,0.0,0.0,0.0,0.0,0.0,0.0,0.0,0.0,0.0,0.0,0.0,0.0,3,3
Tottenham,2023-03-24,11095,9.314339961994667,0.0,0.0,0.0,0.0,0.0,0.0,0.0,0.0,0.0,0.0,0.0,0.0,0.0,4,3
Tottenham,2023-03-25,9275,9.135185698375423,0.0,0.0,0.0,0.0,0.0,0.0,0.0,0.0,0.0,0.0,0.0,0.0,0.0,5,3
Tottenham,2023-03-26,13699,9.525151111816216,0.0,0.0,0.0,0.0,0.0,0.0,0.0,0.0,0.0,0.0,0.0,0.0,0.0,6,3
Tottenham,2023-03-27,27881,10.235736598313034,0.0,0.0,0.0,0.0,0.0,0.0,0.0,0.0,0.0,0.0,0.0,0.0,0.0,0,3
Tottenham,2023-03-28,13549,9.514141826307847,0.0,0.0,0.0,0.0,0.0,0.0,0.0,0.0,0.0,0.0,0.0,0.0,0.0,1,3
Tottenham,2023-03-29,11565,9.355825038718164,0.0,0.0,0.0,0.0,0.0,0.0,0.0,0.0,0.0,0.0,0.0,0.0,0.0,2,3
Tottenham,2023-03-30,9227,9.129997619293645,0.0,0.0,0.0,0.0,0.0,0.0,0.0,0.0,0.0,0.0,0.0,0.0,0.0,3,3
Tottenham,2023-03-31,8896,9.093469420244768,0.0,0.0,0.0,0.0,0.0,0.0,0.0,0.0,0.0,0.0,0.0,0.0,0.0,4,3
Tottenham,2023-04-01,12009,9.39349491507403,0.0,0.0,0.0,0.0,0.0,0.0,0.0,0.0,0.0,0.0,0.0,0.0,0.0,5,4
Tottenham,2023-04-02,16163,9.690541826198364,0.0,0.0,0.0,0.0,0.0,0.0,0.0,0.0,0.0,0.0,0.0,0.0,0.0,6,4
Tottenham,2023-04-03,25918,10.16273156947506,1.0,0.0,1.0,1.0,0.0,0.0,1.0,0.0,0.0,0.0,0.0,0.0,1.0,0,4
Tottenham,2023-04-04,16443,9.70771594801777,0.0,0.0,0.0,0.0,0.0,0.0,0.0,0.0,1.0,0.0,1.0,0.0,1.0,1,4
Tottenham,2023-04-05,8329,9.027618735160889,0.0,0.0,0.0,0.0,0.0,0.0,0.0,0.0,0.0,0.0,0.0,0.0,1.0,2,4
Tottenham,2023-04-06,7080,8.865170419651774,0.0,0.0,0.0,0.0,0.0,0.0,0.0,0.0,0.0,0.0,0.0,0.0,1.0,3,4
Tottenham,2023-04-07,6227,8.73681053295389,0.0,0.0,0.0,0.0,0.0,0.0,0.0,0.0,0.0,0.0,0.0,0.0,1.0,4,4
Tottenham,2023-04-08,11961,9.389490237604502,1.0,1.0,2.0,1.0,1.0,1.0,0.0,0.0,0.0,0.0,0.0,0.0,3.0,5,4
Tottenham,2023-04-09,13320,9.497097016351463,0.0,0.0,0.0,0.0,0.0,0.0,0.0,0.0,1.0,1.0,0.0,0.0,3.0,6,4
Tottenham,2023-04-10,7657,8.943506132037239,0.0,0.0,0.0,0.0,0.0,0.0,0.0,0.0,0.0,0.0,0.0,0.0,3.0,0,4
Tottenham,2023-04-11,7287,8.893984438939794,0.0,0.0,0.0,0.0,0.0,0.0,0.0,0.0,0.0,0.0,0.0,0.0,3.0,1,4
Tottenham,2023-04-12,6903,8.839856232763264,0.0,0.0,0.0,0.0,0.0,0.0,0.0,0.0,0.0,0.0,0.0,0.0,3.0,2,4
Tottenham,2023-04-13,6396,8.763584409450138,0.0,0.0,0.0,0.0,0.0,0.0,0.0,0.0,0.0,0.0,0.0,0.0,0.0,3,4
Tottenham,2023-04-14,5751,8.657302899400882,0.0,0.0,0.0,0.0,0.0,0.0,0.0,0.0,0.0,0.0,0.0,0.0,0.0,4,4
Tottenham,2023-04-15,11229,9.326344047732489,1.0,1.0,2.0,3.0,-1.0,0.0,0.0,1.0,0.0,0.0,0.0,0.0,0.0,5,4
Tottenham,2023-04-16,8490,9.046762057999363,0.0,0.0,0.0,0.0,0.0,0.0,0.0,0.0,1.0,0.0,0.0,1.0,0.0,6,4
Tottenham,2023-04-17,6932,8.84404789894249,0.0,0.0,0.0,0.0,0.0,0.0,0.0,0.0,0.0,0.0,0.0,0.0,0.0,0,4
Tottenham,2023-04-18,6398,8.76389700713946,0.0,0.0,0.0,0.0,0.0,0.0,0.0,0.0,0.0,0.0,0.0,0.0,0.0,1,4
Tottenham,2023-04-19,7055,8.861633597686627,0.0,0.0,0.0,0.0,0.0,0.0,0.0,0.0,0.0,0.0,0.0,0.0,0.0,2,4
Tottenham,2023-04-20,9676,9.177507214880942,0.0,0.0,0.0,0.0,0.0,0.0,0.0,0.0,0.0,0.0,0.0,0.0,0.0,3,4
Tottenham,2023-04-21,10228,9.232982102457008,0.0,0.0,0.0,0.0,0.0,0.0,0.0,0.0,0.0,0.0,0.0,0.0,0.0,4,4
Tottenham,2023-04-22,15573,9.653358136136932,0.0,0.0,0.0,0.0,0.0,0.0,0.0,0.0,0.0,0.0,0.0,0.0,0.0,5,4
Tottenham,2023-04-23,72446,11.190610539024004,1.0,0.0,1.0,6.0,-5.0,0.0,0.0,1.0,0.0,0.0,0.0,0.0,0.0,6,4
Tottenham,2023-04-24,34742,10.455733391852487,0.0,0.0,0.0,0.0,0.0,0.0,0.0,0.0,1.0,0.0,0.0,1.0,0.0,0,4
Tottenham,2023-04-25,23789,10.077020603297003,0.0,0.0,0.0,0.0,0.0,0.0,0.0,0.0,0.0,0.0,0.0,0.0,0.0,1,4
Tottenham,2023-04-26,21171,9.960434832977878,0.0,0.0,0.0,0.0,0.0,0.0,0.0,0.0,0.0,0.0,0.0,0.0,0.0,2,4
Tottenham,2023-04-27,43502,10.680585180216005,1.0,1.0,2.0,2.0,0.0,0.0,1.0,0.0,0.0,0.0,0.0,0.0,1.0,3,4
Tottenham,2023-04-28,16597,9.717037485158393,0.0,0.0,0.0,0.0,0.0,0.0,0.0,0.0,1.0,0.0,1.0,0.0,1.0,4,4
Tottenham,2023-04-29,13519,9.511925349596956,0.0,0.0,0.0,0.0,0.0,0.0,0.0,0.0,0.0,0.0,0.0,0.0,1.0,5,4
Tottenham,2023-04-30,49656,10.812894646443958,1.0,0.0,3.0,4.0,-1.0,0.0,0.0,1.0,0.0,0.0,0.0,0.0,1.0,6,4
Tottenham,2023-05-01,18981,9.851246440690437,0.0,0.0,0.0,0.0,0.0,0.0,0.0,0.0,1.0,0.0,0.0,1.0,1.0,0,5
Tottenham,2023-05-02,12915,9.466222131878165,0.0,0.0,0.0,0.0,0.0,0.0,0.0,0.0,0.0,0.0,0.0,0.0,0.0,1,5
Tottenham,2023-05-03,12551,9.437635294412868,0.0,0.0,0.0,0.0,0.0,0.0,0.0,0.0,0.0,0.0,0.0,0.0,0.0,2,5
Tottenham,2023-05-04,13038,9.475700145423472,0.0,0.0,0.0,0.0,0.0,0.0,0.0,0.0,0.0,0.0,0.0,0.0,0.0,3,5
Tottenham,2023-05-05,11266,9.329633378164166,0.0,0.0,0.0,0.0,0.0,0.0,0.0,0.0,0.0,0.0,0.0,0.0,0.0,4,5
Tottenham,2023-05-06,21781,9.988839219635631,1.0,1.0,1.0,0.0,1.0,1.0,0.0,0.0,0.0,0.0,0.0,0.0,3.0,5,5
Tottenham,2023-05-07,14697,9.595466709088816,0.0,0.0,0.0,0.0,0.0,0.0,0.0,0.0,1.0,1.0,0.0,0.0,3.0,6,5
Tottenham,2023-05-08,10790,9.286467732363734,0.0,0.0,0.0,0.0,0.0,0.0,0.0,0.0,0.0,0.0,0.0,0.0,3.0,0,5
Tottenham,2023-05-09,8879,9.091556835986216,0.0,0.0,0.0,0.0,0.0,0.0,0.0,0.0,0.0,0.0,0.0,0.0,3.0,1,5
Tottenham,2023-05-10,8381,9.033841828485016,0.0,0.0,0.0,0.0,0.0,0.0,0.0,0.0,0.0,0.0,0.0,0.0,3.0,2,5
Tottenham,2023-05-11,7477,8.91972065553706,0.0,0.0,0.0,0.0,0.0,0.0,0.0,0.0,0.0,0.0,0.0,0.0,0.0,3,5
Tottenham,2023-05-12,8504,9.048409504829962,0.0,0.0,0.0,0.0,0.0,0.0,0.0,0.0,0.0,0.0,0.0,0.0,0.0,4,5
Tottenham,2023-05-13,24424,10.103362476910984,1.0,0.0,1.0,2.0,-1.0,0.0,0.0,1.0,0.0,0.0,0.0,0.0,0.0,5,5
Tottenham,2023-05-14,16611,9.717880604750643,0.0,0.0,0.0,0.0,0.0,0.0,0.0,0.0,1.0,0.0,0.0,1.0,0.0,6,5
Tottenham,2023-05-15,13300,9.495594499353297,0.0,0.0,0.0,0.0,0.0,0.0,0.0,0.0,0.0,0.0,0.0,0.0,0.0,0,5
Tottenham,2023-05-16,10706,9.27865301215827,0.0,0.0,0.0,0.0,0.0,0.0,0.0,0.0,0.0,0.0,0.0,0.0,0.0,1,5
Tottenham,2023-05-17,9635,9.173261363734762,0.0,0.0,0.0,0.0,0.0,0.0,0.0,0.0,0.0,0.0,0.0,0.0,0.0,2,5
Tottenham,2023-05-18,9982,9.208638925336425,0.0,0.0,0.0,0.0,0.0,0.0,0.0,0.0,0.0,0.0,0.0,0.0,0.0,3,5
Tottenham,2023-05-19,10348,9.244645175668174,0.0,0.0,0.0,0.0,0.0,0.0,0.0,0.0,0.0,0.0,0.0,0.0,0.0,4,5
Tottenham,2023-05-20,34514,10.449149291137577,1.0,1.0,1.0,3.0,-2.0,0.0,0.0,1.0,0.0,0.0,0.0,0.0,0.0,5,5
Tottenham,2023-05-21,15918,9.675268643355135,0.0,0.0,0.0,0.0,0.0,0.0,0.0,0.0,1.0,0.0,0.0,1.0,0.0,6,5
Tottenham,2023-05-22,10385,9.248214024404264,0.0,0.0,0.0,0.0,0.0,0.0,0.0,0.0,0.0,0.0,0.0,0.0,0.0,0,5
Tottenham,2023-05-23,8940,9.098402718735318,0.0,0.0,0.0,0.0,0.0,0.0,0.0,0.0,0.0,0.0,0.0,0.0,0.0,1,5
Tottenham,2023-05-24,9591,9.16868469670735,0.0,0.0,0.0,0.0,0.0,0.0,0.0,0.0,0.0,0.0,0.0,0.0,0.0,2,5
Tottenham,2023-05-25,13920,9.541153770388567,0.0,0.0,0.0,0.0,0.0,0.0,0.0,0.0,0.0,0.0,0.0,0.0,0.0,3,5
Tottenham,2023-05-26,11355,9.337501517592862,0.0,0.0,0.0,0.0,0.0,0.0,0.0,0.0,0.0,0.0,0.0,0.0,0.0,4,5
Tottenham,2023-05-27,10878,9.294589604421082,0.0,0.0,0.0,0.0,0.0,0.0,0.0,0.0,0.0,0.0,0.0,0.0,0.0,5,5
Tottenham,2023-05-28,31802,10.367315903941208,1.0,0.0,4.0,1.0,3.0,1.0,0.0,0.0,0.0,0.0,0.0,0.0,3.0,6,5
Tottenham,2023-05-29,18004,9.798404776082975,0.0,0.0,0.0,0.0,0.0,0.0,0.0,0.0,1.0,1.0,0.0,0.0,3.0,0,5
Tottenham,2023-05-30,12409,9.426257878198653,0.0,0.0,0.0,0.0,0.0,0.0,0.0,0.0,0.0,0.0,0.0,0.0,3.0,1,5
Tottenham,2023-05-31,14041,9.549808117577195,0.0,0.0,0.0,0.0,0.0,0.0,0.0,0.0,0.0,0.0,0.0,0.0,3.0,2,5
Tottenham,2023-06-01,12341,9.420763358881013,0.0,0.0,0.0,0.0,0.0,0.0,0.0,0.0,0.0,0.0,0.0,0.0,3.0,3,6
Tottenham,2023-06-02,10288,9.23883064237581,0.0,0.0,0.0,0.0,0.0,0.0,0.0,0.0,0.0,0.0,0.0,0.0,0.0,4,6
Tottenham,2023-06-03,12287,9.416378455387454,0.0,0.0,0.0,0.0,0.0,0.0,0.0,0.0,0.0,0.0,0.0,0.0,0.0,5,6
Tottenham,2023-06-04,12644,9.445017159104065,0.0,0.0,0.0,0.0,0.0,0.0,0.0,0.0,0.0,0.0,0.0,0.0,0.0,6,6
Tottenham,2023-06-05,18656,9.833976689772,0.0,0.0,0.0,0.0,0.0,0.0,0.0,0.0,0.0,0.0,0.0,0.0,0.0,0,6
Tottenham,2023-06-06,32105,10.376798207539359,0.0,0.0,0.0,0.0,0.0,0.0,0.0,0.0,0.0,0.0,0.0,0.0,0.0,1,6
Tottenham,2023-06-07,21417,9.97198696896082,0.0,0.0,0.0,0.0,0.0,0.0,0.0,0.0,0.0,0.0,0.0,0.0,0.0,2,6
Tottenham,2023-06-08,19716,9.889236486766269,0.0,0.0,0.0,0.0,0.0,0.0,0.0,0.0,0.0,0.0,0.0,0.0,0.0,3,6
Tottenham,2023-06-09,13790,9.531771484474337,0.0,0.0,0.0,0.0,0.0,0.0,0.0,0.0,0.0,0.0,0.0,0.0,0.0,4,6
Tottenham,2023-06-10,14302,9.5682245844549,0.0,0.0,0.0,0.0,0.0,0.0,0.0,0.0,0.0,0.0,0.0,0.0,0.0,5,6
Tottenham,2023-06-11,12910,9.46583494017472,0.0,0.0,0.0,0.0,0.0,0.0,0.0,0.0,0.0,0.0,0.0,0.0,0.0,6,6
Tottenham,2023-06-12,11961,9.389490237604502,0.0,0.0,0.0,0.0,0.0,0.0,0.0,0.0,0.0,0.0,0.0,0.0,0.0,0,6
Tottenham,2023-06-13,11786,9.37475250822657,0.0,0.0,0.0,0.0,0.0,0.0,0.0,0.0,0.0,0.0,0.0,0.0,0.0,1,6
Tottenham,2023-06-14,10894,9.29605924737872,0.0,0.0,0.0,0.0,0.0,0.0,0.0,0.0,0.0,0.0,0.0,0.0,0.0,2,6
Tottenham,2023-06-15,11561,9.355479137642421,0.0,0.0,0.0,0.0,0.0,0.0,0.0,0.0,0.0,0.0,0.0,0.0,0.0,3,6
Tottenham,2023-06-16,10819,9.289151552400472,0.0,0.0,0.0,0.0,0.0,0.0,0.0,0.0,0.0,0.0,0.0,0.0,0.0,4,6
Tottenham,2023-06-17,11125,9.317039990635239,0.0,0.0,0.0,0.0,0.0,0.0,0.0,0.0,0.0,0.0,0.0,0.0,0.0,5,6
Tottenham,2023-06-18,12259,9.414097209490203,0.0,0.0,0.0,0.0,0.0,0.0,0.0,0.0,0.0,0.0,0.0,0.0,0.0,6,6
Tottenham,2023-06-19,11175,9.321523900936798,0.0,0.0,0.0,0.0,0.0,0.0,0.0,0.0,0.0,0.0,0.0,0.0,0.0,0,6
Tottenham,2023-06-20,9672,9.177093778182547,0.0,0.0,0.0,0.0,0.0,0.0,0.0,0.0,0.0,0.0,0.0,0.0,0.0,1,6
Tottenham,2023-06-21,9714,9.18142636181154,0.0,0.0,0.0,0.0,0.0,0.0,0.0,0.0,0.0,0.0,0.0,0.0,0.0,2,6
Tottenham,2023-06-22,10270,9.237079669165805,0.0,0.0,0.0,0.0,0.0,0.0,0.0,0.0,0.0,0.0,0.0,0.0,0.0,3,6
Tottenham,2023-06-23,10438,9.253304071408298,0.0,0.0,0.0,0.0,0.0,0.0,0.0,0.0,0.0,0.0,0.0,0.0,0.0,4,6
Tottenham,2023-06-24,10581,9.266909723464076,0.0,0.0,0.0,0.0,0.0,0.0,0.0,0.0,0.0,0.0,0.0,0.0,0.0,5,6
Tottenham,2023-06-25,9734,9.1834829178063,0.0,0.0,0.0,0.0,0.0,0.0,0.0,0.0,0.0,0.0,0.0,0.0,0.0,6,6
Tottenham,2023-06-26,9612,9.170871628065816,0.0,0.0,0.0,0.0,0.0,0.0,0.0,0.0,0.0,0.0,0.0,0.0,0.0,0,6
Tottenham,2023-06-27,15295,9.635346635291183,0.0,0.0,0.0,0.0,0.0,0.0,0.0,0.0,0.0,0.0,0.0,0.0,0.0,1,6
Tottenham,2023-06-28,23998,10.085767441795337,0.0,0.0,0.0,0.0,0.0,0.0,0.0,0.0,0.0,0.0,0.0,0.0,0.0,2,6
Tottenham,2023-06-29,23450,10.06266841688844,0.0,0.0,0.0,0.0,0.0,0.0,0.0,0.0,0.0,0.0,0.0,0.0,0.0,3,6
Tottenham,2023-06-30,16482,9.710084825731355,0.0,0.0,0.0,0.0,0.0,0.0,0.0,0.0,0.0,0.0,0.0,0.0,0.0,4,6
