match_id,team,Date,baseline,goals_scored,rest,home_adv,form,opp_form,season_stage,travel,predicted
0,Bournemouth,2015-08-08,0.880697731728931,0,0.08203474477462948,0.34261488630415415,0.0,-0.0,0.0004656216502119524,0.0,1.3058129844579265
0,Aston Villa,2015-08-08,0.880697731728931,1,0.08203474477462948,0.0,0.0,-0.0,0.0004656216502119524,0.05238281082503731,1.0155809089788097
1,Chelsea,2015-08-08,0.880697731728931,2,0.08203474477462948,0.34261488630415415,0.0,-0.0,0.0004656216502119524,0.0,1.3058129844579265
1,Swansea,2015-08-08,0.880697731728931,2,0.08203474477462948,0.0,0.0,-0.0,0.0004656216502119524,0.05238281082503731,1.0155809089788097
2,Everton,2015-08-08,0.880697731728931,2,0.08203474477462948,0.34261488630415415,0.0,-0.0,0.0004656216502119524,0.0,1.3058129844579265
2,Watford,2015-08-08,0.880697731728931,2,0.08203474477462948,0.0,0.0,-0.0,0.0004656216502119524,0.05238281082503731,1.0155809089788097
3,Leicester,2015-08-08,0.880697731728931,4,0.08203474477462948,0.34261488630415415,0.0,-0.0,0.0004656216502119524,0.0,1.3058129844579265
3,Sunderland,2015-08-08,0.880697731728931,2,0.08203474477462948,0.0,0.0,-0.0,0.0004656216502119524,0.05238281082503731,1.0155809089788097
4,Man United,2015-08-08,0.880697731728931,1,0.08203474477462948,0.34261488630415415,0.0,-0.0,0.0004656216502119524,0.0,1.3058129844579265
4,Tottenham,2015-08-08,0.880697731728931,0,0.08203474477462948,0.0,0.0,-0.0,0.0004656216502119524,0.06547851353129663,1.028676611685069
5,Norwich,2015-08-08,0.880697731728931,1,0.08203474477462948,0.34261488630415415,0.0,-0.0,0.0004656216502119524,0.0,1.3058129844579265
5,Crystal Palace,2015-08-08,0.880697731728931,3,0.08203474477462948,0.0,0.0,-0.0,0.0004656216502119524,0.05238281082503731,1.0155809089788097
6,Arsenal,2015-08-09,0.880697731728931,0,0.08203474477462948,0.34261488630415415,0.0,-0.0,0.0004656216502119524,0.0,1.3058129844579265
6,West Ham,2015-08-09,0.880697731728931,2,0.08203474477462948,0.0,0.0,-0.0,0.0004656216502119524,0.05238281082503731,1.0155809089788097
7,Newcastle,2015-08-09,0.880697731728931,2,0.08203474477462948,0.34261488630415415,0.0,-0.0,0.0004656216502119524,0.0,1.3058129844579265
7,Southampton,2015-08-09,0.880697731728931,2,0.08203474477462948,0.0,0.0,-0.0,0.0004656216502119524,0.05238281082503731,1.0155809089788097
8,Stoke,2015-08-09,0.880697731728931,0,0.08203474477462948,0.34261488630415415,0.0,-0.0,0.0004656216502119524,0.0,1.3058129844579265
8,Liverpool,2015-08-09,0.880697731728931,1,0.08203474477462948,0.0,0.0,-0.0,0.0004656216502119524,0.05238281082503731,1.0155809089788097
9,West Brom,2015-08-10,0.880697731728931,0,0.08203474477462948,0.34261488630415415,0.0,-0.0,0.0004656216502119524,0.0,1.3058129844579265
9,Man City,2015-08-10,0.880697731728931,3,0.08203474477462948,0.0,0.0,-0.0,0.0004656216502119524,0.05238281082503731,1.0155809089788097
10,Aston Villa,2015-08-14,0.880697731728931,0,0.06328394596899987,0.34261488630415415,0.127552088863071,-0.07669558483974204,0.0004656216502119524,0.0,1.3379186896756257
10,Man United,2015-08-14,0.880697731728931,1,0.06328394596899987,0.0,0.127552088863071,-0.07669558483974204,0.0004656216502119524,0.05238281082503731,1.047686614196509
11,West Ham,2015-08-15,0.880697731728931,1,0.06328394596899987,0.34261488630415415,0.127552088863071,-0.07669558483974204,0.0004656216502119524,0.0,1.3379186896756257
11,Leicester,2015-08-15,0.880697731728931,2,0.06711933663378775,0.0,0.127552088863071,-0.07669558483974204,0.0004656216502119524,0.05238281082503731,1.051522004861297
12,Watford,2015-08-15,0.880697731728931,0,0.06711933663378775,0.34261488630415415,0.042517362954357006,-0.0,0.0004656216502119524,0.0,1.3334149392714418
12,West Brom,2015-08-15,0.880697731728931,0,0.05859624626759248,0.0,0.0,-0.02556519494658068,0.0004656216502119524,0.05238281082503731,0.9665772155251919
13,Tottenham,2015-08-15,0.880697731728931,2,0.06711933663378775,0.34261488630415415,0.0,-0.0,0.0004656216502119524,0.0,1.290897576317085
13,Stoke,2015-08-15,0.880697731728931,2,0.06328394596899987,0.0,0.0,-0.0,0.0004656216502119524,0.05238281082503731,0.99683011017318
14,Southampton,2015-08-15,0.880697731728931,0,0.06328394596899987,0.34261488630415415,0.042517362954357006,-0.02556519494658068,0.0004656216502119524,0.0,1.304014353660073
14,Everton,2015-08-15,0.880697731728931,3,0.06711933663378775,0.0,0.042517362954357006,-0.02556519494658068,0.0004656216502119524,0.05238281082503731,1.0176176688457443
15,Sunderland,2015-08-15,0.880697731728931,1,0.06711933663378775,0.34261488630415415,0.0,-0.0,0.0004656216502119524,0.0,1.290897576317085
15,Norwich,2015-08-15,0.880697731728931,3,0.06711933663378775,0.0,0.0,-0.0,0.0004656216502119524,0.05238281082503731,1.000665500837968
16,Swansea,2015-08-15,0.880697731728931,2,0.06711933663378775,0.34261488630415415,0.042517362954357006,-0.02556519494658068,0.0004656216502119524,0.0,1.3078497443248611
16,Newcastle,2015-08-15,0.880697731728931,0,0.06328394596899987,0.0,0.042517362954357006,-0.02556519494658068,0.0004656216502119524,0.05238281082503731,1.0137822781809565
17,Crystal Palace,2015-08-16,0.880697731728931,1,0.07031549552111097,0.34261488630415415,0.127552088863071,-0.0,0.0004656216502119524,0.0,1.421645824067479
17,Arsenal,2015-08-16,0.880697731728931,2,0.06711933663378775,0.0,0.0,-0.07669558483974204,0.0004656216502119524,0.05238281082503731,0.9239699159982259
18,Man City,2015-08-16,0.880697731728931,3,0.06328394596899987,0.34261488630415415,0.127552088863071,-0.02556519494658068,0.0004656216502119524,0.0,1.389049079568787
18,Chelsea,2015-08-16,0.880697731728931,0,0.07031549552111097,0.0,0.042517362954357006,-0.07669558483974204,0.0004656216502119524,0.06547851353129663,0.9827791405461654
19,Liverpool,2015-08-17,0.880697731728931,1,0.07031549552111097,0.34261488630415415,0.127552088863071,-0.0,0.0004656216502119524,0.0,1.421645824067479
19,Bournemouth,2015-08-17,0.880697731728931,0,0.07301993765653832,0.0,0.0,-0.07669558483974204,0.0004656216502119524,0.05238281082503731,0.9298705170209765
20,Sunderland,2015-08-22,0.880697731728931,1,0.06711933663378775,0.34261488630415415,0.0,-0.11504337725961307,0.0009312433004239048,0.0,1.1763198207076837
20,Swansea,2015-08-22,0.880697731728931,1,0.06711933663378775,0.0,0.19132813329460652,-0.0,0.0009312433004239048,0.05238281082503731,1.1924592557827862
21,West Ham,2015-08-22,0.880697731728931,3,0.06711933663378775,0.34261488630415415,0.19132813329460652,-0.0,0.0009312433004239048,0.0,1.4826913312619032
21,Bournemouth,2015-08-22,0.880697731728931,4,0.05859624626759248,0.0,0.0,-0.11504337725961307,0.0009312433004239048,0.05238281082503731,0.8775646548623716
22,Norwich,2015-08-22,0.880697731728931,1,0.06711933663378775,0.34261488630415415,0.127552088863071,-0.02556519494658068,0.0009312433004239048,0.0,1.3933500918837871
22,Stoke,2015-08-22,0.880697731728931,1,0.06711933663378775,0.0,0.042517362954357006,-0.07669558483974204,0.0009312433004239048,0.05238281082503731,0.9669529006027949
23,Leicester,2015-08-22,0.880697731728931,1,0.06711933663378775,0.34261488630415415,0.31888022215767753,-0.02556519494658068,0.0009312433004239048,0.0,1.5846782251783937
23,Tottenham,2015-08-22,0.880697731728931,1,0.06711933663378775,0.0,0.042517362954357006,-0.19173896209935512,0.0009312433004239048,0.05238281082503731,0.8519095233431818
24,Crystal Palace,2015-08-22,0.880697731728931,2,0.06328394596899987,0.34261488630415415,0.19132813329460652,-0.11504337725961307,0.0009312433004239048,0.0,1.363812563337502
24,Aston Villa,2015-08-22,0.880697731728931,1,0.07031549552111097,0.0,0.19132813329460652,-0.11504337725961307,0.0009312433004239048,0.05238281082503731,1.0806120374104964
25,Man United,2015-08-22,0.880697731728931,0,0.07031549552111097,0.34261488630415415,0.31888022215767753,-0.03834779241987102,0.0009312433004239048,0.0,1.5750917865924263
25,Newcastle,2015-08-22,0.880697731728931,0,0.06711933663378775,0.0,0.0637760444315355,-0.19173896209935512,0.0009312433004239048,0.05238281082503731,0.8731682048203604
26,Everton,2015-08-23,0.880697731728931,0,0.07031549552111097,0.34261488630415415,0.19132813329460652,-0.19173896209935512,0.0009312433004239048,0.0,1.2941485280498715
26,Man City,2015-08-23,0.880697731728931,2,0.06711933663378775,0.0,0.31888022215767753,-0.11504337725961307,0.0009312433004239048,0.05238281082503731,1.2049679673862443
27,Watford,2015-08-23,0.880697731728931,0,0.07031549552111097,0.34261488630415415,0.10629340738589252,-0.03834779241987102,0.0009312433004239048,0.0,1.3625049718206415
27,Southampton,2015-08-23,0.880697731728931,0,0.07031549552111097,0.0,0.0637760444315355,-0.0639129873664517,0.0009312433004239048,0.05238281082503731,1.004190338440587
28,West Brom,2015-08-23,0.880697731728931,2,0.07031549552111097,0.34261488630415415,0.042517362954357006,-0.03834779241987102,0.0009312433004239048,0.0,1.2987289273891058
28,Chelsea,2015-08-23,0.880697731728931,3,0.06711933663378775,0.0,0.0637760444315355,-0.02556519494658068,0.0009312433004239048,0.05238281082503731,1.039341971973135
29,Arsenal,2015-08-24,0.880697731728931,0,0.07031549552111097,0.34261488630415415,0.127552088863071,-0.19173896209935512,0.0009312433004239048,0.0,1.2303724836183358
29,Liverpool,2015-08-24,0.880697731728931,0,0.06711933663378775,0.0,0.31888022215767753,-0.07669558483974204,0.0009312433004239048,0.06491886811649923,1.2558518170975774
30,Liverpool,2015-08-29,0.880697731728931,0,0.05859624626759248,0.34261488630415415,0.45706165175933783,-0.13421727346954856,0.0009312433004239048,0.0,1.6056844858908907
30,West Ham,2015-08-29,0.880697731728931,3,0.06711933663378775,0.0,0.22321615551037427,-0.2748258456757423,0.0009312433004239048,0.05238281082503731,0.9495214323228118
31,Aston Villa,2015-08-29,0.880697731728931,2,0.06711933663378775,0.34261488630415415,0.22321615551037427,-0.02556519494658068,0.0009312433004239048,0.0,1.4890141585310903
31,Sunderland,2015-08-29,0.880697731728931,2,0.06711933663378775,0.0,0.042517362954357006,-0.13421727346954856,0.0009312433004239048,0.05238281082503731,0.9094312119729884
32,Bournemouth,2015-08-29,0.880697731728931,1,0.06711933663378775,0.34261488630415415,0.127552088863071,-0.2748258456757423,0.0009312433004239048,0.0,1.1440894411546254
32,Leicester,2015-08-29,0.880697731728931,1,0.06711933663378775,0.0,0.45706165175933783,-0.07669558483974204,0.0009312433004239048,0.05238281082503731,1.3814971894077754
33,Chelsea,2015-08-29,0.880697731728931,1,0.06328394596899987,0.34261488630415415,0.20195747403319578,-0.21091285830929063,0.0009312433004239048,0.0,1.278572423026414
33,Crystal Palace,2015-08-29,0.880697731728931,2,0.06711933663378775,0.0,0.3507682443734453,-0.12143467599625823,0.0009312433004239048,0.05238281082503731,1.230464690865367
34,Man City,2015-08-29,0.880697731728931,2,0.06328394596899987,0.34261488630415415,0.5420963776680519,-0.10865207852296789,0.0009312433004239048,0.0,1.7209721064475927
34,Watford,2015-08-29,0.880697731728931,0,0.06328394596899987,0.0,0.18069879255601728,-0.3259562355689037,0.0009312433004239048,0.05238281082503731,0.8520382888105057
35,Newcastle,2015-08-29,0.880697731728931,0,0.06711933663378775,0.34261488630415415,0.11692274812448177,-0.14060857220619374,0.0009312433004239048,0.0,1.2676773738855847
35,Arsenal,2015-08-29,0.880697731728931,1,0.05859624626759248,0.0,0.23384549624896353,-0.07030428610309687,0.0009312433004239048,0.05238281082503731,1.1561492422678512
36,Stoke,2015-08-29,0.880697731728931,0,0.06711933663378775,0.34261488630415415,0.10629340738589252,-0.03834779241987102,0.0009312433004239048,0.0,1.3593088129333184
36,West Brom,2015-08-29,0.880697731728931,1,0.06328394596899987,0.0,0.0637760444315355,-0.0639129873664517,0.0009312433004239048,0.05238281082503731,0.9971587888884758
37,Tottenham,2015-08-29,0.880697731728931,0,0.06711933663378775,0.34261488630415415,0.10629340738589252,-0.15978246841612925,0.0009312433004239048,0.0,1.23787413693706
37,Everton,2015-08-29,0.880697731728931,0,0.06328394596899987,0.0,0.2657335184647313,-0.0639129873664517,0.0009312433004239048,0.05238281082503731,1.1991162629216716
38,Southampton,2015-08-30,0.880697731728931,3,0.06711933663378775,0.34261488630415415,0.11692274812448177,-0.14060857220619374,0.0009312433004239048,0.0,1.2676773738855847
38,Norwich,2015-08-30,0.880697731728931,0,0.07031549552111097,0.0,0.23384549624896353,-0.07030428610309687,0.0009312433004239048,0.05238281082503731,1.1678684915213695
39,Swansea,2015-08-30,0.880697731728931,2,0.07031549552111097,0.34261488630415415,0.3082508814190883,-0.2748258456757423,0.0009312433004239048,0.0,1.327984392597966
39,Man United,2015-08-30,0.880697731728931,1,0.07031549552111097,0.0,0.45706165175933783,-0.18534766336270994,0.0009312433004239048,0.05238281082503731,1.2760412697721308
40,Watford,2015-09-12,0.880697731728931,1,0.08203474477462948,0.34261488630415415,0.21790148514107965,-0.2971953912540004,0.0013968649506358572,0.0,1.2274503216454298
40,Swansea,2015-09-12,0.880697731728931,0,0.08065600956833317,0.0,0.4942643443444002,-0.131021624101226,0.0013968649506358572,0.05238281082503731,1.3783761373161114
41,West Brom,2015-09-12,0.880697731728931,0,0.08203474477462948,0.34261488630415415,0.20195747403319578,-0.16297811778445184,0.0013968649506358572,0.0,1.3457235840070945
41,Southampton,2015-09-12,0.880697731728931,0,0.08065600956833317,0.0,0.2710481888340259,-0.12143467599625823,0.0013968649506358572,0.05238281082503731,1.164746929910705
42,Norwich,2015-09-12,0.880697731728931,3,0.08065600956833317,0.34261488630415415,0.2869921999419098,-0.14060857220619374,0.0013968649506358572,0.0,1.4517491202877701
42,Bournemouth,2015-09-12,0.880697731728931,1,0.08203474477462948,0.0,0.23384549624896353,-0.1725650658894196,0.0013968649506358572,0.05238281082503731,1.0777925826387775
43,Crystal Palace,2015-09-12,0.880697731728931,0,0.08203474477462948,0.34261488630415415,0.5580403887759358,-0.46976045714342,0.0013968649506358572,0.0,1.3950241593908663
43,Man City,2015-09-12,0.880697731728931,1,0.08203474477462948,0.0,0.78125654428631,-0.3355431836738714,0.0013968649506358572,0.05238281082503731,1.4622255128916721
44,Everton,2015-09-12,0.880697731728931,3,0.08203474477462948,0.34261488630415415,0.34545357400415067,-0.16297811778445184,0.0013968649506358572,0.0,1.4892196839780494
44,Chelsea,2015-09-12,0.880697731728931,1,0.08203474477462948,0.0,0.2710481888340259,-0.20771720894096804,0.0013968649506358572,0.05238281082503731,1.0798431321722914
45,Arsenal,2015-09-12,0.880697731728931,2,0.08203474477462948,0.34261488630415415,0.4145442888049808,-0.08308688357638722,0.0013968649506358572,0.0,1.6382016329869442
45,Stoke,2015-09-12,0.880697731728931,0,0.08203474477462948,0.0,0.13818142960166027,-0.24926065072916165,0.0013968649506358572,0.05238281082503731,0.9054329311517321
46,Man United,2015-09-12,0.880697731728931,3,0.08065600956833317,0.34261488630415415,0.526152366560168,-0.31636928746393594,0.0013968649506358572,0.0,1.5151485716482862
46,Liverpool,2015-09-12,0.880697731728931,1,0.08203474477462948,0.0,0.526152366560168,-0.31636928746393594,0.0013968649506358572,0.03097908167072099,1.2048915022211493
47,Leicester,2015-09-13,0.880697731728931,3,0.08326834995921037,0.34261488630415415,0.568669729514525,-0.16936941652109702,0.0013968649506358572,0.0,1.7072781459363595
47,Aston Villa,2015-09-13,0.880697731728931,2,0.08326834995921037,0.0,0.28167752957261516,-0.3419344824105166,0.0013968649506358572,0.05238281082503731,0.957488804625913
48,Sunderland,2015-09-13,0.880697731728931,0,0.08326834995921037,0.34261488630415415,0.10629340738589252,-0.10865207852296789,0.0013968649506358572,0.0,1.3056191618058561
48,Tottenham,2015-09-13,0.880697731728931,1,0.08326834995921037,0.0,0.18069879255601728,-0.0639129873664517,0.0013968649506358572,0.05238281082503731,1.13453156265338
49,West Ham,2015-09-14,0.880697731728931,2,0.08437859462533318,0.34261488630415415,0.3667122554813292,-0.0862825329447098,0.0013968649506358572,0.0,1.5895178001456733
49,Newcastle,2015-09-14,0.880697731728931,0,0.08437859462533318,0.0,0.1434960999709549,-0.22049980641425837,0.0013968649506358572,0.05238281082503731,0.9418522956866338
50,Swansea,2015-09-19,0.880697731728931,0,0.06711933663378775,0.34261488630415415,0.5872710758070562,-0.30838016404312946,0.0013968649506358572,0.0,1.5707197313814356
50,Everton,2015-09-19,0.880697731728931,0,0.06711933663378775,0.0,0.5128656906369314,-0.35311925519964565,0.0013968649506358572,0.05238281082503731,1.1613431795756777
51,Newcastle,2015-09-19,0.880697731728931,1,0.05859624626759248,0.34261488630415415,0.15678277589419146,-0.2189019817300971,0.0013968649506358572,0.0,1.2211865234154082
51,Watford,2015-09-19,0.880697731728931,2,0.06711933663378775,0.0,0.36405492029668185,-0.09427165636551627,0.0013968649506358572,0.05238281082503731,1.2713800080695576
52,Stoke,2015-09-19,0.880697731728931,2,0.06711933663378775,0.34261488630415415,0.15412544070954415,-0.4521843856176458,0.0013968649506358572,0.0,0.9937698747094071
52,Leicester,2015-09-19,0.880697731728931,2,0.06328394596899987,0.0,0.7520258572551896,-0.09267383168135497,0.0013968649506358572,0.05238281082503731,1.6571133790474386
53,Bournemouth,2015-09-19,0.880697731728931,2,0.06711933663378775,0.34261488630415415,0.2869921999419098,-0.08308688357638722,0.0013968649506358572,0.0,1.4957341359830316
53,Sunderland,2015-09-19,0.880697731728931,0,0.06328394596899987,0.0,0.13818142960166027,-0.1725650658894196,0.0013968649506358572,0.05238281082503731,0.9633777171858448
54,Aston Villa,2015-09-19,0.880697731728931,0,0.06328394596899987,0.34261488630415415,0.31090821660373563,-0.18854331273103253,0.0013968649506358572,0.0,1.4103583328254239
54,West Brom,2015-09-19,0.880697731728931,1,0.06711933663378775,0.0,0.3135655517883829,-0.18694548804687122,0.0013968649506358572,0.05238281082503731,1.1282168078799035
55,Chelsea,2015-09-19,0.880697731728931,2,0.06711933663378775,0.34261488630415415,0.30559354623444096,-0.3802822748303876,0.0013968649506358572,0.0,1.2171400910215624
55,Arsenal,2015-09-19,0.880697731728931,0,0.06711933663378775,0.0,0.6324457739460605,-0.18374983867854866,0.0013968649506358572,0.009354073361613804,1.4072639419424802
56,Man City,2015-09-19,0.880697731728931,1,0.06711933663378775,0.34261488630415415,1.0283887164585102,-0.3403366577263553,0.0013968649506358572,0.0,1.979880878349664
56,West Ham,2015-09-19,0.880697731728931,2,0.05859624626759248,0.0,0.5660123943298776,-0.6183581527704203,0.0013968649506358572,0.05238281082503731,0.9407278953316539
57,Liverpool,2015-09-20,0.880697731728931,1,0.07031549552111097,0.34261488630415415,0.560697723960583,-0.26523889757077457,0.0013968649506358572,0.0,1.5904838048946404
57,Norwich,2015-09-20,0.880697731728931,1,0.07031549552111097,0.0,0.4411176406514539,-0.33714100835803273,0.0013968649506358572,0.05238281082503731,1.1087695353191362
58,Southampton,2015-09-20,0.880697731728931,2,0.07031549552111097,0.34261488630415415,0.390628272143155,-0.41383659319777477,0.0013968649506358572,0.0,1.271816657450212
58,Man United,2015-09-20,0.880697731728931,3,0.07031549552111097,0.0,0.688249812823654,-0.23488022857171,0.0013968649506358572,0.05238281082503731,1.4581624872776593
59,Tottenham,2015-09-20,0.880697731728931,1,0.06711933663378775,0.34261488630415415,0.34545357400415067,-0.39785834635616185,0.0013968649506358572,0.0,1.2394240472654978
59,Crystal Palace,2015-09-20,0.880697731728931,0,0.07031549552111097,0.0,0.6616764609771809,-0.20771720894096804,0.0013968649506358572,0.05238281082503731,1.458752155061928
60,Southampton,2015-09-26,0.880697731728931,3,0.06328394596899987,0.34261488630415415,0.40790095084336253,-0.3810811871724683,0.0018624866008478097,0.0,1.315278814273827
60,Swansea,2015-09-26,0.880697731728931,1,0.06711933663378775,0.0,0.6337744415383841,-0.2452660890187584,0.0018624866008478097,0.05238281082503731,1.3905707183082296
61,West Ham,2015-09-26,0.880697731728931,2,0.06711933663378775,0.34261488630415415,0.6656624637541518,-0.33714100835803273,0.0018624866008478097,0.0,1.6208158966638397
61,Norwich,2015-09-26,0.880697731728931,2,0.06328394596899987,0.0,0.560697723960583,-0.4002550833824038,0.0018624866008478097,0.05238281082503731,1.1586696157019953
62,Tottenham,2015-09-26,0.880697731728931,4,0.06328394596899987,0.34261488630415415,0.5553830535912884,-0.6159614157441783,0.0018624866008478097,0.0,1.2278806884500428
62,Man City,2015-09-26,0.880697731728931,1,0.06711933663378775,0.0,1.024402713681539,-0.3339453589897102,0.0018624866008478097,0.06520223288348526,1.7053391425388806
63,Stoke,2015-09-26,0.880697731728931,2,0.06711933663378775,0.34261488630415415,0.20461480921784309,-0.26523889757077457,0.0018624866008478097,0.0,1.2316703529147894
63,Bournemouth,2015-09-26,0.880697731728931,1,0.06711933663378775,0.0,0.4411176406514539,-0.12303250068041953,0.0018624866008478097,0.05238281082503731,1.3201475057596381
64,Newcastle,2015-09-26,0.880697731728931,2,0.06711933663378775,0.34261488630415415,0.12090875090145274,-0.2452660890187584,0.0018624866008478097,0.0,1.1679371031504153
64,Chelsea,2015-09-26,0.880697731728931,2,0.06711933663378775,0.0,0.40790095084336253,-0.07270102312933881,0.0018624866008478097,0.05238281082503731,1.3372622935026275
65,Liverpool,2015-09-26,0.880697731728931,3,0.06328394596899987,0.34261488630415415,0.49293567675207656,-0.1190379389700163,0.0018624866008478097,0.0,1.662356788384993
65,Aston Villa,2015-09-26,0.880697731728931,2,0.06711933663378775,0.0,0.1979714712562248,-0.2963964789119198,0.0018624866008478097,0.05238281082503731,0.9036373581329088
66,Leicester,2015-09-26,0.880697731728931,2,0.06711933663378775,0.34261488630415415,0.7586691952168079,-0.4457930868810006,0.0018624866008478097,0.0,1.605170549603528
66,Arsenal,2015-09-26,0.880697731728931,5,0.06711933663378775,0.0,0.7413965165166003,-0.45617894732804903,0.0018624866008478097,0.05238281082503731,1.287279934977155
67,Man United,2015-09-26,0.880697731728931,3,0.06328394596899987,0.34261488630415415,0.7692985359553971,-0.09267383168135497,0.0018624866008478097,0.0,1.9650837548769748
67,Sunderland,2015-09-26,0.880697731728931,0,0.06711933663378775,0.0,0.15412544070954415,-0.4625702460646942,0.0018624866008478097,0.05238281082503731,0.6936175604334536
68,Watford,2015-09-27,0.880697731728931,0,0.07031549552111097,0.34261488630415415,0.522166363783197,-0.352320342857565,0.0018624866008478097,0.0,1.465336621080676
68,Crystal Palace,2015-09-27,0.880697731728931,1,0.06711933663378775,0.0,0.5859424082147325,-0.313972550437694,0.0018624866008478097,0.05238281082503731,1.2740322235656423
69,West Brom,2015-09-28,0.880697731728931,2,0.07301993765653832,0.34261488630415415,0.49692167952904753,-0.3587116415942102,0.0018624866008478097,0.0,1.4364050802253086
69,Everton,2015-09-28,0.880697731728931,3,0.07301993765653832,0.0,0.5965717489533218,-0.2987932159381617,0.0018624866008478097,0.05238281082503731,1.3057414998265144
70,Sunderland,2015-10-03,0.880697731728931,2,0.06711933663378775,0.34261488630415415,0.16209744626348607,-0.4557794911570087,0.0018624866008478097,0.0,0.9986123963741981
70,West Ham,2015-10-03,0.880697731728931,2,0.06711933663378775,0.0,0.758004861420646,-0.09746730573383884,0.0018624866008478097,0.05238281082503731,1.662599921475411
71,Norwich,2015-10-03,0.880697731728931,1,0.06711933663378775,0.34261488630415415,0.5354530397064335,-0.3814806433435086,0.0018624866008478097,0.0,1.446266837630646
71,Leicester,2015-10-03,0.880697731728931,2,0.06711933663378775,0.0,0.634438775334546,-0.32196167385850044,0.0018624866008478097,0.05238281082503731,1.3145394672646493
72,Crystal Palace,2015-10-03,0.880697731728931,2,0.06328394596899987,0.34261488630415415,0.6756274706965792,-0.3283529725951456,0.0018624866008478097,0.0,1.6357335487043663
72,West Brom,2015-10-03,0.880697731728931,0,0.05859624626759248,0.0,0.5460823804450228,-0.40624692594800865,0.0018624866008478097,0.05238281082503731,1.1333747299194228
73,Man City,2015-10-03,0.880697731728931,6,0.06711933663378775,0.34261488630415415,0.8948576234299827,-0.08748090145783077,0.0018624866008478097,0.0,2.0996711632398726
73,Newcastle,2015-10-03,0.880697731728931,1,0.06711933663378775,0.0,0.14548910135944038,-0.5380674623913153,0.0018624866008478097,0.05238281082503731,0.6094840047567288
74,Bournemouth,2015-10-03,0.880697731728931,1,0.06711933663378775,0.34261488630415415,0.518180361006226,-0.33594263984491174,0.0018624866008478097,0.0,1.474532162429035
74,Watford,2015-10-03,0.880697731728931,1,0.06328394596899987,0.0,0.5587047225720976,-0.3115758134114521,0.0018624866008478097,0.05238281082503731,1.2453558842844614
75,Aston Villa,2015-10-03,0.880697731728931,0,0.06711933663378775,0.34261488630415415,0.1415030985824694,-0.18934222507311316,0.0018624866008478097,0.0,1.2444553147770772
75,Stoke,2015-10-03,0.880697731728931,1,0.06711933663378775,0.0,0.31489421938070655,-0.08508416443158882,0.0018624866008478097,0.05238281082503731,1.2318724207377216
76,Chelsea,2015-10-03,0.880697731728931,1,0.06711933663378775,0.34261488630415415,0.5015720161021803,-0.3271546040820247,0.0018624866008478097,0.0,1.4667118532878767
76,Southampton,2015-10-03,0.880697731728931,3,0.06711933663378775,0.0,0.5440893790565373,-0.30158940913544396,0.0018624866008478097,0.05238281082503731,1.244562335709697
77,Arsenal,2015-10-04,0.880697731728931,3,0.07031549552111097,0.34261488630415415,0.7958718878018702,-0.48693707249815393,0.0018624866008478097,0.0,1.6044254154587605
77,Man United,2015-10-04,0.880697731728931,0,0.07031549552111097,0.0,0.8098228975212686,-0.47854849290630713,0.0018624866008478097,0.06520223288348526,1.3493523513493364
78,Everton,2015-10-04,0.880697731728931,1,0.06328394596899987,0.34261488630415415,0.6384247781115169,-0.2760242141888633,0.0018624866008478097,0.0,1.6508596145255863
78,Liverpool,2015-10-04,0.880697731728931,1,0.07031549552111097,0.0,0.4590546531478233,-0.38387738036975055,0.0018624866008478097,0.05238281082503731,1.0804357974539998
79,Swansea,2015-10-04,0.880697731728931,2,0.07031549552111097,0.34261488630415415,0.529474035540977,-0.44818982390724255,0.0018624866008478097,0.0,1.3767748117887784
79,Tottenham,2015-10-04,0.880697731728931,2,0.07031549552111097,0.0,0.7453825192935712,-0.31836656831913757,0.0018624866008478097,0.05238281082503731,1.4322744756503605
80,Tottenham,2015-10-17,0.880697731728931,0,0.08065600956833317,0.34261488630415415,0.8403822521447127,-0.26583808182733504,0.002328108251059762,0.0,1.8808409061698554
80,Liverpool,2015-10-17,0.880697731728931,0,0.08065600956833317,0.0,0.44211414134569665,-0.5053120563660087,0.002328108251059762,0.06520223288348526,0.965686167411497
81,West Brom,2015-10-17,0.880697731728931,1,0.08203474477462948,0.34261488630415415,0.5706627309030105,-0.09986404276008079,0.002328108251059762,0.0,1.778474159201704
81,Sunderland,2015-10-17,0.880697731728931,0,0.08203474477462948,0.0,0.16608344904045705,-0.3431328509236376,0.002328108251059762,0.05238281082503731,0.840393993696477
82,Watford,2015-10-17,0.880697731728931,0,0.08203474477462948,0.34261488630415415,0.5769739019665479,-0.5460565858121217,0.002328108251059762,0.0,1.3385927872132004
82,Arsenal,2015-10-17,0.880697731728931,3,0.08065600956833317,0.0,0.9081442993532192,-0.34692768454852063,0.002328108251059762,0.05238281082503731,1.5772812751780596
83,Southampton,2015-10-17,0.880697731728931,2,0.08203474477462948,0.34261488630415415,0.6972183190718387,-0.39526188124439976,0.002328108251059762,0.0,1.6096319088862134
83,Leicester,2015-10-17,0.880697731728931,2,0.08203474477462948,0.0,0.657358291302129,-0.41922925150681917,0.002328108251059762,0.05238281082503731,1.2555724353749673
84,Crystal Palace,2015-10-17,0.880697731728931,1,0.08203474477462948,0.34261488630415415,0.7204700019375027,-0.5091068899908918,0.002328108251059762,0.0,1.5190385830053852
84,West Ham,2015-10-17,0.880697731728931,3,0.08203474477462948,0.0,0.84669342320825,-0.43321021749323047,0.002328108251059762,0.05238281082503731,1.430926601294677
85,Everton,2015-10-17,0.880697731728931,0,0.08065600956833317,0.34261488630415415,0.7018686556449715,-0.4735552907683031,0.002328108251059762,0.0,1.5346101007291462
85,Man United,2015-10-17,0.880697731728931,3,0.08065600956833317,0.0,0.7875677153498474,-0.4220254447041014,0.002328108251059762,0.05238281082503731,1.381606931019107
86,Chelsea,2015-10-17,0.880697731728931,2,0.08203474477462948,0.34261488630415415,0.4208554598685182,-0.0681072771623751,0.002328108251059762,0.0,1.6604236537649173
86,Aston Villa,2015-10-17,0.880697731728931,0,0.08203474477462948,0.0,0.11326891224559171,-0.25305548435404474,0.002328108251059762,0.05238281082503731,0.8776568234712046
87,Man City,2015-10-17,0.880697731728931,5,0.08203474477462948,0.34261488630415415,0.8300850783042044,-0.2836138814386294,0.002328108251059762,0.0,1.8541466679243495
87,Bournemouth,2015-10-17,0.880697731728931,1,0.08203474477462948,0.0,0.47167699527489804,-0.49912048571488377,0.002328108251059762,0.05238281082503731,0.9899999051396718
88,Newcastle,2015-10-18,0.880697731728931,6,0.08326834995921037,0.34261488630415415,0.1152619136340772,-0.28880681166215366,0.002328108251059762,0.0,1.1353641782152788
88,Norwich,2015-10-18,0.880697731728931,2,0.08326834995921037,0.0,0.4803133346250018,-0.06930564567549606,0.002328108251059762,0.05238281082503731,1.429684689713744
89,Swansea,2015-10-19,0.880697731728931,0,0.08326834995921037,0.34261488630415415,0.47732383254227356,-0.27362747716262137,0.002328108251059762,0.0,1.5126054316230075
89,Stoke,2015-10-19,0.880697731728931,1,0.08437859462533318,0.0,0.4550686503708523,-0.2870092588924722,0.002328108251059762,0.05238281082503731,1.1878466369087413
90,Arsenal,2015-10-24,0.880697731728931,2,0.06711933663378775,0.34261488630415415,0.9642805051288936,-0.41553428192469616,0.002328108251059762,0.0,1.84150628612213
90,Everton,2015-10-24,0.880697731728931,1,0.06711933663378775,0.0,0.6910732314573418,-0.579810632265029,0.002328108251059762,0.05238281082503731,1.1137905866311284
91,Aston Villa,2015-10-24,0.880697731728931,1,0.06711933663378775,0.34261488630415415,0.056634456122795857,-0.19463501933939745,0.002328108251059762,0.0,1.154759499701331
91,Swansea,2015-10-24,0.880697731728931,2,0.05859624626759248,0.0,0.3236966421798508,-0.03405363858118755,0.002328108251059762,0.05238281082503731,1.2836479006712838
92,Leicester,2015-10-24,0.880697731728931,1,0.06711933663378775,0.34261488630415415,0.6688180492859206,-0.36999627842609933,0.002328108251059762,0.0,1.591581833777754
92,Crystal Palace,2015-10-24,0.880697731728931,0,0.06711933663378775,0.0,0.6153391786948934,-0.40215250019484533,0.002328108251059762,0.05238281082503731,1.2157146659388638
93,Norwich,2015-10-24,0.880697731728931,0,0.06328394596899987,0.34261488630415415,0.45274348208428594,-0.35052279008788356,0.002328108251059762,0.0,1.391145364249547
93,West Brom,2015-10-24,0.880697731728931,1,0.06711933663378775,0.0,0.5829529061320042,-0.2722293805639802,0.002328108251059762,0.05238281082503731,1.3132515130068398
94,Stoke,2015-10-24,0.880697731728931,0,0.05859624626759248,0.34261488630415415,0.6527079547289962,-0.3524202069003251,0.002328108251059762,0.0,1.5845247203804087
94,Watford,2015-10-24,0.880697731728931,2,0.06711933663378775,0.0,0.586108491663773,-0.3924656880471175,0.002328108251059762,0.05238281082503731,1.1961707910554713
95,West Ham,2015-10-24,0.880697731728931,2,0.06711933663378775,0.34261488630415415,0.8910377041020521,-0.30548410680308713,0.002328108251059762,0.0,1.8783136602168977
95,Chelsea,2015-10-24,0.880697731728931,1,0.06711933663378775,0.0,0.5080492706147581,-0.5357705894078334,0.002328108251059762,0.05238281082503731,0.9748066686457405
96,Bournemouth,2015-10-25,0.880697731728931,1,0.07031549552111097,0.34261488630415415,0.40590794945487707,-0.5338731725953919,0.002328108251059762,0.0,1.167990998664741
96,Tottenham,2015-10-25,0.880697731728931,5,0.07031549552111097,0.0,0.8878821185702834,-0.24406772050563744,0.002328108251059762,0.05238281082503731,1.6495385443907848
97,Liverpool,2015-10-25,0.880697731728931,1,0.07031549552111097,0.34261488630415415,0.4761612483989904,-0.414136185326055,0.002328108251059762,0.0,1.3579812848781911
97,Southampton,2015-10-25,0.880697731728931,1,0.07031549552111097,0.0,0.6887480631707754,-0.2863102105931516,0.002328108251059762,0.05238281082503731,1.4081619989037626
98,Man United,2015-10-25,0.880697731728931,0,0.07031549552111097,0.34261488630415415,0.9039922131272078,-0.479646997376668,0.002328108251059762,0.0,1.7203014375557957
98,Man City,2015-10-25,0.880697731728931,0,0.07031549552111097,0.0,0.7976988057413152,-0.5435599847431197,0.002328108251059762,0.007936789518945046,1.2154169460182422
99,Sunderland,2015-10-25,0.880697731728931,3,0.07031549552111097,0.34261488630415415,0.12555908747458552,-0.13691360262407076,0.002328108251059762,0.0,1.2846017066557707
99,Newcastle,2015-10-25,0.880697731728931,0,0.06711933663378775,0.0,0.2277004086344666,-0.07549721632662107,0.002328108251059762,0.05238281082503731,1.1547311797466615
100,West Brom,2015-10-31,0.880697731728931,2,0.06711933663378775,0.34261488630415415,0.6741327196552152,-0.4055978096700681,0.0027937299012717144,0.0,1.5617605945532917
100,Leicester,2015-10-31,0.880697731728931,3,0.06711933663378775,0.0,0.6745479282778163,-0.4053481495631679,0.0027937299012717144,0.05238281082503731,1.2721933878036762
101,Newcastle,2015-10-31,0.880697731728931,0,0.06328394596899987,0.34261488630415415,0.28391965613466136,-0.45188479348936555,0.0027937299012717144,0.0,1.1214251565486524
101,Stoke,2015-10-31,0.880697731728931,0,0.06711933663378775,0.0,0.7515276069080682,-0.1707175810983581,0.0027937299012717144,0.05238281082503731,1.5838036348987377
102,Watford,2015-10-31,0.880697731728931,2,0.06711933663378775,0.34261488630415415,0.5906757865123855,-0.5491024391163042,0.0027937299012717144,0.0,1.334799031964226
102,West Ham,2015-10-31,0.880697731728931,0,0.06711933663378775,0.0,0.9132098445489532,-0.3551664680762273,0.0027937299012717144,0.05238281082503731,1.5610369855617536
103,Crystal Palace,2015-10-31,0.880697731728931,0,0.06711933663378775,0.34261488630415415,0.5627737670735887,-0.5274319418373666,0.0027937299012717144,0.0,1.3285675098043666
103,Man United,2015-10-31,0.880697731728931,0,0.06328394596899987,0.0,0.877169736107174,-0.33838930889253377,0.0027937299012717144,0.05238281082503731,1.53793864563888
104,Man City,2015-10-31,0.880697731728931,2,0.06328394596899987,0.34261488630415415,0.6964709435511567,-0.18724508017515148,0.0027937299012717144,0.0,1.7986161572793617
104,Norwich,2015-10-31,0.880697731728931,1,0.06711933663378775,0.0,0.311406466950857,-0.41877986331439876,0.0027937299012717144,0.05238281082503731,0.8956202127254859
105,Chelsea,2015-10-31,0.880697731728931,1,0.06711933663378775,0.34261488630415415,0.5516461759878781,-0.32211146992264056,0.0027937299012717144,0.0,1.5227603906333822
105,Liverpool,2015-10-31,0.880697731728931,3,0.06328394596899987,0.0,0.5357021648799942,-0.33169841802760835,0.0027937299012717144,0.06520223288348526,1.2159813873350735
106,Swansea,2015-10-31,0.880697731728931,0,0.06711933663378775,0.34261488630415415,0.37443513586171046,-0.5966876554914827,0.0027937299012717144,0.0,1.0709731649383725
106,Arsenal,2015-10-31,0.880697731728931,3,0.06711933663378775,0.0,0.9923486080167309,-0.22514348440260212,0.0027937299012717144,0.05238281082503731,1.7701987327031565
107,Everton,2015-11-01,0.880697731728931,6,0.07031549552111097,0.34261488630415415,0.558123430500456,-0.14000938794963327,0.0027937299012717144,0.0,1.7145358860062905
107,Sunderland,2015-11-01,0.880697731728931,2,0.06711933663378775,0.0,0.2328489955547208,-0.33559311569525146,0.0027937299012717144,0.05238281082503731,0.9002494889484971
108,Southampton,2015-11-01,0.880697731728931,2,0.06711933663378775,0.34261488630415415,0.6845129352202437,-0.22429464003914146,0.0027937299012717144,0.0,1.753443979749247
108,Bournemouth,2015-11-01,0.880697731728931,0,0.06711933663378775,0.0,0.37302342654486653,-0.41158965223567295,0.0027937299012717144,0.05238281082503731,0.9644273833982211
109,Tottenham,2015-11-02,0.880697731728931,3,0.07031549552111097,0.34261488630415415,0.9116320517830688,-0.017026819290593773,0.0027937299012717144,0.0,2.191027075947943
109,Aston Villa,2015-11-02,0.880697731728931,1,0.07301993765653832,0.0,0.028317228061397928,-0.5481537307100834,0.0027937299012717144,0.05238281082503731,0.4890577074630928
110,West Ham,2015-11-07,0.880697731728931,1,0.06711933663378775,0.34261488630415415,0.7967438259093326,-0.3467529224736905,0.0027937299012717144,0.0,1.7432165880037869
110,Everton,2015-11-07,0.880697731728931,1,0.06328394596899987,0.0,0.576683255930727,-0.47907277913079754,0.0027937299012717144,0.05238281082503731,1.0967686952241693
111,Stoke,2015-11-07,0.880697731728931,1,0.06711933663378775,0.34261488630415415,0.8009374329976041,-0.2681099888001269,0.0027937299012717144,0.0,1.826053128765622
111,Chelsea,2015-11-07,0.880697731728931,0,0.06711933663378775,0.0,0.44589253981136706,-0.4815943462104896,0.0027937299012717144,0.05238281082503731,0.9672918026899052
112,Sunderland,2015-11-07,0.880697731728931,0,0.06328394596899987,0.34261488630415415,0.2864939495947884,-0.487011970530224,0.0027937299012717144,0.0,1.088872272967921
112,Southampton,2015-11-07,0.880697731728931,1,0.06328394596899987,0.0,0.809947460108049,-0.17226547376113935,0.0027937299012717144,0.05238281082503731,1.6368402047711494
113,Leicester,2015-11-07,0.880697731728931,2,0.06711933663378775,0.34261488630415415,0.7624475936824783,-0.35653959866417845,0.0027937299012717144,0.0,1.6991336795864445
113,Watford,2015-11-07,0.880697731728931,1,0.06711933663378775,0.0,0.5929594339366918,-0.45845085430084087,0.0027937299012717144,0.05238281082503731,1.1375021887248788
114,Bournemouth,2015-11-07,0.880697731728931,0,0.06328394596899987,0.34261488630415415,0.22902907622679028,-0.21318476528208247,0.0027937299012717144,0.0,1.3052346048480645
114,Newcastle,2015-11-07,0.880697731728931,1,0.06711933663378775,0.0,0.3545466428391157,-0.13771251496615142,0.0027937299012717144,0.05238281082503731,1.219827736961992
115,Man United,2015-11-07,0.880697731728931,2,0.06711933663378775,0.34261488630415415,0.778723771688443,-0.356065244461068,0.0027937299012717144,0.0,1.7158842117955195
115,West Brom,2015-11-07,0.880697731728931,0,0.06711933663378775,0.0,0.5921705375537496,-0.46823753049132877,0.0027937299012717144,0.05238281082503731,1.1269266161514486
116,Norwich,2015-11-07,0.880697731728931,1,0.06711933663378775,0.34261488630415415,0.19822059642978548,-0.2148325219876238,0.0027937299012717144,0.0,1.2766137590103064
116,Swansea,2015-11-07,0.880697731728931,0,0.06711933663378775,0.0,0.35728701974828325,-0.11918773503415642,0.0027937299012717144,0.05238281082503731,1.2410928938031547
117,Arsenal,2015-11-08,0.880697731728931,1,0.07031549552111097,0.34261488630415415,1.1339347483237205,-0.5552940097674293,0.0027937299012717144,0.0,1.875062582011759
117,Tottenham,2015-11-08,0.880697731728931,1,0.06328394596899987,0.0,0.9235070183894615,-0.6818217519444516,0.0027937299012717144,0.007936789518945046,1.1963974635631576
118,Aston Villa,2015-11-08,0.880697731728931,0,0.06328394596899987,0.34261488630415415,0.014158614030698964,-0.4650418811230062,0.0027937299012717144,0.0,0.8385070268110495
118,Man City,2015-11-08,0.880697731728931,0,0.07031549552111097,0.0,0.7734091013191484,-0.008513409645296887,0.0027937299012717144,0.05238281082503731,1.7710854596502024
119,Liverpool,2015-11-08,0.880697731728931,1,0.07031549552111097,0.34261488630415415,0.6505073490292101,-0.34815101907233165,0.0027937299012717144,0.0,1.5987781734123463
119,Crystal Palace,2015-11-08,0.880697731728931,2,0.07031549552111097,0.0,0.5790084242172934,-0.3911424894805464,0.0027937299012717144,0.05238281082503731,1.1940557027130978
120,Southampton,2015-11-21,0.880697731728931,0,0.08203474477462948,0.34261488630415415,0.8726647225519515,-0.4964491225710516,0.003259351551483667,0.0,1.6848223143400978
120,Stoke,2015-11-21,0.880697731728931,1,0.08203474477462948,0.0,0.8256423460423722,-0.5247231296774995,0.003259351551483667,0.05238281082503731,1.319293855244954
121,West Brom,2015-11-21,0.880697731728931,2,0.08203474477462948,0.34261488630415415,0.5511894465030168,-0.6732584102777747,0.003259351551483667,0.0,1.1865377505844406
121,Arsenal,2015-11-21,0.880697731728931,1,0.08065600956833317,0.0,1.1196930925685014,-0.3314237919100181,0.003259351551483667,0.05238281082503731,1.8052652043322683
122,Watford,2015-11-21,0.880697731728931,1,0.08203474477462948,0.34261488630415415,0.5941012576488449,-0.43864032481830983,0.003259351551483667,0.0,1.4640676471897331
122,Man United,2015-11-21,0.880697731728931,2,0.08203474477462948,0.0,0.7295007894790776,-0.357226163958154,0.003259351551483667,0.05238281082503731,1.390649264401005
123,Swansea,2015-11-21,0.880697731728931,2,0.08203474477462948,0.34261488630415415,0.3487129616915696,-0.09442145242965638,0.003259351551483667,0.0,1.5628982236211113
123,Bournemouth,2015-11-21,0.880697731728931,2,0.08203474477462948,0.0,0.15703190106775214,-0.20967704078013463,0.003259351551483667,0.05238281082503731,0.965729499167699
124,Newcastle,2015-11-21,0.880697731728931,0,0.08203474477462948,0.34261488630415415,0.4748948621000569,-0.5615729614559692,0.003259351551483667,0.0,1.2219286150032858
124,Leicester,2015-11-21,0.880697731728931,3,0.08203474477462948,0.0,0.9339495152478802,-0.285548747267106,0.003259351551483667,0.05238281082503731,1.6667754068608556
125,Everton,2015-11-21,0.880697731728931,4,0.08203474477462948,0.34261488630415415,0.5009284427371485,-0.029821899769229124,0.003259351551483667,0.0,1.7797132573271175
125,Aston Villa,2015-11-21,0.880697731728931,0,0.08065600956833317,0.0,0.049596669969706485,-0.30120243596974866,0.003259351551483667,0.05238281082503731,0.765390137673743
126,Man City,2015-11-21,0.880697731728931,1,0.08065600956833317,0.34261488630415415,0.8543955431575012,-0.3489624144197573,0.003259351551483667,0.0,1.8126611078906458
126,Liverpool,2015-11-21,0.880697731728931,4,0.08065600956833317,0.0,0.5803578522407471,-0.5137380849738906,0.003259351551483667,0.03097908167072099,1.0622119417863252
127,Chelsea,2015-11-21,0.880697731728931,1,0.08203474477462948,0.34261488630415415,0.35049835876875457,-0.13628945235682025,0.003259351551483667,0.0,1.5228156207711323
127,Norwich,2015-11-21,0.880697731728931,0,0.08203474477462948,0.0,0.22666238707796377,-0.2107505792398055,0.003259351551483667,0.05238281082503731,1.0342864467182398
128,Tottenham,2015-11-22,0.880697731728931,4,0.08203474477462948,0.34261488630415415,0.8444097757839438,-0.44405794913804425,0.003259351551483667,0.0,1.7089585410050976
128,West Ham,2015-11-22,0.880697731728931,1,0.08326834995921037,0.0,0.7385108165895223,-0.5077337594029407,0.003259351551483667,0.05238281082503731,1.2503853012512438
129,Crystal Palace,2015-11-23,0.880697731728931,0,0.08326834995921037,0.34261488630415415,0.5871257527891457,-0.1883935166668924,0.003259351551483667,0.0,1.7085725556660323
129,Sunderland,2015-11-23,0.880697731728931,1,0.08437859462533318,0.0,0.31331642661482223,-0.3530318741622306,0.003259351551483667,0.05238281082503731,0.9810030411833768
130,Sunderland,2015-11-28,0.880697731728931,2,0.05859624626759248,0.34261488630415415,0.41176239103355317,-0.5038765107513327,0.003259351551483667,0.0,1.1930540961343816
130,Stoke,2015-11-28,0.880697731728931,0,0.06711933663378775,0.0,0.8379948025647561,-0.24758792801293028,0.003259351551483667,0.05238281082503731,1.5938661052910654
131,Leicester,2015-11-28,0.880697731728931,1,0.06711933663378775,0.34261488630415415,1.0197004760305812,-0.5005373068215424,0.003259351551483667,0.0,1.8128544754273952
131,Man United,2015-11-28,0.880697731728931,1,0.06711933663378775,0.0,0.8324413872374659,-0.6131340150335335,0.003259351551483667,0.05238281082503731,1.2227666029431719
132,Man City,2015-11-28,0.880697731728931,3,0.06711933663378775,0.34261488630415415,0.7673366752136067,-0.4668831244113952,0.0037249732016956193,0.0,1.59461047867078
132,Southampton,2015-11-28,0.880697731728931,1,0.06711933663378775,0.0,0.7764712649108318,-0.46139060205959076,0.0037249732016956193,0.05238281082503731,1.3190055152406925
133,Bournemouth,2015-11-28,0.880697731728931,3,0.06711933663378775,0.34261488630415415,0.12103331348823308,-0.3295575826109391,0.003259351551483667,0.0,1.0851670370956505
133,Everton,2015-11-28,0.880697731728931,3,0.06711933663378775,0.0,0.5480857620490733,-0.07277592116140888,0.003259351551483667,0.05238281082503731,1.478769071626904
134,Aston Villa,2015-11-28,0.880697731728931,2,0.06711933663378775,0.34261488630415415,0.06731569793921025,-0.33200425165856107,0.003259351551483667,0.0,1.0290027524990057
134,Watford,2015-11-28,0.880697731728931,3,0.06711933663378775,0.0,0.5521548065505645,-0.04047614483119524,0.003259351551483667,0.05238281082503731,1.5151378924586087
135,Crystal Palace,2015-11-28,0.880697731728931,5,0.05859624626759248,0.34261488630415415,0.4636323282120009,-0.3217307382596178,0.0037249732016956193,0.0,1.4275354274547565
135,Newcastle,2015-11-28,0.880697731728931,1,0.06711933663378775,0.0,0.5350689717305275,-0.27877671686743805,0.0037249732016956193,0.05238281082503731,1.260217107252541
136,Liverpool,2015-11-29,0.880697731728931,1,0.07031549552111097,0.34261488630415415,0.6303178297552297,-0.20709930017639003,0.003259351551483667,0.0,1.7201059946845192
136,Swansea,2015-11-29,0.880697731728931,0,0.07031549552111097,0.0,0.34442593266321286,-0.3790027667825241,0.003259351551483667,0.05238281082503731,0.9720785555072515
137,Norwich,2015-11-29,0.880697731728931,1,0.07031549552111097,0.34261488630415415,0.2408832824020529,-0.5922811546046941,0.003259351551483667,0.0,0.9454895929030385
137,Arsenal,2015-11-29,0.880697731728931,1,0.07031549552111097,0.0,0.9850201758278208,-0.14484031101815217,0.003259351551483667,0.05238281082503731,1.8468352544362314
138,Tottenham,2015-11-29,0.880697731728931,0,0.06711933663378775,0.34261488630415415,0.889895880389899,-0.25876645929938685,0.0037249732016956193,0.0,1.9252863489590806
138,Chelsea,2015-11-29,0.880697731728931,0,0.07031549552111097,0.0,0.4303533571105193,-0.5350840241138579,0.0037249732016956193,0.00865181560173289,0.8586593490501317
139,West Ham,2015-11-29,0.880697731728931,1,0.06711933663378775,0.34261488630415415,0.6668769489752602,-0.3957986504742352,0.003259351551483667,0.0,1.5647696047193815
139,West Brom,2015-11-29,0.880697731728931,1,0.07031549552111097,0.0,0.6582509898407215,-0.4009853391950869,0.003259351551483667,0.05238281082503731,1.2639210402721974
140,Stoke,2015-12-05,0.880697731728931,2,0.06711933663378775,0.34261488630415415,0.7166189419628771,-0.4352168606024408,0.003259351551483667,0.0,1.5750933875787927
140,Man City,2015-12-05,0.880697731728931,0,0.06711933663378775,0.0,0.7238072412416594,-0.43089462000173107,0.003259351551483667,0.05238281082503731,1.2963718519791678
141,Watford,2015-12-05,0.880697731728931,2,0.06711933663378775,0.34261488630415415,0.6587336698644953,-0.1746809352953988,0.0037249732016956193,0.0,1.7782096624376649
141,Norwich,2015-12-05,0.880697731728931,0,0.06328394596899987,0.0,0.29051109301845446,-0.39608888034850664,0.0037249732016956193,0.05238281082503731,0.8945116743946115
142,Swansea,2015-12-05,0.880697731728931,0,0.06328394596899987,0.34261488630415415,0.34228241814903443,-0.6389145418223157,0.0037249732016956193,0.0,0.9936894135304993
142,Leicester,2015-12-05,0.880697731728931,3,0.06711933663378775,0.0,1.0625759564219317,-0.20581042987451775,0.0037249732016956193,0.05238281082503731,1.8606903789368654
143,West Brom,2015-12-05,0.880697731728931,1,0.06328394596899987,0.34261488630415415,0.6267470356008598,-0.5487591564693164,0.0037249732016956193,0.0,1.3683094163353238
143,Tottenham,2015-12-05,0.880697731728931,1,0.06328394596899987,0.0,0.9126389326928765,-0.37685568986318235,0.0037249732016956193,0.05238281082503731,1.5358727045543579
144,Southampton,2015-12-05,0.880697731728931,1,0.06711933663378775,0.34261488630415415,0.685857173135915,-0.0458032673621783,0.0037249732016956193,0.0,1.9342108336423052
144,Aston Villa,2015-12-05,0.880697731728931,1,0.06711933663378775,0.0,0.07617521192396214,-0.41239792683176235,0.0037249732016956193,0.05238281082503731,0.6677021374816513
145,Chelsea,2015-12-05,0.880697731728931,0,0.06328394596899987,0.34261488630415415,0.3852461303726877,-0.0875183504738658,0.0037249732016956193,0.0,1.5880493171026024
145,Bournemouth,2015-12-05,0.880697731728931,1,0.06711933663378775,0.0,0.14555138265283055,-0.23164400943601615,0.0037249732016956193,0.05238281082503731,0.917832225606266
146,Arsenal,2015-12-05,0.880697731728931,3,0.06328394596899987,0.34261488630415415,0.8326489915487664,-0.35388071852569125,0.003259351551483667,0.0,1.7686241885766438
146,Sunderland,2015-12-05,0.880697731728931,1,0.06711933663378775,0.0,0.5885374621059897,-0.5006621368749925,0.003259351551483667,0.05238281082503731,1.0913345559702368
147,Man United,2015-12-05,0.880697731728931,0,0.06711933663378775,0.34261488630415415,0.798876960207946,-0.32831864433044683,0.003259351551483667,0.0,1.7642496220958557
147,West Ham,2015-12-05,0.880697731728931,0,0.06328394596899987,0.0,0.5460252892594152,-0.4803554079299973,0.003259351551483667,0.05238281082503731,1.0652937214038696
148,Newcastle,2015-12-06,0.880697731728931,2,0.07031549552111097,0.34261488630415415,0.4376039376826918,-0.4451533328570689,0.0037249732016956193,0.0,1.2898036915815145
148,Liverpool,2015-12-06,0.880697731728931,0,0.06711933663378775,0.0,0.7403325444211849,-0.2631261489161316,0.0037249732016956193,0.05238281082503731,1.481131247894505
149,Everton,2015-12-07,0.880697731728931,1,0.07301993765653832,0.34261488630415415,0.6141817846593927,-0.3183447230597838,0.0037249732016956193,0.0,1.5958945904909279
149,Crystal Palace,2015-12-07,0.880697731728931,1,0.07301993765653832,0.0,0.5294377047864995,-0.369300350878115,0.0037249732016956193,0.05238281082503731,1.1699628073205868
150,West Ham,2015-12-12,0.880697731728931,0,0.06711933663378775,0.34261488630415415,0.4005647334927786,-0.47109925946667236,0.0037249732016956193,0.0,1.2236224018946749
150,Stoke,2015-12-12,0.880697731728931,0,0.06711933663378775,0.0,0.7834831005250086,-0.24085490700496548,0.0037249732016956193,0.05238281082503731,1.5465530459094947
151,Sunderland,2015-12-12,0.880697731728931,0,0.06711933663378775,0.34261488630415415,0.5493729087791368,-0.4281311946934795,0.0037249732016956193,0.0,1.4153986419542257
151,Watford,2015-12-12,0.880697731728931,1,0.06711933663378775,0.0,0.7120231015214608,-0.3303315289423297,0.0037249732016956193,0.05238281082503731,1.3856164249685827
152,Norwich,2015-12-12,0.880697731728931,1,0.06711933663378775,0.34261488630415415,0.3153249983266553,-0.41473692995828365,0.0037249732016956193,0.0,1.19474499623694
152,Everton,2015-12-12,0.880697731728931,1,0.05859624626759248,0.0,0.6897471589189094,-0.18960124743402212,0.0037249732016956193,0.05238281082503731,1.4955476735081434
153,Crystal Palace,2015-12-12,0.880697731728931,1,0.05859624626759248,0.34261488630415415,0.6048577560281058,-0.38515532804194597,0.004190594851907572,0.0,1.5058018871387453
153,Southampton,2015-12-12,0.880697731728931,0,0.06711933663378775,0.0,0.6405501272484565,-0.36369392110253734,0.004190594851907572,0.05238281082503731,1.2812466801855826
154,Bournemouth,2015-12-12,0.880697731728931,2,0.06711933663378775,0.34261488630415415,0.2853625060982003,-0.4702644584842248,0.0037249732016956193,0.0,1.109254975482544
154,Man United,2015-12-12,0.880697731728931,1,0.06711933663378775,0.0,0.782094746693186,-0.17158514996983631,0.0037249732016956193,0.05238281082503731,1.6144344491128013
155,Man City,2015-12-12,0.880697731728931,2,0.06711933663378775,0.34261488630415415,0.6595251613013288,-0.12847040988383956,0.004190594851907572,0.0,1.8256773009362697
155,Swansea,2015-12-12,0.880697731728931,1,0.06711933663378775,0.0,0.21365857202887423,-0.3965647949272852,0.004190594851907572,0.05238281082503731,0.8214842511412525
156,Aston Villa,2015-12-13,0.880697731728931,0,0.07031549552111097,0.34261488630415415,0.12312233187069507,-0.4548526280101417,0.0037249732016956193,0.0,0.9656227906164451
156,Arsenal,2015-12-13,0.880697731728931,2,0.07031549552111097,0.0,0.7564633994092392,-0.07403202357425051,0.0037249732016956193,0.05238281082503731,1.6895523871117635
157,Liverpool,2015-12-13,0.880697731728931,2,0.06711933663378775,0.34261488630415415,0.7528225387998055,-0.31625381966449456,0.0037249732016956193,0.0,1.7307256470038792
157,West Brom,2015-12-13,0.880697731728931,2,0.07031549552111097,0.0,0.525960332572215,-0.4526634209477606,0.0037249732016956193,0.05238281082503731,1.080417922901229
158,Tottenham,2015-12-13,0.880697731728931,1,0.07031549552111097,0.34261488630415415,0.8389757329356513,-0.3105194390841306,0.004190594851907572,0.0,1.8262750022576246
158,Newcastle,2015-12-13,0.880697731728931,2,0.06711933663378775,0.0,0.5164235095218449,-0.5044663327538843,0.004190594851907572,0.05238281082503731,1.0163476508076241
159,Leicester,2015-12-14,0.880697731728931,2,0.07301993765653832,0.34261488630415415,1.0840136966176068,-0.2180827845043308,0.0037249732016956193,0.0,2.1659884410045955
159,Chelsea,2015-12-14,0.880697731728931,1,0.07301993765653832,0.0,0.36269251700377186,-0.6518048052167067,0.0037249732016956193,0.05238281082503731,0.7207131651992674
160,Southampton,2015-12-19,0.880697731728931,0,0.06711933663378775,0.34261488630415415,0.4903445154416563,-0.4056243360564263,0.004190594851907572,0.0,1.3793427289040108
160,Tottenham,2015-12-19,0.880697731728931,2,0.06328394596899987,0.0,0.6745920441939677,-0.2948384438072957,0.004190594851907572,0.05238281082503731,1.3803086837615477
161,West Brom,2015-12-19,0.880697731728931,1,0.06328394596899987,0.34261488630415415,0.5180843440122495,-0.2903141345575636,0.004190594851907572,0.0,1.5185573683086782
161,Bournemouth,2015-12-19,0.880697731728931,2,0.06711933663378775,0.0,0.4828201566839562,-0.3115180795117314,0.004190594851907572,0.05238281082503731,1.1756925512118885
162,Newcastle,2015-12-19,0.880697731728931,1,0.06328394596899987,0.34261488630415415,0.6408680213501355,-0.08814640168028662,0.004190594851907572,0.0,1.8435087785238415
162,Aston Villa,2015-12-19,0.880697731728931,1,0.06328394596899987,0.0,0.14659589184406155,-0.3853464740612914,0.004190594851907572,0.05238281082503731,0.7618045011576458
163,Stoke,2015-12-19,0.880697731728931,1,0.06711933663378775,0.34261488630415415,0.8169151798060744,-0.43749891001707547,0.0037249732016956193,0.0,1.6735731976575674
163,Crystal Palace,2015-12-19,0.880697731728931,2,0.06711933663378775,0.0,0.727602507557623,-0.491201579199143,0.0037249732016956193,0.05238281082503731,1.2403257807479315
164,Everton,2015-12-19,0.880697731728931,2,0.06711933663378775,0.34261488630415415,0.6424951201399538,-0.6582499369139022,0.004190594851907572,0.0,1.2788677327448323
164,Leicester,2015-12-19,0.880697731728931,3,0.05859624626759248,0.0,1.0947325667154446,-0.3863248296052066,0.004190594851907572,0.05238281082503731,1.7042751207837061
165,Man United,2015-12-19,0.880697731728931,1,0.06711933663378775,0.34261488630415415,0.7311862769814491,-0.22262659844991448,0.0037249732016956193,0.0,1.802716606400103
165,Norwich,2015-12-19,0.880697731728931,2,0.06711933663378775,0.0,0.3702493139351127,-0.43965378881475786,0.0037249732016956193,0.05238281082503731,0.9345203775098064
166,Chelsea,2015-12-19,0.880697731728931,3,0.05859624626759248,0.34261488630415415,0.35141571031931396,-0.31855693415064895,0.004190594851907572,0.0,1.3189582353212503
166,Sunderland,2015-12-19,0.880697731728931,1,0.06711933663378775,0.0,0.5297906321157104,-0.2113021720384881,0.004190594851907572,0.05238281082503731,1.322878934116886
167,Swansea,2015-12-20,0.880697731728931,0,0.07031549552111097,0.34261488630415415,0.14934664896879413,-0.22268823328880546,0.004190594851907572,0.0,1.2244771240860923
167,West Ham,2015-12-20,0.880697731728931,0,0.07031549552111097,0.0,0.3703518185638173,-0.08980039988850046,0.004190594851907572,0.05238281082503731,1.2881380516023038
168,Watford,2015-12-20,0.880697731728931,3,0.07031549552111097,0.34261488630415415,0.7386678173499434,-0.4052880750999451,0.004190594851907572,0.0,1.6311984506561021
168,Liverpool,2015-12-20,0.880697731728931,0,0.06711933663378775,0.0,0.6740328100804018,-0.44415235186596586,0.004190594851907572,0.05238281082503731,1.2342709322540997
169,Arsenal,2015-12-21,0.880697731728931,2,0.07031549552111097,0.34261488630415415,0.7183706033394757,-0.37723876208970736,0.0037249732016956193,0.0,1.63848492800566
169,Man City,2015-12-21,0.880697731728931,1,0.07301993765653832,0.0,0.6273841213311634,-0.4319478735777163,0.0037249732016956193,0.06520223288348526,1.2180811232240973
170,Tottenham,2015-12-26,0.880697731728931,3,0.06711933663378775,0.34261488630415415,0.6774349257318399,-0.23913927395786064,0.004656216502119524,0.0,1.7333838229429719
170,Norwich,2015-12-26,0.880697731728931,0,0.06711933663378775,0.0,0.39771147173934135,-0.40733372760085856,0.004656216502119524,0.05238281082503731,0.9952338398283582
171,Swansea,2015-12-26,0.880697731728931,1,0.06328394596899987,0.34261488630415415,0.15970805039311106,-0.30915020943534977,0.004656216502119524,0.0,1.1418106214619657
171,West Brom,2015-12-26,0.880697731728931,0,0.06711933663378775,0.0,0.5141463497322668,-0.0960305898374116,0.004656216502119524,0.05238281082503731,1.4229718555847308
172,Stoke,2015-12-26,0.880697731728931,2,0.06711933663378775,0.34261488630415415,0.7060791305835362,-0.3476528691402823,0.004190594851907572,0.0,1.6530488109620347
172,Man United,2015-12-26,0.880697731728931,0,0.06711933663378775,0.0,0.5781799532625096,-0.4245571542256363,0.004190594851907572,0.05238281082503731,1.158013273076537
173,Southampton,2015-12-26,0.880697731728931,4,0.06711933663378775,0.34261488630415415,0.28768962067518516,-0.47162588625466495,0.004656216502119524,0.0,1.1111519055895127
173,Arsenal,2015-12-26,0.880697731728931,0,0.05859624626759248,0.0,0.7843589312133079,-0.17298441685022853,0.004656216502119524,0.05238281082503731,1.6077075196867596
174,Newcastle,2015-12-26,0.880697731728931,0,0.06711933663378775,0.34261488630415415,0.6180555513555668,-0.3465535844820874,0.004656216502119524,0.0,1.5665901380424718
174,Everton,2015-12-26,0.880697731728931,1,0.06711933663378775,0.0,0.5763517377961189,-0.3716296016567105,0.004656216502119524,0.05238281082503731,1.209578231829284
175,Liverpool,2015-12-26,0.880697731728931,1,0.06328394596899987,0.34261488630415415,0.6346379457207,-0.6614725027624999,0.004190594851907572,0.0,1.2639526018121927
175,Leicester,2015-12-26,0.880697731728931,0,0.06711933663378775,0.0,1.1000920017643634,-0.3816004021760373,0.004190594851907572,0.05238281082503731,1.7228820736279897
176,Chelsea,2015-12-26,0.880697731728931,2,0.06711933663378775,0.34261488630415415,0.47332939584015604,-0.5288585152919512,0.004656216502119524,0.0,1.2395590517171975
176,Watford,2015-12-26,0.880697731728931,2,0.06328394596899987,0.0,0.8795422641272558,-0.28460745064530885,0.004656216502119524,0.05238281082503731,1.5959555185070344
177,Bournemouth,2015-12-26,0.880697731728931,0,0.06711933663378775,0.34261488630415415,0.7091010708399051,-0.47440140447434453,0.004190594851907572,0.0,1.5293222158843411
177,Crystal Palace,2015-12-26,0.880697731728931,0,0.06711933663378775,0.0,0.7889748833223815,-0.4263742116911693,0.004190594851907572,0.05238281082503731,1.3669911456708759
178,Aston Villa,2015-12-26,0.880697731728931,1,0.06711933663378775,0.34261488630415415,0.1583326718307448,-0.21360489643072544,0.004190594851907572,0.0,1.2393503249187998
178,West Ham,2015-12-26,0.880697731728931,1,0.06328394596899987,0.0,0.3552453610993367,-0.09520359073330467,0.004190594851907572,0.05238281082503731,1.2605968537409078
179,Man City,2015-12-26,0.880697731728931,4,0.05859624626759248,0.34261488630415415,0.5687962383917238,-0.3126696367548086,0.004656216502119524,0.0,1.5426916824397126
179,Sunderland,2015-12-26,0.880697731728931,1,0.06711933663378775,0.0,0.5199994937839972,-0.3420105507243378,0.004656216502119524,0.05238281082503731,1.1828450387495348
180,West Brom,2015-12-28,0.880697731728931,1,0.03515774776055548,0.34261488630415415,0.3846252637292044,-0.36477116545442,0.004656216502119524,0.0,1.2829806805705446
180,Newcastle,2015-12-28,0.880697731728931,0,0.03515774776055548,0.0,0.6066493163582825,-0.23127068955741692,0.004656216502119524,0.05238281082503731,1.3482731336175087
181,West Ham,2015-12-28,0.880697731728931,2,0.03515774776055548,0.34261488630415415,0.3902094953214534,-0.188752988211437,0.004190594851907572,0.0,1.4641174677555648
181,Southampton,2015-12-28,0.880697731728931,1,0.03515774776055548,0.0,0.3139142621550206,-0.23462842294826614,0.004190594851907572,0.05238281082503731,1.0517147243731857
182,Watford,2015-12-28,0.880697731728931,1,0.03515774776055548,0.34261488630415415,0.9924968504702689,-0.40818842337307476,0.004656216502119524,0.0,1.8474350093929544
182,Tottenham,2015-12-28,0.880697731728931,2,0.03515774776055548,0.0,0.678856366500776,-0.5967767919515244,0.004656216502119524,0.05238281082503731,1.0549740813658948
183,Norwich,2015-12-28,0.880697731728931,2,0.03515774776055548,0.34261488630415415,0.4114425506414557,-0.12429738020639439,0.004190594851907572,0.0,1.5498061310806095
183,Aston Villa,2015-12-28,0.880697731728931,0,0.03515774776055548,0.0,0.2067184247784434,-0.24739561171183372,0.004190594851907572,0.05238281082503731,0.931751698233041
184,Everton,2015-12-28,0.880697731728931,3,0.03515774776055548,0.34261488630415415,0.5432800466242015,-0.3912349417388829,0.004656216502119524,0.0,1.4151716871810789
184,Stoke,2015-12-28,0.880697731728931,4,0.03515774776055548,0.0,0.6506611059722671,-0.32666796192052777,0.004656216502119524,0.05238281082503731,1.2968876508683826
185,Crystal Palace,2015-12-28,0.880697731728931,0,0.03515774776055548,0.34261488630415415,0.8621784341591179,-0.15027607470502852,0.004656216502119524,0.0,1.9750289417498494
185,Swansea,2015-12-28,0.880697731728931,0,0.03515774776055548,0.0,0.24992347701398357,-0.5184178466495598,0.004656216502119524,0.05238281082503731,0.704400137181067
186,Arsenal,2015-12-28,0.880697731728931,2,0.03515774776055548,0.34261488630415415,0.817353095150224,-0.49440425025797213,0.004190594851907572,0.0,1.5856098055378
186,Bournemouth,2015-12-28,0.880697731728931,0,0.03515774776055548,0.0,0.8222415279178796,-0.4914648925931393,0.004190594851907572,0.05238281082503731,1.3032055204911717
187,Man United,2015-12-28,0.880697731728931,0,0.03515774776055548,0.34261488630415415,0.3741247025399688,-0.2701297000555578,0.004190594851907572,0.0,1.3666559631299593
187,Chelsea,2015-12-28,0.880697731728931,0,0.03515774776055548,0.0,0.44925151269186303,-0.22495682446330253,0.004190594851907572,0.06574797243471761,1.2100887350046723
188,Leicester,2015-12-29,0.880697731728931,0,0.04520281854928562,0.34261488630415415,0.9752196304257518,-0.40109202988139503,0.004190594851907572,0.0,1.8468336319786354
188,Man City,2015-12-29,0.880697731728931,0,0.04520281854928562,0.0,0.6670543857850749,-0.5863882008470568,0.004190594851907572,0.05238281082503731,1.0631401408931798
189,Sunderland,2015-12-30,0.880697731728931,0,0.05273662164083323,0.34261488630415415,0.38755183575506963,-0.36975656571408344,0.004190594851907572,0.0,1.2980351045668121
189,Liverpool,2015-12-30,0.880697731728931,1,0.05273662164083323,0.0,0.614940513540849,-0.23303040321714633,0.004190594851907572,0.05238281082503731,1.3719178693704117
190,Sunderland,2016-01-02,0.880697731728931,3,0.04520281854928562,0.34261488630415415,0.19377591787753481,-0.13884427494293924,0.004656216502119524,0.0,1.328103296019086
190,Aston Villa,2016-01-02,0.880697731728931,1,0.05859624626759248,0.0,0.23091130125229273,-0.11651520160857316,0.004656216502119524,0.05238281082503731,1.1107291049674
191,West Ham,2016-01-02,0.880697731728931,2,0.05859624626759248,0.34261488630415415,0.4927262883412257,-0.36383464748310645,0.004656216502119524,0.0,1.4154567216609166
191,Liverpool,2016-01-02,0.880697731728931,0,0.04520281854928562,0.0,0.6050917974509236,-0.29627057610019786,0.004656216502119524,0.05238281082503731,1.291760798956099
192,West Brom,2016-01-02,0.880697731728931,2,0.05859624626759248,0.34261488630415415,0.4048994466363872,-0.45126942033524825,0.0051218381523314765,0.0,1.2406607287541482
192,Stoke,2016-01-02,0.880697731728931,1,0.05859624626759248,0.0,0.7505041825297036,-0.24346131951161187,0.0051218381523314765,0.05238281082503731,1.503841489991984
193,Watford,2016-01-02,0.880697731728931,1,0.05859624626759248,0.34261488630415415,0.9214220547787045,-0.3795023795667623,0.0051218381523314765,0.0,1.8289503776649514
193,Man City,2016-01-02,0.880697731728931,2,0.05273662164083323,0.0,0.6311487335730365,-0.554040345441569,0.0051218381523314765,0.05238281082503731,1.0680473904786005
194,Norwich,2016-01-02,0.880697731728931,1,0.05859624626759248,0.34261488630415415,0.5033428160012269,-0.19663727389204122,0.004656216502119524,0.0,1.593270622911983
194,Southampton,2016-01-02,0.880697731728931,0,0.05859624626759248,0.0,0.3270265828949383,-0.3026541704819816,0.004656216502119524,0.05238281082503731,1.020705417736637
195,Man United,2016-01-02,0.880697731728931,2,0.05859624626759248,0.34261488630415415,0.2720970771786984,-0.20296401208541767,0.004656216502119524,0.0,1.355698145896078
195,Swansea,2016-01-02,0.880697731728931,1,0.05859624626759248,0.0,0.3375485532787768,-0.16360880212481263,0.004656216502119524,0.05238281082503731,1.1702727564776445
196,Leicester,2016-01-02,0.880697731728931,0,0.05273662164083323,0.34261488630415415,0.9127834447564459,-0.5028540745947929,0.004656216502119524,0.0,1.6906348263376911
196,Bournemouth,2016-01-02,0.880697731728931,0,0.05859624626759248,0.0,0.8362943935025099,-0.5488460498893352,0.004656216502119524,0.05238281082503731,1.283781348936855
197,Arsenal,2016-01-02,0.880697731728931,1,0.05859624626759248,0.34261488630415415,0.9188849030273961,-0.3613419473532748,0.004656216502119524,0.0,1.8441080364769187
197,Newcastle,2016-01-02,0.880697731728931,0,0.05859624626759248,0.0,0.6009461988596403,-0.5525147856555378,0.004656216502119524,0.05238281082503731,1.044764418527783
198,Crystal Palace,2016-01-03,0.880697731728931,0,0.06328394596899987,0.34261488630415415,0.813745483668772,-0.2628908247606823,0.0051218381523314765,0.0,1.8425730610625062
198,Chelsea,2016-01-03,0.880697731728931,3,0.06328394596899987,0.0,0.43721257111771655,-0.489295677844006,0.0051218381523314765,0.05238281082503731,0.9494032199490101
199,Everton,2016-01-03,0.880697731728931,1,0.06328394596899987,0.34261488630415415,0.4842268380838858,-0.4597461611523442,0.0051218381523314765,0.0,1.3161990790859581
199,Tottenham,2016-01-03,0.880697731728931,1,0.06328394596899987,0.0,0.7646018127939581,-0.29115995569316727,0.0051218381523314765,0.05238281082503731,1.4749281837760904
200,Aston Villa,2016-01-12,0.880697731728931,1,0.07533803091547604,0.34261488630415415,0.20049037653486038,-0.4491693984946485,0.004656216502119524,0.0,1.0546278434908927
200,Crystal Palace,2016-01-12,0.880697731728931,0,0.07301993765653832,0.0,0.747011645469242,-0.12055252736463098,0.004656216502119524,0.05238281082503731,1.637215814817237
201,Bournemouth,2016-01-12,0.880697731728931,1,0.07533803091547604,0.34261488630415415,0.758286100386111,-0.37822204256932507,0.004656216502119524,0.0,1.6833709232674665
201,West Ham,2016-01-12,0.880697731728931,3,0.07533803091547604,0.0,0.6290194107598259,-0.4559485968700419,0.004656216502119524,0.05238281082503731,1.1861456038613478
202,Newcastle,2016-01-12,0.880697731728931,3,0.07533803091547604,0.34261488630415415,0.47054255124724814,-0.18406518084872903,0.0051218381523314765,0.0,1.5902498574994117
202,Man United,2016-01-12,0.880697731728931,3,0.07533803091547604,0.0,0.30611799040677723,-0.2829317534629601,0.0051218381523314765,0.05238281082503731,1.0367266485655928
203,Swansea,2016-01-13,0.880697731728931,2,0.07734704507322207,0.34261488630415415,0.3813610914111734,-0.1349531856440286,0.0051218381523314765,0.0,1.5521894070257833
203,Sunderland,2016-01-13,0.880697731728931,4,0.07734704507322207,0.0,0.22444004780183843,-0.22930798077561224,0.0051218381523314765,0.05238281082503731,1.010681492805748
204,Tottenham,2016-01-13,0.880697731728931,0,0.07533803091547604,0.34261488630415415,0.8074745359405491,-0.47894458451731303,0.0051218381523314765,0.0,1.6323024385241287
204,Leicester,2016-01-13,0.880697731728931,1,0.07734704507322207,0.0,0.796530626013079,-0.4855250300419789,0.0051218381523314765,0.05238281082503731,1.326555021750622
205,Stoke,2016-01-13,0.880697731728931,3,0.07734704507322207,0.34261488630415415,0.6728736319453509,-0.40697903470679764,0.004656216502119524,0.0,1.57121047684698
205,Norwich,2016-01-13,0.880697731728931,1,0.07734704507322207,0.0,0.6768450375441835,-0.4045910747936889,0.004656216502119524,0.05238281082503731,1.2873377668798043
206,Chelsea,2016-01-13,0.880697731728931,2,0.07533803091547604,0.34261488630415415,0.5587451891937143,-0.3006870243818707,0.0051218381523314765,0.0,1.5618306519127363
206,West Brom,2016-01-13,0.880697731728931,2,0.07734704507322207,0.0,0.5000712639986926,-0.3359669719529866,0.0051218381523314765,0.05238281082503731,1.179653717825228
207,Man City,2016-01-13,0.880697731728931,0,0.07734704507322207,0.34261488630415415,0.7407479963300884,-0.2734059525794871,0.0051218381523314765,0.0,1.77312354500924
207,Everton,2016-01-13,0.880697731728931,0,0.07533803091547604,0.0,0.4547002338137279,-0.44540313924918795,0.0051218381523314765,0.05238281082503731,1.0228375061863157
208,Liverpool,2016-01-13,0.880697731728931,3,0.07734704507322207,0.34261488630415415,0.6001674394059608,-0.5830397321867371,0.004656216502119524,0.0,1.3224435868276505
208,Arsenal,2016-01-13,0.880697731728931,3,0.07734704507322207,0.0,0.9696508069659822,-0.360873688367618,0.004656216502119524,0.06491886811649923,1.6363969800191358
209,Southampton,2016-01-13,0.880697731728931,2,0.07734704507322207,0.34261488630415415,0.2910653803105402,-0.4559765373468493,0.0051218381523314765,0.0,1.1408703442223294
209,Watford,2016-01-13,0.880697731728931,0,0.07734704507322207,0.0,0.7583325680698513,-0.17501422178576265,0.0051218381523314765,0.05238281082503731,1.5988677720636104
210,Aston Villa,2016-01-16,0.880697731728931,1,0.05273662164083323,0.34261488630415415,0.3128320030392152,-0.44399385183130197,0.0051218381523314765,0.0,1.1500092290341632
210,Leicester,2016-01-16,0.880697731728931,1,0.04520281854928562,0.0,0.7384042166413955,-0.1881022384152189,0.0051218381523314765,0.05238281082503731,1.533707177481762
211,Bournemouth,2016-01-16,0.880697731728931,3,0.05273662164083323,0.34261488630415415,0.5917298649648405,-0.43357627187262493,0.0051218381523314765,0.0,1.4393246709184657
211,Norwich,2016-01-16,0.880697731728931,0,0.04520281854928562,0.0,0.7210787853613048,-0.35580027316792434,0.0051218381523314765,0.05238281082503731,1.3486837114489658
212,Chelsea,2016-01-16,0.880697731728931,3,0.04520281854928562,0.34261488630415415,0.6620288611860702,-0.26452895102264695,0.005587459802543429,0.0,1.6716028065483373
212,Everton,2016-01-16,0.880697731728931,3,0.04520281854928562,0.0,0.439936931678649,-0.39807024049571943,0.005587459802543429,0.05238281082503731,1.0257375120887267
213,Man City,2016-01-16,0.880697731728931,4,0.04520281854928562,0.34261488630415415,0.7105129017999002,-0.35241067398022763,0.005587459802543429,0.0,1.632205124204587
213,Crystal Palace,2016-01-16,0.880697731728931,0,0.05273662164083323,0.0,0.5860926375064061,-0.4272231291972394,0.005587459802543429,0.05238281082503731,1.1502741323065115
214,Newcastle,2016-01-16,0.880697731728931,2,0.05273662164083323,0.34261488630415415,0.32030600153233807,-0.47032816569705,0.005587459802543429,0.0,1.13161453531175
214,West Ham,2016-01-16,0.880697731728931,1,0.05273662164083323,0.0,0.7822006978778401,-0.1925962666246414,0.005587459802543429,0.05238281082503731,1.5810090552505434
215,Southampton,2016-01-16,0.880697731728931,3,0.04520281854928562,0.34261488630415415,0.4006368678814121,-0.3292998768170001,0.005587459802543429,0.0,1.345439887449326
215,West Brom,2016-01-16,0.880697731728931,0,0.04520281854928562,0.0,0.5476571726798454,-0.24089828057236543,0.005587459802543429,0.05238281082503731,1.2906297130132771
216,Tottenham,2016-01-16,0.880697731728931,4,0.04520281854928562,0.34261488630415415,0.8289108975138446,-0.2208677625014984,0.005587459802543429,0.0,1.8821460313972602
216,Sunderland,2016-01-16,0.880697731728931,1,0.04520281854928562,0.0,0.36732420162706125,-0.49841446448679627,0.005587459802543429,0.05238281082503731,0.8527805580460623
217,Liverpool,2016-01-17,0.880697731728931,0,0.05273662164083323,0.34261488630415415,0.5977052603834795,-0.21985856515726793,0.0051218381523314765,0.0,1.6590177730524616
217,Man United,2016-01-17,0.880697731728931,1,0.05859624626759248,0.0,0.36564580997517365,-0.3593932088098738,0.0051218381523314765,0.03097908167072099,0.9816474989848757
218,Stoke,2016-01-17,0.880697731728931,0,0.05273662164083323,0.34261488630415415,0.7190930825618885,-0.5471718155591754,0.0051218381523314765,0.0,1.453092344828963
218,Arsenal,2016-01-17,0.880697731728931,0,0.05273662164083323,0.0,0.9099990330265612,-0.4323822919160706,0.0051218381523314765,0.05238281082503731,1.4685557434576235
219,Swansea,2016-01-18,0.880697731728931,1,0.05859624626759248,0.34261488630415415,0.4032673604773718,-0.33024904845974734,0.005587459802543429,0.0,1.3605146361208456
219,Watford,2016-01-18,0.880697731728931,0,0.05859624626759248,0.0,0.5492357358523536,-0.24247996512070952,0.005587459802543429,0.05238281082503731,1.3040200193557483
220,West Ham,2016-01-23,0.880697731728931,2,0.06711933663378775,0.34261488630415415,0.8162739784824901,-0.49482870901100723,0.0051218381523314765,0.0,1.6169990622906871
220,Man City,2016-01-23,0.880697731728931,2,0.06711933663378775,0.0,0.8229474433978772,-0.4908160323143318,0.0051218381523314765,0.05238281082503731,1.3374531284236328
221,West Brom,2016-01-23,0.880697731728931,0,0.06711933663378775,0.34261488630415415,0.5714501270204217,-0.22187709394051286,0.005587459802543429,0.0,1.6455924475493253
221,Aston Villa,2016-01-23,0.880697731728931,0,0.06711933663378775,0.0,0.36900281629139264,-0.34360630303456485,0.005587459802543429,0.05238281082503731,1.0311838522471273
222,Watford,2016-01-23,0.880697731728931,2,0.05859624626759248,0.34261488630415415,0.31713523088053386,-0.19855891309864343,0.005587459802543429,0.0,1.4060726418851115
222,Newcastle,2016-01-23,0.880697731728931,1,0.06711933663378775,0.0,0.33022245258359706,-0.19068971917645436,0.005587459802543429,0.05238281082503731,1.1453200723974422
223,Sunderland,2016-01-23,0.880697731728931,1,0.06711933663378775,0.34261488630415415,0.43876627853967265,-0.30572611131686556,0.0051218381523314765,0.0,1.4285939600420114
223,Bournemouth,2016-01-23,0.880697731728931,1,0.06711933663378775,0.0,0.5084517472542053,-0.2638250509302333,0.0051218381523314765,0.05238281082503731,1.2499484136640593
224,Man United,2016-01-23,0.880697731728931,0,0.06328394596899987,0.34261488630415415,0.5229618086224429,-0.35053589480540887,0.0051218381523314765,0.0,1.4641443159714502
224,Southampton,2016-01-23,0.880697731728931,1,0.06711933663378775,0.0,0.5829747005299191,-0.3144508421512794,0.0051218381523314765,0.05238281082503731,1.2738455757187273
225,Leicester,2016-01-23,0.880697731728931,3,0.06711933663378775,0.34261488630415415,0.6243062860468398,-0.4718430954238421,0.0051218381523314765,0.0,1.448016983442202
225,Stoke,2016-01-23,0.880697731728931,0,0.06328394596899987,0.0,0.7847201708245143,-0.3753880955951351,0.0051218381523314765,0.05238281082503731,1.410818401904679
226,Crystal Palace,2016-01-23,0.880697731728931,1,0.06711933663378775,0.34261488630415415,0.37808104466191705,-0.504859181709205,0.005587459802543429,0.0,1.1692412774221286
226,Tottenham,2016-01-23,0.880697731728931,3,0.06711933663378775,0.0,0.8396290783004924,-0.2273357268832752,0.005587459802543429,0.05238281082503731,1.6180806904075165
227,Norwich,2016-01-23,0.880697731728931,4,0.06711933663378775,0.34261488630415415,0.6156435704067944,-0.35865296903100163,0.0051218381523314765,0.0,1.5525443941949972
227,Liverpool,2016-01-23,0.880697731728931,5,0.06328394596899987,0.0,0.5964741708722388,-0.37017930561579654,0.0051218381523314765,0.05238281082503731,1.2277811919317418
228,Arsenal,2016-01-24,0.880697731728931,0,0.06711933663378775,0.34261488630415415,0.7951384201481366,-0.3779914848739245,0.0051218381523314765,0.0,1.7127007280934168
228,Chelsea,2016-01-24,0.880697731728931,1,0.07031549552111097,0.0,0.6286359712735341,-0.47810746735223314,0.0051218381523314765,0.009354073361613804,1.1160176426852881
229,Everton,2016-01-24,0.880697731728931,1,0.07031549552111097,0.34261488630415415,0.4750726435654665,-0.3001963471864195,0.005587459802543429,0.0,1.4740918697357863
229,Swansea,2016-01-24,0.880697731728931,2,0.06328394596899987,0.0,0.4992552209191849,-0.28565564519080755,0.005587459802543429,0.05238281082503731,1.215551524053889
230,West Ham,2016-02-02,0.880697731728931,2,0.07533803091547604,0.34261488630415415,0.833310618784815,-0.23876452170315984,0.005587459802543429,0.0,1.89878420583276
230,Aston Villa,2016-02-02,0.880697731728931,0,0.07533803091547604,0.0,0.39708822291748136,-0.5010599656229727,0.005587459802543429,0.05238281082503731,0.9100342905664963
231,West Brom,2016-02-02,0.880697731728931,1,0.07533803091547604,0.34261488630415415,0.6258639671450669,-0.32905453821927455,0.006053081452755381,0.0,1.6015131593271086
231,Swansea,2016-02-02,0.880697731728931,1,0.07301993765653832,0.0,0.5472491511400915,-0.3763247110899279,0.006053081452755381,0.05238281082503731,1.1830780017134255
232,Sunderland,2016-02-02,0.880697731728931,0,0.07533803091547604,0.34261488630415415,0.5170046799503354,-0.47750110902472975,0.005587459802543429,0.0,1.34374167967671
232,Man City,2016-02-02,0.880697731728931,1,0.07533803091547604,0.0,0.7941299882881516,-0.3108688900911814,0.005587459802543429,0.05238281082503731,1.497267131468958
233,Norwich,2016-02-02,0.880697731728931,0,0.07533803091547604,0.34261488630415415,0.5629259629295392,-0.5080815403204093,0.005587459802543429,0.0,1.3590825313602346
233,Tottenham,2016-02-02,0.880697731728931,3,0.07533803091547604,0.0,0.8449881686938162,-0.33848082248738237,0.005587459802543429,0.05238281082503731,1.5205133794784216
234,Man United,2016-02-02,0.880697731728931,3,0.07533803091547604,0.34261488630415415,0.6016198079460775,-0.4148779123379858,0.005587459802543429,0.0,1.4909800043591963
234,Stoke,2016-02-02,0.880697731728931,0,0.07533803091547604,0.0,0.6899816260927562,-0.36174698064828514,0.005587459802543429,0.05238281082503731,1.3422406787164587
235,Crystal Palace,2016-02-02,0.880697731728931,1,0.07533803091547604,0.34261488630415415,0.2315578852853155,-0.2806890303913362,0.006053081452755381,0.0,1.2555725852952957
235,Bournemouth,2016-02-02,0.880697731728931,2,0.07533803091547604,0.0,0.4668126883988877,-0.13923305838821828,0.006053081452755381,0.05238281082503731,1.3420512849328692
236,Arsenal,2016-02-02,0.880697731728931,0,0.07301993765653832,0.34261488630415415,0.7377081137089243,-0.40535470192193057,0.005587459802543429,0.0,1.6342734272791606
236,Southampton,2016-02-02,0.880697731728931,0,0.07533803091547604,0.0,0.6741436168541726,-0.443575293248762,0.005587459802543429,0.05238281082503731,1.2445743568773984
237,Leicester,2016-02-02,0.880697731728931,2,0.07533803091547604,0.34261488630415415,0.6948094096126329,-0.3582828491415656,0.005587459802543429,0.0,1.6407646692221718
237,Liverpool,2016-02-02,0.880697731728931,0,0.07533803091547604,0.0,0.5958586261166184,-0.41778080231679365,0.005587459802543429,0.05238281082503731,1.1920838570718124
238,Everton,2016-02-03,0.880697731728931,3,0.07533803091547604,0.34261488630415415,0.3650884106458043,-0.20154023633564444,0.006053081452755381,0.0,1.4682519047114764
238,Newcastle,2016-02-03,0.880697731728931,0,0.07734704507322207,0.0,0.3351806781092266,-0.2195234074351458,0.006053081452755381,0.05238281082503731,1.1321379397540265
239,Watford,2016-02-03,0.880697731728931,0,0.07734704507322207,0.34261488630415415,0.28611970430333794,-0.4190824969561884,0.006053081452755381,0.0,1.173749951906212
239,Chelsea,2016-02-03,0.880697731728931,0,0.07533803091547604,0.0,0.6969742522259801,-0.17204044442796923,0.006053081452755381,0.05238281082503731,1.5394054627202105
240,Stoke,2016-02-06,0.880697731728931,0,0.05273662164083323,0.34261488630415415,0.5150602648638061,-0.263152873397057,0.005587459802543429,0.0,1.533544090943211
240,Everton,2016-02-06,0.880697731728931,3,0.04520281854928562,0.0,0.4376483830490442,-0.30969973595531564,0.005587459802543429,0.05238281082503731,1.1118194679995257
241,Swansea,2016-02-06,0.880697731728931,1,0.05273662164083323,0.34261488630415415,0.5712461162505448,-0.06961652919410914,0.006053081452755381,0.0,1.7837319081831093
241,Crystal Palace,2016-02-06,0.880697731728931,1,0.05273662164083323,0.0,0.11577894264265776,-0.343483633735702,0.006053081452755381,0.05238281082503731,0.7641655545545127
242,Southampton,2016-02-06,0.880697731728931,1,0.05273662164083323,0.34261488630415415,0.7622454379706564,-0.5061819322772931,0.006053081452755381,0.0,1.5381658268200369
242,West Ham,2016-02-06,0.880697731728931,0,0.05273662164083323,0.0,0.8418289389359777,-0.4583293004267721,0.006053081452755381,0.05238281082503731,1.3753698841567623
243,Tottenham,2016-02-06,0.880697731728931,1,0.05273662164083323,0.34261488630415415,0.8476677138904782,-0.18828100200030734,0.006053081452755381,0.0,1.9414890330168446
243,Watford,2016-02-06,0.880697731728931,0,0.04520281854928562,0.0,0.313129303969097,-0.5096927196260115,0.006053081452755381,0.05238281082503731,0.7877730268990949
244,Man City,2016-02-06,0.880697731728931,1,0.05273662164083323,0.34261488630415415,0.8647559866420029,-0.49010754557078434,0.006053081452755381,0.0,1.6567507621978923
244,Leicester,2016-02-06,0.880697731728931,3,0.05273662164083323,0.0,0.8150956973042436,-0.5199676989247524,0.006053081452755381,0.05238281082503731,1.286998244027048
245,Liverpool,2016-02-06,0.880697731728931,2,0.05273662164083323,0.34261488630415415,0.4679987648757372,-0.33439080967165546,0.005587459802543429,0.0,1.4152446546805435
245,Sunderland,2016-02-06,0.880697731728931,2,0.05273662164083323,0.0,0.5561238806556668,-0.2814022043571055,0.005587459802543429,0.05238281082503731,1.266126300295906
246,Aston Villa,2016-02-06,0.880697731728931,2,0.05273662164083323,0.34261488630415415,0.4111309262305257,-0.24593599608343322,0.005587459802543429,0.0,1.4468316296235542
246,Norwich,2016-02-06,0.880697731728931,0,0.05273662164083323,0.0,0.4090150703278406,-0.24720823558448332,0.005587459802543429,0.05238281082503731,1.153211458740702
247,Newcastle,2016-02-06,0.880697731728931,1,0.04520281854928562,0.34261488630415415,0.3376597908720413,-0.34155352522444804,0.006053081452755381,0.0,1.2706747836827192
247,West Brom,2016-02-06,0.880697731728931,0,0.05273662164083323,0.0,0.5680361612986755,-0.20303089795414495,0.006053081452755381,0.05238281082503731,1.3568755089920874
248,Bournemouth,2016-02-07,0.880697731728931,0,0.05859624626759248,0.34261488630415415,0.5735452478342999,-0.37517881630386507,0.005587459802543429,0.0,1.485862755633656
248,Arsenal,2016-02-07,0.880697731728931,2,0.05859624626759248,0.0,0.6239582345806042,-0.34486607476831355,0.005587459802543429,0.05238281082503731,1.276356408436395
249,Chelsea,2016-02-07,0.880697731728931,1,0.05273662164083323,0.34261488630415415,0.7311433927022031,-0.4365254397899494,0.006053081452755381,0.0,1.5767202740389274
249,Man United,2016-02-07,0.880697731728931,1,0.05859624626759248,0.0,0.7259835335166088,-0.4396280029973203,0.006053081452755381,0.06574797243471761,1.297450562403285
250,Swansea,2016-02-13,0.880697731728931,0,0.06711933663378775,0.34261488630415415,0.6257619617601284,-0.5615121845189349,0.006518703102967334,0.0,1.3612004350110338
250,Southampton,2016-02-13,0.880697731728931,1,0.06711933663378775,0.0,0.9338484373919692,-0.37626337644049646,0.006518703102967334,0.05238281082503731,1.5643036432421962
251,Sunderland,2016-02-13,0.880697731728931,2,0.06711933663378775,0.34261488630415415,0.4906487550996184,-0.42278427946762015,0.006053081452755381,0.0,1.3643495117516264
251,Man United,2016-02-13,0.880697731728931,1,0.06328394596899987,0.0,0.7031306703931605,-0.29502137956873115,0.006053081452755381,0.05238281082503731,1.4105268608001529
252,Norwich,2016-02-13,0.880697731728931,2,0.06711933663378775,0.34261488630415415,0.2045075351639203,-0.43204733076471136,0.006053081452755381,0.0,1.068945240518837
252,West Ham,2016-02-13,0.880697731728931,2,0.06711933663378775,0.0,0.7185360101484879,-0.12296799804171661,0.006053081452755381,0.05238281082503731,1.6018209727472825
253,Crystal Palace,2016-02-13,0.880697731728931,1,0.06711933663378775,0.34261488630415415,0.10040683427568589,-0.1964012807864764,0.006518703102967334,0.0,1.20095621125905
253,Watford,2016-02-13,0.880697731728931,2,0.06711933663378775,0.0,0.32663410380197655,-0.06037345954363525,0.006518703102967334,0.05238281082503731,1.272979226549065
254,Chelsea,2016-02-13,0.880697731728931,5,0.06328394596899987,0.34261488630415415,0.6631932370316006,-0.2804718136031372,0.006518703102967334,0.0,1.6758366905335158
254,Newcastle,2016-02-13,0.880697731728931,1,0.06711933663378775,0.0,0.4664514361165197,-0.39877036612472494,0.006518703102967334,0.05238281082503731,1.0743996522825183
255,Bournemouth,2016-02-13,0.880697731728931,1,0.06328394596899987,0.34261488630415415,0.584394164597649,-0.2571106477639805,0.006053081452755381,0.0,1.6199331622885085
255,Stoke,2016-02-13,0.880697731728931,3,0.06711933663378775,0.0,0.4275995842493311,-0.35138940201022156,0.006053081452755381,0.05238281082503731,1.0824631428796208
256,Everton,2016-02-13,0.880697731728931,0,0.06711933663378775,0.34261488630415415,0.5589630951593781,-0.24747234745196606,0.006518703102967334,0.0,1.6084414054772525
256,West Brom,2016-02-13,0.880697731728931,1,0.06711933663378775,0.0,0.41157016951240877,-0.3360979962711739,0.006518703102967334,0.05238281082503731,1.0821907555319583
257,Arsenal,2016-02-14,0.880697731728931,2,0.06711933663378775,0.34261488630415415,0.5670832950164442,-0.5774013070909411,0.006053081452755381,0.0,1.2861670240451315
257,Leicester,2016-02-14,0.880697731728931,1,0.07031549552111097,0.0,0.9602735670587629,-0.3409805778314166,0.006053081452755381,0.05238281082503731,1.6287421087551808
258,Aston Villa,2016-02-14,0.880697731728931,0,0.07031549552111097,0.34261488630415415,0.5457043667501189,-0.26852707691145616,0.006053081452755381,0.0,1.576858484845614
258,Liverpool,2016-02-14,0.880697731728931,6,0.07031549552111097,0.0,0.44658619720965365,-0.3281256773648871,0.006053081452755381,0.05238281082503731,1.127909639372601
259,Man City,2016-02-14,0.880697731728931,1,0.07031549552111097,0.34261488630415415,0.7725168969558575,-0.5616286991719739,0.006518703102967334,0.0,1.511035014441047
259,Tottenham,2016-02-14,0.880697731728931,2,0.07031549552111097,0.0,0.9340422123975232,-0.46450540903502163,0.006518703102967334,0.06520223288348526,1.492270966598996
260,West Ham,2016-02-27,0.880697731728931,1,0.08203474477462948,0.34261488630415415,0.5718548198460289,-0.27533666451726896,0.006053081452755381,0.0,1.6079185995892298
260,Sunderland,2016-02-27,0.880697731728931,0,0.08203474477462948,0.0,0.4579111923215942,-0.3438496401152591,0.006053081452755381,0.05238281082503731,1.1352299209876882
261,Watford,2016-02-27,0.880697731728931,0,0.08203474477462948,0.34261488630415415,0.4609385925814873,-0.35465106563117554,0.006518703102967334,0.0,1.4181535928609936
261,Bournemouth,2016-02-27,0.880697731728931,0,0.08203474477462948,0.0,0.5898186229793235,-0.27715700501930296,0.006518703102967334,0.05238281082503731,1.3342956083915856
262,West Brom,2016-02-27,0.880697731728931,3,0.08203474477462948,0.34261488630415415,0.4183718995279894,-0.05575192471839831,0.006518703102967334,0.0,1.674486040720273
262,Crystal Palace,2016-02-27,0.880697731728931,2,0.08203474477462948,0.0,0.09272078009219994,-0.2515621484588864,0.006518703102967334,0.05238281082503731,0.8627926220648786
263,Southampton,2016-02-27,0.880697731728931,1,0.08203474477462948,0.34261488630415415,1.0196499371026257,-0.4294719375815886,0.006518703102967334,0.0,1.9020440654317192
263,Chelsea,2016-02-27,0.880697731728931,2,0.08203474477462948,0.0,0.7142528851050134,-0.6131036265650163,0.006518703102967334,0.05238281082503731,1.1227832489715623
264,Leicester,2016-02-27,0.880697731728931,1,0.08065600956833317,0.34261488630415415,0.9053104130729515,-0.08704919396743899,0.006053081452755381,0.0,2.128282928159686
264,Norwich,2016-02-27,0.880697731728931,0,0.08203474477462948,0.0,0.14477113053631716,-0.5443526030112773,0.006053081452755381,0.05238281082503731,0.621586896306393
265,Stoke,2016-02-27,0.880697731728931,2,0.08203474477462948,0.34261488630415415,0.38386924394209354,-0.29188881341534695,0.006053081452755381,0.0,1.4033808747872165
265,Aston Villa,2016-02-27,0.880697731728931,1,0.08065600956833317,0.0,0.4854389981468445,-0.23081610366831298,0.006053081452755381,0.05238281082503731,1.2744125280535883
266,Tottenham,2016-02-28,0.880697731728931,2,0.08203474477462948,0.34261488630415415,1.1047815505141168,-0.3926532477928937,0.006518703102967334,0.0,2.023994368631905
266,Swansea,2016-02-28,0.880697731728931,1,0.08326834995921037,0.0,0.6530198845149203,-0.6642922737846971,0.006518703102967334,0.05238281082503731,1.0115952063463691
267,Man United,2016-02-28,0.880697731728931,3,0.08326834995921037,0.34261488630415415,0.6491868758770792,-0.3750118484883538,0.006053081452755381,0.0,1.5868090768337761
267,Arsenal,2016-02-28,0.880697731728931,2,0.08203474477462948,0.0,0.6236805511430781,-0.39034850435987484,0.006053081452755381,0.06520223288348526,1.2673198376230044
268,Aston Villa,2016-03-01,0.880697731728931,1,0.04520281854928562,0.34261488630415415,0.41278895089085027,-0.3470053627616517,0.006518703102967334,0.0,1.3408177278145368
268,Everton,2016-03-01,0.880697731728931,3,0.08538310170420618,0.0,0.5771030882601881,-0.2482051864939962,0.006518703102967334,0.05238281082503731,1.3538802491273336
269,Bournemouth,2016-03-01,0.880697731728931,2,0.04520281854928562,0.34261488630415415,0.5074961262614468,-0.562203762748315,0.006518703102967334,0.0,1.22032650319847
269,Southampton,2016-03-01,0.880697731728931,0,0.04520281854928562,0.0,0.934998598094883,-0.3051515075484912,0.006518703102967334,0.05238281082503731,1.614649154752613
270,Leicester,2016-03-01,0.880697731728931,2,0.04520281854928562,0.34261488630415415,0.9628635619887598,-0.3303026338020887,0.006518703102967334,0.0,1.9075950678720093
270,West Brom,2016-03-01,0.880697731728931,2,0.04520281854928562,0.0,0.5493248533988507,-0.5789586408646068,0.006518703102967334,0.05238281082503731,0.9551682767404651
271,Norwich,2016-03-01,0.880697731728931,1,0.04520281854928562,0.34261488630415415,0.11490292822251559,-0.4959531132031818,0.006518703102967334,0.0,0.8939839547046718
271,Chelsea,2016-03-01,0.880697731728931,2,0.04520281854928562,0.0,0.8248174350504337,-0.06908979193030018,0.006518703102967334,0.05238281082503731,1.7405297073263548
272,Sunderland,2016-03-01,0.880697731728931,2,0.04520281854928562,0.34261488630415415,0.4415424109325821,-0.053441157305779835,0.006518703102967334,0.0,1.6631353933121404
272,Crystal Palace,2016-03-01,0.880697731728931,2,0.04520281854928562,0.0,0.08887775300045699,-0.2654943069915379,0.006518703102967334,0.05238281082503731,0.8081855102151404
273,West Ham,2016-03-02,0.880697731728931,1,0.05273662164083323,0.34261488630415415,0.6260663135578706,-0.7156240610910588,0.006518703102967334,0.0,1.1930101952436976
273,Tottenham,2016-03-02,0.880697731728931,0,0.04520281854928562,0.0,1.1901512195724133,-0.376446379630275,0.006518703102967334,0.05238281082503731,1.7985069041483597
274,Stoke,2016-03-02,0.880697731728931,1,0.05273662164083323,0.34261488630415415,0.4470387996971888,-0.2936270764810527,0.006518703102967334,0.0,1.435979665993022
274,Newcastle,2016-03-02,0.880697731728931,0,0.0862962899577271,0.0,0.4883298957844019,-0.2687992215136406,0.006518703102967334,0.05238281082503731,1.245426209885424
275,Liverpool,2016-03-02,0.880697731728931,3,0.08538310170420618,0.34261488630415415,0.5209146392853259,-0.4112090691435756,0.006053081452755381,0.0,1.4244543713317968
275,Man City,2016-03-02,0.880697731728931,0,0.08538310170420618,0.0,0.6838799891584277,-0.31321990308179287,0.006053081452755381,0.03097908167072099,1.3737730826332482
276,Arsenal,2016-03-02,0.880697731728931,1,0.04520281854928562,0.34261488630415415,0.6094618162520381,-0.32415259862935025,0.006518703102967334,0.0,1.560343357308026
276,Swansea,2016-03-02,0.880697731728931,2,0.04520281854928562,0.0,0.5390967570292452,-0.3664622888702416,0.006518703102967334,0.05238281082503731,1.157436532365225
277,Man United,2016-03-02,0.880697731728931,1,0.04520281854928562,0.34261488630415415,0.6222149786190386,-0.34310006208229693,0.006518703102967334,0.0,1.5541490562220799
277,Watford,2016-03-02,0.880697731728931,0,0.05273662164083323,0.0,0.5706081999255997,-0.3741306168060022,0.006518703102967334,0.05238281082503731,1.1888134504173664
278,Tottenham,2016-03-05,0.880697731728931,2,0.04520281854928562,0.34261488630415415,1.1052839652384907,-0.3621875090611856,0.006984324753179286,0.0,2.018596217512855
278,Arsenal,2016-03-05,0.880697731728931,2,0.04520281854928562,0.0,0.6023524488065181,-0.6645943699044976,0.006984324753179286,0.007936789518945046,0.8785797434523615
279,Chelsea,2016-03-05,0.880697731728931,1,0.05273662164083323,0.34261488630415415,0.8800997100231439,-0.36448636527604644,0.006984324753179286,0.0,1.7986469091741952
279,Stoke,2016-03-05,0.880697731728931,1,0.04520281854928562,0.0,0.6061756664378075,-0.5291937010139784,0.006984324753179286,0.05238281082503731,1.0622496512802624
280,Everton,2016-03-05,0.880697731728931,2,0.05273662164083323,0.34261488630415415,0.6712078107193071,-0.4438751392809443,0.006984324753179286,0.0,1.5103662358654606
280,West Ham,2016-03-05,0.880697731728931,3,0.04520281854928562,0.0,0.7382067863225054,-0.40358943590005203,0.006984324753179286,0.05238281082503731,1.3198850362788865
281,Man City,2016-03-05,0.880697731728931,4,0.04520281854928562,0.34261488630415415,0.5120094463966419,-0.20079817808674014,0.006984324753179286,0.0,1.586711029645452
281,Aston Villa,2016-03-05,0.880697731728931,0,0.05273662164083323,0.0,0.3339465643084962,-0.30786531435811054,0.006984324753179286,0.05238281082503731,1.0188827388983666
282,Newcastle,2016-03-05,0.880697731728931,1,0.04520281854928562,0.34261488630415415,0.37171703675527196,-0.3315321184003104,0.006518703102967334,0.0,1.3152190580402998
282,Bournemouth,2016-03-05,0.880697731728931,3,0.05273662164083323,0.0,0.5513696038112225,-0.2235091230802684,0.006518703102967334,0.05238281082503731,1.320196348028723
283,Southampton,2016-03-05,0.880697731728931,1,0.05273662164083323,0.34261488630415415,0.7651208397279405,-0.26057312822867235,0.006984324753179286,0.0,1.787581275926366
283,Sunderland,2016-03-05,0.880697731728931,1,0.05273662164083323,0.0,0.4333580202380761,-0.46005824600022227,0.006984324753179286,0.05238281082503731,0.9661012631858348
284,Swansea,2016-03-05,0.880697731728931,1,0.04520281854928562,0.34261488630415415,0.48213519328640764,-0.06011009091173077,0.006984324753179286,0.0,1.697524863710227
284,Norwich,2016-03-05,0.880697731728931,0,0.05273662164083323,0.0,0.0999688270656148,-0.2899022740475785,0.006984324753179286,0.05238281082503731,0.802868041966017
285,Watford,2016-03-05,0.880697731728931,0,0.04520281854928562,0.34261488630415415,0.49789091473458486,-0.5451312698981102,0.006984324753179286,0.0,1.2282594061720247
285,Leicester,2016-03-05,0.880697731728931,1,0.05273662164083323,0.0,0.90660541053795,-0.2993760057740519,0.006984324753179286,0.05238281082503731,1.600030893711879
286,West Brom,2016-03-06,0.880697731728931,1,0.05859624626759248,0.34261488630415415,0.6148013303342814,-0.4427172578688079,0.006984324753179286,0.0,1.4609772615193306
286,Man United,2016-03-06,0.880697731728931,0,0.05273662164083323,0.0,0.7362811188530894,-0.3696728764736898,0.006984324753179286,0.05238281082503731,1.3594097313273805
287,Crystal Palace,2016-03-06,0.880697731728931,1,0.05859624626759248,0.34261488630415415,0.1294736024089425,-0.41226190100670324,0.006984324753179286,0.0,1.0061048904560963
287,Liverpool,2016-03-06,0.880697731728931,2,0.05273662164083323,0.0,0.685630949186233,-0.07785096854605128,0.006984324753179286,0.05238281082503731,1.6005814695881624
288,Bournemouth,2016-03-12,0.880697731728931,3,0.06711933663378775,0.34261488630415415,0.5733063425861102,-0.32390750164985405,0.006984324753179286,0.0,1.5468151203563085
288,Swansea,2016-03-12,0.880697731728931,2,0.06711933663378775,0.0,0.5386891373237028,-0.3447224238262199,0.006984324753179286,0.05238281082503731,1.2011509174384183
289,Norwich,2016-03-12,0.880697731728931,0,0.06711933663378775,0.34261488630415415,0.0925017764871644,-0.3073238268585394,0.006984324753179286,0.0,1.0825942290486772
289,Man City,2016-03-12,0.880697731728931,0,0.06711933663378775,0.0,0.511108900924463,-0.055620240402446064,0.006984324753179286,0.05238281082503731,1.4626728644629523
290,Stoke,2016-03-12,0.880697731728931,1,0.06711933663378775,0.34261488630415415,0.7282614627624738,-0.40898548762617587,0.006984324753179286,0.0,1.6166922545563505
290,Southampton,2016-03-12,0.880697731728931,2,0.06711933663378775,0.0,0.6801819605444693,-0.43789513210383,0.006984324753179286,0.05238281082503731,1.2494710323815748
291,Aston Villa,2016-03-13,0.880697731728931,0,0.07031549552111097,0.34261488630415415,0.29452537101731907,-0.5879491344180556,0.006984324753179286,0.0,1.0071886749066388
291,Tottenham,2016-03-13,0.880697731728931,2,0.07031549552111097,0.0,0.9778156121628154,-0.17709467388311212,0.006984324753179286,0.05238281082503731,1.8111013011079617
292,Leicester,2016-03-14,0.880697731728931,1,0.07301993765653832,0.34261488630415415,0.8784763348125451,-0.18845014637987625,0.006984324753179286,0.0,1.9933430688754716
292,Newcastle,2016-03-14,0.880697731728931,0,0.07301993765653832,0.0,0.313410607240707,-0.5282175844148619,0.006984324753179286,0.05238281082503731,0.7982778277895309
293,Swansea,2016-03-19,0.880697731728931,1,0.06711933663378775,0.34261488630415415,0.5244487463879934,-0.08854733694155606,0.007449946403391239,0.0,1.7337833105167015
293,Aston Villa,2016-03-19,0.880697731728931,0,0.06328394596899987,0.0,0.14726268550865954,-0.3153449205044111,0.007449946403391239,0.05238281082503731,0.8357321999306079
294,West Brom,2016-03-19,0.880697731728931,0,0.08065600956833317,0.34261488630415415,0.7325742947107108,-0.0789405100943844,0.007449946403391239,0.0,1.9650523586211357
294,Norwich,2016-03-19,0.880697731728931,1,0.06711933663378775,0.0,0.13128561415229623,-0.4404883877026517,0.007449946403391239,0.05238281082503731,0.6984470520407917
295,Watford,2016-03-19,0.880697731728931,1,0.08203474477462948,0.34261488630415415,0.41901490918472045,-0.47459951551772184,0.007449946403391239,0.0,1.2572127028781044
295,Stoke,2016-03-19,0.880697731728931,2,0.06711933663378775,0.0,0.7893043609248069,-0.25194878267334864,0.007449946403391239,0.05238281082503731,1.5450054038426055
296,Everton,2016-03-19,0.880697731728931,0,0.08203474477462948,0.34261488630415415,0.7182601719488666,-0.3600501191566576,0.007449946403391239,0.0,1.671007362003315
296,Arsenal,2016-03-19,0.880697731728931,2,0.08203474477462948,0.0,0.598797765083758,-0.4318814724692521,0.007449946403391239,0.05238281082503731,1.1894815263464948
297,Crystal Palace,2016-03-19,0.880697731728931,0,0.08065600956833317,0.34261488630415415,0.14977152711318525,-0.5197607416732378,0.007449946403391239,0.0,0.9414293594447568
297,Leicester,2016-03-19,0.880697731728931,1,0.05859624626759248,0.0,0.8644117969498426,-0.090055874166187,0.007449946403391239,0.05238281082503731,1.7734826580086076
298,Chelsea,2016-03-19,0.880697731728931,2,0.08203474477462948,0.34261488630415415,0.907740847509499,-0.47758951910627895,0.007449946403391239,0.0,1.7429486376143257
298,West Ham,2016-03-19,0.880697731728931,2,0.08203474477462948,0.0,0.7942770227048227,-0.5458139949193767,0.007449946403391239,0.05238281082503731,1.271028261517435
299,Man City,2016-03-20,0.880697731728931,0,0.07031549552111097,0.34261488630415415,0.4256239022796595,-0.40031499356046873,0.007449946403391239,0.0,1.326386968676778
299,Man United,2016-03-20,0.880697731728931,1,0.08203474477462948,0.0,0.6657621001070437,-0.2559226932155924,0.007449946403391239,0.007936789518945046,1.3879586193173479
300,Newcastle,2016-03-20,0.880697731728931,1,0.06328394596899987,0.34261488630415415,0.2842573924834245,-0.2836777337938203,0.006984324753179286,0.0,1.2941605474448685
300,Sunderland,2016-03-20,0.880697731728931,1,0.08326834995921037,0.0,0.4717831878451801,-0.17092065802968018,0.006984324753179286,0.05238281082503731,1.3241957470818577
301,Southampton,2016-03-20,0.880697731728931,3,0.07031549552111097,0.34261488630415415,0.6377125209527337,-0.46178289996915844,0.007449946403391239,0.0,1.4770076809411625
301,Liverpool,2016-03-20,0.880697731728931,2,0.08203474477462948,0.0,0.7679891041366865,-0.3834491084391527,0.007449946403391239,0.05238281082503731,1.4071052294295228
302,Tottenham,2016-03-20,0.880697731728931,3,0.06711933663378775,0.34261488630415415,0.9140814356249778,-0.42801316137891676,0.007449946403391239,0.0,1.7839501753163252
302,Bournemouth,2016-03-20,0.880697731728931,0,0.07031549552111097,0.0,0.7118268008366252,-0.5496265166748346,0.007449946403391239,0.05238281082503731,1.173046268640261
303,Sunderland,2016-04-02,0.880697731728931,0,0.08065600956833317,0.34261488630415415,0.4909957716487321,-0.47589614331713265,0.006984324753179286,0.0,1.326052580686197
303,West Brom,2016-04-02,0.880697731728931,0,0.08203474477462948,0.0,0.7914607768989255,-0.29523003657639424,0.006984324753179286,0.05238281082503731,1.5183303524043084
304,Stoke,2016-04-02,0.880697731728931,2,0.08203474477462948,0.34261488630415415,0.8198258100059735,-0.38775921477143166,0.007449946403391239,0.0,1.7448639044456475
304,Swansea,2016-04-02,0.880697731728931,2,0.08203474477462948,0.0,0.6448806397832098,-0.49295170722466775,0.007449946403391239,0.05238281082503731,1.1744941662905308
305,West Ham,2016-04-02,0.880697731728931,2,0.08203474477462948,0.34261488630415415,0.8648295038503384,-0.07059313202967418,0.006984324753179286,0.0,2.106568059381558
305,Crystal Palace,2016-04-02,0.880697731728931,2,0.08203474477462948,0.0,0.11740312651094964,-0.520011903965527,0.006984324753179286,0.05238281082503731,0.6194908346271998
306,Norwich,2016-04-02,0.880697731728931,3,0.08203474477462948,0.34261488630415415,0.23571225889357614,-0.11102552396142076,0.007449946403391239,0.0,1.437484044143261
306,Newcastle,2016-04-02,0.880697731728931,2,0.08065600956833317,0.0,0.18464605919606927,-0.14173103483351493,0.007449946403391239,0.05238281082503731,1.0641015228882469
307,Liverpool,2016-04-02,0.880697731728931,1,0.08065600956833317,0.34261488630415415,0.8091681816119134,-0.5304652078032241,0.006518703102967334,0.0,1.589190304513075
307,Tottenham,2016-04-02,0.880697731728931,1,0.08065600956833317,0.0,0.882214347356059,-0.48654339945038605,0.006518703102967334,0.06520223288348526,1.4287456251893897
308,Bournemouth,2016-04-02,0.880697731728931,0,0.08065600956833317,0.34261488630415415,0.7810870299618826,-0.23022212639411893,0.007449946403391239,0.0,1.8622834775725732
308,Man City,2016-04-02,0.880697731728931,4,0.08065600956833317,0.0,0.3828814029572578,-0.4696585301552652,0.007449946403391239,0.05238281082503731,0.9344093713276853
309,Aston Villa,2016-04-02,0.880697731728931,0,0.08203474477462948,0.34261488630415415,0.07363134275432977,-0.5541241418720758,0.007449946403391239,0.0,0.8323045100933598
309,Chelsea,2016-04-02,0.880697731728931,4,0.08203474477462948,0.0,0.9215614162526766,-0.04427366847077803,0.007449946403391239,0.05238281082503731,1.8998529815138874
310,Arsenal,2016-04-02,0.880697731728931,4,0.08203474477462948,0.34261488630415415,0.5970204232223781,-0.22823517112299704,0.006984324753179286,0.0,1.681116939660275
310,Watford,2016-04-02,0.880697731728931,0,0.08203474477462948,0.0,0.37957690640978825,-0.35898142420439355,0.006984324753179286,0.05238281082503731,1.0426950942871718
311,Leicester,2016-04-03,0.880697731728931,1,0.08326834995921037,0.34261488630415415,0.9849316168815624,-0.37068091884564114,0.007449946403391239,0.0,1.928281612431608
311,Southampton,2016-04-03,0.880697731728931,0,0.08203474477462948,0.0,0.6164778011568659,-0.5922279051421677,0.007449946403391239,0.05238281082503731,1.0468151297466872
312,Man United,2016-04-03,0.880697731728931,1,0.08203474477462948,0.34261488630415415,0.7155373166427349,-0.36933190591411014,0.006984324753179286,0.0,1.6585370982895185
312,Everton,2016-04-03,0.880697731728931,0,0.08326834995921037,0.0,0.6142342637005753,-0.4302442512994605,0.006984324753179286,0.05238281082503731,1.2073232296674727
313,West Ham,2016-04-09,0.880697731728931,3,0.06711933663378775,0.34261488630415415,0.9001057444230963,-0.35844707672826154,0.007449946403391239,0.0,1.8395405687650992
313,Arsenal,2016-04-09,0.880697731728931,3,0.06711933663378775,0.0,0.5961317522916881,-0.541223096395151,0.007449946403391239,0.05238281082503731,1.0625584814876845
314,Watford,2016-04-09,0.880697731728931,1,0.06711933663378775,0.34261488630415415,0.23230581615925114,-0.2613615377967971,0.007915568053603191,0.0,1.2692918010829302
314,Everton,2016-04-09,0.880697731728931,1,0.06328394596899987,0.0,0.4346692207133587,-0.1396827805080792,0.007915568053603191,0.05238281082503731,1.2992664967818508
315,Swansea,2016-04-09,0.880697731728931,1,0.06711933663378775,0.34261488630415415,0.747613949435175,-0.5582792153484254,0.007915568053603191,0.0,1.4876822568072254
315,Chelsea,2016-04-09,0.880697731728931,0,0.06711933663378775,0.0,0.9284717006242653,-0.44953155685152263,0.007915568053603191,0.05238281082503731,1.487055591014102
316,Southampton,2016-04-09,0.880697731728931,3,0.06328394596899987,0.34261488630415415,0.605860441258932,-0.08107795692729107,0.007915568053603191,0.0,1.819294616387329
316,Newcastle,2016-04-09,0.880697731728931,1,0.06711933663378775,0.0,0.13484039255239164,-0.36429682404888536,0.007915568053603191,0.05238281082503731,0.7786590157448654
317,Man City,2016-04-09,0.880697731728931,2,0.06711933663378775,0.34261488630415415,0.4890622421591279,-0.4424696312312118,0.007915568053603191,0.0,1.3449401336483924
317,West Brom,2016-04-09,0.880697731728931,1,0.06711933663378775,0.0,0.7358692920843187,-0.29406742782312423,0.007915568053603191,0.05238281082503731,1.4499173115025537
318,Crystal Palace,2016-04-09,0.880697731728931,1,0.06711933663378775,0.34261488630415415,0.14373628916418882,-0.24982188204282224,0.007915568053603191,0.0,1.1922619298418429
318,Norwich,2016-04-09,0.880697731728931,0,0.06711933663378775,0.0,0.4154776701272871,-0.08642695590799845,0.007915568053603191,0.05238281082503731,1.3371661614606478
319,Aston Villa,2016-04-09,0.880697731728931,1,0.06711933663378775,0.34261488630415415,0.036815671377164884,-0.46491601959685874,0.007915568053603191,0.0,0.8702471745007823
319,Bournemouth,2016-04-09,0.880697731728931,2,0.06711933663378775,0.0,0.7731997815701543,-0.022136834235389015,0.007915568053603191,0.05238281082503731,1.7591783945761246
320,Liverpool,2016-04-10,0.880697731728931,4,0.07031549552111097,0.34261488630415415,0.8297577203495268,-0.4509974131849793,0.006984324753179286,0.0,1.679372745471923
320,Stoke,2016-04-10,0.880697731728931,1,0.07031549552111097,0.0,0.7500518086378428,-0.49892364919099985,0.006984324753179286,0.05238281082503731,1.2615085222751015
321,Sunderland,2016-04-10,0.880697731728931,0,0.07031549552111097,0.34261488630415415,0.41556733764179404,-0.6284614868766327,0.007449946403391239,0.0,1.0881839107227487
321,Leicester,2016-04-10,0.880697731728931,2,0.06711933663378775,0.0,1.0451915268474223,-0.24987579807451984,0.007449946403391239,0.05238281082503731,1.8029655543640497
322,Tottenham,2016-04-10,0.880697731728931,3,0.07031549552111097,0.34261488630415415,0.7812460773128855,-0.5219044650086985,0.007915568053603191,0.0,1.5608852939119864
322,Man United,2016-04-10,0.880697731728931,0,0.06711933663378775,0.0,0.8679770137736516,-0.4697541634742575,0.007915568053603191,0.06547851353129663,1.4194340002470125
323,Crystal Palace,2016-04-13,0.880697731728931,0,0.05273662164083323,0.34261488630415415,0.28445495935387943,-0.23294154868472128,0.008381189703815144,0.0,1.3359438400468917
323,Everton,2016-04-13,0.880697731728931,0,0.05273662164083323,0.0,0.3874040621741074,-0.17103945268690263,0.008381189703815144,0.05238281082503731,1.2105629633858213
324,Norwich,2016-04-16,0.880697731728931,0,0.06711933663378775,0.34261488630415415,0.5053603757441426,-0.22719867882358263,0.007915568053603191,0.0,1.576509219641036
324,Sunderland,2016-04-16,0.880697731728931,3,0.06328394596899987,0.0,0.37785312063832505,-0.3038673056474759,0.007915568053603191,0.05238281082503731,1.0782658715674205
325,Newcastle,2016-04-16,0.880697731728931,3,0.06711933663378775,0.34261488630415415,0.10993755923055283,-0.4804177278915681,0.007449946403391239,0.0,0.9274017324092491
325,Swansea,2016-04-16,0.880697731728931,0,0.06711933663378775,0.0,0.7989806042611576,-0.06610417341022622,0.007449946403391239,0.05238281082503731,1.7405262564420787
326,West Brom,2016-04-16,0.880697731728931,0,0.06711933663378775,0.34261488630415415,0.5805214608139444,-0.09540658520062029,0.007915568053603191,0.0,1.7834623983338003
326,Watford,2016-04-16,0.880697731728931,1,0.06711933663378775,0.0,0.15867027103398257,-0.3490607903485093,0.007915568053603191,0.05238281082503731,0.8177249279268326
327,Everton,2016-04-16,0.880697731728931,1,0.04520281854928562,0.34261488630415415,0.2787367569957677,-0.4378003614902495,0.007915568053603191,0.0,1.1173674001414922
327,Southampton,2016-04-16,0.880697731728931,1,0.06711933663378775,0.0,0.728103850173036,-0.16760116423552202,0.007915568053603191,0.05238281082503731,1.568618133178873
328,Chelsea,2016-04-16,0.880697731728931,0,0.06711933663378775,0.34261488630415415,0.8043747539469888,-0.40268566337736894,0.007915568053603191,0.0,1.7000366132900961
328,Man City,2016-04-16,0.880697731728931,3,0.06711933663378775,0.0,0.6697047506231341,-0.48366116724685815,0.007915568053603191,0.06547851353129663,1.2072547333238943
329,Man United,2016-04-16,0.880697731728931,1,0.06328394596899987,0.34261488630415415,0.8166447734760388,-0.011068417117694507,0.007449946403391239,0.0,2.0996228667638204
329,Aston Villa,2016-04-16,0.880697731728931,0,0.06711933663378775,0.0,0.018407835688582442,-0.49103898702357535,0.007449946403391239,0.05238281082503731,0.5350186742561543
330,Leicester,2016-04-17,0.880697731728931,2,0.06711933663378775,0.34261488630415415,1.1603562077390661,-0.5006983027168016,0.007915568053603191,0.0,1.9580054277427406
330,West Ham,2016-04-17,0.880697731728931,2,0.07031549552111097,0.0,0.8327091388007613,-0.6977086676370265,0.007915568053603191,0.05238281082503731,1.146312077292417
331,Bournemouth,2016-04-17,0.880697731728931,1,0.07031549552111097,0.34261488630415415,0.7692561573742902,-0.5051137740613068,0.007915568053603191,0.0,1.5656860649207827
331,Liverpool,2016-04-17,0.880697731728931,2,0.06711933663378775,0.0,0.8400524897183335,-0.4625447643176555,0.007915568053603191,0.05238281082503731,1.3856231726420372
332,Arsenal,2016-04-17,0.880697731728931,1,0.07031549552111097,0.34261488630415415,0.6382047797807001,-0.21334570107635473,0.007449946403391239,0.0,1.7259371386619329
332,Crystal Palace,2016-04-17,0.880697731728931,1,0.05273662164083323,0.0,0.35481429444872475,-0.38374509793677625,0.007449946403391239,0.05238281082503731,0.9643363071101412
333,Stoke,2016-04-18,0.880697731728931,0,0.07031549552111097,0.34261488630415415,0.5876127190907064,-0.5160942261495163,0.007915568053603191,0.0,1.3730621745489893
333,Tottenham,2016-04-18,0.880697731728931,4,0.07031549552111097,0.0,0.8583140311543699,-0.3533246813253931,0.007915568053603191,0.05238281082503731,1.516300955957659
334,Newcastle,2016-04-19,0.880697731728931,1,0.04520281854928562,0.34261488630415415,0.22503823143270443,-0.45699478115449127,0.007915568053603191,0.0,1.0444744549141871
334,Man City,2016-04-19,0.880697731728931,1,0.04520281854928562,0.0,0.760026004855137,-0.13531286649143584,0.007915568053603191,0.05238281082503731,1.6109120675205584
335,Liverpool,2016-04-20,0.880697731728931,4,0.04520281854928562,0.34261488630415415,0.8451998744027368,-0.16049616695750304,0.007449946403391239,0.0,1.9606690904309956
335,Everton,2016-04-20,0.880697731728931,0,0.05273662164083323,0.0,0.26692046736095487,-0.5082088364964602,0.007449946403391239,0.05238281082503731,0.7519787414626874
336,Man United,2016-04-20,0.880697731728931,2,0.05273662164083323,0.34261488630415415,0.7909786533272325,-0.26006402021766145,0.007915568053603191,0.0,1.8148794408370925
336,Crystal Palace,2016-04-20,0.880697731728931,0,0.04520281854928562,0.0,0.4325113249505044,-0.4756062480310138,0.007915568053603191,0.05238281082503731,0.9431040060763477
337,West Ham,2016-04-20,0.880697731728931,3,0.04520281854928562,0.34261488630415415,0.7139761100808797,-0.14996407238663287,0.007915568053603191,0.0,1.8404430423302207
337,Watford,2016-04-20,0.880697731728931,1,0.05273662164083323,0.0,0.2494045873344193,-0.4293055159844656,0.007915568053603191,0.05238281082503731,0.8138318035983583
338,Arsenal,2016-04-21,0.880697731728931,2,0.05273662164083323,0.34261488630415415,0.7017586564795631,-0.27679117496057737,0.007915568053603191,0.0,1.7089322892465073
338,West Brom,2016-04-21,0.880697731728931,0,0.05859624626759248,0.0,0.46033018222440025,-0.42195930348761423,0.007915568053603191,0.05238281082503731,1.0379632356119501
339,Liverpool,2016-04-23,0.880697731728931,2,0.04520281854928562,0.34261488630415415,0.8477735667449384,-0.19548240797862132,0.007915568053603191,0.0,1.928722163402291
339,Newcastle,2016-04-23,0.880697731728931,2,0.05273662164083323,0.0,0.32510593048813724,-0.5097563677140369,0.007915568053603191,0.05238281082503731,0.809082295022505
340,Man City,2016-04-23,0.880697731728931,4,0.05273662164083323,0.34261488630415415,0.8051866319711386,-0.27892312044901924,0.008381189703815144,0.0,1.8106939408998528
340,Stoke,2016-04-23,0.880697731728931,0,0.05859624626759248,0.0,0.4638758113627812,-0.48414934004305243,0.008381189703815144,0.05238281082503731,0.9797844498451047
341,Aston Villa,2016-04-23,0.880697731728931,2,0.06711933663378775,0.34261488630415415,0.009203917844291221,-0.47455213021093157,0.008381189703815144,0.0,0.8334649320040479
341,Southampton,2016-04-23,0.880697731728931,4,0.06711933663378775,0.0,0.7892255546300881,-0.005534208558847254,0.008381189703815144,0.05238281082503731,1.792272414962812
342,Bournemouth,2016-04-23,0.880697731728931,1,0.06328394596899987,0.34261488630415415,0.6397322564132871,-0.3696565583563325,0.008381189703815144,0.0,1.5650534517628545
342,Chelsea,2016-04-23,0.880697731728931,4,0.06711933663378775,0.0,0.6147741917452794,-0.38466355183831186,0.008381189703815144,0.05238281082503731,1.2386917087985385
343,Leicester,2016-04-24,0.880697731728931,4,0.06711933663378775,0.34261488630415415,1.1329038222761743,-0.41916522857184885,0.008381189703815144,0.0,2.0125517380750138
343,Swansea,2016-04-24,0.880697731728931,0,0.07031549552111097,0.0,0.6971118428110779,-0.6812018681240621,0.008381189703815144,0.05238281082503731,1.0276872024659103
344,Sunderland,2016-04-24,0.880697731728931,0,0.07031549552111097,0.34261488630415415,0.4440307380453046,-0.4921967961561946,0.007915568053603191,0.0,1.2533776234969092
344,Arsenal,2016-04-24,0.880697731728931,0,0.04520281854928562,0.0,0.8185703207377086,-0.2669905090912754,0.007915568053603191,0.05238281082503731,1.5377787408032904
345,Tottenham,2016-04-25,0.880697731728931,1,0.06711933663378775,0.34261488630415415,0.981882733983826,-0.16396078242686937,0.008381189703815144,0.0,2.1167350959276447
345,West Brom,2016-04-25,0.880697731728931,1,0.05273662164083323,0.0,0.2726824540665571,-0.590394647380307,0.008381189703815144,0.05238281082503731,0.6764861605848668
346,West Brom,2016-04-30,0.880697731728931,0,0.05859624626759248,0.34261488630415415,0.22137595294199258,-0.39360912261829756,0.008381189703815144,0.0,1.1180568843281877
346,West Ham,2016-04-30,0.880697731728931,3,0.07533803091547604,0.0,0.6546095957209389,-0.13311078110659605,0.008381189703815144,0.05238281082503731,1.5382985777876022
347,Arsenal,2016-04-30,0.880697731728931,1,0.06328394596899987,0.34261488630415415,0.7919414269580674,-0.33089001744980273,0.008381189703815144,0.0,1.7560291632141645
347,Norwich,2016-04-30,0.880697731728931,0,0.08203474477462948,0.0,0.5503017285525703,-0.4761851525973234,0.008381189703815144,0.05238281082503731,1.0976130529876595
348,Everton,2016-04-30,0.880697731728931,2,0.07533803091547604,0.34261488630415415,0.26101232254354845,-0.26902736075889794,0.008381189703815144,0.0,1.2990168004370268
348,Bournemouth,2016-04-30,0.880697731728931,1,0.06711933663378775,0.0,0.4474182170697146,-0.15694366831849357,0.008381189703815144,0.05238281082503731,1.299055617642792
349,Newcastle,2016-04-30,0.880697731728931,1,0.06711933663378775,0.34261488630415415,0.37513978001585363,-0.2834231797883148,0.008381189703815144,0.0,1.3905297445982268
349,Crystal Palace,2016-04-30,0.880697731728931,0,0.07533803091547604,0.0,0.47135984020139426,-0.22556717872221407,0.008381189703815144,0.05238281082503731,1.2625924246524396
350,Stoke,2016-04-30,0.880697731728931,1,0.06711933663378775,0.34261488630415415,0.40200735749881866,-0.2868864242251218,0.008381189703815144,0.0,1.4139340776443852
350,Sunderland,2016-04-30,0.880697731728931,1,0.06328394596899987,0.0,0.4771195467487943,-0.24172234001083234,0.008381189703815144,0.05238281082503731,1.2401428849647451
351,Watford,2016-04-30,0.880697731728931,3,0.07533803091547604,0.34261488630415415,0.2947717454846377,-0.002767104279423627,0.008381189703815144,0.0,1.5990364798575902
351,Aston Villa,2016-04-30,0.880697731728931,2,0.06711933663378775,0.0,0.0046019589221456105,-0.17724281597963915,0.008381189703815144,0.05238281082503731,0.8359402118340776
352,Swansea,2016-05-01,0.880697731728931,3,0.06711933663378775,0.34261488630415415,0.646177462086038,-0.536095328269406,0.008381189703815144,0.0,1.4088952781873203
352,Liverpool,2016-05-01,0.880697731728931,1,0.07031549552111097,0.0,0.8915777758703963,-0.3885389789119892,0.008381189703815144,0.05238281082503731,1.5148160247373013
353,Man United,2016-05-01,0.880697731728931,1,0.07734704507322207,0.34261488630415415,0.9056976821159003,-0.6729484683675799,0.008381189703815144,0.0,1.5417900665584425
353,Leicester,2016-05-01,0.880697731728931,1,0.06711933663378775,0.0,1.1191776295447282,-0.5445854633744751,0.008381189703815144,0.05238281082503731,1.583173235061824
354,Southampton,2016-05-01,0.880697731728931,4,0.07031549552111097,0.34261488630415415,0.8197864068586141,-0.5744222043270751,0.008381189703815144,0.0,1.5473735057895504
354,Man City,2016-05-01,0.880697731728931,2,0.07031549552111097,0.0,0.9553190343922103,-0.4929280145712726,0.008381189703815144,0.05238281082503731,1.474168247599832
355,Chelsea,2016-05-02,0.880697731728931,2,0.07301993765653832,0.34261488630415415,0.6050086365531387,-0.5764144681025409,0.008381189703815144,0.0,1.3333079138440362
355,Tottenham,2016-05-02,0.880697731728931,2,0.06711933663378775,0.0,0.95863235948984,-0.36378464380423103,0.008381189703815144,0.00865181560173289,1.5596977893538757
356,West Ham,2016-05-07,0.880697731728931,1,0.06711933663378775,0.34261488630415415,0.7099610644496824,-0.3732258540820594,0.008381189703815144,0.0,1.635548354738311
356,Swansea,2016-05-07,0.880697731728931,4,0.06328394596899987,0.0,0.620710271723518,-0.4268913158283749,0.008381189703815144,0.05238281082503731,1.1985646341219263
357,Aston Villa,2016-05-07,0.880697731728931,0,0.06711933663378775,0.34261488630415415,0.0023009794610728052,-0.3173051489337525,0.008846811354027095,0.0,0.9842745965482205
357,Newcastle,2016-05-07,0.880697731728931,0,0.06711933663378775,0.0,0.5277087936427829,-0.0013835521397118134,0.008846811354027095,0.05238281082503731,1.535371932044854
358,Bournemouth,2016-05-07,0.880697731728931,1,0.06711933663378775,0.34261488630415415,0.3512611973979283,-0.0921205854998787,0.008846811354027095,0.0,1.5584193779189497
358,West Brom,2016-05-07,0.880697731728931,1,0.06711933663378775,0.0,0.1532053394253533,-0.21120926521919103,0.008846811354027095,0.05238281082503731,0.9510427647479455
359,Crystal Palace,2016-05-07,0.880697731728931,2,0.06711933663378775,0.34261488630415415,0.44826673487248214,-0.17199155989857753,0.008846811354027095,0.0,1.575553940994805
359,Stoke,2016-05-07,0.880697731728931,1,0.06711933663378775,0.0,0.28603840465812336,-0.2695375646270608,0.008846811354027095,0.05238281082503731,1.0255475305728459
360,Leicester,2016-05-07,0.880697731728931,3,0.06328394596899987,0.34261488630415415,1.0272798072702911,-0.23186300383873087,0.008846811354027095,0.0,2.0908601787876724
360,Everton,2016-05-07,0.880697731728931,1,0.06711933663378775,0.0,0.38561033899791625,-0.6176913785961775,0.008846811354027095,0.05238281082503731,0.7769656509435218
361,Norwich,2016-05-07,0.880697731728931,0,0.06711933663378775,0.34261488630415415,0.5302550420024272,-0.5279446811530444,0.008381189703815144,0.0,1.301123505220071
361,Man United,2016-05-07,0.880697731728931,1,0.06328394596899987,0.0,0.8780224706015202,-0.31883617840438544,0.008381189703815144,0.05238281082503731,1.563931970423918
362,Sunderland,2016-05-07,0.880697731728931,3,0.06711933663378775,0.34261488630415415,0.4936639511005392,-0.36084868652818025,0.008381189703815144,0.0,1.431628408943047
362,Chelsea,2016-05-07,0.880697731728931,2,0.05859624626759248,0.0,0.6001258589570684,-0.29683438179204497,0.008381189703815144,0.05238281082503731,1.3033494556903993
363,Tottenham,2016-05-08,0.880697731728931,1,0.06328394596899987,0.34261488630415415,0.8619724463341331,-0.5021159567514432,0.008846811354027095,0.0,1.6552998649388018
363,Southampton,2016-05-08,0.880697731728931,2,0.06711933663378775,0.0,0.8350668329728771,-0.5182939885704966,0.008846811354027095,0.05238281082503731,1.325819534944164
364,Liverpool,2016-05-08,0.880697731728931,2,0.06711933663378775,0.34261488630415415,0.8709625174787682,-0.26757777261588434,0.008381189703815144,0.0,1.902197889233572
364,Watford,2016-05-08,0.880697731728931,0,0.07031549552111097,0.0,0.4450074134228179,-0.5236996136005098,0.008381189703815144,0.05238281082503731,0.9330850276012024
365,Man City,2016-05-08,0.880697731728931,2,0.06711933663378775,0.34261488630415415,0.9028331467396753,-0.4681793308178879,0.008846811354027095,0.0,1.7339325819426876
365,Arsenal,2016-05-08,0.880697731728931,2,0.07031549552111097,0.0,0.7786269800682467,-0.5428630516293443,0.008846811354027095,0.06520223288348526,1.2608261999264565
366,West Ham,2016-05-10,0.880697731728931,3,0.04520281854928562,0.34261488630415415,0.6951194358596973,-0.519624290042329,0.008846811354027095,0.0,1.4528573937537663
366,Man United,2016-05-10,0.880697731728931,2,0.04520281854928562,0.0,0.8641848648443302,-0.4179672174868329,0.008846811354027095,0.05238281082503731,1.4333478198147784
367,Sunderland,2016-05-11,0.880697731728931,3,0.05273662164083323,0.34261488630415415,0.5869708791851257,-0.24375747665226885,0.008846811354027095,0.0,1.6281094535608025
367,Everton,2016-05-11,0.880697731728931,0,0.05273662164083323,0.0,0.4053919842707432,-0.35293875046866796,0.008846811354027095,0.05238281082503731,1.0471172093509038
368,Liverpool,2016-05-11,0.880697731728931,1,0.04520281854928562,0.34261488630415415,0.8606548882829541,-0.2826851230504129,0.008846811354027095,0.0,1.8553320131689395
368,Chelsea,2016-05-11,0.880697731728931,1,0.05273662164083323,0.0,0.47013238129596224,-0.5175017562660617,0.008846811354027095,0.06520223288348526,0.9601140226371773
369,Norwich,2016-05-11,0.880697731728931,4,0.05273662164083323,0.34261488630415415,0.39267960986428463,-0.31274525093400696,0.008846811354027095,0.0,1.3648304099582234
369,Watford,2016-05-11,0.880697731728931,2,0.04520281854928562,0.0,0.520125247391908,-0.23611367404193476,0.008846811354027095,0.05238281082503731,1.2711417458072545
370,Watford,2016-05-15,0.880697731728931,2,0.05273662164083323,0.34261488630415415,0.515166801422096,-0.45768651964672147,0.008846811354027095,0.0,1.3423763328033202
370,Sunderland,2016-05-15,0.880697731728931,2,0.05273662164083323,0.0,0.7611764320904899,-0.30976379514648755,0.008846811354027095,0.05238281082503731,1.446076612492831
371,Swansea,2016-05-15,0.880697731728931,1,0.07031549552111097,0.34261488630415415,0.693011402450972,-0.4759530853873176,0.008846811354027095,0.0,1.5195332419718777
371,Man City,2016-05-15,0.880697731728931,1,0.06711933663378775,0.0,0.7915554770046936,-0.41669968156025583,0.008846811354027095,0.05238281082503731,1.3839024859862212
372,West Brom,2016-05-15,0.880697731728931,1,0.07031549552111097,0.34261488630415415,0.16163739562139065,-0.4632724377056763,0.008846811354027095,0.0,1.0008398828239375
372,Liverpool,2016-05-15,0.880697731728931,1,0.05273662164083323,0.0,0.7704663477763332,-0.09719068264310071,0.008846811354027095,0.05238281082503731,1.667939640682061
373,Stoke,2016-05-15,0.880697731728931,2,0.07031549552111097,0.34261488630415415,0.18553656528341866,-0.46463555820922325,0.008846811354027095,0.0,1.0233759319824185
373,West Ham,2016-05-15,0.880697731728931,1,0.05859624626759248,0.0,0.7727333474734187,-0.11156097489586946,0.008846811354027095,0.05238281082503731,1.6616959727531369
374,Everton,2016-05-15,0.880697731728931,3,0.05273662164083323,0.34261488630415415,0.3727654439527996,-0.19475242186070943,0.008846811354027095,0.0,1.4629090731200356
374,Norwich,2016-05-15,0.880697731728931,0,0.05273662164083323,0.0,0.3238918937952133,-0.22413951811245714,0.008846811354027095,0.05238281082503731,1.0944163512315848
375,Newcastle,2016-05-15,0.880697731728931,5,0.07031549552111097,0.34261488630415415,0.6465106634106045,-0.46366855385789374,0.008846811354027095,0.0,1.4853170344609339
375,Tottenham,2016-05-15,0.880697731728931,1,0.06711933663378775,0.0,0.7711251268019226,-0.38873932898610236,0.008846811354027095,0.05238281082503731,1.3914324883576035
376,Arsenal,2016-05-15,0.880697731728931,4,0.06711933663378775,0.34261488630415415,0.7719697566233364,-0.02625697101643659,0.008846811354027095,0.0,2.0449915516278
376,Aston Villa,2016-05-15,0.880697731728931,0,0.07031549552111097,0.0,0.043667852684893406,-0.46417641992817005,0.008846811354027095,0.05238281082503731,0.5917342821858296
377,Southampton,2016-05-15,0.880697731728931,4,0.06711933663378775,0.34261488630415415,0.9702591348930797,-0.2625947570464338,0.008846811354027095,0.0,2.006943143867546
377,Crystal Palace,2016-05-15,0.880697731728931,1,0.07031549552111097,0.0,0.4367201822080261,-0.5834055126812704,0.008846811354027095,0.05238281082503731,0.865557518955862
378,Chelsea,2016-05-15,0.880697731728931,1,0.05273662164083323,0.34261488630415415,0.44765300541976616,-0.5900628337104762,0.008846811354027095,0.0,1.1424862227372357
378,Leicester,2016-05-15,0.880697731728931,1,0.07031549552111097,0.0,0.9813308961330727,-0.2691685362581098,0.008846811354027095,0.05238281082503731,1.724405209304069
379,Man United,2016-05-17,0.880697731728931,3,0.06711933663378775,0.34261488630415415,0.8572660619657352,-0.20786541239591824,0.008846811354027095,0.0,1.9486794155907172
379,Bournemouth,2016-05-17,0.880697731728931,1,0.07533803091547604,0.0,0.3457000505163922,-0.5154640944869713,0.008846811354027095,0.05238281082503731,0.8475013408528923
380,Arsenal,2017-08-11,0.880697731728931,4,0.08859752435659983,0.34261488630415415,0.8536758708095953,-0.5251181713744643,0.0004656216502119524,0.0,1.6409334634750277
380,Leicester,2017-08-11,0.880697731728931,3,0.08859752435659983,0.0,0.8733217146557494,-0.5133053543764725,0.0004656216502119524,0.05238281082503731,1.382160048840057
381,Brighton,2017-08-12,0.880697731728931,0,0.08203474477462948,0.34261488630415415,0.0,-0.3913677123731429,0.0004656216502119524,0.0,0.9144452720847835
381,Man City,2017-08-12,0.880697731728931,2,0.08859752435659983,0.0,0.6508819162284889,-0.0,0.0004656216502119524,0.05238281082503731,1.6730256047892689
382,Chelsea,2017-08-12,0.880697731728931,2,0.08859752435659983,0.34261488630415415,0.4789306804360251,-0.0,0.0004656216502119524,0.0,1.7913064444759221
382,Burnley,2017-08-12,0.880697731728931,3,0.08203474477462948,0.0,0.0,-0.287975437808539,0.0004656216502119524,0.05238281082503731,0.7276054711702706
383,Everton,2017-08-12,0.880697731728931,1,0.08859752435659983,0.34261488630415415,0.44148689970254185,-0.15804126723425746,0.0004656216502119524,0.0,1.5958213965081813
383,Stoke,2017-08-12,0.880697731728931,0,0.08859752435659983,0.0,0.2628377344591374,-0.26546092873571264,0.0004656216502119524,0.05238281082503731,1.0195204942842047
384,Southampton,2017-08-12,0.880697731728931,0,0.08859752435659983,0.34261488630415415,1.0378552858531809,-0.38730620540619265,0.0004656216502119524,0.0,1.962924844486885
384,Swansea,2017-08-12,0.880697731728931,0,0.08859752435659983,0.0,0.644127241905985,-0.6240502906461841,0.0004656216502119524,0.05238281082503731,1.042220639820581
385,Watford,2017-08-12,0.880697731728931,3,0.08859752435659983,0.34261488630415415,0.427652852528476,-0.3850273885323222,0.0004656216502119524,0.0,1.3550012280360506
385,Liverpool,2017-08-12,0.880697731728931,3,0.08859752435659983,0.0,0.6403373516143086,-0.25714267735956653,0.0004656216502119524,0.05238281082503731,1.4053383628155218
386,West Brom,2017-08-12,0.880697731728931,1,0.08859752435659983,0.34261488630415415,0.20837078667376635,-0.1294979011445398,0.0004656216502119524,0.0,1.3912486495691234
386,Bournemouth,2017-08-12,0.880697731728931,0,0.08859752435659983,0.0,0.2153673882125531,-0.1252909261612924,0.0004656216502119524,0.05238281082503731,1.1122201506120406
387,Crystal Palace,2017-08-12,0.880697731728931,0,0.08859752435659983,0.34261488630415415,0.38842954292144105,-0.0,0.0004656216502119524,0.0,1.700805306961338
387,Huddersfield,2017-08-12,0.880697731728931,3,0.08203474477462948,0.0,0.0,-0.23355815830953963,0.0004656216502119524,0.05238281082503731,0.78202275066927
388,Man United,2017-08-13,0.880697731728931,4,0.08859752435659983,0.34261488630415415,0.8538066605264376,-0.46240453362383777,0.0004656216502119524,0.0,1.7037778909424968
388,West Ham,2017-08-13,0.880697731728931,0,0.08859752435659983,0.0,0.7690229403259224,-0.5133839967092925,0.0004656216502119524,0.05238281082503731,1.27778263217741
389,Newcastle,2017-08-13,0.880697731728931,0,0.08859752435659983,0.34261488630415415,0.7059115982945153,-0.3596602516618503,0.0004656216502119524,0.0,1.6586271106725619
389,Tottenham,2017-08-13,0.880697731728931,2,0.08859752435659983,0.0,0.5981493781727464,-0.4244564190122773,0.0004656216502119524,0.05238281082503731,1.195836647721249
390,Swansea,2017-08-19,0.880697731728931,0,0.06711933663378775,0.34261488630415415,0.6622025245878486,-0.512343947820453,0.0004656216502119524,0.0,1.4407561530844804
390,Man United,2017-08-19,0.880697731728931,4,0.06328394596899987,0.0,0.8520769598067889,-0.3981746622757418,0.0004656216502119524,0.05238281082503731,1.450732407704227
391,Southampton,2017-08-19,0.880697731728931,3,0.06711933663378775,0.34261488630415415,1.0716533613332315,-0.384593436491403,0.0009312433004239048,0.0,1.9784231228091256
391,West Ham,2017-08-19,0.880697731728931,2,0.06328394596899987,0.0,0.6396156478891032,-0.6443726796286409,0.0009312433004239048,0.05238281082503731,0.9925387000838543
392,Stoke,2017-08-19,0.880697731728931,1,0.06711933663378775,0.34261488630415415,0.3014883190469967,-0.5378698216006238,0.0004656216502119524,0.0,1.054516073763458
392,Arsenal,2017-08-19,0.880697731728931,0,0.07031549552111097,0.0,0.8945289279027248,-0.18128141340345144,0.0004656216502119524,0.05238281082503731,1.7171091742245643
393,Liverpool,2017-08-19,0.880697731728931,1,0.06711933663378775,0.34261488630415415,0.5752728535332964,-0.19347466399451185,0.0004656216502119524,0.0,1.6726957658558694
393,Crystal Palace,2017-08-19,0.880697731728931,0,0.06711933663378775,0.0,0.32176686032379154,-0.3459048639456452,0.0004656216502119524,0.05238281082503731,0.9765274972161142
394,Burnley,2017-08-19,0.880697731728931,0,0.06711933663378775,0.34261488630415415,0.127552088863071,-0.2160366327601303,0.0004656216502119524,0.0,1.2024130324200257
394,West Brom,2017-08-19,0.880697731728931,1,0.06711933663378775,0.0,0.3592895710630252,-0.07669558483974204,0.0004656216502119524,0.05238281082503731,1.2832594870612513
395,Bournemouth,2017-08-19,0.880697731728931,0,0.06711933663378775,0.34261488630415415,0.15020105706063355,-0.2563973134126867,0.0004656216502119524,0.0,1.1847013199650318
395,Watford,2017-08-19,0.880697731728931,2,0.06711933663378775,0.0,0.42641324103602307,-0.09031414551885059,0.0004656216502119524,0.05238281082503731,1.3367645963551404
396,Leicester,2017-08-19,0.880697731728931,2,0.07031549552111097,0.34261488630415415,0.7767997609627307,-0.0,0.0004656216502119524,0.0,2.070893496167139
396,Brighton,2017-08-19,0.880697731728931,0,0.06711933663378775,0.0,0.0,-0.4670806452598776,0.0004656216502119524,0.05238281082503731,0.5335848555780904
397,Huddersfield,2017-08-20,0.880697731728931,1,0.07031549552111097,0.34261488630415415,0.127552088863071,-0.4167497690787841,0.0004656216502119524,0.0,1.004896054988695
397,Newcastle,2017-08-20,0.880697731728931,0,0.06711933663378775,0.0,0.6930947027821137,-0.07669558483974204,0.0004656216502119524,0.05238281082503731,1.6170646187803397
398,Tottenham,2017-08-20,0.880697731728931,1,0.06711933663378775,0.34261488630415415,0.5116615038581582,-0.22068330374401154,0.0004656216502119524,0.0,1.5818757764312317
398,Chelsea,2017-08-20,0.880697731728931,2,0.07031549552111097,0.0,0.3670174290810836,-0.3076561005638285,0.0004656216502119524,0.00865181560173289,1.0194919930192416
399,Man City,2017-08-21,0.880697731728931,1,0.07301993765653832,0.34261488630415415,0.6655798617491004,-0.36281721888708246,0.0004656216502119524,0.0,1.5995608202018534
399,Everton,2017-08-21,0.880697731728931,1,0.07301993765653832,0.0,0.603399716440484,-0.4002054157592169,0.0004656216502119524,0.05238281082503731,1.2097604025419855
400,Watford,2017-08-26,0.880697731728931,0,0.06711933663378775,0.34261488630415415,0.4257934352897966,-0.0,0.0009312433004239048,0.0,1.7171566332570933
400,Brighton,2017-08-26,0.880697731728931,0,0.06711933663378775,0.0,0.0,-0.25602463143924675,0.0009312433004239048,0.05238281082503731,0.7451064910489332
401,Newcastle,2017-08-26,0.880697731728931,3,0.06328394596899987,0.34261488630415415,0.6441688920715559,-0.26899230308544353,0.0009312433004239048,0.0,1.662704396288621
401,West Ham,2017-08-26,0.880697731728931,0,0.06711933663378775,0.0,0.44735991280762266,-0.3873312491654568,0.0009312433004239048,0.05238281082503731,1.0611597861303457
402,Man United,2017-08-26,0.880697731728931,2,0.06711933663378775,0.34261488630415415,0.9362468353556785,-0.43806188220258424,0.0009312433004239048,0.0,1.7895481511203912
402,Leicester,2017-08-26,0.880697731728931,0,0.06711933663378775,0.0,0.7285387841162214,-0.5629543132691947,0.0009312433004239048,0.05238281082503731,1.1667155933352065
403,Crystal Palace,2017-08-26,0.880697731728931,0,0.06711933663378775,0.34261488630415415,0.2884355190249668,-0.40360889071051637,0.0009312433004239048,0.0,1.1761898262817472
403,Swansea,2017-08-26,0.880697731728931,2,0.06711933663378775,0.0,0.6712401659287803,-0.17343291683699796,0.0009312433004239048,0.05238281082503731,1.4989383715799622
404,Bournemouth,2017-08-26,0.880697731728931,1,0.06711933663378775,0.34261488630415415,0.11761789148467379,-0.35349387755909256,0.0009312433004239048,0.0,1.055487211892878
404,Man City,2017-08-26,0.880697731728931,2,0.05859624626759248,0.0,0.5878941086006922,-0.07072226770600597,0.0009312433004239048,0.05238281082503731,1.509779873016671
405,Huddersfield,2017-08-26,0.880697731728931,0,0.06328394596899987,0.34261488630415415,0.31888022215767753,-0.6545338741198693,0.0009312433004239048,0.0,0.9518741553403172
405,Southampton,2017-08-26,0.880697731728931,0,0.06711933663378775,0.0,1.0885523990732568,-0.19173896209935512,0.0009312433004239048,0.05238281082503731,1.8979445594620818
406,Chelsea,2017-08-27,0.880697731728931,2,0.06711933663378775,0.34261488630415415,0.39609552931232683,-0.360364974069606,0.0009312433004239048,0.0,1.3270937532100175
406,Everton,2017-08-27,0.880697731728931,0,0.06328394596899987,0.0,0.599321398900741,-0.23816762660490917,0.0009312433004239048,0.05238281082503731,1.3584495041192237
407,Liverpool,2017-08-27,0.880697731728931,4,0.07031549552111097,0.34261488630415415,0.6702926933558612,-0.5245868602661187,0.0009312433004239048,0.0,1.4402651899443626
407,Arsenal,2017-08-27,0.880697731728931,0,0.07031549552111097,0.0,0.8724380934949324,-0.40303918649204873,0.0009312433004239048,0.06491886811649923,1.4862622456698484
408,Tottenham,2017-08-27,0.880697731728931,1,0.06711933663378775,0.34261488630415415,0.4259002037465071,-0.11504337725961307,0.0009312433004239048,0.0,1.6022200244541909
408,Burnley,2017-08-27,0.880697731728931,1,0.07031549552111097,0.0,0.19132813329460652,-0.256088830068237,0.0009312433004239048,0.05238281082503731,0.9395665846018726
409,West Brom,2017-08-27,0.880697731728931,1,0.07031549552111097,0.34261488630415415,0.5197836891663686,-0.2695970713277905,0.0009312433004239048,0.0,1.544745974693198
409,Stoke,2017-08-27,0.880697731728931,1,0.07031549552111097,0.0,0.4483657002039974,-0.3125398759527106,0.0009312433004239048,0.05238281082503731,1.14015310562679
410,Southampton,2017-09-09,0.880697731728931,0,0.08203474477462948,0.34261488630415415,1.0119671920345554,-0.2814034853991075,0.0013968649506358572,0.0,2.037307934393798
410,Watford,2017-09-09,0.880697731728931,2,0.08203474477462948,0.0,0.46800089537104034,-0.6084840814723221,0.0013968649506358572,0.05238281082503731,0.8760289661779517
411,Stoke,2017-09-09,0.880697731728931,2,0.08065600956833317,0.34261488630415415,0.5218043907824977,-0.5882594959935655,0.0009312433004239048,0.0,1.2384447656907742
411,Man United,2017-09-09,0.880697731728931,2,0.08203474477462948,0.0,0.9783317731301233,-0.31375490028996,0.0009312433004239048,0.05238281082503731,1.680623403469185
412,Man City,2017-09-09,0.880697731728931,5,0.08203474477462948,0.34261488630415415,0.6766033208895592,-0.4316063477652505,0.0009312433004239048,0.0,1.551275579232447
412,Liverpool,2017-09-09,0.880697731728931,0,0.08065600956833317,0.0,0.7178026132671437,-0.4068336932987724,0.0009312433004239048,0.03097908167072099,1.3042329862367803
413,Everton,2017-09-09,0.880697731728931,0,0.08065600956833317,0.34261488630415415,0.5972822401308696,-0.23030519482044123,0.0009312433004239048,0.0,1.6718769162122704
413,Tottenham,2017-09-09,0.880697731728931,3,0.08065600956833317,0.0,0.3830195536906816,-0.3591388516608678,0.0009312433004239048,0.05238281082503731,1.0385484974525392
414,Leicester,2017-09-09,0.880697731728931,1,0.08203474477462948,0.34261488630415415,0.6618909327386098,-0.32360537287510005,0.0009312433004239048,0.0,1.6445641659716481
414,Chelsea,2017-09-09,0.880697731728931,2,0.08065600956833317,0.0,0.5381866682910195,-0.3979873057273569,0.0009312433004239048,0.05238281082503731,1.1548671579863878
415,Brighton,2017-09-09,0.880697731728931,3,0.08203474477462948,0.34261488630415415,0.042517362954357006,-0.3863566924955814,0.0009312433004239048,0.0,0.962439276566914
415,West Brom,2017-09-09,0.880697731728931,1,0.08065600956833317,0.0,0.6425481111723974,-0.02556519494658068,0.0009312433004239048,0.05238281082503731,1.631650711648542
416,Arsenal,2017-09-09,0.880697731728931,3,0.08065600956833317,0.34261488630415415,0.7338405874279652,-0.060926328799583665,0.0009312433004239048,0.0,1.9778141295302236
416,Bournemouth,2017-09-09,0.880697731728931,0,0.08203474477462948,0.0,0.1013263086966939,-0.4412497947591241,0.0009312433004239048,0.05238281082503731,0.6761230445665914
417,Burnley,2017-09-10,0.880697731728931,1,0.08203474477462948,0.34261488630415415,0.2657335184647313,-0.16341204325824102,0.0009312433004239048,0.0,1.4086000813146287
417,Crystal Palace,2017-09-10,0.880697731728931,0,0.08326834995921037,0.0,0.2717698483755544,-0.15978246841612925,0.0009312433004239048,0.05238281082503731,1.1292675157730276
418,Swansea,2017-09-10,0.880697731728931,0,0.08326834995921037,0.34261488630415415,0.6757589865992463,-0.3726219892087932,0.0009312433004239048,0.0,1.6106492086831725
418,Newcastle,2017-09-10,0.880697731728931,1,0.08326834995921037,0.0,0.619705986716277,-0.4063260049279036,0.0009312433004239048,0.05238281082503731,1.2306601176019758
419,West Ham,2017-09-11,0.880697731728931,2,0.08437859462533318,0.34261488630415415,0.35123204526688234,-0.2748258456757423,0.0004656216502119524,0.0,1.38456303389977
419,Huddersfield,2017-09-11,0.880697731728931,0,0.08437859462533318,0.0,0.45706165175933783,-0.2111917363824638,0.0004656216502119524,0.05238281082503731,1.2637946742063872
420,Bournemouth,2017-09-15,0.880697731728931,2,0.06328394596899987,0.34261488630415415,0.05066315434834695,-0.11504337725961307,0.0013968649506358572,0.0,1.2236132060414546
420,Brighton,2017-09-15,0.880697731728931,1,0.06328394596899987,0.0,0.19132813329460652,-0.030463164399791832,0.0013968649506358572,0.05238281082503731,1.1586263223684188
421,West Brom,2017-09-16,0.880697731728931,0,0.06711933663378775,0.34261488630415415,0.6614129592210547,-0.18229145303097394,0.0013968649506358572,0.0,1.7709503258075896
421,West Ham,2017-09-16,0.880697731728931,0,0.05859624626759248,0.0,0.3031681114965122,-0.3976999058204362,0.0013968649506358572,0.05238281082503731,0.8985418594482725
422,Watford,2017-09-16,0.880697731728931,0,0.06711933663378775,0.34261488630415415,0.6166567142747332,-0.4846339910617737,0.0013968649506358572,0.0,1.4238515428304686
422,Man City,2017-09-16,0.880697731728931,6,0.06711933663378775,0.0,0.8059926529427066,-0.3707884972187799,0.0013968649506358572,0.05238281082503731,1.4368008998623187
423,Tottenham,2017-09-16,0.880697731728931,0,0.06711933663378775,0.34261488630415415,0.4891313175258398,-0.3309889771968552,0.0013968649506358572,0.0,1.4499711599464935
423,Swansea,2017-09-16,0.880697731728931,0,0.06328394596899987,0.0,0.5504663080714082,-0.2941089620362854,0.0013968649506358572,0.05238281082503731,1.254118699508727
424,Liverpool,2017-09-16,0.880697731728931,1,0.06711933663378775,0.34261488630415415,0.6990402102684279,-0.2588475988341294,0.0013968649506358572,0.0,1.7320214310518074
424,Burnley,2017-09-16,0.880697731728931,1,0.06328394596899987,0.0,0.4304882999128647,-0.4203247334552707,0.0013968649506358572,0.05238281082503731,1.0079249199311981
425,Huddersfield,2017-09-16,0.880697731728931,1,0.05859624626759248,0.34261488630415415,0.526152366560168,-0.3012544326500012,0.0013968649506358572,0.0,1.5082036631614806
425,Leicester,2017-09-16,0.880697731728931,1,0.06711933663378775,0.0,0.5010149181867329,-0.31636928746393594,0.0013968649506358572,0.05238281082503731,1.186242374861189
426,Crystal Palace,2017-09-16,0.880697731728931,0,0.06328394596899987,0.34261488630415415,0.1358849241877772,-0.5087636003088065,0.0013968649506358572,0.0,0.9151147528316915
426,Southampton,2017-09-16,0.880697731728931,1,0.06711933663378775,0.0,0.8461224996521338,-0.08170602162912051,0.0013968649506358572,0.05238281082503731,1.766013222161405
427,Newcastle,2017-09-16,0.880697731728931,2,0.06328394596899987,0.34261488630415415,0.6925092599473516,-0.36139900971762545,0.0013968649506358572,0.0,1.619103679182447
427,Stoke,2017-09-16,0.880697731728931,1,0.06711933663378775,0.0,0.6010410990261049,-0.4163977491236227,0.0013968649506358572,0.05238281082503731,1.1862400940408744
428,Chelsea,2017-09-17,0.880697731728931,0,0.07031549552111097,0.34261488630415415,0.6942669636890798,-0.4507116518987882,0.0013968649506358572,0.0,1.5385802902951236
428,Arsenal,2017-09-17,0.880697731728931,0,0.07031549552111097,0.0,0.7495765603031956,-0.41745463590335685,0.0013968649506358572,0.009354073361613804,1.2938860899621305
429,Man United,2017-09-17,0.880697731728931,4,0.07031549552111097,0.34261488630415415,1.0418916049717026,-0.3585257904564986,0.0013968649506358572,0.0,1.9783907930200362
429,Everton,2017-09-17,0.880697731728931,0,0.07031549552111097,0.0,0.5962626607459338,-0.6264772823023316,0.0013968649506358572,0.05238281082503731,0.9745782814693174
430,Stoke,2017-09-23,0.880697731728931,0,0.06711933663378775,0.34261488630415415,0.5131073642848375,-0.46437926741748525,0.0013968649506358572,0.0,1.3405569164848614
430,Chelsea,2017-09-23,0.880697731728931,4,0.06328394596899987,0.0,0.7723071113881099,-0.3085254795917161,0.0013968649506358572,0.05238281082503731,1.461542985269998
431,West Ham,2017-09-23,0.880697731728931,2,0.06711933663378775,0.34261488630415415,0.3216535075656841,-0.3515760405907881,0.0009312433004239048,0.0,1.2614406649421928
431,Tottenham,2017-09-23,0.880697731728931,3,0.06711933663378775,0.0,0.584704562397776,-0.1934065063018097,0.0009312433004239048,0.05238281082503731,1.392429178584146
432,Swansea,2017-09-23,0.880697731728931,1,0.06711933663378775,0.34261488630415415,0.4878199688074891,-0.38991580818203536,0.0013968649506358572,0.0,1.3897329802429628
432,Watford,2017-09-23,0.880697731728931,2,0.06711933663378775,0.0,0.6484672607722226,-0.293320463331331,0.0013968649506358572,0.05238281082503731,1.3567435415792835
433,Southampton,2017-09-23,0.880697731728931,0,0.06711933663378775,0.34261488630415415,0.763200153460923,-0.6455861754567147,0.0018624866008478097,0.0,1.4099084192719291
433,Man United,2017-09-23,0.880697731728931,1,0.06328394596899987,0.0,1.0736715208924925,-0.4589033597270487,0.0018624866008478097,0.05238281082503731,1.6129951362892598
434,Man City,2017-09-23,0.880697731728931,5,0.06711933663378775,0.34261488630415415,0.9557220448779944,-0.040853010814560255,0.0013968649506358572,0.0,2.206697853680943
434,Crystal Palace,2017-09-23,0.880697731728931,0,0.06711933663378775,0.0,0.0679424620938886,-0.5746645298364357,0.0013968649506358572,0.05238281082503731,0.49487467639584487
435,Leicester,2017-09-23,0.880697731728931,2,0.06711933663378775,0.34261488630415415,0.42057691091079447,-0.4146839263002808,0.0013968649506358572,0.0,1.2977218042280225
435,Liverpool,2017-09-23,0.880697731728931,3,0.06711933663378775,0.0,0.6896590087690699,-0.2528879961113233,0.0013968649506358572,0.05238281082503731,1.4383677567961386
436,Everton,2017-09-23,0.880697731728931,2,0.06328394596899987,0.34261488630415415,0.46820078219039496,-0.09192716703963796,0.0013968649506358572,0.0,1.664267044103478
436,Bournemouth,2017-09-23,0.880697731728931,1,0.07031549552111097,0.0,0.1528836660372445,-0.28152367501457204,0.0013968649506358572,0.05238281082503731,0.8761528940483875
437,Burnley,2017-09-23,0.880697731728931,0,0.06711933663378775,0.34261488630415415,0.5553830535912884,-0.3627062033046134,0.0013968649506358572,0.0,1.4845056699041839
437,Huddersfield,2017-09-23,0.880697731728931,0,0.06711933663378775,0.0,0.6032150869149401,-0.3339453589897102,0.0013968649506358572,0.05238281082503731,1.270866472063622
438,Brighton,2017-09-24,0.880697731728931,1,0.07301993765653832,0.34261488630415415,0.2657335184647313,-0.4382856290810375,0.0013968649506358572,0.0,1.1251773100239533
438,Newcastle,2017-09-24,0.880697731728931,0,0.07031549552111097,0.0,0.7289108965628889,-0.15978246841612925,0.0013968649506358572,0.05238281082503731,1.5739213311724747
439,Arsenal,2017-09-25,0.880697731728931,2,0.07031549552111097,0.34261488630415415,0.6724098208320969,-0.4033715124828635,0.0013968649506358572,0.0,1.5640632868540651
439,West Brom,2017-09-25,0.880697731728931,0,0.07301993765653832,0.0,0.6708453832453835,-0.40431219057545886,0.0013968649506358572,0.05238281082503731,1.274030537831067
440,West Ham,2017-09-30,0.880697731728931,1,0.06711933663378775,0.34261488630415415,0.3308962056002701,-0.24892101145198822,0.0013968649506358572,0.0,1.373804013765791
440,Swansea,2017-09-30,0.880697731728931,0,0.06711933663378775,0.0,0.41397943622117256,-0.1989640329372276,0.0013968649506358572,0.05238281082503731,1.216612147422337
441,West Brom,2017-09-30,0.880697731728931,2,0.05859624626759248,0.34261488630415415,0.5480095063944768,-0.4506098535568245,0.0018624866008478097,0.0,1.3811710037391778
441,Watford,2017-09-30,0.880697731728931,2,0.06711933663378775,0.0,0.7494072599296814,-0.32951173097433517,0.0018624866008478097,0.05238281082503731,1.4219578947439502
442,Man United,2017-09-30,0.880697731728931,4,0.06711933663378775,0.34261488630415415,1.0895614788528873,-0.020426505407280127,0.0018624866008478097,0.0,2.361429414713328
442,Crystal Palace,2017-09-30,0.880697731728931,0,0.06711933663378775,0.0,0.0339712310469443,-0.6551406220339062,0.0018624866008478097,0.05238281082503731,0.38089297480164197
443,Stoke,2017-09-30,0.880697731728931,2,0.06711933663378775,0.34261488630415415,0.4691404969142038,-0.4084080444895891,0.0018624866008478097,0.0,1.3530268936923358
443,Southampton,2017-09-30,0.880697731728931,1,0.06711933663378775,0.0,0.6792216174109605,-0.2820887145287615,0.0018624866008478097,0.05238281082503731,1.3991952686708031
444,Chelsea,2017-09-30,0.880697731728931,0,0.06711933663378775,0.34261488630415415,0.938879274100696,-0.6196797992237667,0.0018624866008478097,0.0,1.61149391614465
444,Man City,2017-09-30,0.880697731728931,1,0.06711933663378775,0.0,1.0305867408456384,-0.5645371680142914,0.0018624866008478097,0.06547851353129663,1.4812076413262103
445,Bournemouth,2017-09-30,0.880697731728931,0,0.06711933663378775,0.34261488630415415,0.20399392188169327,-0.22870477784198437,0.0018624866008478097,0.0,1.2675835853074298
445,Leicester,2017-09-30,0.880697731728931,0,0.06711933663378775,0.0,0.38035790727282526,-0.12265916835956102,0.0018624866008478097,0.05238281082503731,1.2597611047018682
446,Huddersfield,2017-09-30,0.880697731728931,0,0.06711933663378775,0.34261488630415415,0.556711721183612,-0.38030957986803954,0.0018624866008478097,0.0,1.4686965825832932
446,Tottenham,2017-09-30,0.880697731728931,4,0.06711933663378775,0.0,0.632491184833744,-0.3347442713317908,0.0018624866008478097,0.05238281082503731,1.2998092792905571
447,Arsenal,2017-10-01,0.880697731728931,2,0.06328394596899987,0.34261488630415415,0.6338264510965474,-0.2588475988341294,0.0018624866008478097,0.0,1.6634379028653508
447,Brighton,2017-10-01,0.880697731728931,0,0.06711933663378775,0.0,0.4304882999128647,-0.3811124599137942,0.0018624866008478097,0.05238281082503731,1.0514382057876743
448,Everton,2017-10-01,0.880697731728931,0,0.07031549552111097,0.34261488630415415,0.4041698429126255,-0.3203638491743392,0.0018624866008478097,0.0,1.3792965938933301
448,Burnley,2017-10-01,0.880697731728931,1,0.07031549552111097,0.0,0.5327957045217863,-0.24302261729360874,0.0018624866008478097,0.05238281082503731,1.2950316119041045
449,Newcastle,2017-10-01,0.880697731728931,1,0.06711933663378775,0.34261488630415415,0.7471117148706574,-0.4629939126159472,0.0018624866008478097,0.0,1.5764122435224313
449,Liverpool,2017-10-01,0.880697731728931,1,0.07031549552111097,0.0,0.770003133928105,-0.44922956905974487,0.0018624866008478097,0.05238281082503731,1.3260320895442872
450,Swansea,2017-10-14,0.880697731728931,2,0.08203474477462948,0.34261488630415415,0.3770591699280143,-0.24406772050563744,0.0018624866008478097,0.0,1.4402012988309394
450,Huddersfield,2017-10-14,0.880697731728931,0,0.08203474477462948,0.0,0.40590794945487707,-0.22672128551231685,0.0018624866008478097,0.05238281082503731,1.1961644378720058
451,Watford,2017-10-14,0.880697731728931,2,0.08203474477462948,0.34261488630415415,0.7148425335996967,-0.4462081794227039,0.0018624866008478097,0.0,1.575844203585555
451,Arsenal,2017-10-14,0.880697731728931,1,0.08065600956833317,0.0,0.7420868550918438,-0.4298264863510577,0.0018624866008478097,0.05238281082503731,1.3278594074639354
452,Tottenham,2017-10-14,0.880697731728931,1,0.08203474477462948,0.34261488630415415,0.7839365849147991,-0.16359036396610324,0.0018624866008478097,0.0,1.9275560703572585
452,Bournemouth,2017-10-14,0.880697731728931,0,0.08203474477462948,0.0,0.27206641275827464,-0.47137193434640723,0.0018624866008478097,0.05238281082503731,0.8176722523413129
453,Man City,2017-10-14,0.880697731728931,7,0.08203474477462948,0.34261488630415415,1.1530538147381741,-0.26887033199728416,0.0018624866008478097,0.0,2.191393332149452
453,Stoke,2017-10-14,0.880697731728931,2,0.08203474477462948,0.0,0.44715706322888693,-0.6933178238105936,0.0018624866008478097,0.05238281082503731,0.7708170133477388
454,Crystal Palace,2017-10-14,0.880697731728931,2,0.08203474477462948,0.34261488630415415,0.01698561552347215,-0.5379205334729525,0.0018624866008478097,0.0,0.786274931459082
454,Chelsea,2017-10-14,0.880697731728931,1,0.08203474477462948,0.0,0.894613266593918,-0.010213252703640064,0.0018624866008478097,0.05238281082503731,1.9013777878197236
455,Burnley,2017-10-14,0.880697731728931,1,0.08065600956833317,0.34261488630415415,0.6490541188501062,-0.27843838109467856,0.0018624866008478097,0.0,1.6764468519576938
455,West Ham,2017-10-14,0.880697731728931,1,0.08203474477462948,0.0,0.46306964348063406,-0.39026867910639573,0.0018624866008478097,0.05238281082503731,1.0897787383036839
456,Liverpool,2017-10-14,0.880697731728931,0,0.08065600956833317,0.34261488630415415,0.7251404705989086,-0.659917845322502,0.0018624866008478097,0.0,1.371053739478673
456,Man United,2017-10-14,0.880697731728931,0,0.08203474477462948,0.0,1.0975064578330846,-0.4360185158806191,0.0018624866008478097,0.03097908167072099,1.6570619867275946
457,Brighton,2017-10-15,0.880697731728931,1,0.08203474477462948,0.34261488630415415,0.5128656906369314,-0.1982068934865464,0.0018624866008478097,0.0,1.6218686465589476
457,Everton,2017-10-15,0.880697731728931,1,0.08203474477462948,0.0,0.32963701031938375,-0.30838016404312946,0.0018624866008478097,0.05238281082503731,1.0382346202056998
458,Southampton,2017-10-15,0.880697731728931,2,0.08326834995921037,0.34261488630415415,0.5096802605229083,-0.48026673399567926,0.002328108251059762,0.0,1.3383226027705843
458,Newcastle,2017-10-15,0.880697731728931,2,0.08203474477462948,0.0,0.7987294869788988,-0.3064648020311173,0.002328108251059762,0.05238281082503731,1.509708080527439
459,Leicester,2017-10-16,0.880697731728931,1,0.08437859462533318,0.34261488630415415,0.27521367954512665,-0.24145145032690962,0.0018624866008478097,0.0,1.3433159284774832
459,West Brom,2017-10-16,0.880697731728931,1,0.08437859462533318,0.0,0.4015568420603094,-0.16548277881415355,0.0018624866008478097,0.05238281082503731,1.2553956870263052
460,West Ham,2017-10-20,0.880697731728931,0,0.06328394596899987,0.34261488630415415,0.5716737253751731,-0.3331464466476295,0.0018624866008478097,0.0,1.5269863293304764
460,Brighton,2017-10-20,0.880697731728931,3,0.05859624626759248,0.0,0.5540543859989647,-0.34374075011998473,0.0018624866008478097,0.05238281082503731,1.2038529113013885
461,Newcastle,2017-10-21,0.880697731728931,1,0.06328394596899987,0.34261488630415415,0.7395036471243055,-0.08180221119156207,0.002328108251059762,0.0,1.9466261081858882
461,Crystal Palace,2017-10-21,0.880697731728931,0,0.06711933663378775,0.0,0.1360448966248071,-0.44465492657048505,0.002328108251059762,0.05238281082503731,0.6939179574931378
462,Chelsea,2017-10-21,0.880697731728931,4,0.06711933663378775,0.34261488630415415,0.7449281739774581,-0.4705651926413357,0.002328108251059762,0.0,1.5671230442540551
462,Watford,2017-10-21,0.880697731728931,2,0.06711933663378775,0.0,0.7825948963434184,-0.44791663136254106,0.002328108251059762,0.05238281082503731,1.337206252419693
463,Huddersfield,2017-10-21,0.880697731728931,2,0.06711933663378775,0.34261488630415415,0.28798870063615256,-0.6111760670736385,0.002328108251059762,0.0,0.9695726964804469
463,Man United,2017-10-21,0.880697731728931,1,0.06711933663378775,0.0,1.0164442214144693,-0.17316425014598008,0.002328108251059762,0.05238281082503731,1.845807958707305
464,Man City,2017-10-21,0.880697731728931,3,0.06711933663378775,0.34261488630415415,1.2142873516844421,-0.425221094072424,0.002328108251059762,0.0,2.0818263205299505
464,Burnley,2017-10-21,0.880697731728931,0,0.06711933663378775,0.0,0.7071833260142661,-0.730136836104007,0.002328108251059762,0.05238281082503731,0.9795744773490749
465,Southampton,2017-10-21,0.880697731728931,1,0.06328394596899987,0.34261488630415415,0.4249095820788822,-0.19742131000319685,0.0027937299012717144,0.0,1.5168785659790418
465,West Brom,2017-10-21,0.880697731728931,0,0.05859624626759248,0.0,0.3283305098932257,-0.2554931808018814,0.0027937299012717144,0.05238281082503731,1.0673078478141766
466,Stoke,2017-10-21,0.880697731728931,1,0.06711933663378775,0.34261488630415415,0.39364798343187146,-0.18405596176937433,0.002328108251059762,0.0,1.5023520845804301
466,Bournemouth,2017-10-21,0.880697731728931,2,0.06711933663378775,0.0,0.30610265819656535,-0.2366959457849648,0.002328108251059762,0.05238281082503731,1.0719346998504162
467,Swansea,2017-10-21,0.880697731728931,1,0.06711933663378775,0.34261488630415415,0.3585990367814352,-0.15943697424681882,0.002328108251059762,0.0,1.491922125452549
467,Leicester,2017-10-21,0.880697731728931,2,0.05859624626759248,0.0,0.26515892863563434,-0.21562142254248115,0.002328108251059762,0.05238281082503731,1.0435424031657738
468,Everton,2017-10-22,0.880697731728931,2,0.06711933663378775,0.34261488630415415,0.3348879569771199,-0.47875603917715875,0.002328108251059762,0.0,1.148891980717894
468,Arsenal,2017-10-22,0.880697731728931,5,0.07031549552111097,0.0,0.796217057089492,-0.20136422652959593,0.002328108251059762,0.05238281082503731,1.600576976886035
469,Tottenham,2017-10-22,0.880697731728931,4,0.07031549552111097,0.34261488630415415,0.9446940108640406,-0.37140042761979364,0.002328108251059762,0.0,1.8692498050495028
469,Liverpool,2017-10-22,0.880697731728931,1,0.07031549552111097,0.0,0.6176744130255963,-0.5680335014787525,0.002328108251059762,0.06520223288348526,1.0681844799314306
470,Watford,2017-10-28,0.880697731728931,0,0.06711933663378775,0.34261488630415415,0.6889189888522083,-0.19504355773222445,0.002328108251059762,0.0,1.7866354940379165
470,Stoke,2017-10-28,0.880697731728931,1,0.06711933663378775,0.0,0.32437608057900674,-0.4142389609467326,0.002328108251059762,0.05238281082503731,0.9126651070710899
471,Crystal Palace,2017-10-28,0.880697731728931,2,0.06711933663378775,0.34261488630415415,0.19557453717547457,-0.2996963497928958,0.002328108251059762,0.0,1.1886382503005115
471,West Ham,2017-10-28,0.880697731728931,2,0.07031549552111097,0.0,0.49842367745937155,-0.11759669043552308,0.002328108251059762,0.05238281082503731,1.3865511333499876
472,West Brom,2017-10-28,0.880697731728931,2,0.06711933663378775,0.34261488630415415,0.2917173438096839,-0.7485463422507137,0.002328108251059762,0.0,0.8359310644769029
472,Man City,2017-10-28,0.880697731728931,3,0.06711933663378775,0.0,1.2449041201575761,-0.17540623984134046,0.002328108251059762,0.05238281082503731,2.072025867755052
473,Man United,2017-10-28,0.880697731728931,1,0.06711933663378775,0.34261488630415415,0.9333957402508047,-0.6163642850449251,0.002328108251059762,0.0,1.6097915181238123
473,Tottenham,2017-10-28,0.880697731728931,0,0.06328394596899987,0.0,1.0250727238386614,-0.561239983002626,0.002328108251059762,0.06547851353129663,1.4756210403163226
474,Arsenal,2017-10-28,0.880697731728931,2,0.06328394596899987,0.34261488630415415,0.8232821580883161,-0.2100714910575633,0.002328108251059762,0.0,1.9021353392838976
474,Swansea,2017-10-28,0.880697731728931,1,0.06711933663378775,0.0,0.3493689702081456,-0.4950299690543862,0.002328108251059762,0.05238281082503731,0.856866988592575
475,Bournemouth,2017-10-28,0.880697731728931,0,0.06711933663378775,0.34261488630415415,0.45067286977878174,-0.4029146803073353,0.002328108251059762,0.0,1.3405182523893793
475,Chelsea,2017-10-28,0.880697731728931,1,0.06711933663378775,0.0,0.6700856276692281,-0.27098434551075196,0.002328108251059762,0.05238281082503731,1.4016292695972918
476,Liverpool,2017-10-28,0.880697731728931,3,0.06328394596899987,0.34261488630415415,0.5639413842389402,-0.21440809980589345,0.002328108251059762,0.0,1.6384579566861914
476,Huddersfield,2017-10-28,0.880697731728931,0,0.06711933663378775,0.0,0.3565811650898613,-0.3390913834893809,0.002328108251059762,0.05238281082503731,1.0200177690392962
477,Brighton,2017-10-29,0.880697731728931,1,0.07301993765653832,0.34261488630415415,0.5746487336799814,-0.30670295502700545,0.002328108251059762,0.0,1.566606442593659
477,Southampton,2017-10-29,0.880697731728931,1,0.07031549552111097,0.0,0.5100763317199402,-0.34552958794987954,0.002328108251059762,0.05238281082503731,1.1702708900961998
478,Leicester,2017-10-29,0.880697731728931,2,0.07031549552111097,0.34261488630415415,0.3876836420439592,-0.2029428930511207,0.002328108251059762,0.0,1.4806969707980941
478,Everton,2017-10-29,0.880697731728931,0,0.06711933663378775,0.0,0.33751343030598796,-0.2331096568028935,0.002328108251059762,0.05238281082503731,1.1069317609419103
479,Burnley,2017-10-30,0.880697731728931,1,0.07301993765653832,0.34261488630415415,0.6086958407332751,-0.426849022857888,0.002328108251059762,0.0,1.4805074818160704
479,Newcastle,2017-10-30,0.880697731728931,0,0.07301993765653832,0.0,0.7098907271970087,-0.3660017167156961,0.002328108251059762,0.05238281082503731,1.3523175989428788
480,West Ham,2017-11-04,0.880697731728931,1,0.06711933663378775,0.34261488630415415,0.4617986535014708,-0.3740672513173359,0.002328108251059762,0.0,1.3804914651020677
480,Liverpool,2017-11-04,0.880697731728931,4,0.06711933663378775,0.0,0.6221095957543261,-0.2776741496293513,0.002328108251059762,0.05238281082503731,1.3469634335637906
481,Huddersfield,2017-11-04,0.880697731728931,1,0.06711933663378775,0.34261488630415415,0.3483600343623587,-0.1388335098138316,0.0027937299012717144,0.0,1.5027522091166718
481,West Brom,2017-11-04,0.880697731728931,0,0.06711933663378775,0.0,0.23089339781355595,-0.20946482968926944,0.0027937299012717144,0.05238281082503731,1.0244221772133142
482,Newcastle,2017-11-04,0.880697731728931,0,0.05859624626759248,0.34261488630415415,0.5675321783702895,-0.2377529525416987,0.0027937299012717144,0.0,1.6144818200305402
482,Bournemouth,2017-11-04,0.880697731728931,1,0.06711933663378775,0.0,0.39540588670681887,-0.3412504861618474,0.0027937299012717144,0.05238281082503731,1.0571490096339993
483,Southampton,2017-11-04,0.880697731728931,0,0.06328394596899987,0.34261488630415415,0.4676249806317551,-0.38752241793049347,0.003259351551483667,0.0,1.3699584782548302
483,Burnley,2017-11-04,0.880697731728931,1,0.05859624626759248,0.0,0.6444868240014936,-0.2811774522464061,0.003259351551483667,0.05238281082503731,1.3582455121281318
484,Stoke,2017-11-04,0.880697731728931,2,0.06711933663378775,0.34261488630415415,0.4172922180156454,-0.3210763879740922,0.0027937299012717144,0.0,1.389441514609698
484,Leicester,2017-11-04,0.880697731728931,2,0.06328394596899987,0.0,0.5339807246568357,-0.2509129485455963,0.0027937299012717144,0.05238281082503731,1.2822259945354793
485,Swansea,2017-11-04,0.880697731728931,0,0.06711933663378775,0.34261488630415415,0.3022365739671438,-0.3772863535475852,0.0027937299012717144,0.0,1.2181759049877032
485,Brighton,2017-11-04,0.880697731728931,1,0.06328394596899987,0.0,0.6274632704748467,-0.18173133036852368,0.0027937299012717144,0.05238281082503731,1.444890158530563
486,Everton,2017-11-05,0.880697731728931,3,0.06711933663378775,0.34261488630415415,0.338826166970422,-0.38607584509943105,0.0027937299012717144,0.0,1.2459760064391356
486,Watford,2017-11-05,0.880697731728931,2,0.07031549552111097,0.0,0.6420810351066032,-0.20373222631188306,0.0027937299012717144,0.05238281082503731,1.444538576771071
487,Man City,2017-11-05,0.880697731728931,3,0.07031549552111097,0.34261488630415415,1.2602125043941432,-0.5542973238861613,0.0027937299012717144,0.0,2.0023370239634497
487,Arsenal,2017-11-05,0.880697731728931,1,0.07031549552111097,0.0,0.9218494344964421,-0.757751095324067,0.0027937299012717144,0.06520223288348526,1.1831075292071738
488,Chelsea,2017-11-05,0.880697731728931,1,0.07031549552111097,0.34261488630415415,0.7176990804238271,-0.5362719409671198,0.0027937299012717144,0.0,1.4778489829121748
488,Man United,2017-11-05,0.880697731728931,0,0.07031549552111097,0.0,0.8918714996689725,-0.4315440946728938,0.0027937299012717144,0.06574797243471761,1.4798823345821102
489,Tottenham,2017-11-05,0.880697731728931,1,0.07031549552111097,0.34261488630415415,1.0227447173716149,-0.16105912500408426,0.0027937299012717144,0.0,2.158107435822999
489,Crystal Palace,2017-11-05,0.880697731728931,0,0.07031549552111097,0.0,0.2678567204051653,-0.6149644818814307,0.0027937299012717144,0.05238281082503731,0.6590820065000854
490,Liverpool,2017-11-18,0.880697731728931,3,0.08203474477462948,0.34261488630415415,0.6511937015120192,-0.26841470085610647,0.0027937299012717144,0.0,1.690920093364899
490,Southampton,2017-11-18,0.880697731728931,0,0.08203474477462948,0.0,0.44639930508766257,-0.3915551852313134,0.0027937299012717144,0.05238281082503731,1.0727531370862184
491,Man United,2017-11-18,0.880697731728931,4,0.08065600956833317,0.34261488630415415,0.7435572905149853,-0.2984512178138271,0.0027937299012717144,0.0,1.7518684302038483
491,Newcastle,2017-11-18,0.880697731728931,1,0.08203474477462948,0.0,0.4963529039569297,-0.4470923351096247,0.0027937299012717144,0.05238281082503731,1.0671695860771744
492,Leicester,2017-11-18,0.880697731728931,0,0.08203474477462948,0.34261488630415415,0.6496466289176309,-0.7623534718607438,0.0027937299012717144,0.0,1.1954342497658732
492,Man City,2017-11-18,0.880697731728931,2,0.08065600956833317,0.0,1.2678666965124268,-0.3906249485062722,0.0027937299012717144,0.05238281082503731,1.8937720300297276
493,West Brom,2017-11-18,0.880697731728931,0,0.08203474477462948,0.34261488630415415,0.200481424815492,-0.445858801855673,0.0027937299012717144,0.0,1.0627637156688052
493,Chelsea,2017-11-18,0.880697731728931,4,0.08065600956833317,0.0,0.7415058068011267,-0.12054714480007717,0.0027937299012717144,0.05238281082503731,1.6374889440246225
494,Burnley,2017-11-18,0.880697731728931,2,0.08203474477462948,0.34261488630415415,0.7474170415443169,-0.16756125002400388,0.0027937299012717144,0.0,1.8879968842292996
494,Swansea,2017-11-18,0.880697731728931,0,0.08203474477462948,0.0,0.27867037584664295,-0.44941315843105356,0.0027937299012717144,0.05238281082503731,0.8471662346454588
495,Bournemouth,2017-11-18,0.880697731728931,4,0.08203474477462948,0.34261488630415415,0.4953244840339085,-0.2581235845241188,0.0027937299012717144,0.0,1.5453419922187759
495,Huddersfield,2017-11-18,0.880697731728931,0,0.08203474477462948,0.0,0.4292841949073214,-0.29783284089691414,0.0027937299012717144,0.05238281082503731,1.1493603712402767
496,Arsenal,2017-11-18,0.880697731728931,2,0.08065600956833317,0.34261488630415415,0.8435809838374341,-0.6142645802996836,0.0027937299012717144,0.0,1.5360787610404403
496,Tottenham,2017-11-18,0.880697731728931,0,0.08065600956833317,0.0,1.0215807141380915,-0.5072354164623067,0.0027937299012717144,0.007936789518945046,1.4864295583932656
497,Crystal Palace,2017-11-18,0.880697731728931,2,0.08065600956833317,0.34261488630415415,0.3039978120200107,-0.20412689294226427,0.0027937299012717144,0.0,1.4066332765804364
497,Everton,2017-11-18,0.880697731728931,2,0.08065600956833317,0.0,0.33948253530263905,-0.18279034228836485,0.0027937299012717144,0.05238281082503731,1.1732224750378475
498,Watford,2017-11-19,0.880697731728931,2,0.08203474477462948,0.34261488630415415,0.4911099693707296,-0.2666630495475791,0.0027937299012717144,0.0,1.5325880125321367
498,West Ham,2017-11-19,0.880697731728931,0,0.08326834995921037,0.0,0.4434861415225204,-0.2952987023360383,0.0027937299012717144,0.05238281082503731,1.1673300616009323
499,Brighton,2017-11-20,0.880697731728931,2,0.08437859462533318,0.34261488630415415,0.6538705388722794,-0.30441283889886295,0.0027937299012717144,0.0,1.6599426425331063
499,Stoke,2017-11-20,0.880697731728931,2,0.08437859462533318,0.0,0.5062676496883217,-0.39316473634643806,0.0027937299012717144,0.05238281082503731,1.1333557804224568
500,West Ham,2017-11-24,0.880697731728931,1,0.05859624626759248,0.34261488630415415,0.30677779666997423,-0.3998340338257816,0.0027937299012717144,0.0,1.1916463570461422
500,Leicester,2017-11-24,0.880697731728931,1,0.06328394596899987,0.0,0.6649622180936715,-0.1844619146669509,0.0027937299012717144,0.05238281082503731,1.4796585218509604
501,Tottenham,2017-11-25,0.880697731728931,1,0.06711933663378775,0.34261488630415415,0.8934466236582588,-0.08583876734661926,0.003259351551483667,0.0,2.101299162529996
501,West Brom,2017-11-25,0.880697731728931,1,0.06711933663378775,0.0,0.142758075362103,-0.5372190446690679,0.003259351551483667,0.05238281082503731,0.6089982614322748
502,Swansea,2017-11-25,0.880697731728931,0,0.06711933663378775,0.34261488630415415,0.26688727678639246,-0.3790031749676832,0.003259351551483667,0.0,1.181575408037066
502,Bournemouth,2017-11-25,0.880697731728931,0,0.06711933663378775,0.0,0.6303185086061673,-0.160476209851744,0.003259351551483667,0.05238281082503731,1.4733015294936629
503,Newcastle,2017-11-25,0.880697731728931,0,0.06711933663378775,0.34261488630415415,0.4182459037958929,-0.3010405208475032,0.003259351551483667,0.0,1.4108966891667463
503,Watford,2017-11-25,0.880697731728931,3,0.06328394596899987,0.0,0.5006591624115069,-0.25148638869323625,0.003259351551483667,0.05238281082503731,1.2487966137927224
504,Liverpool,2017-11-25,0.880697731728931,1,0.06711933663378775,0.34261488630415415,0.7507704802995797,-0.5297117402868047,0.003259351551483667,0.0,1.5147500462311319
504,Chelsea,2017-11-25,0.880697731728931,1,0.06711933663378775,0.0,0.8809612588528475,-0.4514295420814636,0.003259351551483667,0.06520223288348526,1.4458103695690716
505,Crystal Palace,2017-11-25,0.880697731728931,2,0.06711933663378775,0.34261488630415415,0.36458572078179036,-0.2800323941823349,0.003259351551483667,0.0,1.3782446328178122
505,Stoke,2017-11-25,0.880697731728931,1,0.05859624626759248,0.0,0.4657206396159459,-0.21922114587708583,0.003259351551483667,0.05238281082503731,1.2414356341119044
506,Man United,2017-11-25,0.880697731728931,1,0.06711933663378775,0.34261488630415415,0.6694001859379917,-0.42666912269244517,0.003259351551483667,0.0,1.5364223694639032
506,Brighton,2017-11-25,0.880697731728931,0,0.05859624626759248,0.0,0.7095915360253527,-0.4025025321808771,0.003259351551483667,0.05238281082503731,1.30202514421752
507,Southampton,2017-11-26,0.880697731728931,4,0.07031549552111097,0.34261488630415415,0.4357864673156163,-0.22988942120403555,0.0037249732016956193,0.0,1.5032501328674723
507,Everton,2017-11-26,0.880697731728931,1,0.07031549552111097,0.0,0.38232808242310456,-0.2620333251609566,0.0037249732016956193,0.05238281082503731,1.1274157685389228
508,Burnley,2017-11-26,0.880697731728931,0,0.07031549552111097,0.34261488630415415,0.7988821503157285,-0.48370446275037954,0.003259351551483667,0.0,1.6120651526710286
508,Arsenal,2017-11-26,0.880697731728931,1,0.07031549552111097,0.0,0.8044467585079301,-0.4803585286813336,0.003259351551483667,0.05238281082503731,1.3307436194531592
509,Huddersfield,2017-11-26,0.880697731728931,1,0.07031549552111097,0.34261488630415415,0.4697462751798027,-0.7646546601290821,0.003259351551483667,0.0,1.0019790801564004
509,Man City,2017-11-26,0.880697731728931,2,0.07031549552111097,0.0,1.2716937925715686,-0.2824529619415435,0.003259351551483667,0.05238281082503731,1.9958962202565877
510,Watford,2017-11-28,0.880697731728931,2,0.04520281854928562,0.34261488630415415,0.5054337589318955,-0.4313380206096647,0.003259351551483667,0.0,1.345870526456085
510,Man United,2017-11-28,0.880697731728931,4,0.04520281854928562,0.0,0.717356359558209,-0.3039114301032357,0.003259351551483667,0.05238281082503731,1.3949876421097107
511,West Brom,2017-11-28,0.880697731728931,2,0.04520281854928562,0.34261488630415415,0.11389640063540851,-0.2024387791863602,0.003259351551483667,0.0,1.1832324095829028
511,Newcastle,2017-11-28,0.880697731728931,2,0.04520281854928562,0.0,0.33667504076101745,-0.06848457861989031,0.003259351551483667,0.05238281082503731,1.2497331747958647
512,Brighton,2017-11-28,0.880697731728931,0,0.04520281854928562,0.34261488630415415,0.6949346716475324,-0.2374365476714463,0.003259351551483667,0.0,1.7292729121099404
512,Crystal Palace,2017-11-28,0.880697731728931,0,0.04520281854928562,0.0,0.3948796751626802,-0.41785612091886803,0.003259351551483667,0.05238281082503731,0.9585662668985496
513,Leicester,2017-11-28,0.880697731728931,2,0.05273662164083323,0.34261488630415415,0.6726200126816918,-0.4475658869605987,0.003259351551483667,0.0,1.5043627169464953
513,Tottenham,2017-11-28,0.880697731728931,1,0.04520281854928562,0.0,0.7443448525096283,-0.40443857648553627,0.003259351551483667,0.05238281082503731,1.3214489886788294
514,Arsenal,2017-11-29,0.880697731728931,5,0.04520281854928562,0.34261488630415415,0.9124317347062492,-0.29461765065025586,0.003259351551483667,0.0,1.8895888721898477
514,Huddersfield,2017-11-29,0.880697731728931,0,0.04520281854928562,0.0,0.4899773153160434,-0.548634570734158,0.003259351551483667,0.05238281082503731,0.9228854572366229
515,Bournemouth,2017-11-29,0.880697731728931,1,0.05273662164083323,0.34261488630415415,0.7403328838466537,-0.47026601885989294,0.003259351551483667,0.0,1.5493754562121629
515,Burnley,2017-11-29,0.880697731728931,2,0.04520281854928562,0.0,0.7820973417470773,-0.44515353694964843,0.003259351551483667,0.05238281082503731,1.3184865174521663
516,Chelsea,2017-11-29,0.880697731728931,1,0.05273662164083323,0.34261488630415415,0.9932063478330648,-0.10580329987245267,0.003259351551483667,0.0,2.1667116391860146
516,Swansea,2017-11-29,0.880697731728931,0,0.05273662164083323,0.0,0.17596100134755324,-0.5972034044489513,0.003259351551483667,0.05238281082503731,0.5678341126448871
517,Everton,2017-11-29,0.880697731728931,4,0.04520281854928562,0.34261488630415415,0.3612334930289803,-0.14336134722663682,0.003259351551483667,0.0,1.4896469339361977
517,West Ham,2017-11-29,0.880697731728931,0,0.05859624626759248,0.0,0.23842362424370112,-0.21720549038834047,0.003259351551483667,0.05238281082503731,1.0161542742284053
518,Man City,2017-11-29,0.880697731728931,2,0.04520281854928562,0.34261488630415415,1.2736073406011394,-0.30997302720654313,0.003259351551483667,0.0,2.235409101528451
518,Southampton,2017-11-29,0.880697731728931,1,0.04520281854928562,0.0,0.5155147743383073,-0.7658052542632513,0.003259351551483667,0.05238281082503731,0.7312522327297937
519,Stoke,2017-11-29,0.880697731728931,0,0.05273662164083323,0.34261488630415415,0.445447134579758,-0.4813667205065386,0.003259351551483667,0.0,1.2433890052986214
519,Liverpool,2017-11-29,0.880697731728931,3,0.05273662164083323,0.0,0.8005588696933599,-0.26784217182407083,0.003259351551483667,0.05238281082503731,1.521793213615574
520,West Brom,2017-12-02,0.880697731728931,0,0.05273662164083323,0.34261488630415415,0.14198292622641825,-0.2721094435152072,0.0037249732016956193,0.0,1.1496476955868251
520,Crystal Palace,2017-12-02,0.880697731728931,0,0.05273662164083323,0.0,0.4525440153074821,-0.08537267920310652,0.0037249732016956193,0.05238281082503731,1.3567134735008726
521,Watford,2017-12-02,0.880697731728931,1,0.05273662164083323,0.34261488630415415,0.5078210571920897,-0.32604372326662207,0.0037249732016956193,0.0,1.4615515468010816
521,Tottenham,2017-12-02,0.880697731728931,1,0.05273662164083323,0.0,0.5422418780722422,-0.30534688473110194,0.0037249732016956193,0.05238281082503731,1.2264371307376374
522,Stoke,2017-12-02,0.880697731728931,2,0.04520281854928562,0.34261488630415415,0.435310382061664,-0.07846684488280702,0.0037249732016956193,0.0,1.6290839469629232
522,Swansea,2017-12-02,0.880697731728931,1,0.04520281854928562,0.0,0.13049786362813362,-0.2617470606449388,0.0037249732016956193,0.05238281082503731,0.8507591372881443
523,Leicester,2017-12-02,0.880697731728931,1,0.05273662164083323,0.34261488630415415,0.676448909975702,-0.5419153487889147,0.0037249732016956193,0.0,1.4143077740624015
523,Burnley,2017-12-02,0.880697731728931,0,0.04520281854928562,0.0,0.9012570263258227,-0.4067408478154136,0.0037249732016956193,0.05238281082503731,1.4765245128153586
524,Chelsea,2017-12-02,0.880697731728931,3,0.04520281854928562,0.34261488630415415,1.0493288923231734,-0.1267845845397608,0.0037249732016956193,0.0,2.194784717567479
524,Newcastle,2017-12-02,0.880697731728931,1,0.05273662164083323,0.0,0.21085488333486577,-0.6309492365300244,0.0037249732016956193,0.05238281082503731,0.5694477842013385
525,Brighton,2017-12-02,0.880697731728931,1,0.05273662164083323,0.34261488630415415,0.6025715135499082,-0.5730308945588181,0.0037249732016956193,0.0,1.309314831866704
525,Liverpool,2017-12-02,0.880697731728931,5,0.04520281854928562,0.0,0.9530051532533209,-0.3623192301389181,0.0037249732016956193,0.05238281082503731,1.5726942574193523
526,Arsenal,2017-12-02,0.880697731728931,1,0.04520281854928562,0.34261488630415415,0.9664242228054086,-0.5224513496638005,0.0037249732016956193,0.0,1.7162132829256744
526,Man United,2017-12-02,0.880697731728931,3,0.05273662164083323,0.0,0.8688865352313885,-0.5810996247260471,0.0037249732016956193,0.06520223288348526,1.290148469960286
527,Everton,2017-12-02,0.880697731728931,2,0.04520281854928562,0.34261488630415415,0.4782382871949892,-0.22400441016486997,0.0037249732016956193,0.0,1.5264742868141854
527,Huddersfield,2017-12-02,0.880697731728931,0,0.04520281854928562,0.0,0.3725407465210927,-0.287559109820235,0.0037249732016956193,0.05238281082503731,1.066989971005807
528,Bournemouth,2017-12-03,0.880697731728931,1,0.05273662164083323,0.34261488630415415,0.6677879826038259,-0.2572472933895943,0.0037249732016956193,0.0,1.6903149020898456
528,Southampton,2017-12-03,0.880697731728931,1,0.05273662164083323,0.0,0.42782683898658164,-0.40153313310088895,0.0037249732016956193,0.05238281082503731,1.01583584328219
529,Man City,2017-12-03,0.880697731728931,2,0.05273662164083323,0.34261488630415415,1.2745641146159248,-0.12281106350647976,0.0037249732016956193,0.0,2.431527263985059
529,West Ham,2017-12-03,0.880697731728931,1,0.05273662164083323,0.0,0.20424653803056456,-0.7663805513303358,0.0037249732016956193,0.05238281082503731,0.42740812409672585
530,Swansea,2017-12-09,0.880697731728931,1,0.06711933663378775,0.34261488630415415,0.10776629476842381,-0.11938192444129532,0.0037249732016956193,0.0,1.282541298195697
530,West Brom,2017-12-09,0.880697731728931,0,0.06711933663378775,0.0,0.19854355197628018,-0.06479861738798419,0.0037249732016956193,0.05238281082503731,1.1376697869777475
531,West Ham,2017-12-09,0.880697731728931,1,0.06328394596899987,0.34261488630415415,0.14464063196963928,-0.6478221525705611,0.003259351551483667,0.0,0.7866743949526467
531,Chelsea,2017-12-09,0.880697731728931,0,0.06711933663378775,0.0,1.0773901645682278,-0.08697072669982056,0.003259351551483667,0.05238281082503731,1.9938786686076468
532,Newcastle,2017-12-09,0.880697731728931,2,0.06711933663378775,0.34261488630415415,0.14794480462178988,-0.40789198348035227,0.0037249732016956193,0.0,1.0342097490100062
532,Leicester,2017-12-09,0.880697731728931,3,0.06711933663378775,0.0,0.678363358622707,-0.08895748721646107,0.0037249732016956193,0.05238281082503731,1.5933307237956975
533,Tottenham,2017-12-09,0.880697731728931,5,0.06711933663378775,0.34261488630415415,0.48370775380790615,-0.2586995050553728,0.0037249732016956193,0.0,1.5191651766211018
533,Stoke,2017-12-09,0.880697731728931,1,0.06711933663378775,0.0,0.430242005802617,-0.2908478363662144,0.0037249732016956193,0.05238281082503731,1.1433190218258542
534,Crystal Palace,2017-12-09,0.880697731728931,2,0.06711933663378775,0.34261488630415415,0.4813761853798831,-0.40528812612308995,0.0037249732016956193,0.0,1.3702449871253617
534,Bournemouth,2017-12-09,0.880697731728931,2,0.06328394596899987,0.0,0.674032894936769,-0.2894458914370877,0.0037249732016956193,0.05238281082503731,1.3846764652243448
535,Huddersfield,2017-12-09,0.880697731728931,2,0.06711933663378775,0.34261488630415415,0.31382246212361736,-0.30898558980236246,0.0037249732016956193,0.0,1.2989938001898234
535,Brighton,2017-12-09,0.880697731728931,0,0.06711933663378775,0.0,0.5138725715467392,-0.18869778992217703,0.0037249732016956193,0.05238281082503731,1.3290996340140135
536,Burnley,2017-12-09,0.880697731728931,1,0.06711933663378775,0.34261488630415415,0.8332847797521244,-0.3316298069916157,0.0037249732016956193,0.0,1.7958119006290774
536,Watford,2017-12-09,0.880697731728931,0,0.06711933663378775,0.0,0.551532069276544,-0.5010444289136835,0.0037249732016956193,0.05238281082503731,1.054412492752312
537,Liverpool,2017-12-10,0.880697731728931,1,0.07031549552111097,0.34261488630415415,1.0292282950333016,-0.39943150437592434,0.0037249732016956193,0.0,1.927149877413269
537,Everton,2017-12-10,0.880697731728931,1,0.07031549552111097,0.0,0.6642927731410646,-0.6188629815849579,0.0037249732016956193,0.05238281082503731,1.0525508028328816
538,Man United,2017-12-10,0.880697731728931,1,0.07031549552111097,0.34261488630415415,0.9446516230679783,-0.7666681998638781,0.0037249732016956193,0.0,1.4753365099599918
538,Man City,2017-12-10,0.880697731728931,2,0.06711933663378775,0.0,1.2750425016233173,-0.5680080141908684,0.0037249732016956193,0.007936789518945046,1.666513318515808
539,Southampton,2017-12-10,0.880697731728931,1,0.06711933663378775,0.34261488630415415,0.3839828713107188,-0.5206365668822497,0.004190594851907572,0.0,1.1579688539472497
539,Arsenal,2017-12-10,0.880697731728931,1,0.07031549552111097,0.0,0.8658683779919174,-0.23088442648111984,0.004190594851907572,0.05238281082503731,1.6425705844377843
540,Burnley,2017-12-12,0.880697731728931,1,0.04520281854928562,0.34261488630415415,0.7992986564652753,-0.23161053231400916,0.004190594851907572,0.0,1.8403941555855448
540,Stoke,2017-12-12,0.880697731728931,0,0.04520281854928562,0.0,0.3851904547187366,-0.48060896897606786,0.004190594851907572,0.05238281082503731,0.8870554416978302
541,Crystal Palace,2017-12-12,0.880697731728931,2,0.04520281854928562,0.34261488630415415,0.5383096333704406,-0.3447712681218726,0.004190594851907572,0.0,1.4662443966828465
541,Watford,2017-12-12,0.880697731728931,1,0.04520281854928562,0.0,0.5733875753187709,-0.3236793103446087,0.004190594851907572,0.05238281082503731,1.2321822209293236
542,Huddersfield,2017-12-12,0.880697731728931,1,0.04520281854928562,0.34261488630415415,0.2844633199248797,-0.5795630257510874,0.004190594851907572,0.0,0.9776063256080707
542,Chelsea,2017-12-12,0.880697731728931,3,0.04520281854928562,0.0,0.9638687118276841,-0.17104447980083057,0.004190594851907572,0.05238281082503731,1.775298187982015
543,West Ham,2017-12-13,0.880697731728931,0,0.05273662164083323,0.34261488630415415,0.24238976780224764,-0.5159702329069317,0.0037249732016956193,0.0,1.00619374777093
543,Arsenal,2017-12-13,0.880697731728931,0,0.04520281854928562,0.0,0.8581078185395289,-0.145746143136233,0.0037249732016956193,0.05238281082503731,1.6943700097082453
544,Tottenham,2017-12-13,0.880697731728931,2,0.05273662164083323,0.34261488630415415,0.4544406916757381,-0.20562318479434258,0.004190594851907572,0.0,1.5290573414072215
544,Brighton,2017-12-13,0.880697731728931,0,0.05273662164083323,0.0,0.3419710116820836,-0.27324989291601065,0.004190594851907572,0.05238281082503731,1.0587288778127821
545,Swansea,2017-12-13,0.880697731728931,0,0.05273662164083323,0.34261488630415415,0.22395259920163996,-0.7668120241306493,0.004190594851907572,0.0,0.7373804095968167
545,Man City,2017-12-13,0.880697731728931,4,0.04520281854928562,0.0,1.2752816951270138,-0.13466008848031483,0.004190594851907572,0.05238281082503731,2.123095562601861
546,Liverpool,2017-12-13,0.880697731728931,0,0.04520281854928562,0.34261488630415415,0.9823051400145779,-0.1363865470603897,0.004190594851907572,0.0,2.1186246243884668
546,West Brom,2017-12-13,0.880697731728931,0,0.05273662164083323,0.0,0.22682386485121112,-0.5906486352048665,0.004190594851907572,0.05238281082503731,0.6261829886930536
547,Newcastle,2017-12-13,0.880697731728931,0,0.05273662164083323,0.34261488630415415,0.11648976526525195,-0.4042373117606076,0.004190594851907572,0.0,0.9924922880304703
547,Everton,2017-12-13,0.880697731728931,1,0.04520281854928562,0.0,0.6722852902053884,-0.07004393855481122,0.004190594851907572,0.05238281082503731,1.5847153076057385
548,Man United,2017-12-13,0.880697731728931,1,0.04520281854928562,0.34261488630415415,0.9825341669862733,-0.35603523274102905,0.004190594851907572,0.0,1.8992049656795227
548,Bournemouth,2017-12-13,0.880697731728931,0,0.05273662164083323,0.0,0.5921206251945266,-0.5907863464544024,0.004190594851907572,0.05238281082503731,0.9913420377868332
549,Southampton,2017-12-13,0.880697731728931,1,0.04520281854928562,0.34261488630415415,0.40457825042714446,-0.45959794120598296,0.004656216502119524,0.0,1.2181519623056518
549,Leicester,2017-12-13,0.880697731728931,4,0.05273662164083323,0.0,0.7643553088549236,-0.24326818797346333,0.004656216502119524,0.05238281082503731,1.5115605015783813
550,Man City,2017-12-16,0.880697731728931,4,0.04520281854928562,0.34261488630415415,1.275401291878862,-0.3411465060306508,0.004190594851907572,0.0,2.2069608172824897
550,Tottenham,2017-12-16,0.880697731728931,1,0.04520281854928562,0.0,0.5673592494727251,-0.7668839362640348,0.004190594851907572,0.06520223288348526,0.7957686912222995
551,Watford,2017-12-16,0.880697731728931,1,0.05273662164083323,0.34261488630415415,0.4567632394768135,-0.16221782474015733,0.004190594851907572,0.0,1.5747852492624823
551,Huddersfield,2017-12-16,0.880697731728931,4,0.05273662164083323,0.0,0.26978374882551087,-0.274646413847259,0.004190594851907572,0.05238281082503731,0.9851450940249608
552,Leicester,2017-12-16,0.880697731728931,0,0.04520281854928562,0.34261488630415415,0.9349033728341029,-0.3919264096915305,0.004190594851907572,0.0,1.8156829945768507
552,Crystal Palace,2017-12-16,0.880697731728931,3,0.05273662164083323,0.0,0.6518110832744334,-0.5621465049085403,0.004190594851907572,0.05238281082503731,1.0796723374126023
553,Stoke,2017-12-16,0.880697731728931,0,0.05273662164083323,0.34261488630415415,0.3201473162224393,-0.2006990463010199,0.004190594851907572,0.0,1.3996881044472456
553,West Ham,2017-12-16,0.880697731728931,3,0.04520281854928562,0.0,0.33378169867290886,-0.19250085099674663,0.004190594851907572,0.05238281082503731,1.1237548036313239
554,Brighton,2017-12-16,0.880697731728931,0,0.04520281854928562,0.34261488630415415,0.21350286879539881,-0.47039123900726004,0.004190594851907572,0.0,1.0158176612224172
554,Burnley,2017-12-16,0.880697731728931,0,0.05273662164083323,0.0,0.7823055948218507,-0.12837678734375196,0.004190594851907572,0.05238281082503731,1.6439365665248078
555,Arsenal,2017-12-16,0.880697731728931,1,0.04520281854928562,0.34261488630415415,0.7691928129046205,-0.060587164223986294,0.004190594851907572,0.0,1.9813116801149127
555,Newcastle,2017-12-16,0.880697731728931,0,0.04520281854928562,0.0,0.10076224558698299,-0.4625066760261113,0.004190594851907572,0.05238281082503731,0.620729525516033
556,Chelsea,2017-12-16,0.880697731728931,1,0.05273662164083323,0.34261488630415415,0.9071079854574121,-0.24946006871963508,0.004190594851907572,0.0,1.937887751263603
556,Southampton,2017-12-16,0.880697731728931,0,0.04520281854928562,0.0,0.41487593998535727,-0.5454334623413505,0.004190594851907572,0.05238281082503731,0.8519164335991682
557,Bournemouth,2017-12-17,0.880697731728931,0,0.05273662164083323,0.34261488630415415,0.42361240146033424,-0.5254110721216594,0.004190594851907572,0.0,1.178441163864501
557,Liverpool,2017-12-17,0.880697731728931,4,0.05273662164083323,0.0,0.873808836596502,-0.25471320121025653,0.004190594851907572,0.05238281082503731,1.6091033944329547
558,West Brom,2017-12-17,0.880697731728931,1,0.05273662164083323,0.34261488630415415,0.2834813842430336,-0.6021755125861694,0.004190594851907572,0.0,0.9615457061826901
558,Man United,2017-12-17,0.880697731728931,2,0.05273662164083323,0.0,1.0014754389454208,-0.17045405331651758,0.004190594851907572,0.05238281082503731,1.8210291446756124
559,Everton,2017-12-18,0.880697731728931,3,0.05859624626759248,0.34261488630415415,0.7613162746462643,-0.16959082402648015,0.004190594851907572,0.0,1.8778249097723696
559,Swansea,2017-12-18,0.880697731728931,1,0.05859624626759248,0.0,0.282045751418248,-0.45777060534611064,0.004190594851907572,0.05238281082503731,0.8201425297456056
560,Arsenal,2017-12-22,0.880697731728931,3,0.06328394596899987,0.34261488630415415,0.7247353100871664,-0.5439226804732171,0.004656216502119524,0.0,1.4720654101181538
560,Liverpool,2017-12-22,0.880697731728931,3,0.05859624626759248,0.0,0.904595410796178,-0.43577489758570115,0.004656216502119524,0.06491886811649923,1.477689575825619
561,West Ham,2017-12-23,0.880697731728931,2,0.06711933663378775,0.34261488630415415,0.4645123900169535,-0.05585877705857383,0.004190594851907572,0.0,1.7032761624771602
561,Newcastle,2017-12-23,0.880697731728931,3,0.06711933663378775,0.0,0.0928984857478485,-0.2793058877765747,0.004190594851907572,0.05238281082503731,0.8179830720109373
562,Swansea,2017-12-23,0.880697731728931,1,0.05859624626759248,0.34261488630415415,0.26857496457219504,-0.42604995936499135,0.004656216502119524,0.0,1.129090086010001
562,Crystal Palace,2017-12-23,0.880697731728931,1,0.06711933663378775,0.0,0.7085618082264298,-0.16149099685298213,0.004656216502119524,0.05238281082503731,1.5519269070633233
563,Stoke,2017-12-23,0.880697731728931,3,0.06711933663378775,0.34261488630415415,0.28762574697429066,-0.16192261149800083,0.004656216502119524,0.0,1.4207913066452824
563,West Brom,2017-12-23,0.880697731728931,1,0.06328394596899987,0.0,0.2692927809845878,-0.17294601033811535,0.004656216502119524,0.05238281082503731,1.0973674756715601
564,Southampton,2017-12-23,0.880697731728931,1,0.06711933663378775,0.34261488630415415,0.29247269590139263,-0.23450008204956274,0.0051218381523314765,0.0,1.3535264066710342
564,Huddersfield,2017-12-23,0.880697731728931,1,0.06711933663378775,0.0,0.3899960521388975,-0.1758604242529789,0.0051218381523314765,0.05238281082503731,1.219457345226006
565,Man City,2017-12-23,0.880697731728931,4,0.06711933663378775,0.34261488630415415,1.2754610902547863,-0.17848699049828964,0.004656216502119524,0.0,2.3920622709254893
565,Bournemouth,2017-12-23,0.880697731728931,0,0.06328394596899987,0.0,0.2968409266388811,-0.7669198923307277,0.004656216502119524,0.05238281082503731,0.5309417393332412
566,Everton,2017-12-23,0.880697731728931,0,0.05859624626759248,0.34261488630415415,0.9333838557297731,-0.5794990705296434,0.004656216502119524,0.0,1.6404498660029272
566,Chelsea,2017-12-23,0.880697731728931,0,0.06711933663378775,0.0,0.9637623481809902,-0.5612328369786042,0.004656216502119524,0.05238281082503731,1.4073856068922617
567,Burnley,2017-12-23,0.880697731728931,0,0.06711933663378775,0.34261488630415415,0.8163264269544954,-0.3495296176413902,0.004656216502119524,0.0,1.7618849804820977
567,Tottenham,2017-12-23,0.880697731728931,3,0.06711933663378775,0.0,0.5813011654168616,-0.4908475689694368,0.004656216502119524,0.05238281082503731,1.0953096921373005
568,Brighton,2017-12-23,0.880697731728931,1,0.06711933663378775,0.34261488630415415,0.1917861603064134,-0.1628884018702102,0.004656216502119524,0.0,1.323985929605196
568,Watford,2017-12-23,0.880697731728931,0,0.06711933663378775,0.0,0.27089898269276375,-0.11531878356503734,0.004656216502119524,0.05238281082503731,1.160436294817602
569,Leicester,2017-12-23,0.880697731728931,2,0.06711933663378775,0.34261488630415415,0.9776600418693356,-0.6078700956520529,0.004656216502119524,0.0,1.6648781173862754
569,Man United,2017-12-23,0.880697731728931,2,0.06328394596899987,0.0,1.0109460749249943,-0.5878555918132384,0.004656216502119524,0.05238281082503731,1.4241111881368436
570,Watford,2017-12-26,0.880697731728931,2,0.04520281854928562,0.34261488630415415,0.17796685430073889,-0.549579745372426,0.004656216502119524,0.0,0.9015587620128032
570,Leicester,2017-12-26,0.880697731728931,1,0.04520281854928562,0.0,0.9140036504782378,-0.10700939588168577,0.004656216502119524,0.05238281082503731,1.7899338322019254
571,Bournemouth,2017-12-26,0.880697731728931,3,0.04520281854928562,0.34261488630415415,0.23345518922815459,-0.31860930851435215,0.004656216502119524,0.0,1.1880175337982928
571,West Ham,2017-12-26,0.880697731728931,3,0.04520281854928562,0.0,0.5298777356889758,-0.14037388514230617,0.004656216502119524,0.05238281082503731,1.372443428152043
572,Chelsea,2017-12-26,0.880697731728931,2,0.04520281854928562,0.34261488630415415,0.9070548036340651,-0.1599201715688414,0.004656216502119524,0.0,2.0203062851497138
572,Brighton,2017-12-26,0.880697731728931,0,0.04520281854928562,0.0,0.26596253197063474,-0.5454014847306285,0.004656216502119524,0.05238281082503731,0.7035006248453797
573,Huddersfield,2017-12-26,0.880697731728931,1,0.04520281854928562,0.34261488630415415,0.4926195667499478,-0.23986417484854178,0.004656216502119524,0.0,1.5259270449858964
573,Stoke,2017-12-26,0.880697731728931,1,0.04520281854928562,0.0,0.3989170512132874,-0.29620640565084616,0.004656216502119524,0.05238281082503731,1.0856502231678147
574,Liverpool,2017-12-26,0.880697731728931,5,0.05273662164083323,0.34261488630415415,0.834953971987302,-0.18300627821281376,0.004656216502119524,0.0,1.9326531499505262
574,Swansea,2017-12-26,0.880697731728931,0,0.04520281854928562,0.0,0.3043569341035255,-0.5020480947558347,0.004656216502119524,0.05238281082503731,0.7852484169530644
575,Man United,2017-12-26,0.880697731728931,2,0.04520281854928562,0.34261488630415415,0.9306466670060672,-0.4243801491107832,0.004656216502119524,0.0,1.7794381709797744
575,Burnley,2017-12-26,0.880697731728931,2,0.04520281854928562,0.0,0.7057847541577468,-0.5595869972918333,0.004656216502119524,0.05238281082503731,1.129137334471287
576,Tottenham,2017-12-26,0.880697731728931,5,0.04520281854928562,0.34261488630415415,0.7158242122520009,-0.1646257969662315,0.004656216502119524,0.0,1.8243700683702597
576,Southampton,2017-12-26,0.880697731728931,2,0.04520281854928562,0.0,0.27378843681376736,-0.4304167582865019,0.004656216502119524,0.05238281082503731,0.8263112561326389
577,West Brom,2017-12-26,0.880697731728931,0,0.04520281854928562,0.34261488630415415,0.21968111640100793,-0.5618335629016895,0.004656216502119524,0.0,0.9310192065838088
577,Everton,2017-12-26,0.880697731728931,0,0.04520281854928562,0.0,0.9343829203628137,-0.13209169564216178,0.004656216502119524,0.05238281082503731,1.7852308023260253
578,Newcastle,2017-12-27,0.880697731728931,0,0.05273662164083323,0.34261488630415415,0.17400133173699528,-0.766937870364074,0.004656216502119524,0.0,0.6877689175489593
578,Man City,2017-12-27,0.880697731728931,1,0.05273662164083323,0.0,1.2754909894427482,-0.10462497336902897,0.004656216502119524,0.05238281082503731,2.1613393967706407
579,Crystal Palace,2017-12-28,0.880697731728931,2,0.05859624626759248,0.34261488630415415,0.7369371707024278,-0.3712786184723347,0.004656216502119524,0.0,1.6522236330328905
579,Arsenal,2017-12-28,0.880697731728931,3,0.06328394596899987,0.0,0.6174718327697252,-0.4431117342017218,0.004656216502119524,0.05238281082503731,1.175380803593091
580,Bournemouth,2017-12-30,0.880697731728931,2,0.05273662164083323,0.34261488630415415,0.2017623205227913,-0.5110035359700709,0.0051218381523314765,0.0,0.9719298623789705
580,Everton,2017-12-30,0.880697731728931,1,0.05273662164083323,0.0,0.8498477267706198,-0.12131733246431445,0.0051218381523314765,0.05238281082503731,1.7194693966534382
581,Chelsea,2017-12-30,0.880697731728931,5,0.05273662164083323,0.34261488630415415,0.8787010313606026,-0.22219286721059364,0.0051218381523314765,0.0,1.9376792419762587
581,Stoke,2017-12-30,0.880697731728931,0,0.05273662164083323,0.0,0.3695279774240718,-0.5283526918311211,0.0051218381523314765,0.05238281082503731,0.8321142879400837
582,Huddersfield,2017-12-30,0.880697731728931,0,0.05273662164083323,0.34261488630415415,0.58644868700983,-0.416711634128037,0.0051218381523314765,0.0,1.450908130708043
582,Burnley,2017-12-30,0.880697731728931,0,0.05273662164083323,0.0,0.6930312807137294,-0.3526247623980685,0.0051218381523314765,0.05238281082503731,1.331345520662794
583,Liverpool,2017-12-30,0.880697731728931,2,0.05273662164083323,0.34261488630415415,0.800133252582864,-0.45374623731227776,0.0051218381523314765,0.0,1.6275580930968363
583,Leicester,2017-12-30,0.880697731728931,1,0.05273662164083323,0.0,0.754623365919618,-0.48111080189714345,0.0051218381523314765,0.05238281082503731,1.2644515663696074
584,Man United,2017-12-30,0.880697731728931,0,0.05273662164083323,0.34261488630415415,0.8054622371378896,-0.1334432883762771,0.0051218381523314765,0.0,1.9531900265878626
584,Southampton,2017-12-30,0.880697731728931,0,0.05273662164083323,0.0,0.22192894431559768,-0.484315058218562,0.0051218381523314765,0.05238281082503731,0.7285528884441685
585,Newcastle,2017-12-30,0.880697731728931,0,0.04520281854928562,0.34261488630415415,0.21455275473156865,-0.18222086557074343,0.0051218381523314765,0.0,1.3059691638955275
585,Brighton,2017-12-30,0.880697731728931,0,0.05273662164083323,0.0,0.3030507178027454,-0.12900807152425653,0.0051218381523314765,0.05238281082503731,1.164981648625622
586,Watford,2017-12-30,0.880697731728931,1,0.05273662164083323,0.34261488630415415,0.21653551601344048,-0.19376391889272962,0.0051218381523314765,0.0,1.303942674946961
586,Swansea,2017-12-30,0.880697731728931,2,0.05273662164083323,0.0,0.3222479188691908,-0.13020028278058496,0.0051218381523314765,0.05238281082503731,1.1829866384357388
587,West Brom,2017-12-31,0.880697731728931,1,0.05859624626759248,0.34261488630415415,0.19487528410921798,-0.4157260637553935,0.0051218381523314765,0.0,1.0661799228068338
587,Arsenal,2017-12-31,0.880697731728931,1,0.04520281854928562,0.0,0.6913921829740758,-0.11717623771424227,0.0051218381523314765,0.05238281082503731,1.5576211445154189
588,Crystal Palace,2017-12-31,0.880697731728931,0,0.04520281854928562,0.34261488630415415,0.70860748898607,-0.7669468593807472,0.0051218381523314765,0.0,1.2152979043400247
588,Man City,2017-12-31,0.880697731728931,0,0.05273662164083323,0.0,1.2755059390367292,-0.42607742667350634,0.0051218381523314765,0.05238281082503731,1.8403675147103558
589,Brighton,2018-01-01,0.880697731728931,2,0.03515774776055548,0.34261488630415415,0.36411217367315774,-0.16291944601847996,0.0051218381523314765,0.0,1.4647849316006498
589,Bournemouth,2018-01-01,0.880697731728931,2,0.03515774776055548,0.0,0.2709506120788237,-0.21893640751827512,0.0051218381523314765,0.05238281082503731,1.0253743330274037
590,Burnley,2018-01-01,0.880697731728931,1,0.03515774776055548,0.34261488630415415,0.6016198180830068,-0.5217725453609592,0.0051218381523314765,0.0,1.3434394766680198
590,Liverpool,2018-01-01,0.880697731728931,2,0.03515774776055548,0.0,0.8677576187893591,-0.3617469867435026,0.0051218381523314765,0.05238281082503731,1.4793707605127115
591,Everton,2018-01-01,0.880697731728931,0,0.03515774776055548,0.34261488630415415,0.7650627670201661,-0.4722442836285071,0.0051218381523314765,0.0,1.5564106873376309
591,Man United,2018-01-01,0.880697731728931,2,0.03515774776055548,0.0,0.7853873851581579,-0.46002332755768094,0.0051218381523314765,0.05238281082503731,1.298724186067332
592,Leicester,2018-01-01,0.880697731728931,3,0.03515774776055548,0.34261488630415415,0.547381134777237,-0.3297035508785183,0.0051218381523314765,0.0,1.481269787844691
592,Huddersfield,2018-01-01,0.880697731728931,0,0.03515774776055548,0.0,0.548328521231057,-0.3291338984424616,0.0051218381523314765,0.05238281082503731,1.1925547512554506
593,Stoke,2018-01-01,0.880697731728931,0,0.03515774776055548,0.34261488630415415,0.3548334405294639,-0.166764815548451,0.0051218381523314765,0.0,1.4516608289269852
593,Newcastle,2018-01-01,0.880697731728931,1,0.03515774776055548,0.0,0.2773458291832124,-0.21335721339161953,0.0051218381523314765,0.05238281082503731,1.037348744258448
594,West Ham,2018-01-02,0.880697731728931,2,0.06711933663378775,0.34261488630415415,0.6050777714793439,-0.13528370369686318,0.004656216502119524,0.0,1.7648822389514733
594,West Brom,2018-01-02,0.880697731728931,1,0.03515774776055548,0.0,0.22498973091768001,-0.3638262138298215,0.004656216502119524,0.05238281082503731,0.8340580239045018
595,Man City,2018-01-02,0.880697731728931,3,0.03515774776055548,0.34261488630415415,1.1904786879250056,-0.14179572623003453,0.0051218381523314765,0.0,2.3122751656409433
595,Watford,2018-01-02,0.880697731728931,1,0.04520281854928562,0.0,0.23581984686979127,-0.7158209639959224,0.0051218381523314765,0.05238281082503731,0.5034040821294542
596,Southampton,2018-01-02,0.880697731728931,1,0.04520281854928562,0.34261488630415415,0.19599919806651284,-0.4175602729093987,0.005587459802543429,0.0,1.0525418215420284
596,Crystal Palace,2018-01-02,0.880697731728931,2,0.03515774776055548,0.0,0.6944426481278911,-0.11785203408129992,0.005587459802543429,0.05238281082503731,1.5504163641636584
597,Swansea,2018-01-02,0.880697731728931,0,0.04520281854928562,0.34261488630415415,0.33119341125202345,-0.5219907185022191,0.0051218381523314765,0.0,1.0828399674845066
597,Tottenham,2018-01-02,0.880697731728931,2,0.06711933663378775,0.0,0.8681204615782846,-0.19914273923268755,0.0051218381523314765,0.05238281082503731,1.6742994396856845
598,Arsenal,2018-01-03,0.880697731728931,2,0.04520281854928562,0.34261488630415415,0.7283523580762509,-0.5965238802211094,0.0051218381523314765,0.0,1.4054657525898437
598,Chelsea,2018-01-03,0.880697731728931,2,0.05273662164083323,0.0,0.9920762340869423,-0.4379497863969229,0.0051218381523314765,0.009354073361613804,1.5020367125737288
599,Tottenham,2018-01-04,0.880697731728931,1,0.03515774776055548,0.34261488630415415,0.9442685862414264,-0.38643466648755626,0.0051218381523314765,0.0,1.8214261236998421
599,West Ham,2018-01-04,0.880697731728931,1,0.03515774776055548,0.0,0.642677789374528,-0.5677776986100778,0.0051218381523314765,0.05238281082503731,1.0482602192313053
600,Chelsea,2018-01-13,0.880697731728931,0,0.07533803091547604,0.34261488630415415,0.9637291095413982,-0.2668277290075535,0.005587459802543429,0.0,2.0011394892849492
600,Leicester,2018-01-13,0.880697731728931,0,0.07910493246124985,0.0,0.4437600192060465,-0.5794790845229422,0.005587459802543429,0.05238281082503731,0.8820538695008658
601,Crystal Palace,2018-01-13,0.880697731728931,1,0.07734704507322207,0.34261488630415415,0.6873602276988016,-0.25756907821149333,0.005587459802543429,0.0,1.7360382723961587
601,Burnley,2018-01-13,0.880697731728931,0,0.07910493246124985,0.0,0.4283619979045744,-0.4133016960273448,0.005587459802543429,0.05238281082503731,1.032833236694991
602,Huddersfield,2018-01-13,0.880697731728931,1,0.07910493246124985,0.34261488630415415,0.5292684383416706,-0.39773889281642355,0.005587459802543429,0.0,1.4395345558221253
602,West Ham,2018-01-13,0.880697731728931,4,0.07301993765653832,0.0,0.6614777983221201,-0.31824294511874324,0.005587459802543429,0.05238281082503731,1.354922793216427
603,Newcastle,2018-01-13,0.880697731728931,1,0.07910493246124985,0.34261488630415415,0.4362944552721052,-0.2018321494026665,0.005587459802543429,0.0,1.5424673161663172
603,Swansea,2018-01-13,0.880697731728931,1,0.07734704507322207,0.0,0.33566615744343975,-0.26233877240029024,0.005587459802543429,0.05238281082503731,1.0893424324728833
604,Tottenham,2018-01-13,0.880697731728931,4,0.07301993765653832,0.34261488630415415,0.8973079226642833,-0.3578376385117439,0.005587459802543429,0.0,1.8413902996447065
604,Everton,2018-01-13,0.880697731728931,0,0.07910493246124985,0.0,0.5951181982818681,-0.5395407987708457,0.005587459802543429,0.05238281082503731,1.073350334328784
605,Watford,2018-01-13,0.880697731728931,2,0.07734704507322207,0.34261488630415415,0.24546201229796666,-0.11005640693381132,0.005587459802543429,0.0,1.441652728273006
605,Southampton,2018-01-13,0.880697731728931,2,0.07734704507322207,0.0,0.18303432494197044,-0.14759344795475932,0.005587459802543429,0.05238281082503731,1.0514559244169448
606,West Brom,2018-01-13,0.880697731728931,2,0.07734704507322207,0.34261488630415415,0.19752959136755402,-0.26285937343862165,0.005587459802543429,0.0,1.240917340837783
606,Brighton,2018-01-13,0.880697731728931,0,0.07910493246124985,0.0,0.4371602645627209,-0.11877224174159295,0.005587459802543429,0.05238281082503731,1.3361609576388893
607,Bournemouth,2018-01-14,0.880697731728931,2,0.08065600956833317,0.34261488630415415,0.3480621208111969,-0.44906164771768753,0.005587459802543429,0.0,1.2085565604974708
607,Arsenal,2018-01-14,0.880697731728931,1,0.07734704507322207,0.0,0.7468324456273384,-0.20928569774214342,0.005587459802543429,0.05238281082503731,1.5535617953149288
608,Liverpool,2018-01-14,0.880697731728931,4,0.08065600956833317,0.34261488630415415,0.9866045278013207,-0.6902580163035101,0.005587459802543429,0.0,1.6059025989017721
608,Man City,2018-01-14,0.880697731728931,3,0.07910493246124985,0.0,1.147965062369144,-0.5932338069860285,0.005587459802543429,0.03097908167072099,1.5511004610465606
609,Man United,2018-01-15,0.880697731728931,3,0.08203474477462948,0.34261488630415415,0.775349959168292,-0.2089393864821325,0.005587459802543429,0.0,1.8773453952964174
609,Stoke,2018-01-15,0.880697731728931,0,0.08203474477462948,0.0,0.34748617208216,-0.4662088963334797,0.005587459802543429,0.05238281082503731,0.9019800228798213
610,West Ham,2018-01-20,0.880697731728931,1,0.06711933663378775,0.34261488630415415,0.6708778027959161,-0.3091644084437172,0.0051218381523314765,0.0,1.6572671871714033
610,Bournemouth,2018-01-20,0.880697731728931,1,0.06328394596899987,0.0,0.5141699640404545,-0.40339100598085725,0.0051218381523314765,0.05238281082503731,1.1122652847348968
611,Stoke,2018-01-20,0.880697731728931,2,0.05859624626759248,0.34261488630415415,0.34381253785850807,-0.23581705739911368,0.005587459802543429,0.0,1.3954918045626157
611,Huddersfield,2018-01-20,0.880697731728931,0,0.06711933663378775,0.0,0.3921863080339063,-0.206730473027389,0.005587459802543429,0.05238281082503731,1.1912431739968168
612,Man City,2018-01-20,0.880697731728931,3,0.06328394596899987,0.34261488630415415,0.9991561607281421,-0.33569094577279057,0.005587459802543429,0.0,1.9556492387599798
612,Newcastle,2018-01-20,0.880697731728931,1,0.06711933663378775,0.0,0.5582861312709086,-0.6007809576175619,0.005587459802543429,0.05238281082503731,0.9632925126436461
613,Leicester,2018-01-20,0.880697731728931,2,0.06711933663378775,0.34261488630415415,0.43446682437480827,-0.17605750376370238,0.005587459802543429,0.0,1.5544287350805222
613,Watford,2018-01-20,0.880697731728931,0,0.06711933663378775,0.0,0.29280045796641135,-0.26123983923668015,0.005587459802543429,0.05238281082503731,1.0373479577200306
614,Arsenal,2018-01-20,0.880697731728931,4,0.06328394596899987,0.34261488630415415,0.6285204005398113,-0.41117240758631785,0.005587459802543429,0.0,1.5095320167581217
614,Crystal Palace,2018-01-20,0.880697731728931,1,0.06711933663378775,0.0,0.6838190174842569,-0.37792199353832784,0.005587459802543429,0.05238281082503731,1.3116843629362285
615,Burnley,2018-01-20,0.880697731728931,0,0.06711933663378775,0.34261488630415415,0.29921572486100123,-0.46319120268596603,0.005587459802543429,0.0,1.1320439366444517
615,Man United,2018-01-20,0.880697731728931,1,0.05859624626759248,0.0,0.7703312461733591,-0.17991492899890804,0.005587459802543429,0.05238281082503731,1.587680565798555
616,Brighton,2018-01-20,0.880697731728931,0,0.06711933663378775,0.34261488630415415,0.43116694705314546,-0.5198262967806973,0.005587459802543429,0.0,1.2073600647418645
616,Chelsea,2018-01-20,0.880697731728931,4,0.06711933663378775,0.0,0.8645208213599122,-0.25925566145221424,0.005587459802543429,0.05238281082503731,1.6110524988979973
617,Everton,2018-01-20,0.880697731728931,1,0.06711933663378775,0.34261488630415415,0.38259382504964806,-0.1872120956036999,0.005587459802543429,0.0,1.4914011439153647
617,West Brom,2018-01-20,0.880697731728931,1,0.06711933663378775,0.0,0.31135161045556203,-0.2300492091490333,0.005587459802543429,0.05238281082503731,1.087089740296828
618,Southampton,2018-01-21,0.880697731728931,1,0.07031549552111097,0.34261488630415415,0.21906925133405625,-0.6021179336909717,0.006053081452755381,0.0,0.916632512650036
618,Tottenham,2018-01-21,0.880697731728931,1,0.07031549552111097,0.0,1.0013796797387826,-0.13172378830664772,0.006053081452755381,0.05238281082503731,1.8791050109599694
619,Swansea,2018-01-22,0.880697731728931,1,0.07301993765653832,0.34261488630415415,0.38041989349350486,-0.6289644377985631,0.005587459802543429,0.0,1.0533754711871084
619,Liverpool,2018-01-22,0.880697731728931,0,0.07031549552111097,0.0,1.0460279823073013,-0.22874204943423665,0.005587459802543429,0.05238281082503731,1.8262694307506873
620,West Ham,2018-01-30,0.880697731728931,1,0.07533803091547604,0.34261488630415415,0.7180951679871711,-0.3845425684192237,0.005587459802543429,0.0,1.637790708319052
620,Crystal Palace,2018-01-30,0.880697731728931,1,0.07533803091547604,0.0,0.6395310494226275,-0.43178225750965477,0.005587459802543429,0.05238281082503731,1.2217548251849604
621,Huddersfield,2018-01-30,0.880697731728931,0,0.07533803091547604,0.34261488630415415,0.2811278799256672,-0.6212645582582498,0.006053081452755381,0.0,0.9645670520687339
621,Liverpool,2018-01-30,0.880697731728931,3,0.07031549552111097,0.0,1.033222346605935,-0.1690389185927182,0.006053081452755381,0.05238281082503731,1.8736325475410514
622,Swansea,2018-01-30,0.880697731728931,3,0.07031549552111097,0.34261488630415415,0.48783148742725146,-0.3934825563418094,0.006053081452755381,0.0,1.3940301260923935
622,Arsenal,2018-01-30,0.880697731728931,1,0.07533803091547604,0.0,0.6543991039047616,-0.2933273893431831,0.006053081452755381,0.05238281082503731,1.375543369483778
623,Chelsea,2018-01-31,0.880697731728931,0,0.07734704507322207,0.34261488630415415,0.8999514031778831,-0.3846689587410847,0.006053081452755381,0.0,1.821995188995861
623,Bournemouth,2018-01-31,0.880697731728931,3,0.07734704507322207,0.0,0.6397412486094403,-0.5411302928027361,0.006053081452755381,0.05238281082503731,1.1150916248866498
624,Everton,2018-01-31,0.880697731728931,2,0.07734704507322207,0.34261488630415415,0.27633163843353803,-0.30957628424440486,0.006053081452755381,0.0,1.2734680987481957
624,Leicester,2018-01-31,0.880697731728931,1,0.07734704507322207,0.0,0.5148549528679032,-0.166154994467678,0.006053081452755381,0.05238281082503731,1.3651806274801708
625,Man City,2018-01-31,0.880697731728931,3,0.07734704507322207,0.34261488630415415,0.9247517099076411,-0.24699721748133405,0.006053081452755381,0.0,1.9844672369853698
625,West Brom,2018-01-31,0.880697731728931,0,0.07734704507322207,0.0,0.4107799829539231,-0.5560424282745877,0.006053081452755381,0.05238281082503731,0.871218223759281
626,Newcastle,2018-01-31,0.880697731728931,1,0.07734704507322207,0.34261488630415415,0.4917298804072393,-0.14108785439261537,0.006053081452755381,0.0,1.6573547705736866
626,Burnley,2018-01-31,0.880697731728931,1,0.07734704507322207,0.0,0.23464258833921461,-0.29567144761929864,0.006053081452755381,0.05238281082503731,0.9554518097998617
627,Southampton,2018-01-31,0.880697731728931,1,0.07533803091547604,0.34261488630415415,0.2370867145300991,-0.18075822061926847,0.006518703102967334,0.0,1.3614978459623592
627,Brighton,2018-01-31,0.880697731728931,1,0.07734704507322207,0.0,0.3006181994352867,-0.1425574789930659,0.006518703102967334,0.05238281082503731,1.1750070111723785
628,Stoke,2018-01-31,0.880697731728931,0,0.07734704507322207,0.34261488630415415,0.34197572074668203,-0.19028953166817392,0.006053081452755381,0.0,1.4583989336375707
628,Watford,2018-01-31,0.880697731728931,0,0.07734704507322207,0.0,0.3164696808006337,-0.20562601630001723,0.006053081452755381,0.05238281082503731,1.127324333580562
629,Tottenham,2018-01-31,0.880697731728931,2,0.07533803091547604,0.34261488630415415,0.9683808323673185,-0.5128127457553705,0.006053081452755381,0.0,1.7602718170132645
629,Man United,2018-01-31,0.880697731728931,0,0.07734704507322207,0.0,0.8528566155846067,-0.5822761112578734,0.006053081452755381,0.06547851353129663,1.3001568761129385
630,West Brom,2018-02-03,0.880697731728931,2,0.04520281854928562,0.34261488630415415,0.41797680624874656,-0.17353951928285566,0.006053081452755381,0.0,1.519005805001017
630,Southampton,2018-02-03,0.880697731728931,3,0.04520281854928562,0.0,0.2886128090824776,-0.25132458347357045,0.006053081452755381,0.05238281082503731,1.0216246681649166
631,Man United,2018-02-03,0.880697731728931,2,0.04520281854928562,0.34261488630415415,0.8516019373358733,-0.11008465424293978,0.006053081452755381,0.0,2.0160858011280594
631,Huddersfield,2018-02-03,0.880697731728931,0,0.05273662164083323,0.0,0.18308130291719057,-0.512058322343492,0.006053081452755381,0.05238281082503731,0.6628932262212553
632,Leicester,2018-02-03,0.880697731728931,1,0.04520281854928562,0.34261488630415415,0.5550490171144506,-0.40231564413739834,0.006053081452755381,0.0,1.4273018910121784
632,Swansea,2018-02-03,0.880697731728931,1,0.05273662164083323,0.0,0.6690893732571958,-0.3337445067482672,0.006053081452755381,0.05238281082503731,1.3272151121564855
633,Brighton,2018-02-03,0.880697731728931,3,0.04520281854928562,0.34261488630415415,0.2778611885807144,-0.4459778832740536,0.006053081452755381,0.0,1.106451823341787
633,West Ham,2018-02-03,0.880697731728931,1,0.05273662164083323,0.0,0.7417038505827986,-0.16707469514937628,0.006053081452755381,0.05238281082503731,1.5664994010809792
634,Bournemouth,2018-02-03,0.880697731728931,2,0.04520281854928562,0.34261488630415415,0.7875616168026472,-0.20507378793633133,0.006053081452755381,0.0,1.8570563469014418
634,Stoke,2018-02-03,0.880697731728931,1,0.04520281854928562,0.0,0.34105731219076907,-0.47355162378292986,0.006053081452755381,0.05238281082503731,0.8518421309638485
635,Arsenal,2018-02-03,0.880697731728931,5,0.05273662164083323,0.34261488630415415,0.5397863667241659,-0.18533827702016173,0.006053081452755381,0.0,1.636550410830678
635,Everton,2018-02-03,0.880697731728931,1,0.04520281854928562,0.0,0.30823527103419707,-0.3245672529038081,0.006053081452755381,0.05238281082503731,0.9680044606863981
636,Burnley,2018-02-03,0.880697731728931,1,0.04520281854928562,0.34261488630415415,0.20235602007832132,-0.5336731636031007,0.006053081452755381,0.0,0.9432513745103469
636,Man City,2018-02-03,0.880697731728931,1,0.04520281854928562,0.0,0.8875494844973907,-0.12167431708946905,0.006053081452755381,0.05238281082503731,1.7502116099639309
637,Crystal Palace,2018-02-04,0.880697731728931,1,0.05859624626759248,0.34261488630415415,0.6599044283461697,-0.3012268934891334,0.006053081452755381,0.0,1.6466394806104694
637,Newcastle,2018-02-04,0.880697731728931,1,0.05273662164083323,0.0,0.5009691179297617,-0.39679284378225727,0.006053081452755381,0.05238281082503731,1.0960465197950613
638,Liverpool,2018-02-04,0.880697731728931,2,0.05859624626759248,0.34261488630415415,1.0268195287552515,-0.5723552000413242,0.006053081452755381,0.0,1.7424262744673604
638,Tottenham,2018-02-04,0.880697731728931,2,0.05273662164083323,0.0,0.9518814086815863,-0.6174146184880931,0.006053081452755381,0.06520223288348526,1.3391564578994979
639,Watford,2018-02-05,0.880697731728931,4,0.05859624626759248,0.34261488630415415,0.24326956630903085,-0.4750867059740135,0.006053081452755381,0.0,1.0561448060884504
639,Chelsea,2018-02-05,0.880697731728931,1,0.05859624626759248,0.0,0.7901146052237975,-0.1462751557272483,0.006053081452755381,0.05238281082503731,1.6415693197708652
640,Tottenham,2018-02-10,0.880697731728931,1,0.06328394596899987,0.34261488630415415,0.8585969709300062,-0.3412399910779688,0.006518703102967334,0.0,1.8104722469570895
640,Arsenal,2018-02-10,0.880697731728931,0,0.06711933663378775,0.0,0.567514724042582,-0.5162643545398883,0.006518703102967334,0.007936789518945046,1.0135229304873248
641,West Ham,2018-02-10,0.880697731728931,2,0.06711933663378775,0.34261488630415415,0.6259561030175413,-0.20096355259652757,0.006053081452755381,0.0,1.721477586540642
641,Watford,2018-02-10,0.880697731728931,0,0.05859624626759248,0.0,0.33422159792630046,-0.3763801113165109,0.006053081452755381,0.05238281082503731,0.9555713568841057
642,Stoke,2018-02-10,0.880697731728931,1,0.06711933663378775,0.34261488630415415,0.34059810791281253,-0.21136332230759156,0.006518703102967334,0.0,1.4261854433750614
642,Brighton,2018-02-10,0.880697731728931,1,0.06711933663378775,0.0,0.35151740906214224,-0.20479767375448837,0.006518703102967334,0.05238281082503731,1.1534383175983773
643,Everton,2018-02-10,0.880697731728931,3,0.06711933663378775,0.34261488630415415,0.3241870873345265,-0.4029179814637741,0.006518703102967334,0.0,1.2182197636405927
643,Crystal Palace,2018-02-10,0.880697731728931,1,0.06328394596899987,0.0,0.670091117807941,-0.19492991829640358,0.006518703102967334,0.05238281082503731,1.478044391137473
644,Man City,2018-02-10,0.880697731728931,5,0.06711933663378775,0.34261488630415415,0.8689483717922654,-0.3713938129467791,0.006518703102967334,0.0,1.7945052166153268
644,Leicester,2018-02-10,0.880697731728931,1,0.06711933663378775,0.0,0.6176634121920814,-0.5224885312673572,0.006518703102967334,0.05238281082503731,1.1018934632154478
645,Swansea,2018-02-10,0.880697731728931,1,0.06711933663378775,0.34261488630415415,0.6746835902634539,-0.11196754843789589,0.006518703102967334,0.0,1.8596666995953985
645,Burnley,2018-02-10,0.880697731728931,0,0.06711933663378775,0.0,0.18621273594787469,-0.40567938164134465,0.006518703102967334,0.05238281082503731,0.7872519365972533
646,Huddersfield,2018-02-11,0.880697731728931,4,0.07031549552111097,0.34261488630415415,0.09154065145859529,-0.5179929563038524,0.006518703102967334,0.0,0.8736945118119062
646,Bournemouth,2018-02-11,0.880697731728931,1,0.07031549552111097,0.0,0.8614718008992508,-0.05504232712146989,0.006518703102967334,0.05238281082503731,1.8163442149558275
647,Newcastle,2018-02-11,0.880697731728931,1,0.06711933663378775,0.34261488630415415,0.5055887366910229,-0.5628115005307142,0.006518703102967334,0.0,1.239727893930149
647,Man United,2018-02-11,0.880697731728931,0,0.07031549552111097,0.0,0.9360093241202208,-0.3040046164240508,0.006518703102967334,0.05238281082503731,1.6419194488742166
648,Southampton,2018-02-11,0.880697731728931,0,0.07031549552111097,0.34261488630415415,0.39941058226738085,-0.5643592587098534,0.006984324753179286,0.0,1.1356637618649028
648,Liverpool,2018-02-11,0.880697731728931,2,0.06711933663378775,0.0,0.9385833939211958,-0.24016092932091193,0.006984324753179286,0.05238281082503731,1.7056066685412192
649,Chelsea,2018-02-12,0.880697731728931,3,0.06711933663378775,0.34261488630415415,0.6076441173836838,-0.22792307152310792,0.006518703102967334,0.0,1.6766717036304162
649,West Brom,2018-02-12,0.880697731728931,0,0.07301993765653832,0.0,0.3790578549418013,-0.36536932771991015,0.006518703102967334,0.05238281082503731,1.026307710535365
650,Bournemouth,2018-02-24,0.880697731728931,2,0.08065600956833317,0.34261488630415415,0.8559095299931955,-0.3053934778915095,0.006518703102967334,0.0,1.8610033828060717
650,Newcastle,2018-02-24,0.880697731728931,2,0.08065600956833317,0.0,0.5078985460716535,-0.5146484276177331,0.006518703102967334,0.05238281082503731,1.013505373679189
651,Brighton,2018-02-24,0.880697731728931,4,0.08203474477462948,0.34261488630415415,0.38834551930285616,-0.4840568352330598,0.006518703102967334,0.0,1.2161547499804783
651,Swansea,2018-02-24,0.880697731728931,1,0.08203474477462948,0.0,0.8050327876296541,-0.23350763588669918,0.006518703102967334,0.05238281082503731,1.5931591421745201
652,Burnley,2018-02-24,0.880697731728931,1,0.08203474477462948,0.34261488630415415,0.17814109388265134,-0.2734716343399401,0.006518703102967334,0.0,1.2165355254533932
652,Southampton,2018-02-24,0.880697731728931,1,0.08065600956833317,0.0,0.4548094688598325,-0.1071141641121093,0.006518703102967334,0.05238281082503731,1.367950559972992
653,Leicester,2018-02-24,0.880697731728931,1,0.08203474477462948,0.34261488630415415,0.5214185208678257,-0.2302248116101476,0.006518703102967334,0.0,1.6030597751683602
653,Stoke,2018-02-24,0.880697731728931,1,0.08203474477462948,0.0,0.3828858687281913,-0.31352288120629296,0.006518703102967334,0.05238281082503731,1.0909969779534634
654,Liverpool,2018-02-24,0.880697731728931,4,0.08065600956833317,0.34261488630415415,0.894465326504168,-0.39271161523090087,0.006518703102967334,0.0,1.8122410419776527
654,West Ham,2018-02-24,0.880697731728931,1,0.08203474477462948,0.0,0.6531169551436268,-0.5378315788207335,0.006518703102967334,0.05238281082503731,1.1369193667544584
655,Watford,2018-02-24,0.880697731728931,1,0.08203474477462948,0.34261488630415415,0.3796976137349353,-0.27642132377426654,0.006518703102967334,0.0,1.4151423558713507
655,Everton,2018-02-24,0.880697731728931,0,0.08203474477462948,0.0,0.4597150843477623,-0.2283077510311672,0.006518703102967334,0.05238281082503731,1.2530413237481601
656,West Brom,2018-02-24,0.880697731728931,1,0.07910493246124985,0.34261488630415415,0.35959837928832866,-0.10421674840047698,0.006518703102967334,0.0,1.564317884485154
656,Huddersfield,2018-02-24,0.880697731728931,2,0.08065600956833317,0.0,0.17332241459236866,-0.2162223155478767,0.006518703102967334,0.05238281082503731,0.9773553542697607
657,Man United,2018-02-25,0.880697731728931,2,0.08203474477462948,0.34261488630415415,0.8506609286493235,-0.3616410284860198,0.006518703102967334,0.0,1.8008859660739855
657,Chelsea,2018-02-25,0.880697731728931,1,0.08065600956833317,0.0,0.6014435993723409,-0.5114925047845833,0.006518703102967334,0.06574797243471761,1.123571511422707
658,Crystal Palace,2018-02-25,0.880697731728931,0,0.08326834995921037,0.34261488630415415,0.5476323736757555,-0.5393493216823316,0.006518703102967334,0.0,1.3213827230886868
658,Tottenham,2018-02-25,0.880697731728931,1,0.08326834995921037,0.0,0.8969894779629302,-0.32928496546479047,0.006518703102967334,0.05238281082503731,1.5905721081142856
659,Arsenal,2018-03-01,0.880697731728931,0,0.08713007053702881,0.34261488630415415,0.538861539747433,-0.5168962150994855,0.006518703102967334,0.0,1.3389267163210288
659,Man City,2018-03-01,0.880697731728931,3,0.08713007053702881,0.0,0.8596478154397028,-0.3240111652184685,0.006518703102967334,0.06520223288348526,1.5751853884736469
660,Swansea,2018-03-03,0.880697731728931,4,0.06711933663378775,0.34261488630415415,0.8276900233583971,-0.3241817823483538,0.006984324753179286,0.0,1.8009245204300954
660,West Ham,2018-03-03,0.880697731728931,1,0.06711933663378775,0.0,0.5391452923435983,-0.4976803670823367,0.006984324753179286,0.05238281082503731,1.0486491292021969
661,Watford,2018-03-03,0.880697731728931,1,0.06711933663378775,0.34261488630415415,0.4874703475479667,-0.13367635272051903,0.006984324753179286,0.0,1.6512102742474999
661,West Brom,2018-03-03,0.880697731728931,0,0.06711933663378775,0.0,0.22231655259852134,-0.2931102401416484,0.006984324753179286,0.05238281082503731,0.9363905163978083
662,Southampton,2018-03-03,0.880697731728931,0,0.06711933663378775,0.34261488630415415,0.4825089121560583,-0.2685035754845579,0.007449946403391239,0.0,1.5118872377417647
662,Stoke,2018-03-03,0.880697731728931,0,0.06711933663378775,0.0,0.4465471120902376,-0.29012698684945415,0.007449946403391239,0.05238281082503731,1.1640699508319305
663,Tottenham,2018-03-03,0.880697731728931,2,0.06328394596899987,0.34261488630415415,0.9161857314793922,-0.20549954387972258,0.006984324753179286,0.0,2.0042670763549335
663,Huddersfield,2018-03-03,0.880697731728931,0,0.06711933663378775,0.0,0.3417653850223264,-0.5508918052535533,0.006984324753179286,0.05238281082503731,0.7980577837097084
664,Leicester,2018-03-03,0.880697731728931,1,0.06711933663378775,0.34261488630415415,0.4732960752056979,-0.461845773381512,0.006984324753179286,0.0,1.3088665812442382
664,Bournemouth,2018-03-03,0.880697731728931,1,0.06711933663378775,0.0,0.7680936686314539,-0.28458741533604986,0.006984324753179286,0.05238281082503731,1.4906904572363393
665,Burnley,2018-03-03,0.880697731728931,2,0.06711933663378775,0.34261488630415415,0.2166226358043967,-0.31716702651319806,0.006984324753179286,0.0,1.196871888711251
665,Everton,2018-03-03,0.880697731728931,1,0.06711933663378775,0.0,0.5274790828543803,-0.1302526668957967,0.006984324753179286,0.05238281082503731,1.404410619899519
666,Liverpool,2018-03-03,0.880697731728931,2,0.06711933663378775,0.34261488630415415,0.872406292795654,-0.3060879086252388,0.006984324753179286,0.0,1.8637346635904672
666,Newcastle,2018-03-03,0.880697731728931,0,0.06711933663378775,0.0,0.5090534507619687,-0.5245677388761735,0.006984324753179286,0.05238281082503731,0.9916699158267307
667,Brighton,2018-03-04,0.880697731728931,2,0.07031549552111097,0.34261488630415415,0.5343116632862841,-0.31539675228871833,0.006984324753179286,0.0,1.5195273493049413
667,Arsenal,2018-03-04,0.880697731728931,1,0.04520281854928562,0.0,0.5245349475998585,-0.32127537751599505,0.006984324753179286,0.05238281082503731,1.1885272559402966
668,Man City,2018-03-04,0.880697731728931,1,0.04520281854928562,0.34261488630415415,0.9825496261264925,-0.334211683922494,0.006984324753179286,0.0,1.9238377035395489
668,Chelsea,2018-03-04,0.880697731728931,0,0.06711933663378775,0.0,0.5558259774123125,-0.5907956418552915,0.006984324753179286,0.06547851353129663,0.9853102422042156
669,Crystal Palace,2018-03-05,0.880697731728931,2,0.07031549552111097,0.34261488630415415,0.3588509127465917,-0.48583300691151776,0.006984324753179286,0.0,1.1736303441424494
669,Man United,2018-03-05,0.880697731728931,3,0.07031549552111097,0.0,0.8079867309138749,-0.21577287262555656,0.006984324753179286,0.05238281082503731,1.602594221116577
670,Chelsea,2018-03-10,0.880697731728931,2,0.06328394596899987,0.34261488630415415,0.40546507756922723,-0.15901682620593965,0.006984324753179286,0.0,1.5400291401185517
670,Crystal Palace,2018-03-10,0.880697731728931,1,0.05859624626759248,0.0,0.26446018228200985,-0.243801426800989,0.006984324753179286,0.05238281082503731,1.019319869055761
671,Everton,2018-03-10,0.880697731728931,2,0.06711933663378775,0.34261488630415415,0.5188437191533322,-0.44185483317038504,0.006984324753179286,0.0,1.3744051654029994
671,Brighton,2018-03-10,0.880697731728931,0,0.06328394596899987,0.0,0.7348468241410692,-0.3119746829360831,0.006984324753179286,0.05238281082503731,1.4262209544811335
672,Huddersfield,2018-03-10,0.880697731728931,0,0.06711933663378775,0.34261488630415415,0.42598687023730525,-0.5044921330069752,0.006984324753179286,0.0,1.2189110166503825
672,Swansea,2018-03-10,0.880697731728931,0,0.06711933663378775,0.0,0.8390186412227686,-0.25614094161934536,0.006984324753179286,0.05238281082503731,1.5900619035443584
673,Man United,2018-03-10,0.880697731728931,2,0.05859624626759248,0.34261488630415415,0.7866496320461503,-0.5946314037436357,0.006984324753179286,0.0,1.4809114173563718
673,Liverpool,2018-03-10,0.880697731728931,1,0.06711933663378775,0.0,0.9889288648044681,-0.473003257974985,0.006984324753179286,0.03097908167072099,1.501706081616102
674,Newcastle,2018-03-10,0.880697731728931,3,0.06711933663378775,0.34261488630415415,0.5096309031071264,-0.29845466310421115,0.006984324753179286,0.0,1.5085925194229677
674,Southampton,2018-03-10,0.880697731728931,0,0.06711933663378775,0.0,0.4963586338041712,-0.3064351239921035,0.006984324753179286,0.05238281082503731,1.197107713753003
675,West Brom,2018-03-10,0.880697731728931,1,0.06711933663378775,0.34261488630415415,0.11115827629926067,-0.21898929250776697,0.006984324753179286,0.0,1.189585263211546
675,Leicester,2018-03-10,0.880697731728931,4,0.06711933663378775,0.0,0.36420012646592,-0.06683817636025952,0.006984324753179286,0.05238281082503731,1.304546154046596
676,West Ham,2018-03-10,0.880697731728931,0,0.06711933663378775,0.34261488630415415,0.4396420979892272,-0.21851750312738244,0.006518703102967334,0.0,1.5180752526316852
676,Burnley,2018-03-10,0.880697731728931,3,0.06711933663378775,0.0,0.36341549562834036,-0.26435167096049966,0.006518703102967334,0.05238281082503731,1.1057824069585642
677,Bournemouth,2018-03-11,0.880697731728931,1,0.07031549552111097,0.34261488630415415,0.7241857379505829,-0.6077934369323255,0.006984324753179286,0.0,1.4170047393256329
677,Tottenham,2018-03-11,0.880697731728931,4,0.07031549552111097,0.0,1.010818584146337,-0.43544444626340145,0.006984324753179286,0.05238281082503731,1.5857545007111942
678,Arsenal,2018-03-11,0.880697731728931,3,0.06711933663378775,0.34261488630415415,0.3898195626630003,-0.40220706953663105,0.006984324753179286,0.0,1.2850287725464216
678,Watford,2018-03-11,0.880697731728931,0,0.07031549552111097,0.0,0.6689088033175534,-0.2343939609841012,0.006984324753179286,0.05238281082503731,1.4448952051617108
679,Stoke,2018-03-12,0.880697731728931,0,0.07301993765653832,0.34261488630415415,0.39334300786254683,-0.6277453552331946,0.006984324753179286,0.0,1.068914533072155
679,Man City,2018-03-12,0.880697731728931,2,0.07031549552111097,0.0,1.0440005314698872,-0.23651256752860167,0.006984324753179286,0.05238281082503731,1.8178683267695441
680,Bournemouth,2018-03-17,0.880697731728931,2,0.06328394596899987,0.34261488630415415,0.5746796837470766,-0.03341908818012976,0.007449946403391239,0.0,1.8353071059724229
680,West Brom,2018-03-17,0.880697731728931,1,0.06711933663378775,0.0,0.055579138149630336,-0.3455481978646041,0.007449946403391239,0.05238281082503731,0.7176807658761734
681,Huddersfield,2018-03-17,0.880697731728931,0,0.06711933663378775,0.34261488630415415,0.5106149757991516,-0.1050736080495505,0.007449946403391239,0.0,1.7034232688198654
681,Crystal Palace,2018-03-17,0.880697731728931,2,0.06711933663378775,0.0,0.17474745409536194,-0.30702683543573744,0.007449946403391239,0.05238281082503731,0.8753704442507717
682,Liverpool,2018-03-17,0.880697731728931,5,0.06711933663378775,0.34261488630415415,0.9196380619458041,-0.43119028928754166,0.007449946403391239,0.0,1.7863296737285266
682,Watford,2018-03-17,0.880697731728931,0,0.06328394596899987,0.0,0.7171106682479897,-0.5529676513376246,0.007449946403391239,0.05238281082503731,1.1679574518367244
683,Stoke,2018-03-17,0.880697731728931,1,0.05859624626759248,0.34261488630415415,0.32422359279434443,-0.3093785111475257,0.007449946403391239,0.0,1.3042038923508879
683,Everton,2018-03-17,0.880697731728931,2,0.06711933663378775,0.0,0.5145260373028081,-0.19495186860404287,0.007449946403391239,0.05238281082503731,1.3272239942899124
684,West Ham,2018-03-31,0.880697731728931,3,0.08859752435659983,0.34261488630415415,0.34737313785768464,-0.277053306285009,0.006984324753179286,0.0,1.38921429871554
684,Southampton,2018-03-31,0.880697731728931,0,0.08859752435659983,0.0,0.46076613167387065,-0.2088714203199919,0.006984324753179286,0.05238281082503731,1.2805571030176262
685,West Brom,2018-03-31,0.880697731728931,1,0.08203474477462948,0.34261488630415415,0.027789569074815168,-0.31378031113633664,0.007449946403391239,0.0,1.0268065671495843
685,Burnley,2018-03-31,0.880697731728931,2,0.08859752435659983,0.0,0.5218466514490262,-0.01670954409006488,0.007449946403391239,0.05238281082503731,1.5342651206729208
686,Watford,2018-03-31,0.880697731728931,2,0.08203474477462948,0.34261488630415415,0.6136595118501369,-0.30060007366520547,0.007449946403391239,0.0,1.6258567473960372
686,Bournemouth,2018-03-31,0.880697731728931,2,0.08203474477462948,0.0,0.49992665664532326,-0.3689863143232549,0.007449946403391239,0.05238281082503731,1.1535055760540573
687,Newcastle,2018-03-31,0.880697731728931,1,0.08859752435659983,0.34261488630415415,0.5949543551884192,-0.3324697823439335,0.007449946403391239,0.0,1.5818446616375619
687,Huddersfield,2018-03-31,0.880697731728931,0,0.08203474477462948,0.0,0.5529290285800749,-0.3577391215686972,0.007449946403391239,0.05238281082503731,1.2177551407433667
688,Everton,2018-03-31,0.880697731728931,1,0.08203474477462948,0.34261488630415415,0.6399192852406171,-0.6462202119221462,0.007449946403391239,0.0,1.3064963825295768
688,Man City,2018-03-31,0.880697731728931,3,0.08713007053702881,0.0,1.0747259841415848,-0.38477601009298895,0.007449946403391239,0.05238281082503731,1.7176105335429843
689,Crystal Palace,2018-03-31,0.880697731728931,1,0.08203474477462948,0.34261488630415415,0.214925815910752,-0.5832661650277805,0.007449946403391239,0.0,0.9444569600940774
689,Liverpool,2018-03-31,0.880697731728931,2,0.08203474477462948,0.0,0.9700273864251862,-0.1292323888645173,0.007449946403391239,0.05238281082503731,1.8633602312926578
690,Brighton,2018-03-31,0.880697731728931,0,0.08859752435659983,0.34261488630415415,0.7925970416141046,-0.26288581593336763,0.007449946403391239,0.0,1.8490713144738136
690,Leicester,2018-03-31,0.880697731728931,2,0.08859752435659983,0.0,0.43720424095910204,-0.4765793660509993,0.007449946403391239,0.05238281082503731,0.9897528882220619
691,Man United,2018-03-31,0.880697731728931,2,0.08859752435659983,0.34261488630415415,0.9035331714753593,-0.456767626076133,0.007449946403391239,0.0,1.7661256341923024
691,Swansea,2018-03-31,0.880697731728931,0,0.08859752435659983,0.0,0.7596482242462403,-0.5432839683464606,0.007449946403391239,0.05238281082503731,1.245492269213739
692,Arsenal,2018-04-01,0.880697731728931,3,0.08859752435659983,0.34261488630415415,0.4500139590576422,-0.1741715191417635,0.007449946403391239,0.0,1.595202528708955
692,Stoke,2018-04-01,0.880697731728931,0,0.08326834995921037,0.0,0.2896638852602433,-0.2705881501715347,0.007449946403391239,0.05238281082503731,1.0428745740052785
693,Chelsea,2018-04-01,0.880697731728931,1,0.08859752435659983,0.34261488630415415,0.45783671651075564,-0.6362442527717116,0.007449946403391239,0.0,1.1409525525321202
693,Tottenham,2018-04-01,0.880697731728931,3,0.08859752435659983,0.0,1.0581350104798097,-0.2752918830799786,0.007449946403391239,0.00865181560173289,1.7682401454904857
694,Leicester,2018-04-07,0.880697731728931,1,0.06711933663378775,0.34261488630415415,0.5587410241144071,-0.43452151025015545,0.007449946403391239,0.0,1.422101414934516
694,Newcastle,2018-04-07,0.880697731728931,2,0.06711933663378775,0.0,0.7226508071377797,-0.33596446753932924,0.007449946403391239,0.05238281082503731,1.3943361651895978
695,Bournemouth,2018-04-07,0.880697731728931,2,0.06711933663378775,0.34261488630415415,0.5050675060488037,-0.1413117792720007,0.007915568053603191,0.0,1.6621032494972792
695,Crystal Palace,2018-04-07,0.880697731728931,2,0.06711933663378775,0.0,0.23501499681844704,-0.3036912065120868,0.007915568053603191,0.05238281082503731,0.9394392375477193
696,Brighton,2018-04-07,0.880697731728931,1,0.06711933663378775,0.34261488630415415,0.6939200614875514,-0.26849567095828947,0.007915568053603191,0.0,1.723771913249738
696,Huddersfield,2018-04-07,0.880697731728931,1,0.06711933663378775,0.0,0.4465339661074655,-0.4172460476515644,0.007915568053603191,0.05238281082503731,1.03740336569726
697,Everton,2018-04-07,0.880697731728931,0,0.06711933663378775,0.34261488630415415,0.5750638203464505,-0.5984154218728585,0.007915568053603191,0.0,1.274995921194068
697,Liverpool,2018-04-07,0.880697731728931,0,0.06711933663378775,0.0,0.9952220486648772,-0.3457791747259785,0.007915568053603191,0.05238281082503731,1.6575583211802578
698,Man City,2018-04-07,0.880697731728931,2,0.06711933663378775,0.34261488630415415,1.1751234363861476,-0.5784243235321984,0.007449946403391239,0.0,1.8945810139242132
698,Man United,2018-04-07,0.880697731728931,3,0.06711933663378775,0.0,0.9619749411899636,-0.7065880301597833,0.007449946403391239,0.007936789518945046,1.2185907153152353
699,Stoke,2018-04-07,0.880697731728931,1,0.06328394596899987,0.34261488630415415,0.22986666853883564,-0.7016000505845661,0.007915568053603191,0.0,0.8227787500099577
699,Tottenham,2018-04-07,0.880697731728931,2,0.06328394596899987,0.0,1.16682794955526,-0.13821614946404312,0.007915568053603191,0.05238281082503731,2.0328918566677885
700,Watford,2018-04-07,0.880697731728931,1,0.06711933663378775,0.34261488630415415,0.6044512966055675,-0.41254210503397515,0.007915568053603191,0.0,1.4902567142920684
700,Burnley,2018-04-07,0.880697731728931,2,0.06711933663378775,0.0,0.6860969552680832,-0.36344952178769224,0.007915568053603191,0.05238281082503731,1.3307628807217502
701,West Brom,2018-04-07,0.880697731728931,1,0.06711933663378775,0.34261488630415415,0.013894784537407584,-0.4073401776641313,0.007915568053603191,0.0,0.9049021295937525
701,Swansea,2018-04-07,0.880697731728931,1,0.06711933663378775,0.0,0.6774456528036192,-0.00835477204503244,0.007915568053603191,0.05238281082503731,1.6772063279999458
702,Arsenal,2018-04-08,0.880697731728931,3,0.06711933663378775,0.34261488630415415,0.4801111572549631,-0.18965704303566586,0.007915568053603191,0.0,1.5888016369397735
702,Southampton,2018-04-08,0.880697731728931,2,0.07031549552111097,0.0,0.3154177917456493,-0.2886852447652514,0.007915568053603191,0.05238281082503731,1.03804415310908
703,Chelsea,2018-04-08,0.880697731728931,1,0.06711933663378775,0.34261488630415415,0.48402253598151984,-0.25782687983948005,0.007915568053603191,0.0,1.524543178862516
703,West Ham,2018-04-08,0.880697731728931,1,0.07031549552111097,0.0,0.42879074665498434,-0.2910371112194734,0.007915568053603191,0.05238281082503731,1.1490652415641933
704,Swansea,2018-04-14,0.880697731728931,1,0.06711933663378775,0.34261488630415415,0.5513096411735947,-0.35184595198905405,0.007449946403391239,0.0,1.497345590254805
704,Everton,2018-04-14,0.880697731728931,1,0.06711933663378775,0.0,0.5851534508537243,-0.3314960635649691,0.007449946403391239,0.05238281082503731,1.2613072128799023
705,Tottenham,2018-04-14,0.880697731728931,1,0.06711933663378775,0.34261488630415415,1.2211744190929852,-0.6600763544388599,0.007449946403391239,0.0,1.8589799657243895
705,Man City,2018-04-14,0.880697731728931,3,0.06711933663378775,0.0,1.097770073645358,-0.7342779494909932,0.007449946403391239,0.06520223288348526,1.3839613718039598
706,Southampton,2018-04-14,0.880697731728931,2,0.06328394596899987,0.34261488630415415,0.2427436217815387,-0.24777933539605945,0.007915568053603191,0.0,1.2894764184411673
706,Chelsea,2018-04-14,0.880697731728931,3,0.06328394596899987,0.0,0.412080719808188,-0.1459589114109943,0.007915568053603191,0.05238281082503731,1.270401864973765
707,Huddersfield,2018-04-14,0.880697731728931,1,0.06711933663378775,0.34261488630415415,0.30830170896244674,-0.28398554068016885,0.007915568053603191,0.0,1.322663691002754
707,Watford,2018-04-14,0.880697731728931,0,0.06711933663378775,0.0,0.4722951001202118,-0.1853782253723061,0.007915568053603191,0.05238281082503731,1.2950323219892648
708,Crystal Palace,2018-04-14,0.880697731728931,3,0.06711933663378775,0.34261488630415415,0.28757695022665153,-0.387579388451847,0.007915568053603191,0.0,1.1983450844952808
708,Brighton,2018-04-14,0.880697731728931,2,0.06711933663378775,0.0,0.6445815714242747,-0.1729166694223231,0.007915568053603191,0.05238281082503731,1.4797803492433106
709,Burnley,2018-04-14,0.880697731728931,2,0.06711933663378775,0.34261488630415415,0.8957741960406826,-0.3725037933423101,0.007449946403391239,0.0,1.8211523037686368
709,Leicester,2018-04-14,0.880697731728931,1,0.06711933663378775,0.0,0.6195094156920596,-0.5386185868225364,0.007449946403391239,0.05238281082503731,1.0885406544606706
710,Liverpool,2018-04-14,0.880697731728931,3,0.06711933663378775,0.34261488630415415,0.9227846538760086,-0.3052367729355275,0.007915568053603191,0.0,1.9158954036609572
710,Bournemouth,2018-04-14,0.880697731728931,0,0.06711933663378775,0.0,0.5076379307505439,-0.554859660402236,0.007915568053603191,0.05238281082503731,0.960893717589667
711,Man United,2018-04-15,0.880697731728931,0,0.07031549552111097,0.34261488630415415,1.118747914910337,-0.029742580969096905,0.007915568053603191,0.0,2.3905490155490394
711,West Brom,2018-04-15,0.880697731728931,1,0.07031549552111097,0.0,0.049464755223060805,-0.6726900859648095,0.007915568053603191,0.05238281082503731,0.38808627538693374
712,Newcastle,2018-04-15,0.880697731728931,2,0.07031549552111097,0.34261488630415415,0.7864990331124599,-0.37442937690185185,0.007915568053603191,0.0,1.713613337818407
712,Arsenal,2018-04-15,0.880697731728931,1,0.06711933663378775,0.0,0.6227118452166946,-0.4729127045908845,0.007915568053603191,0.05238281082503731,1.1579145878671693
713,West Ham,2018-04-16,0.880697731728931,1,0.07031549552111097,0.34261488630415415,0.3844648251449202,-0.09467326967860223,0.007449946403391239,0.0,1.590869615423905
713,Stoke,2018-04-16,0.880697731728931,1,0.07301993765653832,0.0,0.15745069722377483,-0.23117421970606272,0.007449946403391239,0.05238281082503731,0.9398269041316101
714,Brighton,2018-04-17,0.880697731728931,1,0.04520281854928562,0.34261488630415415,0.49236023752956537,-0.6739213141044648,0.008381189703815144,0.0,1.0953355497112864
714,Tottenham,2018-04-17,0.880697731728931,1,0.04520281854928562,0.0,1.1207955649987766,-0.2960504740122462,0.008381189703815144,0.05238281082503731,1.8114096417935992
715,Bournemouth,2018-04-18,0.880697731728931,0,0.05273662164083323,0.34261488630415415,0.46640578014705697,-0.6431273823413729,0.008381189703815144,0.0,1.1077088271834177
715,Man United,2018-04-18,0.880697731728931,2,0.04520281854928562,0.0,1.0695823129074524,-0.2804443612006672,0.008381189703815144,0.05238281082503731,1.7758025025138542
716,Leicester,2018-04-19,0.880697731728931,0,0.05859624626759248,0.34261488630415415,0.6073762485265288,-0.09854465065207783,0.007915568053603191,0.0,1.798656030228732
716,Southampton,2018-04-19,0.880697731728931,0,0.05859624626759248,0.0,0.16388917384512636,-0.36520826129721984,0.007915568053603191,0.05238281082503731,0.7982732694230705
717,Burnley,2018-04-19,0.880697731728931,1,0.05859624626759248,0.34261488630415415,1.0856475423356964,-0.3028460323240945,0.007915568053603191,0.0,2.0726259423658826
717,Chelsea,2018-04-19,0.880697731728931,2,0.05859624626759248,0.0,0.503661900584593,-0.6527872176099785,0.007915568053603191,0.05238281082503731,0.8504670398497785
718,Watford,2018-04-21,0.880697731728931,0,0.06711933663378775,0.34261488630415415,0.2786649130144629,-0.26541469933722633,0.008381189703815144,0.0,1.3120633580479246
718,Crystal Palace,2018-04-21,0.880697731728931,0,0.06711933663378775,0.0,0.44141001579382483,-0.1675579652866651,0.008381189703815144,0.05238281082503731,1.2824331193987306
719,West Brom,2018-04-21,0.880697731728931,2,0.06328394596899987,0.34261488630415415,0.19480182942895843,-0.5330817796669248,0.008381189703815144,0.0,0.9566978034679336
719,Liverpool,2018-04-21,0.880697731728931,2,0.06711933663378775,0.0,0.8865659564815743,-0.11713207027087119,0.008381189703815144,0.05238281082503731,1.7780149551022744
720,Arsenal,2018-04-22,0.880697731728931,4,0.06711933663378775,0.34261488630415415,0.6940121891975605,-0.24341308458593477,0.008381189703815144,0.0,1.7494122489823138
720,West Ham,2018-04-22,0.880697731728931,1,0.06328394596899987,0.0,0.40481922734424514,-0.4173014429701521,0.008381189703815144,0.05238281082503731,0.9922634626008765
721,Man City,2018-04-22,0.880697731728931,5,0.07031549552111097,0.34261488630415415,1.059093392274963,-0.3191392014619686,0.007915568053603191,0.0,2.0414978724207935
721,Swansea,2018-04-22,0.880697731728931,0,0.07031549552111097,0.0,0.5307589983129394,-0.6368205165783981,0.007915568053603191,0.05238281082503731,0.9052500878632236
722,Stoke,2018-04-22,0.880697731728931,1,0.06328394596899987,0.34261488630415415,0.12124271156624442,-0.6331759481639574,0.008381189703815144,0.0,0.7830445171081871
722,Burnley,2018-04-22,0.880697731728931,1,0.04520281854928562,0.0,1.0530321266201323,-0.0729018297858818,0.008381189703815144,0.05238281082503731,1.9667948476413193
723,Everton,2018-04-23,0.880697731728931,1,0.07301993765653832,0.34261488630415415,0.6327156290617182,-0.5432386916544104,0.008381189703815144,0.0,1.3941906828007464
723,Newcastle,2018-04-23,0.880697731728931,0,0.07031549552111097,0.0,0.903457872008514,-0.38044453556717245,0.008381189703815144,0.05238281082503731,1.5347905642202357
724,Southampton,2018-04-28,0.880697731728931,2,0.07301993765653832,0.34261488630415415,0.12446194987692019,-0.268048155333237,0.008381189703815144,0.0,1.1611275399371217
724,Bournemouth,2018-04-28,0.880697731728931,1,0.07533803091547604,0.0,0.44578970484531355,-0.0748375202726196,0.008381189703815144,0.05238281082503731,1.3877519477459532
725,Huddersfield,2018-04-28,0.880697731728931,0,0.08203474477462948,0.34261488630415415,0.3667376692530084,-0.3947438273562317,0.008381189703815144,0.0,1.2857223944083065
725,Everton,2018-04-28,0.880697731728931,2,0.05859624626759248,0.0,0.6564967181657151,-0.22051508741905645,0.008381189703815144,0.05238281082503731,1.4360396092720344
726,Swansea,2018-04-28,0.880697731728931,0,0.06328394596899987,0.34261488630415415,0.3929315880195407,-0.40707496562785406,0.007915568053603191,0.0,1.2803687544473747
726,Chelsea,2018-04-28,0.880697731728931,1,0.07301993765653832,0.0,0.6770045798358666,-0.23626518557072634,0.007915568053603191,0.05238281082503731,1.4547554425292502
727,Newcastle,2018-04-28,0.880697731728931,0,0.05859624626759248,0.34261488630415415,0.961937291456541,-0.186392009868339,0.008381189703815144,0.0,2.065835335592695
727,West Brom,2018-04-28,0.880697731728931,1,0.06711933663378775,0.0,0.30998772948626424,-0.5784016851861734,0.008381189703815144,0.05238281082503731,0.7401671131916621
728,Crystal Palace,2018-04-28,0.880697731728931,5,0.06711933663378775,0.34261488630415415,0.5608439115317685,-0.36156049527467465,0.008381189703815144,0.0,1.4980965606277818
728,Leicester,2018-04-28,0.880697731728931,0,0.07301993765653832,0.0,0.6013096649437635,-0.3372289092412586,0.008381189703815144,0.05238281082503731,1.2785624256168264
729,Burnley,2018-04-28,0.880697731728931,0,0.06328394596899987,0.34261488630415415,0.9516896928536362,-0.19915562689928448,0.008381189703815144,0.0,2.0475118196602518
729,Brighton,2018-04-28,0.880697731728931,0,0.07734704507322207,0.0,0.3312148446734967,-0.5722399235477855,0.008381189703815144,0.05238281082503731,0.7777836984567167
730,Liverpool,2018-04-28,0.880697731728931,0,0.06711933663378775,0.34261488630415415,0.9109739707387142,-0.08758130478610225,0.008381189703815144,0.0,2.1222058103233
730,Stoke,2018-04-28,0.880697731728931,0,0.06328394596899987,0.0,0.14565608169183622,-0.5477580342458499,0.008381189703815144,0.05238281082503731,0.6026437256727696
731,Man United,2018-04-29,0.880697731728931,2,0.07734704507322207,0.34261488630415415,1.0449995119060103,-0.5154330608440443,0.008381189703815144,0.0,1.8386073038720883
731,Arsenal,2018-04-29,0.880697731728931,1,0.06711933663378775,0.0,0.8572144500510643,-0.6283460305296547,0.008381189703815144,0.06520223288348526,1.2502689104714286
732,West Ham,2018-04-29,0.880697731728931,1,0.06711933663378775,0.34261488630415415,0.4149964284439076,-0.6251925976481671,0.007915568053603191,0.0,1.0881513535162166
732,Man City,2018-04-29,0.880697731728931,4,0.06711933663378775,0.0,1.0397550515897656,-0.24953251702587081,0.007915568053603191,0.05238281082503731,1.7983379818052538
733,Tottenham,2018-04-30,0.880697731728931,2,0.08065600956833317,0.34261488630415415,0.9855714120429584,-0.1349093725364939,0.007915568053603191,0.0,2.1625462351614857
733,Watford,2018-04-30,0.880697731728931,0,0.07301993765653832,0.0,0.22436718241594547,-0.5926126065180393,0.007915568053603191,0.05238281082503731,0.645770624162016
734,Brighton,2018-05-04,0.880697731728931,1,0.06328394596899987,0.34261488630415415,0.29315951119981937,-0.6209553546237955,0.008846811354027095,0.0,0.9676475319321358
734,Man United,2018-05-04,0.880697731728931,0,0.05859624626759248,0.0,1.0327081114052892,-0.1762733982893843,0.008846811354027095,0.05238281082503731,1.8569583132914926
735,Bournemouth,2018-05-05,0.880697731728931,1,0.06711933663378775,0.34261488630415415,0.3079295783313708,-0.16926298267852455,0.008846811354027095,0.0,1.4379453616737465
735,Swansea,2018-05-05,0.880697731728931,0,0.06711933663378775,0.0,0.28150051991848435,-0.18515446755977988,0.008846811354027095,0.05238281082503731,1.1053927429004877
736,Everton,2018-05-05,0.880697731728931,1,0.06711933663378775,0.34261488630415415,0.6683872627177136,-0.13967953992263252,0.008846811354027095,0.0,1.8279864888159811
736,Southampton,2018-05-05,0.880697731728931,1,0.06711933663378775,0.0,0.2323004267558881,-0.4018934732507613,0.008846811354027095,0.05238281082503731,0.8394536440469099
737,Leicester,2018-05-05,0.880697731728931,0,0.06711933663378775,0.34261488630415415,0.47072428428930974,-0.2525922332458388,0.008381189703815144,0.0,1.516945195414159
737,West Ham,2018-05-05,0.880697731728931,2,0.06328394596899987,0.0,0.42008502899373884,-0.28304102742366005,0.008381189703815144,0.05238281082503731,1.1417896797968619
738,Stoke,2018-05-05,0.880697731728931,1,0.06711933663378775,0.34261488630415415,0.20038012970898914,-0.37313601419327475,0.008846811354027095,0.0,1.1265228815366144
738,Crystal Palace,2018-05-05,0.880697731728931,2,0.06711933663378775,0.0,0.6205608594007402,-0.12048623723279317,0.008846811354027095,0.05238281082503731,1.5091213127097303
739,Watford,2018-05-05,0.880697731728931,2,0.05859624626759248,0.34261488630415415,0.19721831711668678,-0.5192875971123129,0.008846811354027095,0.0,0.9686863956590788
739,Newcastle,2018-05-05,0.880697731728931,1,0.06711933663378775,0.0,0.8636249123174836,-0.11858507616140833,0.008846811354027095,0.05238281082503731,1.7540865266978585
740,West Brom,2018-05-05,0.880697731728931,1,0.06711933663378775,0.34261488630415415,0.4951327683779882,-0.5519582527248265,0.008846811354027095,0.0,1.242453281674062
740,Tottenham,2018-05-05,0.880697731728931,0,0.05859624626759248,0.0,0.9179593355650493,-0.29771756450681497,0.008846811354027095,0.05238281082503731,1.6207653712338221
741,Chelsea,2018-05-06,0.880697731728931,1,0.07031549552111097,0.34261488630415415,0.7636759194615034,-0.5039657716421511,0.008381189703815144,0.0,1.5617194510773633
741,Liverpool,2018-05-06,0.880697731728931,0,0.07031549552111097,0.0,0.8381432519585701,-0.45918943227973386,0.008381189703815144,0.06520223288348526,1.4035504695161785
742,Arsenal,2018-05-06,0.880697731728931,5,0.06711933663378775,0.34261488630415415,0.8112634916147453,-0.4906415213465382,0.008846811354027095,0.0,1.619900736289107
742,Burnley,2018-05-06,0.880697731728931,0,0.07031549552111097,0.0,0.8159837500616741,-0.4878032849412483,0.008846811354027095,0.05238281082503731,1.340423314549532
743,Man City,2018-05-06,0.880697731728931,0,0.06711933663378775,0.34261488630415415,1.030085881247167,-0.21251832349585095,0.008381189703815144,0.0,2.1163807021220045
743,Huddersfield,2018-05-06,0.880697731728931,0,0.07031549552111097,0.0,0.3534382864439322,-0.6193786381830517,0.008381189703815144,0.05238281082503731,0.7458368760397748
744,Swansea,2018-05-08,0.880697731728931,0,0.04520281854928562,0.34261488630415415,0.2257849858679562,-0.19766574469421966,0.008381189703815144,0.0,1.3050158674599224
744,Southampton,2018-05-08,0.880697731728931,1,0.04520281854928562,0.0,0.3287370281497291,-0.13576188123242364,0.008381189703815144,0.05238281082503731,1.1796396977243744
745,Man City,2018-05-09,0.880697731728931,3,0.04520281854928562,0.34261488630415415,0.9402165701671534,-0.24152786882417623,0.008846811354027095,0.0,1.976050949279375
745,Brighton,2018-05-09,0.880697731728931,1,0.05859624626759248,0.0,0.40168393332605173,-0.5653412685573327,0.008846811354027095,0.05238281082503731,0.8368662649443069
746,Tottenham,2018-05-09,0.880697731728931,1,0.05273662164083323,0.34261488630415415,0.7566012084630237,-0.41303496823564056,0.008381189703815144,0.0,1.6279966696051165
746,Newcastle,2018-05-09,0.880697731728931,0,0.05273662164083323,0.0,0.6869166338848839,-0.45493549098847796,0.008381189703815144,0.05238281082503731,1.2261794967950224
747,Chelsea,2018-05-09,0.880697731728931,1,0.04520281854928562,0.34261488630415415,0.9345636781373928,-0.23408513648082888,0.008846811354027095,0.0,1.9778407895929617
747,Huddersfield,2018-05-09,0.880697731728931,1,0.04520281854928562,0.0,0.3893059579937511,-0.5619422504454158,0.008846811354027095,0.05238281082503731,0.8144938800056163
748,Leicester,2018-05-09,0.880697731728931,3,0.05273662164083323,0.34261488630415415,0.2778795050990119,-0.4739883969898503,0.008846811354027095,0.0,1.0887871591371074
748,Arsenal,2018-05-09,0.880697731728931,1,0.04520281854928562,0.0,0.7882880123965857,-0.16708570865841071,0.008846811354027095,0.05238281082503731,1.608332476195456
749,West Ham,2018-05-10,0.880697731728931,0,0.05859624626759248,0.34261488630415415,0.42262932926865443,-0.5405644318311239,0.008381189703815144,0.0,1.1723549514420235
749,Man United,2018-05-10,0.880697731728931,0,0.06328394596899987,0.0,0.8990103222918576,-0.2541220913558228,0.008381189703815144,0.05238281082503731,1.6496339091628178
750,Burnley,2018-05-13,0.880697731728931,1,0.06711933663378775,0.34261488630415415,0.6205786898026221,-0.19483801356621266,0.008846811354027095,0.0,1.7250194422573095
750,Bournemouth,2018-05-13,0.880697731728931,2,0.07031549552111097,0.0,0.3240342409831134,-0.3731467354061725,0.008846811354027095,0.05238281082503731,0.963130355006047
751,Crystal Palace,2018-05-13,0.880697731728931,2,0.07031549552111097,0.34261488630415415,0.7779714221982972,-0.43007592666579497,0.008846811354027095,0.0,1.650370420440725
751,West Brom,2018-05-13,0.880697731728931,0,0.07031549552111097,0.0,0.7152573766869211,-0.4677851515090249,0.008846811354027095,0.05238281082503731,1.2597150746070025
752,Huddersfield,2018-05-13,0.880697731728931,0,0.05273662164083323,0.34261488630415415,0.4497571567230176,-0.3903853681744092,0.008846811354027095,0.0,1.344267839576554
752,Arsenal,2018-05-13,0.880697731728931,1,0.05273662164083323,0.0,0.6492481839244348,-0.27043373791989855,0.008846811354027095,0.05238281082503731,1.3734784215533649
753,Liverpool,2018-05-13,0.880697731728931,4,0.06711933663378775,0.34261488630415415,0.6741758037054271,-0.24858990914499152,0.008846811354027095,0.0,1.7248646605813356
753,Brighton,2018-05-13,0.880697731728931,0,0.05273662164083323,0.0,0.4134287814348109,-0.4053740555005596,0.008846811354027095,0.05238281082503731,1.0027187014830798
754,Man United,2018-05-13,0.880697731728931,1,0.04520281854928562,0.34261488630415415,0.7471267018264278,-0.1615533178670269,0.008846811354027095,0.0,1.862935631895799
754,Watford,2018-05-13,0.880697731728931,0,0.07031549552111097,0.0,0.2686786103757714,-0.44923858054162663,0.008846811354027095,0.05238281082503731,0.831682879263251
755,Newcastle,2018-05-13,0.880697731728931,3,0.05273662164083323,0.34261488630415415,0.47101040580551296,-0.6133186595282568,0.008846811354027095,0.0,1.1425877973052017
755,Chelsea,2018-05-13,0.880697731728931,0,0.05273662164083323,0.0,1.0200075574753376,-0.2832130689575623,0.008846811354027095,0.05238281082503731,1.731458464066604
756,Southampton,2018-05-13,0.880697731728931,0,0.05859624626759248,0.34261488630415415,0.5045074177097206,-0.6150181685842152,0.008846811354027095,0.0,1.1802449247802103
756,Man City,2018-05-13,0.880697731728931,1,0.05273662164083323,0.0,1.022834003490218,-0.3033544319197553,0.008846811354027095,0.05238281082503731,1.7141435471192914
757,Swansea,2018-05-13,0.880697731728931,1,0.05859624626759248,0.34261488630415415,0.1554098558883351,-0.13693870345613862,0.008846811354027095,0.0,1.309226828086901
757,Stoke,2018-05-13,0.880697731728931,2,0.07031549552111097,0.0,0.2277421537175656,-0.0934461355627925,0.008846811354027095,0.05238281082503731,1.1465388675838792
758,Tottenham,2018-05-13,0.880697731728931,5,0.05273662164083323,0.34261488630415415,0.6759221449120109,-0.18580363411552805,0.008846811354027095,0.0,1.7750145618244284
758,Leicester,2018-05-13,0.880697731728931,4,0.05273662164083323,0.0,0.30900920436693396,-0.40642411012030377,0.008846811354027095,0.05238281082503731,0.8972490697954587
759,West Ham,2018-05-13,0.880697731728931,3,0.04520281854928562,0.34261488630415415,0.4239014794061123,-0.4310334911446068,0.008846811354027095,0.0,1.2702302361979032
759,Everton,2018-05-13,0.880697731728931,1,0.07031549552111097,0.0,0.7168498979480699,-0.25488702041081485,0.008846811354027095,0.05238281082503731,1.474205726966361
760,Man United,2018-08-10,0.880697731728931,2,0.08859752435659983,0.34261488630415415,0.798736980456784,-0.19516259684408677,0.0004656216502119524,0.0,1.9159501476525942
760,Leicester,2018-08-10,0.880697731728931,1,0.08859752435659983,0.0,0.324574054000895,-0.4802712397366201,0.0004656216502119524,0.05238281082503731,0.8664465028250549
761,Watford,2018-08-11,0.880697731728931,2,0.08859752435659983,0.34261488630415415,0.3044087570053137,-0.25212092930539914,0.0004656216502119524,0.0,1.3646635917398116
761,Brighton,2018-08-11,0.880697731728931,0,0.08859752435659983,0.0,0.4193012054891905,-0.18303743871983616,0.0004656216502119524,0.05238281082503731,1.2584074553301343
762,Newcastle,2018-08-11,0.880697731728931,1,0.08859752435659983,0.34261488630415415,0.3630572917658275,-0.4588640045259587,0.0004656216502119524,0.0,1.2165690512797658
762,Tottenham,2018-08-11,0.880697731728931,2,0.08859752435659983,0.0,0.7631347019995754,-0.2183021193185232,0.0004656216502119524,0.05238281082503731,1.566976271241832
763,Wolves,2018-08-11,0.880697731728931,2,0.08203474477462948,0.34261488630415415,0.0,-0.42003830514494883,0.0004656216502119524,0.0,0.8857746793129777
763,Everton,2018-08-11,0.880697731728931,2,0.08859752435659983,0.0,0.698563852608891,-0.0,0.0004656216502119524,0.05238281082503731,1.720707541169671
764,Fulham,2018-08-11,0.880697731728931,0,0.08203474477462948,0.34261488630415415,0.0,-0.5662401100600613,0.0004656216502119524,0.0,0.7395728743978652
764,Crystal Palace,2018-08-11,0.880697731728931,2,0.08859752435659983,0.0,0.9417114295057897,-0.0,0.0004656216502119524,0.05238281082503731,1.9638551180665698
765,Bournemouth,2018-08-11,0.880697731728931,2,0.08859752435659983,0.34261488630415415,0.4171212982176987,-0.0,0.0004656216502119524,0.0,1.7294970622575958
765,Cardiff,2018-08-11,0.880697731728931,0,0.08203474477462948,0.0,0.0,-0.2508101764625904,0.0004656216502119524,0.05238281082503731,0.7647707325162192
766,Huddersfield,2018-08-11,0.880697731728931,0,0.08859752435659983,0.34261488630415415,0.43746539313329386,-0.5623112792299352,0.0004656216502119524,0.0,1.1875298779432557
766,Chelsea,2018-08-11,0.880697731728931,3,0.08859752435659983,0.0,0.9351774082812389,-0.2630428436928527,0.0004656216502119524,0.05238281082503731,1.6942782531491662
767,Arsenal,2018-08-12,0.880697731728931,0,0.08859752435659983,0.34261488630415415,0.7072803585514305,-0.6398566185976564,0.0004656216502119524,0.0,1.3797995039936708
767,Man City,2018-08-12,0.880697731728931,2,0.08859752435659983,0.0,1.06414272015175,-0.42527943860643075,0.0004656216502119524,0.06520223288348526,1.673826392164547
768,Liverpool,2018-08-12,0.880697731728931,4,0.08859752435659983,0.34261488630415415,0.6772268054875696,-0.3063998748314722,0.0004656216502119524,0.0,1.6832026946959944
768,West Ham,2018-08-12,0.880697731728931,0,0.08859752435659983,0.0,0.5095722803835552,-0.40720858732292525,0.0004656216502119524,0.05238281082503731,1.12450738162141
769,Southampton,2018-08-12,0.880697731728931,0,0.08859752435659983,0.34261488630415415,0.5923926124897163,-0.23770375759624762,0.0004656216502119524,0.0,1.6670646189333658
769,Burnley,2018-08-12,0.880697731728931,0,0.08859752435659983,0.0,0.3953240708100251,-0.3561987755325231,0.0004656216502119524,0.05238281082503731,1.0612689838382818
770,Tottenham,2018-08-18,0.880697731728931,3,0.06711933663378775,0.34261488630415415,0.8917757064520718,-0.0,0.0004656216502119524,0.0,2.182673282769157
770,Fulham,2018-08-18,0.880697731728931,1,0.06711933663378775,0.0,0.0,-0.5362143416219475,0.0004656216502119524,0.05238281082503731,0.46445115921602054
771,Leicester,2018-08-18,0.880697731728931,2,0.07031549552111097,0.34261488630415415,0.2898391158635185,-0.02556519494658068,0.0004656216502119524,0.0,1.5583676561213458
771,Wolves,2018-08-18,0.880697731728931,0,0.06711933663378775,0.0,0.042517362954357006,-0.17427688326178542,0.0004656216502119524,0.05238281082503731,0.8689059805305395
772,West Ham,2018-08-18,0.880697731728931,1,0.06328394596899987,0.34261488630415415,0.5524076808722767,-0.3554918427505213,0.0004656216502119524,0.0,1.483978023774052
772,Bournemouth,2018-08-18,0.880697731728931,2,0.06711933663378775,0.0,0.5912169156980625,-0.3321563020418009,0.0004656216502119524,0.05238281082503731,1.2597261144942296
773,Chelsea,2018-08-18,0.880697731728931,3,0.06711933663378775,0.34261488630415415,0.8927623336841896,-0.3660308889826995,0.0004656216502119524,0.0,1.8176290210185748
773,Arsenal,2018-08-18,0.880697731728931,2,0.06328394596899987,0.0,0.6087443570018573,-0.5368075890807744,0.0004656216502119524,0.009354073361613804,1.0257381406308395
774,Cardiff,2018-08-18,0.880697731728931,0,0.06711933663378775,0.34261488630415415,0.0,-0.18584664449900365,0.0004656216502119524,0.0,1.1050509318180812
774,Newcastle,2018-08-18,0.880697731728931,0,0.06711933663378775,0.0,0.3090807347459848,-0.0,0.0004656216502119524,0.05238281082503731,1.3097462355839526
775,Everton,2018-08-18,0.880697731728931,2,0.06711933663378775,0.34261488630415415,0.6894208299393014,-0.382620947338907,0.0004656216502119524,0.0,1.5976974589174793
775,Southampton,2018-08-18,0.880697731728931,1,0.06328394596899987,0.0,0.6363352098797143,-0.41454071214511984,0.0004656216502119524,0.05238281082503731,1.2186246079077743
776,Brighton,2018-08-19,0.880697731728931,3,0.07031549552111097,0.34261488630415415,0.3797200545620233,-0.49578756933411694,0.0004656216502119524,0.0,1.1780262204323144
776,Man United,2018-08-19,0.880697731728931,2,0.07301993765653832,0.0,0.8245421197719621,-0.2283212444390223,0.0004656216502119524,0.05238281082503731,1.6027869771936583
777,Burnley,2018-08-19,0.880697731728931,1,0.06711933663378775,0.34261488630415415,0.32521412426808355,-0.27047508398598286,0.0004656216502119524,0.0,1.3456366165991855
777,Watford,2018-08-19,0.880697731728931,3,0.07031549552111097,0.0,0.44982591918315595,-0.19554746363786585,0.0004656216502119524,0.05238281082503731,1.2581401152705813
778,Man City,2018-08-19,0.880697731728931,6,0.06711933663378775,0.34261488630415415,1.084797078482516,-0.1826518117395877,0.0004656216502119524,0.0,2.193042843060013
778,Huddersfield,2018-08-19,0.880697731728931,1,0.07031549552111097,0.0,0.3037674224753609,-0.6522758436043771,0.0004656216502119524,0.05238281082503731,0.6553532385962749
779,Crystal Palace,2018-08-20,0.880697731728931,0,0.07301993765653832,0.34261488630415415,1.023581433159536,-0.4081258532341081,0.0004656216502119524,0.0,1.9122537572652634
779,Liverpool,2018-08-20,0.880697731728931,2,0.07031549552111097,0.0,0.6787523063786408,-0.6154675893355795,0.0004656216502119524,0.05238281082503731,1.0671463767683524
780,Wolves,2018-08-25,0.880697731728931,1,0.06711933663378775,0.34261488630415415,0.0637760444315355,-0.6584854561077375,0.0009312433004239048,0.0,0.6966537862910951
780,Man City,2018-08-25,0.880697731728931,1,0.06328394596899987,0.0,1.0951242576478992,-0.03834779241987102,0.0009312433004239048,0.05238281082503731,2.0540721970514206
781,Arsenal,2018-08-25,0.880697731728931,3,0.06711933663378775,0.34261488630415415,0.5594763562270707,-0.3450345156469652,0.0009312433004239048,0.0,1.5058050385474022
781,West Ham,2018-08-25,0.880697731728931,1,0.06711933663378775,0.0,0.5738253811166374,-0.33640661417083384,0.0009312433004239048,0.05238281082503731,1.2385498894339835
782,Bournemouth,2018-08-25,0.880697731728931,2,0.06711933663378775,0.34261488630415415,0.8058168133013153,-0.41179191564520534,0.0009312433004239048,0.0,1.6853880956234066
782,Everton,2018-08-25,0.880697731728931,2,0.06711933663378775,0.0,0.6848493186045068,-0.4845282607342289,0.0009312433004239048,0.05238281082503731,1.2014521803584577
783,Huddersfield,2018-08-25,0.880697731728931,0,0.06328394596899987,0.34261488630415415,0.2369184371463945,-0.02556519494658068,0.0009312433004239048,0.0,1.4988810495023224
783,Cardiff,2018-08-25,0.880697731728931,0,0.06711933663378775,0.0,0.042517362954357006,-0.1424562957629552,0.0009312433004239048,0.05238281082503731,0.9011921896795817
784,Liverpool,2018-08-25,0.880697731728931,1,0.05859624626759248,0.34261488630415415,0.7645497827328905,-0.26755179189899525,0.0009312433004239048,0.0,1.7798380984349969
784,Brighton,2018-08-25,0.880697731728931,0,0.06328394596899987,0.0,0.44496420500715367,-0.4597148760828609,0.0009312433004239048,0.05238281082503731,0.9825450607476848
785,Southampton,2018-08-25,0.880697731728931,1,0.06711933663378775,0.34261488630415415,0.5307544197116422,-0.24052961131037678,0.0009312433004239048,0.0,1.5815880063685623
785,Leicester,2018-08-25,0.880697731728931,2,0.06711933663378775,0.0,0.4000237356579012,-0.3191364484023569,0.0009312433004239048,0.05238281082503731,1.0820184097437242
786,Newcastle,2018-08-26,0.880697731728931,1,0.07031549552111097,0.34261488630415415,0.3246098191904204,-0.524055744006194,0.0009312433004239048,0.0,1.095113432038846
786,Chelsea,2018-08-26,0.880697731728931,2,0.07031549552111097,0.0,0.8715547963856648,-0.19518410203582456,0.0009312433004239048,0.05238281082503731,1.6806979757253433
787,Watford,2018-08-26,0.880697731728931,2,0.06711933663378775,0.34261488630415415,0.607569226180791,-0.614516134026758,0.0009312433004239048,0.0,1.2844162901213299
787,Crystal Palace,2018-08-26,0.880697731728931,1,0.06328394596899987,0.0,1.021999072032052,-0.36532429651221754,0.0009312433004239048,0.05238281082503731,1.6539705073432265
788,Fulham,2018-08-26,0.880697731728931,4,0.07031549552111097,0.34261488630415415,0.0,-0.1489041217120943,0.0009312433004239048,0.0,1.1456552351425255
788,Burnley,2018-08-26,0.880697731728931,2,0.06711933663378775,0.0,0.2476417880427558,-0.0,0.0009312433004239048,0.05238281082503731,1.2487729105309355
789,Man United,2018-08-27,0.880697731728931,0,0.07031549552111097,0.34261488630415415,0.7098926005664801,-0.5748895101699419,0.0009312433004239048,0.0,1.429562447251158
789,Tottenham,2018-08-27,0.880697731728931,3,0.07301993765653832,0.0,0.95609620867832,-0.42685014929312326,0.0009312433004239048,0.06547851353129663,1.5493734856023869
790,Brighton,2018-09-01,0.880697731728931,2,0.06711933663378775,0.34261488630415415,0.3500341913666479,-0.07669558483974204,0.0009312433004239048,0.0,1.5647018044942027
790,Fulham,2018-09-01,0.880697731728931,2,0.06328394596899987,0.0,0.127552088863071,-0.21047148078923966,0.0009312433004239048,0.05238281082503731,0.9143763398972234
791,Chelsea,2018-09-01,0.880697731728931,2,0.06328394596899987,0.34261488630415415,0.8609510277364025,-0.5746116646726632,0.0009312433004239048,0.0,1.5738671703662481
791,Bournemouth,2018-09-01,0.880697731728931,0,0.06711933663378775,0.0,0.9556341250572987,-0.5176798214689038,0.0009312433004239048,0.05238281082503731,1.4390854260765746
792,Crystal Palace,2018-09-01,0.880697731728931,0,0.06328394596899987,0.34261488630415415,0.8936558026052391,-0.2618290039875012,0.0009312433004239048,0.0,1.9193546059202466
792,Southampton,2018-09-01,0.880697731728931,2,0.06711933663378775,0.0,0.4354466616732491,-0.5373448215326051,0.0009312433004239048,0.05238281082503731,0.8992329626288239
793,Everton,2018-09-01,0.880697731728931,1,0.06711933663378775,0.34261488630415415,0.5975288370283954,-0.12235853777463897,0.0009312433004239048,0.0,1.7665334972210534
793,Huddersfield,2018-09-01,0.880697731728931,1,0.06711933663378775,0.0,0.20349394448191124,-0.35928712750208674,0.0009312433004239048,0.05238281082503731,0.8453379394680044
794,Leicester,2018-09-01,0.880697731728931,1,0.06711933663378775,0.34261488630415415,0.5826681344181637,-0.5366397774003986,0.0009312433004239048,0.0,1.337391554985062
794,Liverpool,2018-09-01,0.880697731728931,2,0.06711933663378775,0.0,0.8924832468187294,-0.35035156017441454,0.0009312433004239048,0.05238281082503731,1.5432628091324947
795,Man City,2018-09-01,0.880697731728931,2,0.06711933663378775,0.34261488630415415,1.1002878472305908,-0.199852830804235,0.0009312433004239048,0.0,2.1917982143936525
795,Newcastle,2018-09-01,0.880697731728931,1,0.06328394596899987,0.0,0.33237436141263826,-0.6615902623594176,0.0009312433004239048,0.05238281082503731,0.6680798308766126
796,West Ham,2018-09-01,0.880697731728931,0,0.06711933663378775,0.34261488630415415,0.4569821423757467,-0.07030428610309687,0.0009312433004239048,0.0,1.6780410542399467
796,Wolves,2018-09-01,0.880697731728931,1,0.06711933663378775,0.0,0.11692274812448177,-0.2747780376098053,0.0009312433004239048,0.05238281082503731,0.8432758330028564
797,Watford,2018-09-02,0.880697731728931,2,0.06711933663378775,0.34261488630415415,0.8139929685426797,-0.6709226792836812,0.0013968649506358572,0.0,1.4348991088765073
797,Tottenham,2018-09-02,0.880697731728931,1,0.06328394596899987,0.0,1.115808548654515,-0.48944448761507703,0.0013968649506358572,0.05238281082503731,1.624125414513042
798,Burnley,2018-09-02,0.880697731728931,0,0.06711933663378775,0.34261488630415415,0.1663382569757349,-0.39238143927262636,0.0009312433004239048,0.0,1.0653200156704055
798,Man United,2018-09-02,0.880697731728931,2,0.06328394596899987,0.0,0.6525678409637391,-0.10001725580262782,0.0009312433004239048,0.05238281082503731,1.5498463169845034
799,Cardiff,2018-09-02,0.880697731728931,2,0.07031549552111097,0.34261488630415415,0.10629340738589252,-0.321594476764901,0.0009312433004239048,0.0,1.0792582874756114
799,Arsenal,2018-09-02,0.880697731728931,3,0.07031549552111097,0.0,0.5348423558396773,-0.0639129873664517,0.0009312433004239048,0.05238281082503731,1.4752566498487285
800,Watford,2018-09-15,0.880697731728931,1,0.08065600956833317,0.34261488630415415,0.9172048397236239,-0.4262774741555393,0.0018624866008478097,0.0,1.7967584797703506
800,Man United,2018-09-15,0.880697731728931,2,0.08065600956833317,0.0,0.7089401870710825,-0.5515045831665066,0.0018624866008478097,0.05238281082503731,1.1730346426277252
801,Bournemouth,2018-09-15,0.880697731728931,4,0.08203474477462948,0.34261488630415415,0.9029906920722194,-0.3285669497666914,0.0013968649506358572,0.0,1.8811679700638784
801,Leicester,2018-09-15,0.880697731728931,2,0.08203474477462948,0.0,0.5464382449352239,-0.5429577818021384,0.0013968649506358572,0.05238281082503731,1.0199926154123191
802,Chelsea,2018-09-15,0.880697731728931,4,0.08203474477462948,0.34261488630415415,0.9406838693204853,-0.08308688357638722,0.0013968649506358572,0.0,2.164341213502448
802,Cardiff,2018-09-15,0.880697731728931,1,0.08065600956833317,0.0,0.13818142960166027,-0.56562225009342,0.0013968649506358572,0.05238281082503731,0.5876925965811776
803,Huddersfield,2018-09-15,0.880697731728931,0,0.08203474477462948,0.34261488630415415,0.18678169814966963,-0.4220635804457867,0.0013968649506358572,0.0,1.0714623454622336
803,Crystal Palace,2018-09-15,0.880697731728931,1,0.08203474477462948,0.0,0.7019320790287616,-0.11230965878048085,0.0013968649506358572,0.05238281082503731,1.6061345725275145
804,Man City,2018-09-15,0.880697731728931,3,0.08203474477462948,0.34261488630415415,1.1028696420219364,-0.14060857220619374,0.0013968649506358572,0.0,2.269005297574093
804,Fulham,2018-09-15,0.880697731728931,0,0.08203474477462948,0.0,0.23384549624896353,-0.6631426654852577,0.0013968649506358572,0.05238281082503731,0.5872149830429393
805,Newcastle,2018-09-15,0.880697731728931,1,0.08203474477462948,0.34261488630415415,0.3362566325237471,-0.39088399290167664,0.0013968649506358572,0.0,1.252116867380421
805,Arsenal,2018-09-15,0.880697731728931,2,0.08065600956833317,0.0,0.6500774445090517,-0.20218719518844022,0.0013968649506358572,0.05238281082503731,1.4630236663935487
806,Tottenham,2018-09-15,0.880697731728931,1,0.08065600956833317,0.34261488630415415,1.0681126297795416,-0.6517978128989095,0.0009312433004239048,0.0,1.721214687782474
806,Liverpool,2018-09-15,0.880697731728931,2,0.08203474477462948,0.0,1.0840020677247197,-0.6422436790008087,0.0009312433004239048,0.06520223288348526,1.4706243414113804
807,Wolves,2018-09-16,0.880697731728931,1,0.08326834995921037,0.34261488630415415,0.2710481888340259,-0.0755738228478946,0.0013968649506358572,0.0,1.5034521989290628
807,Burnley,2018-09-16,0.880697731728931,0,0.08203474477462948,0.0,0.12568649144222446,-0.16297811778445184,0.0013968649506358572,0.05238281082503731,0.9792205259370063
808,Everton,2018-09-16,0.880697731728931,1,0.08326834995921037,0.34261488630415415,0.5538685962403398,-0.2140846036446447,0.0013968649506358572,0.0,1.6477618255386266
808,West Ham,2018-09-16,0.880697731728931,3,0.08326834995921037,0.0,0.35604316005094433,-0.3330347334305275,0.0013968649506358572,0.05238281082503731,1.0407541840842314
809,Southampton,2018-09-17,0.880697731728931,2,0.08437859462533318,0.34261488630415415,0.38779278265405254,-0.20749652018094256,0.0013968649506358572,0.0,1.4893843400821642
809,Brighton,2018-09-17,0.880697731728931,2,0.08437859462533318,0.0,0.34508654750075196,-0.2331752817800733,0.0013968649506358572,0.05238281082503731,1.130767267850616
810,Brighton,2018-09-22,0.880697731728931,1,0.05859624626759248,0.34261488630415415,0.385130088522161,-0.5512085940196305,0.0013968649506358572,0.0,1.117227223753844
810,Tottenham,2018-09-22,0.880697731728931,2,0.06711933663378775,0.0,0.9167125814789838,-0.2315742348233747,0.0013968649506358572,0.05238281082503731,1.686735090794001
811,Burnley,2018-09-22,0.880697731728931,4,0.06328394596899987,0.34261488630415415,0.10536060867546923,-0.5271308403668761,0.0013968649506358572,0.0,0.8662231972613139
811,Bournemouth,2018-09-22,0.880697731728931,0,0.06711933663378775,0.0,0.8766689755796797,-0.06335210637052797,0.0013968649506358572,0.05238281082503731,1.8149136133475436
812,Cardiff,2018-09-22,0.880697731728931,0,0.06711933663378775,0.34261488630415415,0.15412544070954415,-0.6639188670481777,0.0013968649506358572,0.0,0.7820353932788752
812,Man City,2018-09-22,0.880697731728931,5,0.06711933663378775,0.0,1.1041605394176093,-0.09267383168135497,0.0013968649506358572,0.05238281082503731,2.0130834518746465
813,Crystal Palace,2018-09-22,0.880697731728931,0,0.06711933663378775,0.34261488630415415,0.6060702172405229,-0.12665879254080079,0.0013968649506358572,0.0,1.771240244317231
813,Newcastle,2018-09-22,0.880697731728931,0,0.06711933663378775,0.0,0.21064567921623056,-0.36442295990237744,0.0013968649506358572,0.05238281082503731,0.847819463452245
814,Fulham,2018-09-22,0.880697731728931,1,0.06711933663378775,0.34261488630415415,0.2869921999419098,-0.5825346309422215,0.0013968649506358572,0.0,0.9962863886171972
814,Watford,2018-09-22,0.880697731728931,1,0.06711933663378775,0.0,0.968810775314096,-0.1725650658894196,0.0013968649506358572,0.05238281082503731,1.7978424535630684
815,Leicester,2018-09-22,0.880697731728931,3,0.06711933663378775,0.34261488630415415,0.528323300193754,-0.10728521928340179,0.0013968649506358572,0.0,1.7128669005278612
815,Huddersfield,2018-09-22,0.880697731728931,1,0.06711933663378775,0.0,0.17842557498354883,-0.31767464456282973,0.0013968649506358572,0.05238281082503731,0.8623476745591109
816,Liverpool,2018-09-22,0.880697731728931,3,0.06711933663378775,0.34261488630415415,1.179761478177715,-0.24441361562294006,0.0013968649506358572,0.0,2.2271766821722836
816,Southampton,2018-09-22,0.880697731728931,0,0.05859624626759248,0.0,0.4064832060988113,-0.709376830648165,0.0013968649506358572,0.05238281082503731,0.6901800292228428
817,Man United,2018-09-22,0.880697731728931,1,0.06711933663378775,0.34261488630415415,0.7371263601247543,-0.28601061846487136,0.0013968649506358572,0.0,1.742944561277392
817,Wolves,2018-09-22,0.880697731728931,1,0.06328394596899987,0.0,0.475662998051869,-0.44322549159699576,0.0013968649506358572,0.05238281082503731,1.0301988599284773
818,West Ham,2018-09-23,0.880697731728931,0,0.06711933663378775,0.34261488630415415,0.3055736688885432,-0.6662890492454202,0.0013968649506358572,0.0,0.9311134392606317
818,Chelsea,2018-09-23,0.880697731728931,0,0.07031549552111097,0.0,1.1081023789755977,-0.1837378866620644,0.0013968649506358572,0.05238281082503731,1.9291573953392485
819,Arsenal,2018-09-23,0.880697731728931,2,0.07031549552111097,0.34261488630415415,0.7076949888437388,-0.3199085363947478,0.0013968649506358572,0.0,1.682811430953823
819,Everton,2018-09-23,0.880697731728931,0,0.06711933663378775,0.0,0.5320384758463119,-0.4255287509700644,0.0013968649506358572,0.05238281082503731,1.1081064690146394
820,Arsenal,2018-09-29,0.880697731728931,2,0.06328394596899987,0.34261488630415415,0.8640558498741535,-0.5469192649369176,0.0018624866008478097,0.0,1.6055956355401684
820,Watford,2018-09-29,0.880697731728931,0,0.06711933663378775,0.0,0.9095790172006181,-0.5195467148440004,0.0018624866008478097,0.05238281082503731,1.3920946681452215
821,Chelsea,2018-09-29,0.880697731728931,1,0.06328394596899987,0.34261488630415415,1.1067769078944398,-0.7381663395227928,0.0018624866008478097,0.0,1.6570696189745802
821,Liverpool,2018-09-29,0.880697731728931,1,0.06711933663378775,0.0,1.2276411834042127,-0.665492058928259,0.0018624866008478097,0.06520223288348526,1.5770309123230057
822,Everton,2018-09-29,0.880697731728931,3,0.06328394596899987,0.34261488630415415,0.47860605269494094,-0.21410850767761322,0.0018624866008478097,0.0,1.5529565956202604
822,Fulham,2018-09-29,0.880697731728931,0,0.06711933663378775,0.0,0.35608291474273995,-0.2877802429302773,0.0018624866008478097,0.05238281082503731,1.0703650376010665
823,Huddersfield,2018-09-29,0.880697731728931,0,0.06711933663378775,0.34261488630415415,0.17424751340048844,-0.5056910515290414,0.0018624866008478097,0.0,0.9608509031391678
823,Tottenham,2018-09-29,0.880697731728931,2,0.06711933663378775,0.0,0.841012557328705,-0.10477299953486226,0.0018624866008478097,0.05238281082503731,1.7383019235824466
824,Man City,2018-09-29,0.880697731728931,2,0.06711933663378775,0.34261488630415415,1.1048059881154457,-0.24361309214459076,0.0018624866008478097,0.0,2.1534873372385754
824,Brighton,2018-09-29,0.880697731728931,0,0.06711933663378775,0.0,0.40515185903286555,-0.6643069678296377,0.0018624866008478097,0.05238281082503731,0.7429072569918316
825,Newcastle,2018-09-29,0.880697731728931,0,0.06711933663378775,0.34261488630415415,0.19035756551682928,-0.388924076800641,0.0018624866008478097,0.0,1.093727929983909
825,Leicester,2018-09-29,0.880697731728931,2,0.06711933663378775,0.0,0.64681791668609,-0.11445978616356174,0.0018624866008478097,0.05238281082503731,1.5344204963111323
826,West Ham,2018-09-29,0.880697731728931,3,0.06328394596899987,0.34261488630415415,0.32285628626169965,-0.4005691104245626,0.0018624866008478097,0.0,1.21074622644007
826,Man United,2018-09-29,0.880697731728931,1,0.06711933663378775,0.0,0.6661847207428762,-0.19412972311735494,0.0018624866008478097,0.05238281082503731,1.4741173634141251
827,Wolves,2018-09-29,0.880697731728931,2,0.06711933663378775,0.34261488630415415,0.5779704026607906,-0.22446758759779276,0.0018624866008478097,0.0,1.6457972563307186
827,Southampton,2018-09-29,0.880697731728931,0,0.06711933663378775,0.0,0.3733110548668337,-0.34752686880508116,0.0018624866008478097,0.05238281082503731,1.0278465518503563
828,Cardiff,2018-09-30,0.880697731728931,1,0.07031549552111097,0.34261488630415415,0.16209744626348607,-0.10837163802500603,0.0018624866008478097,0.0,1.349216408393524
828,Burnley,2018-09-30,0.880697731728931,2,0.07031549552111097,0.0,0.18023239320080564,-0.09746730573383884,0.0018624866008478097,0.05238281082503731,1.0880236121428937
829,Bournemouth,2018-10-01,0.880697731728931,2,0.07301993765653832,0.34261488630415415,0.7359560284703389,-0.2844722597375114,0.0018624866008478097,0.0,1.749678811023299
829,Crystal Palace,2018-10-01,0.880697731728931,1,0.07301993765653832,0.0,0.4731045604376894,-0.44252178480950277,0.0018624866008478097,0.05238281082503731,1.038545742439541
830,Brighton,2018-10-05,0.880697731728931,1,0.06328394596899987,0.34261488630415415,0.2876106554251468,-0.2760212261847423,0.0018624866008478097,0.0,1.3000484798433372
830,West Ham,2018-10-05,0.880697731728931,0,0.06328394596899987,0.0,0.4590496838113489,-0.17293693596545673,0.0018624866008478097,0.05238281082503731,1.2843397229697082
831,Burnley,2018-10-06,0.880697731728931,1,0.06328394596899987,0.34261488630415415,0.34522037432654484,-0.10351688966059248,0.0018624866008478097,0.0,1.530162535268885
831,Huddersfield,2018-10-06,0.880697731728931,1,0.06711933663378775,0.0,0.17215848260895822,-0.2075769886919871,0.0018624866008478097,0.05238281082503731,0.9666438597055748
832,Watford,2018-10-06,0.880697731728931,0,0.06711933663378775,0.34261488630415415,0.752411049280808,-0.4002172570308162,0.002328108251059762,0.0,1.6449538551679244
832,Bournemouth,2018-10-06,0.880697731728931,4,0.05859624626759248,0.0,0.6655995549156685,-0.4524159970945235,0.002328108251059762,0.05238281082503731,1.2071884548937653
833,Tottenham,2018-10-06,0.880697731728931,1,0.06711933663378775,0.34261488630415415,0.8031625452535655,-0.0742988478135001,0.0013968649506358572,0.0,2.020692517057574
833,Cardiff,2018-10-06,0.880697731728931,0,0.06328394596899987,0.0,0.12356608608610005,-0.4829322802837468,0.0013968649506358572,0.05238281082503731,0.6383951592759572
834,Crystal Palace,2018-10-06,0.880697731728931,0,0.05859624626759248,0.34261488630415415,0.4066217320362727,-0.45498057881492804,0.0018624866008478097,0.0,1.2354125041228705
834,Wolves,2018-10-06,0.880697731728931,1,0.06711933663378775,0.0,0.7566761938283223,-0.24449690965507842,0.0018624866008478097,0.05238281082503731,1.5142416499618478
835,Leicester,2018-10-06,0.880697731728931,1,0.06711933663378775,0.34261488630415415,0.706065224932258,-0.27171609619804205,0.0018624866008478097,0.0,1.7266435700019367
835,Everton,2018-10-06,0.880697731728931,2,0.06711933663378775,0.0,0.4518898411192555,-0.4245487929195466,0.0018624866008478097,0.05238281082503731,1.0294034139883128
836,Man United,2018-10-06,0.880697731728931,3,0.06711933663378775,0.34261488630415415,0.6307139010519371,-0.08279508802836155,0.0018624866008478097,0.0,1.8402132542912966
836,Newcastle,2018-10-06,0.880697731728931,2,0.06711933663378775,0.0,0.13769614571277164,-0.37924091983834607,0.0018624866008478097,0.05238281082503731,0.7605175916630293
837,Fulham,2018-10-07,0.880697731728931,1,0.07031549552111097,0.34261488630415415,0.390628272143155,-0.6432512816207103,0.0018624866008478097,0.0,1.0428675906774885
837,Arsenal,2018-10-07,0.880697731728931,5,0.07031549552111097,0.0,1.0697883692524317,-0.23488022857171,0.0018624866008478097,0.05238281082503731,1.8401666653566489
838,Liverpool,2018-10-07,0.880697731728931,0,0.07031549552111097,0.34261488630415415,1.1665463101087472,-0.6645010182203677,0.0018624866008478097,0.0,1.7975358920434235
838,Man City,2018-10-07,0.880697731728931,0,0.07031549552111097,0.0,1.1051287124643638,-0.7014307040669452,0.0018624866008478097,0.03097908167072099,1.3875528039190292
839,Southampton,2018-10-07,0.880697731728931,0,0.07031549552111097,0.34261488630415415,0.35672497925084484,-0.613963173876517,0.0018624866008478097,0.0,1.0382524055293718
839,Chelsea,2018-10-07,0.880697731728931,3,0.07031549552111097,0.0,1.021079446445147,-0.2144945735852191,0.0018624866008478097,0.05238281082503731,1.811843397535855
840,Wolves,2018-10-20,0.880697731728931,0,0.08203474477462948,0.34261488630415415,0.9310638153208023,-0.32846877833358445,0.002328108251059762,0.0,1.910270508045992
840,Watford,2018-10-20,0.880697731728931,2,0.08203474477462948,0.0,0.5462749764578321,-0.5598378237130129,0.002328108251059762,0.05238281082503731,1.0038805483244766
841,West Ham,2018-10-20,0.880697731728931,0,0.08326834995921037,0.34261488630415415,0.5271463825861735,-0.4715528946610995,0.002328108251059762,0.0,1.3645025641684294
841,Tottenham,2018-10-20,0.880697731728931,1,0.08203474477462948,0.0,0.7842375392159958,-0.3169669777184359,0.002328108251059762,0.05238281082503731,1.4847139570772174
842,Newcastle,2018-10-20,0.880697731728931,0,0.08203474477462948,0.34261488630415415,0.11136543581074283,-0.21429444271563178,0.002328108251059762,0.0,1.2047464641538854
842,Brighton,2018-10-20,0.880697731728931,1,0.08326834995921037,0.0,0.3563921424843584,-0.06696273896076146,0.002328108251059762,0.05238281082503731,1.3081064042878354
843,Man City,2018-10-20,0.880697731728931,5,0.08065600956833317,0.34261488630415415,1.105290074638823,-0.2827448589720583,0.002328108251059762,0.0,2.1288419515192425
843,Burnley,2018-10-20,0.880697731728931,0,0.08203474477462948,0.0,0.4702317278437715,-0.6645980434157327,0.002328108251059762,0.05238281082503731,0.8230770800076962
844,Huddersfield,2018-10-20,0.880697731728931,0,0.08203474477462948,0.34261488630415415,0.17111396721319314,-0.63193249644586,0.002328108251059762,0.0,0.8468569418261075
844,Liverpool,2018-10-20,0.880697731728931,1,0.08065600956833317,0.0,1.0509641475523006,-0.10288883472345761,0.002328108251059762,0.05238281082503731,1.9641399732022045
845,Chelsea,2018-10-20,0.880697731728931,2,0.08065600956833317,0.34261488630415415,0.9782307157205006,-0.44527240938497986,0.002328108251059762,0.0,1.8392550421879987
845,Man United,2018-10-20,0.880697731728931,2,0.08203474477462948,0.0,0.7405305800695385,-0.5881987313506459,0.002328108251059762,0.06574797243471761,1.1831404059082302
846,Cardiff,2018-10-20,0.880697731728931,4,0.08203474477462948,0.34261488630415415,0.061783043043050025,-0.16857050417901637,0.002328108251059762,0.0,1.2008880099228079
846,Fulham,2018-10-20,0.880697731728931,2,0.08065600956833317,0.0,0.2803488619802915,-0.03714942390675005,0.002328108251059762,0.05238281082503731,1.2592640984469026
847,Bournemouth,2018-10-20,0.880697731728931,0,0.08203474477462948,0.34261488630415415,0.7154560440470473,-0.20950806657893226,0.002328108251059762,0.0,1.8136234485268894
847,Southampton,2018-10-20,0.880697731728931,0,0.08065600956833317,0.0,0.34843194144285045,-0.43019538303463417,0.002328108251059762,0.05238281082503731,0.9343012187815776
848,Everton,2018-10-21,0.880697731728931,2,0.08326834995921037,0.34261488630415415,0.5235664612401268,-0.22450923461386194,0.002328108251059762,0.0,1.60796630286962
848,Crystal Palace,2018-10-21,0.880697731728931,0,0.08326834995921037,0.0,0.3733803178355644,-0.3148144127250858,0.002328108251059762,0.05238281082503731,1.077242905874717
849,Arsenal,2018-10-22,0.880697731728931,3,0.08326834995921037,0.34261488630415415,1.172654628941571,-0.3656655661392574,0.002328108251059762,0.0,2.1158981390456684
849,Leicester,2018-10-22,0.880697731728931,1,0.08437859462533318,0.0,0.6081367901922711,-0.7051035650090653,0.002328108251059762,0.05238281082503731,0.9228204706135668
850,Watford,2018-10-27,0.880697731728931,3,0.06711933663378775,0.34261488630415415,0.44320694004634403,-0.07700961230830948,0.0027937299012717144,0.0,1.6594230123061793
850,Huddersfield,2018-10-27,0.880697731728931,0,0.06711933663378775,0.0,0.12807434656095357,-0.266495168953115,0.0027937299012717144,0.05238281082503731,0.8645727866968662
851,Southampton,2018-10-27,0.880697731728931,0,0.06711933663378775,0.34261488630415415,0.2592506966301392,-0.05904656442696141,0.002328108251059762,0.0,1.4929641951211106
851,Newcastle,2018-10-27,0.880697731728931,0,0.06711933663378775,0.0,0.09820008085972844,-0.1558844231826275,0.002328108251059762,0.05238281082503731,0.9448436451159168
852,Liverpool,2018-10-27,0.880697731728931,4,0.06711933663378775,0.34261488630415415,0.9931730662740774,-0.09527029679311708,0.002328108251059762,0.0,2.190662832398893
852,Cardiff,2018-10-27,0.880697731728931,1,0.06711933663378775,0.0,0.15844361038459603,-0.5971833926353175,0.002328108251059762,0.05238281082503731,0.5637882051880944
853,Fulham,2018-10-27,0.880697731728931,0,0.06711933663378775,0.34261488630415415,0.18269179394450277,-0.4707496409831239,0.002328108251059762,0.0,1.0047022158793115
853,Bournemouth,2018-10-27,0.880697731728931,3,0.06711933663378775,0.0,0.7829016515670937,-0.10985044703608887,0.002328108251059762,0.05238281082503731,1.6755791919698206
854,Brighton,2018-10-27,0.880697731728931,1,0.06711933663378775,0.34261488630415415,0.47581761192267824,-0.5355708613223132,0.002328108251059762,0.0,1.2330068135182979
854,Wolves,2018-10-27,0.880697731728931,0,0.06711933663378775,0.0,0.8907055372039712,-0.28610358598388064,0.002328108251059762,0.05238281082503731,1.6071299386589062
855,Leicester,2018-10-27,0.880697731728931,1,0.05859624626759248,0.34261488630415415,0.5591725728222776,-0.3374398534852827,0.002328108251059762,0.0,1.5059696918887324
855,West Ham,2018-10-27,0.880697731728931,1,0.06711933663378775,0.0,0.5611947319735857,-0.33622395274911276,0.002328108251059762,0.05238281082503731,1.2274987666632886
856,Burnley,2018-10-28,0.880697731728931,0,0.07031549552111097,0.34261488630415415,0.5327374046023847,-0.5241861201945491,0.002328108251059762,0.0,1.3045075062130913
856,Chelsea,2018-10-28,0.880697731728931,4,0.07031549552111097,0.0,0.8717716244494633,-0.3203287941120939,0.002328108251059762,0.05238281082503731,1.5571669766635083
857,Crystal Palace,2018-10-28,0.880697731728931,2,0.06711933663378775,0.34261488630415415,0.3567596107352102,-0.736029706703243,0.002328108251059762,0.0,0.9134899669499
857,Arsenal,2018-10-28,0.880697731728931,2,0.06328394596899987,0.0,1.2240877587861405,-0.21451539709325368,0.002328108251059762,0.05238281082503731,2.0082649584669148
858,Man United,2018-10-28,0.880697731728931,2,0.07031549552111097,0.34261488630415415,0.7104041936696254,-0.3874939608817691,0.002328108251059762,0.0,1.6188664545931122
858,Everton,2018-10-28,0.880697731728931,1,0.06711933663378775,0.0,0.6444394972092765,-0.42715776426513535,0.002328108251059762,0.05238281082503731,1.219809720382957
859,Tottenham,2018-10-29,0.880697731728931,0,0.07301993765653832,0.34261488630415415,0.902327125060282,-0.6646465560134152,0.0018624866008478097,0.0,1.5358756113373382
859,Man City,2018-10-29,0.880697731728931,1,0.07301993765653832,0.0,1.1053707557260526,-0.542558786689518,0.0018624866008478097,0.06520223288348526,1.5835943579063372
860,Cardiff,2018-11-03,0.880697731728931,0,0.06711933663378775,0.34261488630415415,0.20677389405536903,-0.34706834100062117,0.0027937299012717144,0.0,1.1529312376228924
860,Leicester,2018-11-03,0.880697731728931,1,0.06711933663378775,0.0,0.5772078270916379,-0.12433073323630058,0.0027937299012717144,0.05238281082503731,1.455870702944365
861,Wolves,2018-11-03,0.880697731728931,2,0.06711933663378775,0.34261488630415415,0.7429743092824846,-0.5780617327037272,0.0027937299012717144,0.0,1.4581382611469023
861,Tottenham,2018-11-03,0.880697731728931,3,0.05859624626759248,0.0,0.961371917982425,-0.4467417952872214,0.0027937299012717144,0.05238281082503731,1.509100641418036
862,West Ham,2018-11-03,0.880697731728931,4,0.06711933663378775,0.34261488630415415,0.4931841807585779,-0.33912076168211175,0.0027937299012717144,0.0,1.447289103644611
862,Burnley,2018-11-03,0.880697731728931,2,0.06328394596899987,0.0,0.5639902429816914,-0.29654590147554477,0.0027937299012717144,0.05238281082503731,1.2666025599303865
863,Newcastle,2018-11-03,0.880697731728931,1,0.06711933663378775,0.34261488630415415,0.13413476633857824,-0.3122039491026222,0.0027937299012717144,0.0,1.1151565018041008
863,Watford,2018-11-03,0.880697731728931,0,0.06711933663378775,0.0,0.5192250107036711,-0.08065367210664207,0.0027937299012717144,0.05238281082503731,1.4415649476860568
864,Bournemouth,2018-11-03,0.880697731728931,1,0.06711933663378775,0.34261488630415415,0.8166244553271169,-0.41810044170521315,0.0027937299012717144,0.0,1.6917496981900484
864,Man United,2018-11-03,0.880697731728931,2,0.06328394596899987,0.0,0.6953410004696687,-0.49102676995736877,0.0027937299012717144,0.05238281082503731,1.2034724489365398
865,Arsenal,2018-11-03,0.880697731728931,1,0.06328394596899987,0.34261488630415415,1.1647695977997115,-0.5798088407300462,0.0027937299012717144,0.0,1.8743510509730215
865,Liverpool,2018-11-03,0.880697731728931,1,0.06711933663378775,0.0,0.9642775256349658,-0.7003623876571703,0.0027937299012717144,0.06491886811649923,1.2794448043582851
866,Everton,2018-11-03,0.880697731728931,3,0.06328394596899987,0.34261488630415415,0.7048760151938512,-0.3731385475111665,0.0027937299012717144,0.0,1.621127761586041
866,Brighton,2018-11-03,0.880697731728931,1,0.06711933663378775,0.0,0.6205650725505522,-0.4238337349601106,0.0027937299012717144,0.05238281082503731,1.1997249466794693
867,Man City,2018-11-04,0.880697731728931,6,0.06328394596899987,0.34261488630415415,1.1054110962696673,-0.1290726014844751,0.0027937299012717144,0.0,2.2657287886885493
867,Southampton,2018-11-04,0.880697731728931,1,0.07031549552111097,0.0,0.21466007422378364,-0.6646708123122564,0.0027937299012717144,0.05238281082503731,0.5561790298878779
868,Chelsea,2018-11-04,0.880697731728931,3,0.06711933663378775,0.34261488630415415,0.8185420788139447,-0.1583880884397882,0.0027937299012717144,0.0,1.9533796749423011
868,Crystal Palace,2018-11-04,0.880697731728931,1,0.06711933663378775,0.0,0.2634145312763191,-0.4921798146165007,0.0027937299012717144,0.05238281082503731,0.774228325748846
869,Huddersfield,2018-11-05,0.880697731728931,1,0.07301993765653832,0.34261488630415415,0.1065545362348338,-0.08049041846462511,0.0027937299012717144,0.0,1.3251904033611037
869,Fulham,2018-11-05,0.880697731728931,0,0.07301993765653832,0.0,0.13386325992660839,-0.06407000110073542,0.0027937299012717144,0.05238281082503731,1.0786874689376513
870,Southampton,2018-11-10,0.880697731728931,1,0.06328394596899987,0.34261488630415415,0.19236476302060584,-0.3094931442307952,0.0027937299012717144,0.0,1.1722619126931673
870,Watford,2018-11-10,0.880697731728931,1,0.06711933663378775,0.0,0.5147166830779776,-0.11566669063539892,0.0027937299012717144,0.05238281082503731,1.4020436015316065
871,Newcastle,2018-11-10,0.880697731728931,2,0.06711933663378775,0.34261488630415415,0.23713683498671712,-0.5011653344444913,0.003259351551483667,0.0,1.0296628067605824
871,Bournemouth,2018-11-10,0.880697731728931,1,0.06711933663378775,0.0,0.8334858572071286,-0.14258761583964374,0.003259351551483667,0.05238281082503731,1.6943574721067245
872,Leicester,2018-11-10,0.880697731728931,0,0.06711933663378775,0.34261488630415415,0.5862254542263179,-0.2718211606273786,0.0027937299012717144,0.0,1.607629978167084
872,Burnley,2018-11-10,0.880697731728931,0,0.06711933663378775,0.0,0.45206457330827376,-0.35249053512637535,0.0027937299012717144,0.05238281082503731,1.102567647270926
873,Crystal Palace,2018-11-10,0.880697731728931,0,0.06328394596899987,0.34261488630415415,0.17422462859251656,-0.5958132057108317,0.0027937299012717144,0.0,0.8678017167850415
873,Tottenham,2018-11-10,0.880697731728931,1,0.06711933663378775,0.0,0.9908943144434966,-0.10475923916647478,0.0027937299012717144,0.05238281082503731,1.8891286843660495
874,Cardiff,2018-11-10,0.880697731728931,2,0.06711933663378775,0.34261488630415415,0.23093903589075554,-0.41665602827480935,0.003259351551483667,0.0,1.1079743138343028
874,Brighton,2018-11-10,0.880697731728931,1,0.06711933663378775,0.0,0.6929388028644892,-0.13886095145789235,0.003259351551483667,0.05238281082503731,1.5575370821458363
875,Huddersfield,2018-11-10,0.880697731728931,1,0.05859624626759248,0.34261488630415415,0.22334671993484492,-0.32722931536383715,0.003259351551483667,0.0,1.181285620423169
875,West Ham,2018-11-10,0.880697731728931,1,0.06711933663378775,0.0,0.544213631059788,-0.13429578033669043,0.003259351551483667,0.05238281082503731,1.4133770814623372
876,Arsenal,2018-11-11,0.880697731728931,1,0.07031549552111097,0.34261488630415415,1.0500757913977827,-0.3767620673230948,0.003259351551483667,0.0,1.9702011891803675
876,Wolves,2018-11-11,0.880697731728931,1,0.07031549552111097,0.0,0.6265913323673844,-0.6313983382409727,0.003259351551483667,0.05238281082503731,1.0018483837529746
877,Chelsea,2018-11-11,0.880697731728931,0,0.06711933663378775,0.34261488630415415,0.8769620319048993,-0.5186992068390235,0.003259351551483667,0.0,1.6519541312842325
877,Everton,2018-11-11,0.880697731728931,0,0.07031549552111097,0.0,0.8626463630492097,-0.5273070517206377,0.003259351551483667,0.05238281082503731,1.3419947009551347
878,Liverpool,2018-11-11,0.880697731728931,2,0.07031549552111097,0.34261488630415415,0.8647950294066961,-0.040245209232312555,0.0027937299012717144,0.0,2.1209716636298515
878,Fulham,2018-11-11,0.880697731728931,0,0.06328394596899987,0.0,0.06693162996330419,-0.5199911748842493,0.0027937299012717144,0.05238281082503731,0.5460986735032948
879,Man City,2018-11-11,0.880697731728931,3,0.06711933663378775,0.34261488630415415,1.1054312665414747,-0.4647021703184134,0.003259351551483667,0.0,1.9344204024414182
879,Man United,2018-11-11,0.880697731728931,1,0.07031549552111097,0.0,0.7728441297784044,-0.6646829404616771,0.003259351551483667,0.007936789518945046,1.0703705576371978
880,Man United,2018-11-24,0.880697731728931,0,0.08065600956833317,0.34261488630415415,0.8115956944327722,-0.07794481452981807,0.0027937299012717144,0.0,2.040413237405644
880,Crystal Palace,2018-11-24,0.880697731728931,0,0.08203474477462948,0.0,0.12962967725061528,-0.4880030346250135,0.0027937299012717144,0.05238281082503731,0.6595356598554711
881,West Ham,2018-11-24,0.880697731728931,0,0.08203474477462948,0.34261488630415415,0.484693630301679,-0.6646890045363875,0.003259351551483667,0.0,1.12861134012449
881,Man City,2018-11-24,0.880697731728931,4,0.08065600956833317,0.0,1.1054413516773784,-0.291440632414822,0.003259351551483667,0.05238281082503731,1.8309966229363415
882,Watford,2018-11-24,0.880697731728931,0,0.08203474477462948,0.34261488630415415,0.5549798822194878,-0.5412127318545121,0.003259351551483667,0.0,1.3223738647241738
882,Liverpool,2018-11-24,0.880697731728931,3,0.08065600956833317,0.0,0.9000885072012751,-0.3337029367414624,0.003259351551483667,0.05238281082503731,1.5833814741335979
883,Tottenham,2018-11-24,0.880697731728931,3,0.08203474477462948,0.34261488630415415,1.0056555126740323,-0.5448706702727064,0.002328108251059762,0.0,1.7684603134601002
883,Chelsea,2018-11-24,0.880697731728931,1,0.08065600956833317,0.0,0.9061720084503767,-0.6046889422143841,0.002328108251059762,0.00865181560173289,1.2738167313860493
884,Everton,2018-11-24,0.880697731728931,1,0.08065600956833317,0.34261488630415415,0.8564968110681749,-0.22282164540843025,0.003259351551483667,0.0,1.9409031448126464
884,Cardiff,2018-11-24,0.880697731728931,0,0.08203474477462948,0.0,0.3705736956715198,-0.5150015528853186,0.003259351551483667,0.05238281082503731,0.8739467816662827
885,Brighton,2018-11-24,0.880697731728931,1,0.08203474477462948,0.34261488630415415,0.7291256680214576,-0.30407124229609106,0.0027937299012717144,0.0,1.7331955184343528
885,Leicester,2018-11-24,0.880697731728931,1,0.08203474477462948,0.0,0.505699541884944,-0.4384147686566308,0.0027937299012717144,0.05238281082503731,1.0851937904581825
886,Fulham,2018-11-24,0.880697731728931,3,0.08065600956833317,0.34261488630415415,0.033465814981652096,-0.1345289301574415,0.0027937299012717144,0.0,1.2056992423269004
886,Southampton,2018-11-24,0.880697731728931,2,0.08203474477462948,0.0,0.2237344703733739,-0.020122604616156278,0.0027937299012717144,0.05238281082503731,1.2215208829870872
887,Bournemouth,2018-11-25,0.880697731728931,1,0.08326834995921037,0.34261488630415415,0.7143644692840634,-0.5457859236397125,0.003259351551483667,0.0,1.47841886518813
887,Arsenal,2018-11-25,0.880697731728931,2,0.08203474477462948,0.0,0.9076941622881044,-0.4295390318483104,0.003259351551483667,0.05238281082503731,1.4965297693198754
888,Wolves,2018-11-25,0.880697731728931,0,0.08203474477462948,0.34261488630415415,0.4833651180011202,-0.19497386490124863,0.003259351551483667,0.0,1.5969979674590697
888,Huddersfield,2018-11-25,0.880697731728931,2,0.08326834995921037,0.0,0.3242601747392075,-0.2906418134478701,0.003259351551483667,0.05238281082503731,1.0532266053559995
889,Burnley,2018-11-26,0.880697731728931,1,0.08437859462533318,0.34261488630415415,0.3110670125628509,-0.25025017254588666,0.0027937299012717144,0.0,1.3713017825766542
889,Newcastle,2018-11-26,0.880697731728931,2,0.08437859462533318,0.0,0.41618995817385757,-0.18704097020685065,0.0027937299012717144,0.05238281082503731,1.2494018550475798
890,Cardiff,2018-11-30,0.880697731728931,2,0.06328394596899987,0.34261488630415415,0.44039102556190196,-0.17088610167051574,0.0037249732016956193,0.0,1.5598264610951666
890,Wolves,2018-11-30,0.880697731728931,1,0.05859624626759248,0.0,0.2841999219549171,-0.2648019923836992,0.0037249732016956193,0.05238281082503731,1.0147996915944744
891,Huddersfield,2018-12-01,0.880697731728931,1,0.06328394596899987,0.34261488630415415,0.45975162805010283,-0.39816374895438017,0.0037249732016956193,0.0,1.3519094162995031
891,Brighton,2018-12-01,0.880697731728931,2,0.06711933663378775,0.0,0.6621843746912278,-0.27644329707668913,0.0037249732016956193,0.05238281082503731,1.3896659300039902
892,Southampton,2018-12-01,0.880697731728931,2,0.06711933663378775,0.34261488630415415,0.23941932404975796,-0.4485230768851522,0.003259351551483667,0.0,1.0845875533829623
892,Man United,2018-12-01,0.880697731728931,2,0.06711933663378775,0.0,0.7459367508512422,-0.14396004991846278,0.003259351551483667,0.05238281082503731,1.605435931672019
893,Newcastle,2018-12-01,0.880697731728931,0,0.05859624626759248,0.34261488630415415,0.6332686086304988,-0.27354629094031435,0.0037249732016956193,0.0,1.6453561551925577
893,West Ham,2018-12-01,0.880697731728931,3,0.06711933663378775,0.0,0.4549336299226245,-0.38077703573875016,0.0037249732016956193,0.05238281082503731,1.078081446573326
894,Crystal Palace,2018-12-01,0.880697731728931,2,0.06711933663378775,0.34261488630415415,0.14984956453402165,-0.11908568005000601,0.003259351551483667,0.0,1.3244551907023723
894,Burnley,2018-12-01,0.880697731728931,0,0.05859624626759248,0.0,0.19805086923578244,-0.0901027971580704,0.003259351551483667,0.05238281082503731,1.1028842124507565
895,Leicester,2018-12-01,0.880697731728931,2,0.06711933663378775,0.34261488630415415,0.507953948668614,-0.34580783299679596,0.003259351551483667,0.0,1.4558374218901746
895,Watford,2018-12-01,0.880697731728931,0,0.06711933663378775,0.0,0.575111481790243,-0.3054267908275296,0.003259351551483667,0.05238281082503731,1.273143921701953
896,Man City,2018-12-01,0.880697731728931,3,0.06711933663378775,0.34261488630415415,1.1904811201540444,-0.3170302957104779,0.0037249732016956193,0.0,2.1676077523121355
896,Bournemouth,2018-12-01,0.880697731728931,1,0.06328394596899987,0.0,0.5272516864594597,-0.715822426466904,0.0037249732016956193,0.05238281082503731,0.8115187217172196
897,Arsenal,2018-12-02,0.880697731728931,4,0.06711933663378775,0.34261488630415415,0.8365033477332652,-0.6091268104661602,0.0037249732016956193,0.0,1.5215334651356736
897,Tottenham,2018-12-02,0.880697731728931,2,0.07031549552111097,0.0,1.0130361117893003,-0.5029797163390823,0.0037249732016956193,0.007936789518945046,1.4727313854209003
898,Chelsea,2018-12-02,0.880697731728931,2,0.07031549552111097,0.34261488630415415,0.7932249078600443,-0.08675688714782018,0.0037249732016956193,0.0,2.0038211074681156
898,Fulham,2018-12-02,0.880697731728931,0,0.07031549552111097,0.0,0.14428499635389708,-0.4769568947089986,0.0037249732016956193,0.05238281082503731,0.6744491129216733
899,Liverpool,2018-12-02,0.880697731728931,1,0.07031549552111097,0.34261488630415415,1.0027699720072787,-0.5131527259084661,0.003259351551483667,0.0,1.7865047112044923
899,Everton,2018-12-02,0.880697731728931,0,0.07031549552111097,0.0,0.8534220350776575,-0.6029539002328049,0.003259351551483667,0.05238281082503731,1.2571235244714152
900,Bournemouth,2018-12-04,0.880697731728931,2,0.04520281854928562,0.34261488630415415,0.39117793209280083,-0.3171780131644093,0.0037249732016956193,0.0,1.3462403287124578
900,Huddersfield,2018-12-04,0.880697731728931,1,0.04520281854928562,0.0,0.5274973547055505,-0.235210732694981,0.0037249732016956193,0.05238281082503731,1.2742949563155188
901,Brighton,2018-12-04,0.880697731728931,3,0.04520281854928562,0.34261488630415415,0.6287137280261129,-0.17287737331193861,0.003259351551483667,0.0,1.7276111428480285
901,Crystal Palace,2018-12-04,0.880697731728931,1,0.04520281854928562,0.0,0.28751159703879586,-0.37803823910325485,0.003259351551483667,0.05238281082503731,0.8910160705902787
902,Watford,2018-12-04,0.880697731728931,1,0.04520281854928562,0.34261488630415415,0.4576251927125495,-0.7413891374321622,0.0037249732016956193,0.0,0.9884764650644536
902,Man City,2018-12-04,0.880697731728931,2,0.04520281854928562,0.0,1.2330010043923774,-0.2751646962847207,0.0037249732016956193,0.05238281082503731,1.9398446424126061
903,West Ham,2018-12-04,0.880697731728931,3,0.04520281854928562,0.34261488630415415,0.5676057185961683,-0.2857921658713337,0.0037249732016956193,0.0,1.554053962508901
903,Cardiff,2018-12-04,0.880697731728931,1,0.05273662164083323,0.0,0.47529969050709303,-0.3412947050428026,0.0037249732016956193,0.05238281082503731,1.1235471228607874
904,Tottenham,2018-12-05,0.880697731728931,3,0.04520281854928562,0.34261488630415415,0.8891743224838633,-0.14867560979897346,0.0027937299012717144,0.0,2.0118078791685328
904,Southampton,2018-12-05,0.880697731728931,1,0.05273662164083323,0.0,0.24726175088795002,-0.5346501597523062,0.0027937299012717144,0.05238281082503731,0.7012224852317169
905,Burnley,2018-12-05,0.880697731728931,1,0.05273662164083323,0.34261488630415415,0.14154279757224822,-0.6338244844219513,0.003259351551483667,0.0,0.7870269043756992
905,Liverpool,2018-12-05,0.880697731728931,3,0.04520281854928562,0.0,1.0541107044102802,-0.08510803497158369,0.003259351551483667,0.05238281082503731,1.950545382093434
906,Everton,2018-12-05,0.880697731728931,1,0.04520281854928562,0.34261488630415415,0.7243325582193278,-0.4460404673351819,0.0037249732016956193,0.0,1.5505325006682122
906,Newcastle,2018-12-05,0.880697731728931,1,0.05273662164083323,0.0,0.7418079338588195,-0.4355327275802978,0.0037249732016956193,0.05238281082503731,1.2958173436750187
907,Fulham,2018-12-05,0.880697731728931,1,0.04520281854928562,0.34261488630415415,0.19969458704001955,-0.38280014993299094,0.003259351551483667,0.0,1.088669225240883
907,Leicester,2018-12-05,0.880697731728931,1,0.05273662164083323,0.0,0.6366332409235201,-0.12007402841365214,0.003259351551483667,0.05238281082503731,1.505635728256153
908,Man United,2018-12-05,0.880697731728931,2,0.05273662164083323,0.34261488630415415,0.7131072790604771,-0.48157661268876734,0.003259351551483667,0.0,1.510839257597112
908,Arsenal,2018-12-05,0.880697731728931,2,0.04520281854928562,0.0,0.8009079404558458,-0.4287830980152215,0.003259351551483667,0.06520223288348526,1.36648697715381
909,Wolves,2018-12-05,0.880697731728931,2,0.05859624626759248,0.34261488630415415,0.18461732393181557,-0.49413039682030613,0.0037249732016956193,0.0,0.9761207646138829
909,Chelsea,2018-12-05,0.880697731728931,1,0.04520281854928562,0.0,0.8217860834735923,-0.11100824578183856,0.0037249732016956193,0.05238281082503731,1.692786171996703
910,Leicester,2018-12-08,0.880697731728931,0,0.04520281854928562,0.34261488630415415,0.7009728870509732,-0.5741074192351213,0.0037249732016956193,0.0,1.399105877599918
910,Tottenham,2018-12-08,0.880697731728931,2,0.04520281854928562,0.0,0.9547955166942157,-0.42148682948572164,0.0037249732016956193,0.05238281082503731,1.5153170215134435
911,West Ham,2018-12-08,0.880697731728931,3,0.05273662164083323,0.34261488630415415,0.7089764888416543,-0.18869946644229202,0.004190594851907572,0.0,1.8005168569251884
911,Crystal Palace,2018-12-08,0.880697731728931,2,0.05273662164083323,0.0,0.31382525033682596,-0.42629930198720817,0.004190594851907572,0.05238281082503731,0.8775337073963269
912,Cardiff,2018-12-08,0.880697731728931,1,0.05273662164083323,0.34261488630415415,0.49275402297968857,-0.1254681947926481,0.004190594851907572,0.0,1.6475256627128665
912,Southampton,2018-12-08,0.880697731728931,0,0.04520281854928562,0.0,0.20866560135268902,-0.29628725261515093,0.004190594851907572,0.05238281082503731,0.8948523046926994
913,Man United,2018-12-08,0.880697731728931,4,0.04520281854928562,0.34261488630415415,0.6116578172563806,-0.16229779399314878,0.0037249732016956193,0.0,1.7216004330472983
913,Fulham,2018-12-08,0.880697731728931,1,0.04520281854928562,0.0,0.2699167453374378,-0.36778271868709483,0.0037249732016956193,0.05238281082503731,0.8841423609552926
914,Chelsea,2018-12-08,0.880697731728931,2,0.04520281854928562,0.34261488630415415,0.7085145824172951,-0.7541724929147913,0.004190594851907572,0.0,1.2270481209367823
914,Man City,2018-12-08,0.880697731728931,0,0.05273662164083323,0.0,1.2542609465115437,-0.4260215630362178,0.004190594851907572,0.06547851353129663,1.8313428452282943
915,Bournemouth,2018-12-08,0.880697731728931,0,0.05273662164083323,0.34261488630415415,0.3231410549094714,-0.6492597765165244,0.004190594851907572,0.0,0.9541211129187729
915,Liverpool,2018-12-08,0.880697731728931,4,0.04520281854928562,0.0,1.0797810706117812,-0.19430095118723253,0.004190594851907572,0.05238281082503731,1.8679540753797101
916,Arsenal,2018-12-08,0.880697731728931,1,0.04520281854928562,0.34261488630415415,0.7831102368171359,-0.3375453712082694,0.004190594851907572,0.0,1.7182708970431446
916,Huddersfield,2018-12-08,0.880697731728931,0,0.05273662164083323,0.0,0.5613702180332742,-0.4708750608636098,0.004190594851907572,0.05238281082503731,1.0805029162163735
917,Burnley,2018-12-08,0.880697731728931,1,0.04520281854928562,0.34261488630415415,0.11328876174048111,-0.36797548417769216,0.0037249732016956193,0.0,1.0175536873468554
917,Brighton,2018-12-08,0.880697731728931,0,0.05273662164083323,0.0,0.6119784046935555,-0.06811921243237253,0.0037249732016956193,0.05238281082503731,1.5334013296576798
918,Newcastle,2018-12-09,0.880697731728931,1,0.05273662164083323,0.34261488630415415,0.7960775964729798,-0.157764902677242,0.004190594851907572,0.0,1.9185525283215639
918,Wolves,2018-12-09,0.880697731728931,2,0.05273662164083323,0.0,0.2623781137833358,-0.47867218313339777,0.004190594851907572,0.05238281082503731,0.7737136896966471
919,Everton,2018-12-10,0.880697731728931,2,0.05859624626759248,0.34261488630415415,0.7023051827445199,-0.16314754308894103,0.004190594851907572,0.0,1.8252570988081642
919,Watford,2018-12-10,0.880697731728931,2,0.06328394596899987,0.0,0.27132995931063175,-0.42228792336279436,0.004190594851907572,0.05238281082503731,0.8495971193227131
920,Wolves,2018-12-15,0.880697731728931,2,0.06328394596899987,0.34261488630415415,0.42881059757216694,-0.17384606043335832,0.004190594851907572,0.0,1.5457516959928013
920,Bournemouth,2018-12-15,0.880697731728931,0,0.06711933663378775,0.0,0.2891226163178067,-0.2578388159646858,0.004190594851907572,0.05238281082503731,1.0356742743927845
921,Watford,2018-12-15,0.880697731728931,3,0.05859624626759248,0.34261488630415415,0.22069970556402987,-0.3782303808268016,0.004190594851907572,0.0,1.1285687838898135
921,Cardiff,2018-12-15,0.880697731728931,2,0.06711933663378775,0.0,0.6290332780790573,-0.13270416143763186,0.004190594851907572,0.05238281082503731,1.500719590681089
922,Man City,2018-12-15,0.880697731728931,3,0.06711933663378775,0.34261488630415415,1.137338828708056,-0.3645351313608813,0.004190594851907572,0.0,2.0674262468659554
922,Everton,2018-12-15,0.880697731728931,1,0.05859624626759248,0.0,0.606256769098402,-0.6838685858163638,0.004190594851907572,0.05238281082503731,0.9182555669555065
923,Tottenham,2018-12-15,0.880697731728931,1,0.06711933663378775,0.34261488630415415,0.9876061137993919,-0.13632038600250898,0.003259351551483667,0.0,2.14497703401524
923,Burnley,2018-12-15,0.880697731728931,0,0.06711933663378775,0.0,0.2267138326876686,-0.5938360489765289,0.003259351551483667,0.05238281082503731,0.6363370144503794
924,Fulham,2018-12-15,0.880697731728931,0,0.06711933663378775,0.34261488630415415,0.3050278244861469,-0.4688016004594109,0.0037249732016956193,0.0,1.1303831518953045
924,West Ham,2018-12-15,0.880697731728931,2,0.06711933663378775,0.0,0.7796618739643972,-0.18340967678289713,0.0037249732016956193,0.05238281082503731,1.6001770495709515
925,Crystal Palace,2018-12-15,0.880697731728931,1,0.06711933663378775,0.34261488630415415,0.326982076985841,-0.3641345844223449,0.0037249732016956193,0.0,1.2570044204320645
925,Leicester,2018-12-15,0.880697731728931,0,0.06711933663378775,0.0,0.6055906212516285,-0.19661051300746873,0.0037249732016956193,0.05238281082503731,1.4129049606336115
926,Huddersfield,2018-12-15,0.880697731728931,0,0.06711933663378775,0.34261488630415415,0.4507545608340651,-0.4182924561927637,0.004190594851907572,0.0,1.327084654160082
926,Newcastle,2018-12-15,0.880697731728931,1,0.06328394596899987,0.0,0.695660338916989,-0.2710334653904574,0.004190594851907572,0.05238281082503731,1.4251819569014075
927,Brighton,2018-12-16,0.880697731728931,1,0.07031549552111097,0.34261488630415415,0.6036107430272768,-0.39196714614417366,0.0037249732016956193,0.0,1.5089966836389948
927,Chelsea,2018-12-16,0.880697731728931,2,0.07031549552111097,0.0,0.6518788318891466,-0.36294410671491084,0.0037249732016956193,0.05238281082503731,1.2960557364510104
928,Liverpool,2018-12-16,0.880697731728931,3,0.07031549552111097,0.34261488630415415,1.1776509796212458,-0.3372825290230315,0.0037249732016956193,0.0,2.1377215373541056
928,Man United,2018-12-16,0.880697731728931,1,0.07031549552111097,0.0,0.5609330863543324,-0.7081078124569725,0.0037249732016956193,0.03097908167072099,0.8385425560198183
929,Southampton,2018-12-16,0.880697731728931,3,0.07031549552111097,0.34261488630415415,0.18936752658505854,-0.5166546748441924,0.0037249732016956193,0.0,0.9700659384967578
929,Arsenal,2018-12-16,0.880697731728931,2,0.07031549552111097,0.0,0.859246110906495,-0.11386448728948541,0.0037249732016956193,0.05238281082503731,1.7525026348937842
930,Wolves,2018-12-21,0.880697731728931,0,0.06328394596899987,0.34261488630415415,0.5970615653752965,-0.7375318304271965,0.004656216502119524,0.0,1.1507825154523044
930,Liverpool,2018-12-21,0.880697731728931,2,0.05859624626759248,0.0,1.226585934125978,-0.359006162501569,0.004656216502119524,0.05238281082503731,1.8639127769480892
931,Man City,2018-12-22,0.880697731728931,2,0.06711933663378775,0.34261488630415415,1.0788777698063121,-0.27726162112979913,0.004656216502119524,0.0,2.096704319845505
931,Crystal Palace,2018-12-22,0.880697731728931,3,0.06711933663378775,0.0,0.4611125791734196,-0.64871663226715,0.004656216502119524,0.05238281082503731,0.8172520425961451
932,West Ham,2018-12-22,0.880697731728931,0,0.06711933663378775,0.34261488630415415,0.9000392924344827,-0.16861286050513866,0.004656216502119524,0.0,2.0265146030983368
932,Watford,2018-12-22,0.880697731728931,2,0.06711933663378775,0.0,0.280419304599443,-0.5411831395886736,0.004656216502119524,0.05238281082503731,0.7440922607006449
933,Newcastle,2018-12-22,0.880697731728931,0,0.06711933663378775,0.34261488630415415,0.6454517101389935,-0.19396561817777128,0.004656216502119524,0.0,1.7465742631302146
933,Fulham,2018-12-22,0.880697731728931,0,0.06711933663378775,0.0,0.3225833640605015,-0.3881025927224466,0.004656216502119524,0.05238281082503731,0.9393368670279305
934,Huddersfield,2018-12-22,0.880697731728931,1,0.06711933663378775,0.34261488630415415,0.3529293692801036,-0.15919302343106542,0.004656216502119524,0.0,1.4888245170180308
934,Southampton,2018-12-22,0.880697731728931,3,0.06328394596899987,0.0,0.2647532151099573,-0.21221231753497075,0.004656216502119524,0.05238281082503731,1.0535616026000743
935,Bournemouth,2018-12-22,0.880697731728931,2,0.06711933663378775,0.34261488630415415,0.2721133970219744,-0.3604284179835202,0.004656216502119524,0.0,1.2067731502074468
935,Brighton,2018-12-22,0.880697731728931,0,0.06328394596899987,0.0,0.5994269121941375,-0.16361861505642122,0.004656216502119524,0.05238281082503731,1.436829002162804
936,Cardiff,2018-12-22,0.880697731728931,1,0.06711933663378775,0.34261488630415415,0.5696208167656707,-0.32203243419099986,0.004656216502119524,0.0,1.5426765537436633
936,Man United,2018-12-22,0.880697731728931,5,0.06328394596899987,0.0,0.5355707209033083,-0.3425063600928849,0.004656216502119524,0.05238281082503731,1.194085065835511
937,Arsenal,2018-12-22,0.880697731728931,3,0.06328394596899987,0.34261488630415415,0.8547966849968176,-0.14485577784099654,0.004656216502119524,0.0,2.001193687660025
937,Burnley,2018-12-22,0.880697731728931,1,0.06711933663378775,0.0,0.2409090052069053,-0.5139792868879031,0.004656216502119524,0.05238281082503731,0.7317858140088779
938,Chelsea,2018-12-22,0.880697731728931,0,0.06328394596899987,0.34261488630415415,0.7085956825337864,-0.3098932669440759,0.004656216502119524,0.0,1.6899551960939148
938,Leicester,2018-12-22,0.880697731728931,1,0.06711933663378775,0.0,0.5153821253975993,-0.42607032759131297,0.004656216502119524,0.05238281082503731,1.0941678934961618
939,Everton,2018-12-23,0.880697731728931,2,0.07031549552111097,0.34261488630415415,0.5157151993209861,-0.6037003638472326,0.004656216502119524,0.0,1.2102991655300692
939,Tottenham,2018-12-23,0.880697731728931,6,0.07031549552111097,0.0,1.0040114123519799,-0.3100935404133441,0.004656216502119524,0.05238281082503731,1.7019701265158347
940,Brighton,2018-12-26,0.880697731728931,1,0.05273662164083323,0.34261488630415415,0.5548176338232108,-0.5126415929097583,0.004190594851907572,0.0,1.3224158754392785
940,Arsenal,2018-12-26,0.880697731728931,1,0.05273662164083323,0.0,0.8525719720419789,-0.3336053786712442,0.004190594851907572,0.05238281082503731,1.5089743524174437
941,Burnley,2018-12-26,0.880697731728931,1,0.05273662164083323,0.34261488630415415,0.24800659146652365,-0.2061771600998334,0.004190594851907572,0.0,1.3220692658925164
941,Everton,2018-12-26,0.880697731728931,5,0.04520281854928562,0.0,0.34289232556920707,-0.1491234737602403,0.004190594851907572,0.05238281082503731,1.1762428077641283
942,Crystal Palace,2018-12-26,0.880697731728931,0,0.05273662164083323,0.34261488630415415,0.6132125561759229,-0.32464434972592654,0.004190594851907572,0.0,1.5688080409758225
942,Cardiff,2018-12-26,0.880697731728931,0,0.05273662164083323,0.0,0.5399145861089774,-0.3687175650841257,0.004190594851907572,0.05238281082503731,1.1612047800715608
943,Fulham,2018-12-26,0.880697731728931,1,0.05273662164083323,0.34261488630415415,0.24632640793896476,-0.4095898357700106,0.004190594851907572,0.0,1.1169764066947803
943,Wolves,2018-12-26,0.880697731728931,1,0.05859624626759248,0.0,0.6811870492768614,-0.148113198982047,0.004190594851907572,0.05238281082503731,1.5289412339682826
944,Leicester,2018-12-26,0.880697731728931,2,0.05273662164083323,0.34261488630415415,0.5553126033792987,-0.5544450706528011,0.004190594851907572,0.0,1.2811073672523237
944,Man City,2018-12-26,0.880697731728931,1,0.05273662164083323,0.0,0.922095151492369,-0.3339029980981027,0.004190594851907572,0.05238281082503731,1.5781999124409753
945,Liverpool,2018-12-26,0.880697731728931,4,0.05859624626759248,0.34261488630415415,1.251053411378344,-0.3218772710941267,0.004190594851907572,0.0,2.2152755994368025
945,Newcastle,2018-12-26,0.880697731728931,0,0.05273662164083323,0.0,0.5353126698412818,-0.7522438394123084,0.004190594851907572,0.05238281082503731,0.7730765894756824
946,Man United,2018-12-26,0.880697731728931,3,0.05273662164083323,0.34261488630415415,0.6079242640865101,-0.10610615876748537,0.004190594851907572,0.0,1.7820579398448508
946,Huddersfield,2018-12-26,0.880697731728931,1,0.05273662164083323,0.0,0.1764646846400518,-0.3655377766681454,0.004190594851907572,0.05238281082503731,0.8009346670186154
947,Tottenham,2018-12-26,0.880697731728931,5,0.04520281854928562,0.34261488630415415,1.012214061628274,-0.23520047720769466,0.0037249732016956193,0.0,2.049253994204646
947,Bournemouth,2018-12-26,0.880697731728931,0,0.05273662164083323,0.0,0.3911608762371292,-0.6086325212825845,0.0037249732016956193,0.05238281082503731,0.7720704923510419
948,Watford,2018-12-26,0.880697731728931,1,0.05273662164083323,0.34261488630415415,0.43783119298022055,-0.4431219183148827,0.004656216502119524,0.0,1.275414730841376
948,Chelsea,2018-12-26,0.880697731728931,2,0.05273662164083323,0.0,0.7369541078561063,-0.26326279487863413,0.004656216502119524,0.05238281082503731,1.464164693674393
949,Southampton,2018-12-27,0.880697731728931,1,0.05859624626759248,0.34261488630415415,0.42999814823547766,-0.577373909153305,0.004190594851907572,0.0,1.138723698234758
949,West Ham,2018-12-27,0.880697731728931,2,0.05859624626759248,0.0,0.9602280016695255,-0.25855287634159746,0.004190594851907572,0.05238281082503731,1.6975425090013965
950,Tottenham,2018-12-29,0.880697731728931,1,0.04520281854928562,0.34261488630415415,1.1438674751294922,-0.46044686735081214,0.004190594851907572,0.0,1.9561266392129584
950,Wolves,2018-12-29,0.880697731728931,3,0.04520281854928562,0.0,0.7657671541820007,-0.6877941848400024,0.004190594851907572,0.05238281082503731,1.0604469252971598
951,Liverpool,2018-12-29,0.880697731728931,5,0.04520281854928562,0.34261488630415415,1.263287150004527,-0.46084235602752466,0.004656216502119524,0.0,2.075616447061493
951,Arsenal,2018-12-29,0.880697731728931,1,0.04520281854928562,0.0,0.7664248896558455,-0.7595998439048645,0.004656216502119524,0.06491886811649923,1.0023006806478165
952,Watford,2018-12-29,0.880697731728931,1,0.04520281854928562,0.34261488630415415,0.5165371371706092,-0.2887646102799668,0.0051218381523314765,0.0,1.5014098016253448
952,Newcastle,2018-12-29,0.880697731728931,1,0.04520281854928562,0.0,0.480243149692426,-0.3105877620653818,0.0051218381523314765,0.05238281082503731,1.1530605868826294
953,Fulham,2018-12-29,0.880697731728931,1,0.04520281854928562,0.34261488630415415,0.2507152928325534,-0.053053079383742686,0.004656216502119524,0.0,1.470833866533301
953,Huddersfield,2018-12-29,0.880697731728931,0,0.04520281854928562,0.0,0.0882323423200259,-0.15075218433076554,0.004656216502119524,0.05238281082503731,0.9204197355946337
954,Brighton,2018-12-29,0.880697731728931,1,0.04520281854928562,0.34261488630415415,0.4474782687290334,-0.2309145547828201,0.004656216502119524,0.0,1.4897353670307034
954,Everton,2018-12-29,0.880697731728931,0,0.04520281854928562,0.0,0.38403297755638854,-0.26906346912194484,0.004656216502119524,0.05238281082503731,1.097909086039817
955,Leicester,2018-12-29,0.880697731728931,0,0.04520281854928562,0.34261488630415415,0.5752778423701483,-0.264582954649286,0.004656216502119524,0.0,1.5838665408053527
955,Cardiff,2018-12-29,0.880697731728931,1,0.04520281854928562,0.0,0.44002674487191673,-0.3459078636751161,0.004656216502119524,0.05238281082503731,1.077058458802174
956,Burnley,2018-12-30,0.880697731728931,2,0.05273662164083323,0.34261488630415415,0.25155538459633286,-0.5954692939356206,0.004656216502119524,0.0,0.9367915468367501
956,West Ham,2018-12-30,0.880697731728931,0,0.04520281854928562,0.0,0.9903223562870468,-0.1512573217198622,0.004656216502119524,0.05238281082503731,1.822004612172558
957,Crystal Palace,2018-12-30,0.880697731728931,0,0.05273662164083323,0.34261488630415415,0.6042278187684604,-0.45164771367666745,0.004656216502119524,0.0,1.433285561267831
957,Chelsea,2018-12-30,0.880697731728931,1,0.05273662164083323,0.0,0.7511333205172662,-0.36331514716812763,0.004656216502119524,0.05238281082503731,1.3782915540460599
958,Man United,2018-12-30,0.880697731728931,4,0.05273662164083323,0.34261488630415415,0.7291357615868251,-0.2709914082833314,0.004656216502119524,0.0,1.7388498094795317
958,Bournemouth,2018-12-30,0.880697731728931,1,0.05273662164083323,0.0,0.45068461584470665,-0.4384208377998795,0.004656216502119524,0.05238281082503731,1.0027371587417482
959,Southampton,2018-12-30,0.880697731728931,1,0.04520281854928562,0.34261488630415415,0.47010325184388085,-0.43061370500588464,0.004656216502119524,0.0,1.3126611999224864
959,Man City,2018-12-30,0.880697731728931,3,0.05273662164083323,0.0,0.7161517534723265,-0.28266760785028283,0.004656216502119524,0.05238281082503731,1.4239575263189648
960,Cardiff,2019-01-01,0.880697731728931,0,0.04520281854928562,0.34261488630415415,0.5176349131164574,-0.6506794317789694,0.0051218381523314765,0.0,1.1405927560721905
960,Tottenham,2019-01-01,0.880697731728931,3,0.04520281854928562,0.0,1.0821420930170302,-0.31124784195070776,0.0051218381523314765,0.05238281082503731,1.754299450321908
961,Everton,2019-01-01,0.880697731728931,0,0.04520281854928562,0.34261488630415415,0.3620859405956223,-0.32634510151704216,0.0051218381523314765,0.0,1.3093781138132823
961,Leicester,2019-01-01,0.880697731728931,1,0.04520281854928562,0.0,0.5427430989112162,-0.21771805717773277,0.0051218381523314765,0.05238281082503731,1.3084302409890687
962,Arsenal,2019-01-01,0.880697731728931,4,0.04520281854928562,0.34261488630415415,0.6808339855084218,-0.20320206689828618,0.0051218381523314765,0.0,1.7512691933448379
962,Fulham,2019-01-01,0.880697731728931,1,0.04520281854928562,0.0,0.3379444611880617,-0.4093775426398271,0.0051218381523314765,0.05238281082503731,0.9119721178038198
963,Bournemouth,2019-01-02,0.880697731728931,3,0.04520281854928562,0.34261488630415415,0.3528943967854243,-0.3598154406053364,0.0051218381523314765,0.0,1.2667162309147901
963,Watford,2019-01-02,0.880697731728931,3,0.05273662164083323,0.0,0.5984074722201607,-0.21219128898140774,0.0051218381523314765,0.05238281082503731,1.377155185585886
964,Chelsea,2019-01-02,0.880697731728931,0,0.04520281854928562,0.34261488630415415,0.8857750157109172,-0.2947249736046255,0.0051218381523314765,0.0,1.8646873168409936
964,Southampton,2019-01-02,0.880697731728931,0,0.04520281854928562,0.0,0.4901558036480825,-0.5326061961973019,0.0051218381523314765,0.05238281082503731,0.940954806706366
965,Huddersfield,2019-01-02,0.880697731728931,1,0.05273662164083323,0.34261488630415415,0.04411617116001295,-0.2290198305394152,0.0051218381523314765,0.0,1.0962674184468477
965,Burnley,2019-01-02,0.880697731728931,2,0.04520281854928562,0.0,0.38088187002430846,-0.026526539691871343,0.0051218381523314765,0.05238281082503731,1.3377605295880226
966,Newcastle,2019-01-02,0.880697731728931,0,0.05273662164083323,0.34261488630415415,0.45270838961799803,-0.5259927582589079,0.0051218381523314765,0.0,1.20788670918534
966,Man United,2019-01-02,0.880697731728931,2,0.04520281854928562,0.0,0.8747762362456967,-0.2722082798728868,0.0051218381523314765,0.05238281082503731,1.5859731556283951
967,West Ham,2019-01-02,0.880697731728931,2,0.04520281854928562,0.34261488630415415,0.8778174447327365,-0.23679251434729515,0.0051218381523314765,0.0,1.9146622051201436
967,Brighton,2019-01-02,0.880697731728931,2,0.05273662164083323,0.0,0.39380858618194475,-0.5278214014870365,0.0051218381523314765,0.05238281082503731,0.8569261870420412
968,Wolves,2019-01-02,0.880697731728931,0,0.05273662164083323,0.34261488630415415,0.8080572066345704,-0.36061393821012855,0.0051218381523314765,0.0,1.728614346250692
968,Crystal Palace,2019-01-02,0.880697731728931,2,0.04520281854928562,0.0,0.5997354500647293,-0.48587538314121287,0.0051218381523314765,0.05238281082503731,1.0972652661791018
969,Man City,2019-01-03,0.880697731728931,2,0.05273662164083323,0.34261488630415415,0.6131800544623053,-0.7632778461511424,0.0051218381523314765,0.0,1.1310732861374126
969,Liverpool,2019-01-03,0.880697731728931,1,0.05859624626759248,0.0,1.2694040193176186,-0.3686980221824264,0.0051218381523314765,0.03097908167072099,1.8761008949547684
970,Crystal Palace,2019-01-12,0.880697731728931,1,0.07533803091547604,0.34261488630415415,0.7250413545759347,-0.3844292798753136,0.0051218381523314765,0.0,1.6443845618015138
970,Watford,2019-01-12,0.880697731728931,2,0.07533803091547604,0.0,0.6393426397449364,-0.4359589185708711,0.0051218381523314765,0.05238281082503731,1.2169241327958409
971,West Ham,2019-01-12,0.880697731728931,1,0.07533803091547604,0.34261488630415415,0.7365302630468672,-0.3836451359459783,0.005587459802543429,0.0,1.6571232358519936
971,Arsenal,2019-01-12,0.880697731728931,0,0.07734704507322207,0.0,0.63803853343471,-0.442867065369583,0.005587459802543429,0.05238281082503731,1.2111865154948607
972,Chelsea,2019-01-12,0.880697731728931,2,0.07533803091547604,0.34261488630415415,0.8680611373990287,-0.26393011466934685,0.005587459802543429,0.0,1.9083691314807865
972,Newcastle,2019-01-12,0.880697731728931,1,0.07533803091547604,0.0,0.4389410095807841,-0.5219550475644578,0.005587459802543429,0.05238281082503731,0.930991995288314
973,Leicester,2019-01-12,0.880697731728931,1,0.07734704507322207,0.34261488630415415,0.6540278160448211,-0.3263188514283775,0.0051218381523314765,0.0,1.6334904658750824
973,Southampton,2019-01-12,0.880697731728931,2,0.07533803091547604,0.0,0.5426994425045403,-0.39325930527774716,0.0051218381523314765,0.05238281082503731,1.162980548848569
974,Burnley,2019-01-12,0.880697731728931,2,0.07533803091547604,0.34261488630415415,0.4455451127382963,-0.2294270081820465,0.0051218381523314765,0.0,1.5198905916571426
974,Fulham,2019-01-12,0.880697731728931,1,0.07734704507322207,0.0,0.3815590453658159,-0.2679010849491917,0.0051218381523314765,0.05238281082503731,1.129207386196146
975,Brighton,2019-01-12,0.880697731728931,0,0.07533803091547604,0.34261488630415415,0.4094911078627574,-0.6884212624345394,0.0051218381523314765,0.0,1.0248423325291107
975,Liverpool,2019-01-12,0.880697731728931,1,0.07301993765653832,0.0,1.1449103651110935,-0.246222231906551,0.0051218381523314765,0.05238281082503731,1.9099104515673804
976,Cardiff,2019-01-12,0.880697731728931,0,0.07734704507322207,0.34261488630415415,0.42888690837565674,-0.013263269845935672,0.005587459802543429,0.0,1.7218707614385718
976,Huddersfield,2019-01-12,0.880697731728931,0,0.07533803091547604,0.0,0.022058085580006475,-0.25788470076167663,0.005587459802543429,0.05238281082503731,0.7781794180903174
977,Everton,2019-01-13,0.880697731728931,2,0.07910493246124985,0.34261488630415415,0.30859505916088215,-0.20835642427702658,0.005587459802543429,0.0,1.4082436451807339
977,Bournemouth,2019-01-13,0.880697731728931,0,0.07734704507322207,0.0,0.34651665021014016,-0.18555461342860843,0.005587459802543429,0.05238281082503731,1.1769770842112655
978,Tottenham,2019-01-13,0.880697731728931,0,0.07910493246124985,0.34261488630415415,1.0512794019607992,-0.5697787184884222,0.004656216502119524,0.0,1.7885744504688315
978,Man United,2019-01-13,0.880697731728931,1,0.07734704507322207,0.0,0.9475964735751324,-0.6321220552484529,0.004656216502119524,0.06547851353129663,1.3436539251622488
979,Man City,2019-01-14,0.880697731728931,3,0.07734704507322207,0.34261488630415415,0.6892462938203657,-0.4218940561966712,0.005587459802543429,0.0,1.573599360532545
979,Wolves,2019-01-14,0.880697731728931,0,0.07910493246124985,0.0,0.7016501439977842,-0.4144357656104394,0.005587459802543429,0.05238281082503731,1.3049873132051064
980,Wolves,2019-01-19,0.880697731728931,4,0.05859624626759248,0.34261488630415415,0.5208945238163202,-0.4267164071580998,0.005587459802543429,0.0,1.3816744407614416
980,Leicester,2019-01-19,0.880697731728931,3,0.06711933663378775,0.0,0.7096701746116237,-0.31320780788465835,0.005587459802543429,0.05238281082503731,1.402249705717265
981,Watford,2019-01-19,0.880697731728931,0,0.06711933663378775,0.34261488630415415,0.6598102235073243,-0.364037296993822,0.005587459802543429,0.0,1.5917923409829189
981,Burnley,2019-01-19,0.880697731728931,0,0.06711933663378775,0.0,0.6054288229583612,-0.3967361995103023,0.005587459802543429,0.05238281082503731,1.2144799624383584
982,Newcastle,2019-01-19,0.880697731728931,3,0.06711933663378775,0.34261488630415415,0.30450523069910607,-0.2567683251137417,0.005587459802543429,0.0,1.3437563200547809
982,Cardiff,2019-01-19,0.880697731728931,0,0.06711933663378775,0.0,0.4270302689596134,-0.18309544722783477,0.005587459802543429,0.05238281082503731,1.249722160722078
983,Southampton,2019-01-19,0.880697731728931,2,0.06711933663378775,0.34261488630415415,0.5689712619327691,-0.2461684763937883,0.0051218381523314765,0.0,1.6183565783581852
983,Everton,2019-01-19,0.880697731728931,1,0.06328394596899987,0.0,0.4094017073065831,-0.3421157903402535,0.0051218381523314765,0.05238281082503731,1.0687722436416294
984,Liverpool,2019-01-19,0.880697731728931,4,0.06711933663378775,0.34261488630415415,1.0826635380078309,-0.39693582391150034,0.0051218381523314765,0.0,1.981281506915535
984,Crystal Palace,2019-01-19,0.880697731728931,3,0.06711933663378775,0.0,0.6601422179684664,-0.650992970576238,0.0051218381523314765,0.05238281082503731,1.014470964732316
985,Bournemouth,2019-01-19,0.880697731728931,2,0.06328394596899987,0.34261488630415415,0.34332777692249816,-0.4003898973108562,0.005587459802543429,0.0,1.2351219034162704
985,West Ham,2019-01-19,0.880697731728931,0,0.06711933663378775,0.0,0.6658866722039326,-0.20643899192483606,0.005587459802543429,0.05238281082503731,1.465235019269396
986,Arsenal,2019-01-19,0.880697731728931,2,0.06711933663378775,0.34261488630415415,0.616640807397854,-0.5166294732480358,0.005587459802543429,0.0,1.3960307486192347
986,Chelsea,2019-01-19,0.880697731728931,0,0.06711933663378775,0.0,0.8592041982430845,-0.3707789325990539,0.005587459802543429,0.009354073361613804,1.4511838671709065
987,Man United,2019-01-19,0.880697731728931,2,0.06328394596899987,0.34261488630415415,1.1115586811029212,-0.2509370906861789,0.0051218381523314765,0.0,2.1523399925711586
987,Brighton,2019-01-19,0.880697731728931,1,0.06711933663378775,0.0,0.41733236870316376,-0.6683672834429213,0.0051218381523314765,0.05238281082503731,0.75428680260033
988,Fulham,2019-01-20,0.880697731728931,1,0.07031549552111097,0.34261488630415415,0.40336633745469297,-0.5461477821434526,0.0051218381523314765,0.0,1.1559685070177679
988,Tottenham,2019-01-20,0.880697731728931,2,0.06711933663378775,0.0,0.9082959675696126,-0.24253947882392665,0.0051218381523314765,0.05238281082503731,1.6710782060857736
989,Huddersfield,2019-01-20,0.880697731728931,0,0.07031549552111097,0.34261488630415415,0.053546405744360245,-0.4373046373244458,0.005587459802543429,0.0,0.9154573417766538
989,Man City,2019-01-20,0.880697731728931,3,0.06328394596899987,0.0,0.727279413499396,-0.03219682986954852,0.005587459802543429,0.05238281082503731,1.697034531955359
990,Arsenal,2019-01-29,0.880697731728931,2,0.07533803091547604,0.34261488630415415,0.6059419443794261,-0.25621013728977426,0.006053081452755381,0.0,1.6544355374909683
990,Cardiff,2019-01-29,0.880697731728931,1,0.07533803091547604,0.0,0.4261019492515917,-0.36434583092559175,0.006053081452755381,0.05238281082503731,1.0762277732481995
991,Fulham,2019-01-29,0.880697731728931,4,0.07301993765653832,0.34261488630415415,0.37175262054477454,-0.25329452007599285,0.005587459802543429,0.0,1.4203781159609485
991,Brighton,2019-01-29,0.880697731728931,2,0.07533803091547604,0.0,0.42125299912336694,-0.22353051919828607,0.005587459802543429,0.05238281082503731,1.2117285131970685
992,Huddersfield,2019-01-29,0.880697731728931,0,0.07301993765653832,0.34261488630415415,0.06929056582653713,-0.27647540787637825,0.006053081452755381,0.0,1.0952007950925375
992,Everton,2019-01-29,0.880697731728931,1,0.07533803091547604,0.0,0.45980503137943357,-0.04166360988135494,0.006053081452755381,0.05238281082503731,1.4326130764202782
993,Man United,2019-01-29,0.880697731728931,2,0.07533803091547604,0.34261488630415415,1.1935397848668157,-0.4376705979627178,0.005587459802543429,0.0,2.0601072956552025
993,Burnley,2019-01-29,0.880697731728931,2,0.07533803091547604,0.0,0.7278880410227506,-0.7176615659201708,0.005587459802543429,0.05238281082503731,1.0242325083745676
994,Newcastle,2019-01-29,0.880697731728931,2,0.07533803091547604,0.34261488630415415,0.32232206716698103,-0.525434658021191,0.006053081452755381,0.0,1.1015911395471065
994,Man City,2019-01-29,0.880697731728931,1,0.07301993765653832,0.0,0.8738480622019821,-0.1938085034002401,0.006053081452755381,0.05238281082503731,1.6921931204650038
995,Wolves,2019-01-29,0.880697731728931,3,0.07533803091547604,0.34261488630415415,0.5580688025886591,-0.3791513132814929,0.006053081452755381,0.0,1.4836212197084828
995,West Ham,2019-01-29,0.880697731728931,0,0.07533803091547604,0.0,0.6305648767824653,-0.33556026856839394,0.006053081452755381,0.05238281082503731,1.3094762631362709
996,Tottenham,2019-01-30,0.880697731728931,2,0.07533803091547604,0.34261488630415415,0.8368042503740194,-0.35175926943463526,0.0051218381523314765,0.0,1.7888174680402769
996,Watford,2019-01-30,0.880697731728931,1,0.07734704507322207,0.0,0.5850092894798041,-0.5031606455909524,0.0051218381523314765,0.05238281082503731,1.0973980696683736
997,Southampton,2019-01-30,0.880697731728931,1,0.07734704507322207,0.34261488630415415,0.5821071716468836,-0.30072869174207284,0.005587459802543429,0.0,1.5876256028136613
997,Crystal Palace,2019-01-30,0.880697731728931,1,0.07734704507322207,0.0,0.5001405608016611,-0.3500142597961915,0.005587459802543429,0.05238281082503731,1.1661413484352032
998,Liverpool,2019-01-30,0.880697731728931,1,0.07734704507322207,0.34261488630415415,1.0515401244561995,-0.36674937325853396,0.005587459802543429,0.0,1.991037874106516
998,Leicester,2019-01-30,0.880697731728931,1,0.07734704507322207,0.0,0.6099392650319538,-0.6322788246470872,0.005587459802543429,0.05238281082503731,0.9936754878146004
999,Bournemouth,2019-01-30,0.880697731728931,4,0.07734704507322207,0.34261488630415415,0.3417333402786771,-0.5139666860898248,0.006053081452755381,0.0,1.134479398747915
999,Chelsea,2019-01-30,0.880697731728931,0,0.07734704507322207,0.0,0.8547757286651123,-0.20548027574874075,0.006053081452755381,0.05238281082503731,1.665776121996317
1000,Brighton,2019-02-02,0.880697731728931,0,0.05273662164083323,0.34261488630415415,0.38069595137911144,-0.32927080439680173,0.005587459802543429,0.0,1.3330618464587716
1000,Watford,2019-02-02,0.880697731728931,0,0.04520281854928562,0.0,0.5476088224660441,-0.22890803982431915,0.005587459802543429,0.05238281082503731,1.3025716035475223
1001,Burnley,2019-02-02,0.880697731728931,1,0.05273662164083323,0.34261488630415415,0.8316350130093023,-0.3795286894707412,0.005587459802543429,0.0,1.733743023015023
1001,Southampton,2019-02-02,0.880697731728931,1,0.04520281854928562,0.0,0.6311924894582979,-0.5000524433937463,0.005587459802543429,0.05238281082503731,1.115010866970349
1002,Cardiff,2019-02-02,0.880697731728931,2,0.05273662164083323,0.34261488630415415,0.3831204264432239,-0.28169650250043515,0.006053081452755381,0.0,1.3835262450694625
1002,Bournemouth,2019-02-02,0.880697731728931,0,0.04520281854928562,0.0,0.4684882108198376,-0.23036584843120986,0.006053081452755381,0.05238281082503731,1.2224588049446368
1003,Chelsea,2019-02-02,0.880697731728931,5,0.04520281854928562,0.34261488630415415,0.7250094050130552,-0.04639699988725815,0.006053081452755381,0.0,1.9531809231609232
1003,Huddersfield,2019-02-02,0.880697731728931,0,0.05273662164083323,0.0,0.07716264586762557,-0.4359397076709771,0.006053081452755381,0.05238281082503731,0.6330931838442053
1004,Crystal Palace,2019-02-02,0.880697731728931,2,0.04520281854928562,0.34261488630415415,0.4201397322182586,-0.2651564292786271,0.005587459802543429,0.0,1.4290861993245456
1004,Fulham,2019-02-02,0.880697731728931,0,0.05273662164083323,0.0,0.4409804879985293,-0.2526251256573592,0.005587459802543429,0.05238281082503731,1.1797599863385149
1005,Everton,2019-02-02,0.880697731728931,1,0.05273662164083323,0.34261488630415415,0.4850066934158588,-0.3978668888034231,0.006053081452755381,0.0,1.3692421257391094
1005,Wolves,2019-02-02,0.880697731728931,3,0.05273662164083323,0.0,0.6616906678835426,-0.2916288736176732,0.006053081452755381,0.05238281082503731,1.361932039913426
1006,Tottenham,2019-02-02,0.880697731728931,1,0.04520281854928562,0.34261488630415415,0.8010583917762227,-0.2758606163261848,0.005587459802543429,0.0,1.799300671834952
1006,Newcastle,2019-02-02,0.880697731728931,0,0.05273662164083323,0.0,0.45878257426398955,-0.4816670773147024,0.005587459802543429,0.05238281082503731,0.968520120946632
1007,Leicester,2019-02-03,0.880697731728931,0,0.05273662164083323,0.34261488630415415,0.47503908433340497,-0.6911783172656343,0.005587459802543429,0.0,1.0654974665442325
1007,Man United,2019-02-03,0.880697731728931,1,0.05859624626759248,0.0,1.149495610840049,-0.28563546641558973,0.005587459802543429,0.05238281082503731,1.8611243930485635
1008,Man City,2019-02-03,0.880697731728931,3,0.05859624626759248,0.34261488630415415,0.9471323865532751,-0.412259669982022,0.006053081452755381,0.0,1.822834662324686
1008,Arsenal,2019-02-03,0.880697731728931,1,0.05859624626759248,0.0,0.6856272387789262,-0.5694996683695637,0.006053081452755381,0.06520223288348526,1.1266768627421264
1009,West Ham,2019-02-04,0.880697731728931,1,0.06328394596899987,0.34261488630415415,0.48535189020866076,-0.5717913617893503,0.006053081452755381,0.0,1.2062101738741506
1009,Liverpool,2019-02-04,0.880697731728931,1,0.05859624626759248,0.0,0.9509436917716697,-0.2918364364270692,0.006053081452755381,0.05238281082503731,1.6568371256189167
1010,Everton,2019-02-06,0.880697731728931,0,0.05273662164083323,0.34261488630415415,0.4976075244340714,-0.59153217354375,0.006518703102967334,0.0,1.1886432936672073
1010,Man City,2019-02-06,0.880697731728931,2,0.04520281854928562,0.0,0.9837745487289217,-0.2992056064883207,0.006518703102967334,0.05238281082503731,1.6693710064468223
1011,Brighton,2019-02-09,0.880697731728931,1,0.06711933663378775,0.34261488630415415,0.2753827015982697,-0.4801129762160994,0.006053081452755381,0.0,1.0917547615017986
1011,Burnley,2019-02-09,0.880697731728931,3,0.06711933663378775,0.0,0.7984737730938644,-0.16558440980532094,0.006053081452755381,0.05238281082503731,1.6391423239290548
1012,Crystal Palace,2019-02-09,0.880697731728931,1,0.06711933663378775,0.34261488630415415,0.5076914067896283,-0.273744192946438,0.006053081452755381,0.0,1.5304322499628187
1012,West Ham,2019-02-09,0.880697731728931,1,0.05859624626759248,0.0,0.4552627598761154,-0.3052689274547443,0.006053081452755381,0.05238281082503731,1.1477237026956872
1013,Fulham,2019-02-09,0.880697731728931,0,0.06711933663378775,0.34261488630415415,0.34804233286233566,-0.677936692938366,0.006053081452755381,0.0,0.966590676043598
1013,Man United,2019-02-09,0.880697731728931,3,0.06328394596899987,0.0,1.1274735238266655,-0.2092737994790556,0.006053081452755381,0.05238281082503731,1.9206172943233333
1014,Huddersfield,2019-02-09,0.880697731728931,1,0.06711933663378775,0.34261488630415415,0.08109868588816979,-0.4362165895102371,0.006518703102967334,0.0,0.9418327541477729
1014,Arsenal,2019-02-09,0.880697731728931,2,0.06328394596899987,0.0,0.725469885978676,-0.048763694890209756,0.006518703102967334,0.05238281082503731,1.6795893827144017
1015,Liverpool,2019-02-09,0.880697731728931,3,0.05859624626759248,0.34261488630415415,0.8156107495206909,-0.31980461587628234,0.006053081452755381,0.0,1.7837680793978414
1015,Bournemouth,2019-02-09,0.880697731728931,0,0.06711933663378775,0.0,0.5318656460904179,-0.4904172404673206,0.006053081452755381,0.05238281082503731,1.0477013662636088
1016,Southampton,2019-02-09,0.880697731728931,1,0.06711933663378775,0.34261488630415415,0.698252511318362,-0.21744370400192764,0.006053081452755381,0.0,1.7772938434360626
1016,Cardiff,2019-02-09,0.880697731728931,2,0.06711933663378775,0.0,0.36162966503904,-0.41985109925459674,0.006053081452755381,0.05238281082503731,0.9480315264249547
1017,Watford,2019-02-09,0.880697731728931,1,0.06711933663378775,0.34261488630415415,0.5289085889591641,-0.30299397292364444,0.006053081452755381,0.0,1.522399652155148
1017,Everton,2019-02-09,0.880697731728931,0,0.04520281854928562,0.0,0.5039079399431778,-0.31802657187788497,0.006053081452755381,0.05238281082503731,1.1702178106213021
1018,Man City,2019-02-10,0.880697731728931,6,0.05273662164083323,0.34261488630415415,1.002095629816745,-0.39692621846155335,0.006518703102967334,0.0,1.8877373541320777
1018,Chelsea,2019-02-10,0.880697731728931,0,0.07031549552111097,0.0,0.6601262431870266,-0.6025484261308431,0.006518703102967334,0.06547851353129663,1.0805882609404893
1019,Tottenham,2019-02-10,0.880697731728931,3,0.07031549552111097,0.34261488630415415,0.9107375513403956,-0.2450785129941176,0.006053081452755381,0.0,1.9653402333532293
1019,Leicester,2019-02-10,0.880697731728931,1,0.06711933663378775,0.0,0.4075889939841305,-0.5476158780163194,0.006053081452755381,0.05238281082503731,0.8662260766083226
1020,Wolves,2019-02-11,0.880697731728931,1,0.07301993765653832,0.34261488630415415,0.7135016005309843,-0.2913214778425765,0.006518703102967334,0.0,1.7250313814809985
1020,Newcastle,2019-02-11,0.880697731728931,1,0.07301993765653832,0.0,0.4844954648581368,-0.4290201989209377,0.006518703102967334,0.05238281082503731,1.0680944492506732
1021,Cardiff,2019-02-22,0.880697731728931,1,0.08065600956833317,0.34261488630415415,0.478436373200019,-0.36353484551158793,0.006518703102967334,0.0,1.4253888583928167
1021,Watford,2019-02-22,0.880697731728931,5,0.08065600956833317,0.0,0.6045931981144381,-0.2876782166270286,0.006518703102967334,0.05238281082503731,1.3371702367126783
1022,West Ham,2019-02-22,0.880697731728931,3,0.08065600956833317,0.34261488630415415,0.44021819470984275,-0.18133248457926984,0.006518703102967334,0.0,1.5693730408349584
1022,Fulham,2019-02-22,0.880697731728931,1,0.08065600956833317,0.0,0.30157325529423884,-0.26469807120612243,0.006518703102967334,0.05238281082503731,1.0571304393133851
1023,Bournemouth,2019-02-23,0.880697731728931,1,0.08203474477462948,0.34261488630415415,0.521037000771351,-0.47016204892627567,0.006518703102967334,0.0,1.3627410177557573
1023,Wolves,2019-02-23,0.880697731728931,1,0.07910493246124985,0.0,0.7819244298090623,-0.31329347761762527,0.006518703102967334,0.05238281082503731,1.4873351303096225
1024,Burnley,2019-02-23,0.880697731728931,2,0.08203474477462948,0.34261488630415415,0.7818931531361452,-0.5805902783671278,0.006053081452755381,0.0,1.512703319029487
1024,Tottenham,2019-02-23,0.880697731728931,1,0.08065600956833317,0.0,0.9655771311224819,-0.4701432426272758,0.006053081452755381,0.05238281082503731,1.5152235220702628
1025,Leicester,2019-02-23,0.880697731728931,1,0.08065600956833317,0.34261488630415415,0.24631185994642227,-0.2804604384602756,0.006053081452755381,0.0,1.2758731305403201
1025,Crystal Palace,2019-02-23,0.880697731728931,4,0.08203474477462948,0.0,0.4664325181665992,-0.14810445144363948,0.006053081452755381,0.05238281082503731,1.3394964355043129
1026,Newcastle,2019-02-23,0.880697731728931,2,0.07910493246124985,0.34261488630415415,0.5398692731095674,-0.04994704239168556,0.006518703102967334,0.0,1.7988584843151845
1026,Huddersfield,2019-02-23,0.880697731728931,0,0.08203474477462948,0.0,0.0830667058984419,-0.32461710354735307,0.006518703102967334,0.05238281082503731,0.7800835927826538
1027,Arsenal,2019-02-24,0.880697731728931,2,0.08326834995921037,0.34261488630415415,0.7453912095785511,-0.4144471091999439,0.006518703102967334,0.0,1.6440437714738703
1027,Southampton,2019-02-24,0.880697731728931,0,0.08326834995921037,0.0,0.6892651592940371,-0.44819504927434467,0.006518703102967334,0.05238281082503731,1.2639377056358385
1028,Man United,2019-02-24,0.880697731728931,0,0.08326834995921037,0.34261488630415415,1.1164624803199739,-0.5264257646460478,0.006053081452755381,0.0,1.9026707651189767
1028,Liverpool,2019-02-24,0.880697731728931,0,0.08326834995921037,0.0,0.8754963672582725,-0.6713158807747318,0.006053081452755381,0.03097908167072099,1.2051787312951585
1029,Newcastle,2019-02-26,0.880697731728931,2,0.04520281854928562,0.34261488630415415,0.6951082660983537,-0.465158375832864,0.006984324753179286,0.0,1.5054496516010396
1029,Burnley,2019-02-26,0.880697731728931,0,0.04520281854928562,0.0,0.7736028431572856,-0.4179605012394833,0.006984324753179286,0.05238281082503731,1.3409100277742354
1030,Leicester,2019-02-26,0.880697731728931,2,0.04520281854928562,0.34261488630415415,0.16567329292756813,-0.10835739984924114,0.006518703102967334,0.0,1.3323500327636653
1030,Brighton,2019-02-26,0.880697731728931,1,0.08538310170420618,0.0,0.18020871375349187,-0.09961742066840042,0.006518703102967334,0.05238281082503731,1.1055736404462333
1031,Cardiff,2019-02-26,0.880697731728931,0,0.05273662164083323,0.34261488630415415,0.49432236432615156,-0.22819257130156426,0.006984324753179286,0.0,1.5491633574516852
1031,Everton,2019-02-26,0.880697731728931,3,0.08538310170420618,0.0,0.37950605883465993,-0.2972302779929984,0.006984324753179286,0.05238281082503731,1.1077237498530152
1032,Huddersfield,2019-02-26,0.880697731728931,1,0.04520281854928562,0.34261488630415415,0.04153335294922095,-0.5162981688755254,0.006984324753179286,0.0,0.8007349454092457
1032,Wolves,2019-02-26,0.880697731728931,0,0.04520281854928562,0.0,0.8586532074024582,-0.02497352119584278,0.006984324753179286,0.05238281082503731,1.8189473720630487
1033,Arsenal,2019-02-27,0.880697731728931,5,0.04520281854928562,0.34261488630415415,0.8829039602415596,-0.3356031034348774,0.006984324753179286,0.0,1.8228006181422323
1033,Bournemouth,2019-02-27,0.880697731728931,1,0.05273662164083323,0.0,0.5581400410661745,-0.5308798639961405,0.006984324753179286,0.05238281082503731,1.0200616660180148
1034,Chelsea,2019-02-27,0.880697731728931,2,0.08538310170420618,0.34261488630415415,0.5851672993196554,-0.5970774785425321,0.006518703102967334,0.0,1.303304243617382
1034,Tottenham,2019-02-27,0.880697731728931,0,0.05273662164083323,0.0,0.9929969210135251,-0.3518542789102608,0.006518703102967334,0.00865181560173289,1.5897475141777289
1035,Crystal Palace,2019-02-27,0.880697731728931,1,0.05273662164083323,0.34261488630415415,0.5733551627181556,-0.6168750847997535,0.006518703102967334,0.0,1.239048020695288
1035,Man United,2019-02-27,0.880697731728931,3,0.04520281854928562,0.0,1.025922232657914,-0.34475177880278324,0.006518703102967334,0.05238281082503731,1.665972518061352
1036,Liverpool,2019-02-27,0.880697731728931,5,0.04520281854928562,0.34261488630415415,0.8204044502183493,-0.38628898232843945,0.006518703102967334,0.0,1.7091496075752481
1036,Watford,2019-02-27,0.880697731728931,0,0.05859624626759248,0.0,0.6424355026920752,-0.49329963684225,0.006518703102967334,0.05238281082503731,1.1473313577743534
1037,Man City,2019-02-27,0.880697731728931,1,0.08538310170420618,0.34261488630415415,1.0112561703606566,-0.26017501033596463,0.006984324753179286,0.0,2.066761204515162
1037,West Ham,2019-02-27,0.880697731728931,0,0.05859624626759248,0.0,0.43269591212670644,-0.6080565524243897,0.006984324753179286,0.05238281082503731,0.8233004732770568
1038,Southampton,2019-02-27,0.880697731728931,2,0.04520281854928562,0.34261488630415415,0.5572193944188036,-0.16736182712937697,0.006518703102967334,0.0,1.6648917069747646
1038,Fulham,2019-02-27,0.880697731728931,0,0.05859624626759248,0.0,0.27833871651019043,-0.33504952933287535,0.006518703102967334,0.05238281082503731,0.9414846791018432
1039,West Ham,2019-03-02,0.880697731728931,2,0.04520281854928562,0.34261488630415415,0.42893477083513826,-0.46463220008554845,0.006984324753179286,0.0,1.23980233208514
1039,Newcastle,2019-03-02,0.880697731728931,0,0.05273662164083323,0.0,0.7727277625927469,-0.2579134799008857,0.006984324753179286,0.05238281082503731,1.507615771639842
1040,Wolves,2019-03-02,0.880697731728931,2,0.05273662164083323,0.34261488630415415,0.7694655073360851,-0.30200630867598327,0.006984324753179286,0.0,1.7504927630871996
1040,Cardiff,2019-03-02,0.880697731728931,0,0.05273662164083323,0.0,0.5022653598892178,-0.46267064401040814,0.006984324753179286,0.05238281082503731,1.0323962048267907
1041,Tottenham,2019-03-02,0.880697731728931,1,0.04520281854928562,0.34261488630415415,0.8791547270959756,-0.5722222713570384,0.006518703102967334,0.0,1.5819665954242752
1041,Arsenal,2019-03-02,0.880697731728931,1,0.04520281854928562,0.0,0.9516603355730638,-0.5286254937904922,0.006518703102967334,0.007936789518945046,1.3633908846827008
1042,Bournemouth,2019-03-02,0.880697731728931,0,0.04520281854928562,0.34261488630415415,0.44913947235051527,-0.610810615571163,0.006984324753179286,0.0,1.1138286181149024
1042,Man City,2019-03-02,0.880697731728931,1,0.04520281854928562,0.0,1.0158364406326124,-0.2700623315037614,0.006984324753179286,0.05238281082503731,1.7310417949852843
1043,Burnley,2019-03-02,0.880697731728931,1,0.05273662164083323,0.34261488630415415,0.7269403252134988,-0.37689744897403704,0.006518703102967334,0.0,1.6326108190163475
1043,Crystal Palace,2019-03-02,0.880697731728931,3,0.04520281854928562,0.0,0.6268164849939338,-0.43710074748907746,0.006518703102967334,0.05238281082503731,1.1745178017110778
1044,Brighton,2019-03-02,0.880697731728931,1,0.05273662164083323,0.34261488630415415,0.13262171983110294,-0.08918234543766343,0.006518703102967334,0.0,1.3260073171703255
1044,Huddersfield,2019-03-02,0.880697731728931,0,0.05273662164083323,0.0,0.14831876533768149,-0.07974389487120126,0.006518703102967334,0.05238281082503731,1.060910737764249
1045,Man United,2019-03-02,0.880697731728931,3,0.04520281854928562,0.34261488630415415,0.9806521088268841,-0.2953507393993411,0.006518703102967334,0.0,1.9603355091128813
1045,Southampton,2019-03-02,0.880697731728931,2,0.04520281854928562,0.0,0.4911965119811868,-0.5896546868122642,0.006518703102967334,0.05238281082503731,0.8863438893751439
1046,Everton,2019-03-03,0.880697731728931,0,0.05859624626759248,0.34261488630415415,0.444857207143472,-0.4767365729403511,0.006984324753179286,0.0,1.257013823256978
1046,Liverpool,2019-03-03,0.880697731728931,0,0.05273662164083323,0.0,0.7928584916983876,-0.26748745533026624,0.006984324753179286,0.05238281082503731,1.5181725253161023
1047,Fulham,2019-03-03,0.880697731728931,1,0.05273662164083323,0.34261488630415415,0.26672144711816625,-0.32931830913461446,0.006518703102967334,0.0,1.2199710807604378
1047,Chelsea,2019-03-03,0.880697731728931,2,0.05273662164083323,0.0,0.5476878273859698,-0.16037649840443052,0.006518703102967334,0.05238281082503731,1.3796471962793082
1048,Watford,2019-03-03,0.880697731728931,2,0.05273662164083323,0.34261488630415415,0.6188392920265366,-0.15206949012052293,0.006518703102967334,0.0,1.7493377446828997
1048,Leicester,2019-03-03,0.880697731728931,1,0.05859624626759248,0.0,0.2529060982812121,-0.3721008557902845,0.006518703102967334,0.05238281082503731,0.8790007344154557
1049,Southampton,2019-03-09,0.880697731728931,2,0.06711933663378775,0.34261488630415415,0.4156677078080214,-0.4432691115213109,0.006984324753179286,0.0,1.269814875706763
1049,Tottenham,2019-03-09,0.880697731728931,1,0.06711933663378775,0.0,0.7371989042284869,-0.24993614948599327,0.006984324753179286,0.05238281082503731,1.494446958683429
1050,Newcastle,2019-03-09,0.880697731728931,3,0.06711933663378775,0.34261488630415415,0.6839854219768725,-0.23600450745145585,0.007449946403391239,0.0,1.7458628155956808
1050,Everton,2019-03-09,0.880697731728931,2,0.06328394596899987,0.0,0.39249805538916405,-0.411272464668839,0.007449946403391239,0.05238281082503731,0.9850400256466842
1051,Man City,2019-03-09,0.880697731728931,3,0.06711933663378775,0.34261488630415415,1.1456786646316612,-0.44170237736094903,0.007449946403391239,0.0,2.0018581883409765
1051,Watford,2019-03-09,0.880697731728931,1,0.06328394596899987,0.0,0.7345932755568383,-0.6888832319842918,0.007449946403391239,0.05238281082503731,1.049524478498906
1052,Huddersfield,2019-03-09,0.880697731728931,0,0.06711933663378775,0.34261488630415415,0.20171147153191174,-0.1605963606984614,0.007449946403391239,0.0,1.3389970119037147
1052,Bournemouth,2019-03-09,0.880697731728931,2,0.06711933663378775,0.0,0.26708709912961465,-0.12128675755857375,0.007449946403391239,0.05238281082503731,1.1534501671621882
1053,Crystal Palace,2019-03-09,0.880697731728931,1,0.06711933663378775,0.34261488630415415,0.7385818720405369,-0.14213272722192336,0.006984324753179286,0.0,1.893865424238666
1053,Brighton,2019-03-09,0.880697731728931,2,0.06711933663378775,0.0,0.2363803117329795,-0.4441006739528253,0.006984324753179286,0.05238281082503731,0.7994638417210895
1054,Cardiff,2019-03-09,0.880697731728931,2,0.06711933663378775,0.34261488630415415,0.506236857670751,-0.33347829952308833,0.007449946403391239,0.0,1.470640459217927
1054,West Ham,2019-03-09,0.880697731728931,0,0.06711933663378775,0.0,0.5546062890524251,-0.30439432401747574,0.007449946403391239,0.05238281082503731,1.2578617906260967
1055,Leicester,2019-03-09,0.880697731728931,3,0.06328394596899987,0.34261488630415415,0.2540051380036771,-0.08018824920221526,0.006984324753179286,0.0,1.4673977775567262
1055,Fulham,2019-03-09,0.880697731728931,1,0.06328394596899987,0.0,0.13336072355908313,-0.15273032990000351,0.006984324753179286,0.05238281082503731,0.9839792069352271
1056,Liverpool,2019-03-10,0.880697731728931,4,0.06711933663378775,0.34261488630415415,0.779085512438407,-0.3975067383706035,0.006984324753179286,0.0,1.678995053487856
1056,Burnley,2019-03-10,0.880697731728931,2,0.07031549552111097,0.0,0.6610917032872484,-0.4684550409894017,0.006984324753179286,0.05238281082503731,1.2030170251261052
1057,Arsenal,2019-03-10,0.880697731728931,2,0.07031549552111097,0.34261488630415415,0.9010037973301019,-0.627174877711681,0.007449946403391239,0.0,1.5749069795760082
1057,Man United,2019-03-10,0.880697731728931,0,0.07031549552111097,0.0,1.0430517728200832,-0.541763085144326,0.007449946403391239,0.06520223288348526,1.5249540942126756
1058,Chelsea,2019-03-10,0.880697731728931,1,0.06711933663378775,0.34261488630415415,0.6565001802821979,-0.4358568815778495,0.006984324753179286,0.0,1.5180595781244006
1058,Wolves,2019-03-10,0.880697731728931,1,0.07031549552111097,0.0,0.7248716573028986,-0.3947459090865334,0.006984324753179286,0.05238281082503731,1.3405061110446237
1059,Burnley,2019-03-16,0.880697731728931,1,0.06328394596899987,0.34261488630415415,0.5856500293697662,-0.22975633462948586,0.006984324753179286,0.0,1.6494745834955447
1059,Leicester,2019-03-16,0.880697731728931,2,0.06711933663378775,0.0,0.3821067467279806,-0.3521445388647858,0.006984324753179286,0.05238281082503731,1.0371464118041303
1060,West Ham,2019-03-16,0.880697731728931,4,0.06711933663378775,0.34261488630415415,0.5749246852067116,-0.13733896361902892,0.007449946403391239,0.0,1.7354676226579469
1060,Huddersfield,2019-03-16,0.880697731728931,3,0.06711933663378775,0.0,0.2284078246290269,-0.3456955143876089,0.007449946403391239,0.05238281082503731,0.8903621358325652
1061,Bournemouth,2019-03-16,0.880697731728931,2,0.06711933663378775,0.34261488630415415,0.30361300138223535,-0.4612881818002263,0.007449946403391239,0.0,1.1402067206522732
1061,Newcastle,2019-03-16,0.880697731728931,2,0.06711933663378775,0.0,0.7671663405320063,-0.18255896013555342,0.007449946403391239,0.05238281082503731,1.5922572059876
1062,Everton,2019-03-17,0.880697731728931,2,0.07031549552111097,0.34261488630415415,0.36631847951201,-0.4530249040090736,0.007449946403391239,0.0,1.2143716354605238
1062,Chelsea,2019-03-17,0.880697731728931,0,0.06711933663378775,0.0,0.7534237196846691,-0.22026303351205065,0.007449946403391239,0.05238281082503731,1.5408105117637658
1063,Fulham,2019-03-17,0.880697731728931,1,0.07031549552111097,0.34261488630415415,0.06668036177954156,-0.5154446649070884,0.006984324753179286,0.0,0.8518481351798285
1063,Liverpool,2019-03-17,0.880697731728931,2,0.06711933663378775,0.0,0.8572337487171305,-0.04009412460110763,0.006984324753179286,0.05238281082503731,1.824323828056958
1064,West Ham,2019-03-30,0.880697731728931,0,0.08203474477462948,0.34261488630415415,0.6701186091925688,-0.2890878813820901,0.007915568053603191,0.0,1.6942936586717965
1064,Everton,2019-03-30,0.880697731728931,2,0.08065600956833317,0.0,0.4807807804365041,-0.4029345117130306,0.007915568053603191,0.05238281082503731,1.0994983888993781
1065,Leicester,2019-03-30,0.880697731728931,2,0.08203474477462948,0.34261488630415415,0.5737096399532033,-0.21910545480068014,0.007449946403391239,0.0,1.667401494363629
1065,Bournemouth,2019-03-30,0.880697731728931,0,0.08203474477462948,0.0,0.3643933154629027,-0.34496492183396904,0.007449946403391239,0.05238281082503731,1.0419936273609227
1066,Fulham,2019-03-30,0.880697731728931,0,0.08065600956833317,0.34261488630415415,0.03334018088977078,-0.7279195401908561,0.007449946403391239,0.0,0.6168392147037242
1066,Man City,2019-03-30,0.880697731728931,2,0.08859752435659983,0.0,1.2105997766311858,-0.020047062300553815,0.007449946403391239,0.05238281082503731,2.219680727644591
1067,Man United,2019-03-30,0.880697731728931,2,0.08789436940138873,0.34261488630415415,0.9466995159536117,-0.45093794319970065,0.006984324753179286,0.0,1.8139528849415643
1067,Watford,2019-03-30,0.880697731728931,1,0.08859752435659983,0.0,0.7499529043676322,-0.5692393883216473,0.006984324753179286,0.05238281082503731,1.2093759077097324
1068,Burnley,2019-03-30,0.880697731728931,2,0.08203474477462948,0.34261488630415415,0.42037710354795416,-0.37131961046840883,0.007449946403391239,0.0,1.3618548022906511
1068,Wolves,2019-03-30,0.880697731728931,0,0.08789436940138873,0.0,0.6175400063775913,-0.25276785427213494,0.007449946403391239,0.05238281082503731,1.3931970104642046
1069,Brighton,2019-03-30,0.880697731728931,0,0.08859752435659983,0.34261488630415415,0.41581169654698874,-0.2783592444224807,0.006984324753179286,0.0,1.4563469192673724
1069,Southampton,2019-03-30,0.880697731728931,1,0.08859752435659983,0.0,0.46293803163015274,-0.2500227282370264,0.006984324753179286,0.05238281082503731,1.2415776950568738
1070,Crystal Palace,2019-03-30,0.880697731728931,2,0.08859752435659983,0.34261488630415415,0.6669124767007675,-0.14536506664925652,0.007449946403391239,0.0,1.8409074988445873
1070,Huddersfield,2019-03-30,0.880697731728931,0,0.08203474477462948,0.0,0.24175600117758447,-0.4010067016024774,0.007449946403391239,0.05238281082503731,0.863314533307096
1071,Cardiff,2019-03-31,0.880697731728931,1,0.08859752435659983,0.34261488630415415,0.5082226065615175,-0.4054688166306015,0.007915568053603191,0.0,1.422579500374204
1071,Chelsea,2019-03-31,0.880697731728931,2,0.08203474477462948,0.0,0.6743334005228336,-0.30558833168822197,0.007915568053603191,0.05238281082503731,1.3917759242168124
1072,Liverpool,2019-03-31,0.880697731728931,2,0.08203474477462948,0.34261488630415415,0.8963078668564922,-0.32389533554697814,0.007449946403391239,0.0,1.8852098405206201
1072,Tottenham,2019-03-31,0.880697731728931,1,0.08859752435659983,0.0,0.5386689039316714,-0.5389394768659316,0.007449946403391239,0.06520223288348526,1.0416768624381472
1073,Arsenal,2019-04-01,0.880697731728931,2,0.08859752435659983,0.34261488630415415,1.003227617071692,-0.48629604036591995,0.007915568053603191,0.0,1.8367572871490605
1073,Newcastle,2019-04-01,0.880697731728931,0,0.08437859462533318,0.0,0.8087567998095732,-0.6032290768777119,0.007915568053603191,0.05238281082503731,1.2309024281647658
1074,Watford,2019-04-02,0.880697731728931,4,0.04520281854928562,0.34261488630415415,0.6300806299099582,-0.010023531150276908,0.006984324753179286,0.0,1.8955568600952313
1074,Fulham,2019-04-02,0.880697731728931,1,0.04520281854928562,0.0,0.01667009044488539,-0.37886014127933443,0.006984324753179286,0.05238281082503731,0.6230776350219842
1075,Wolves,2019-04-02,0.880697731728931,2,0.04520281854928562,0.34261488630415415,0.5213568179605808,-0.5402716436266304,0.007449946403391239,0.0,1.2570505573197124
1075,Man United,2019-04-02,0.880697731728931,1,0.04520281854928562,0.0,0.8985233875203757,-0.3134857799671078,0.007449946403391239,0.05238281082503731,1.5707709150599132
1076,Man City,2019-04-03,0.880697731728931,2,0.05273662164083323,0.34261488630415415,1.243060332630948,-0.22948975068385302,0.007915568053603191,0.0,2.297535389674617
1076,Cardiff,2019-04-03,0.880697731728931,0,0.04520281854928562,0.0,0.38166339214382977,-0.7474376942941383,0.007915568053603191,0.05238281082503731,0.6204246270065485
1077,Chelsea,2019-04-03,0.880697731728931,3,0.04520281854928562,0.34261488630415415,0.7623403298049869,-0.2784025337979973,0.007449946403391239,0.0,1.759903178992752
1077,Brighton,2019-04-03,0.880697731728931,0,0.05273662164083323,0.0,0.4630100259996364,-0.45838635778110765,0.007449946403391239,0.05238281082503731,0.9978907788167215
1078,Tottenham,2019-04-03,0.880697731728931,2,0.04520281854928562,0.34261488630415415,0.3118518149201927,-0.4305901053204648,0.006984324753179286,0.0,1.156761470935278
1078,Crystal Palace,2019-04-03,0.880697731728931,0,0.05273662164083323,0.0,0.7161125049395968,-0.18751286272006976,0.006984324753179286,0.05238281082503731,1.5214011311675077
1079,Southampton,2019-04-05,0.880697731728931,1,0.06328394596899987,0.34261488630415415,0.6141252824042894,-0.6018172727385147,0.007449946403391239,0.0,1.3063545200712507
1079,Liverpool,2019-04-05,0.880697731728931,3,0.05859624626759248,0.0,1.0008796518348873,-0.3692663767304665,0.007449946403391239,0.05238281082503731,1.6307400103293728
1080,Newcastle,2019-04-06,0.880697731728931,0,0.05859624626759248,0.34261488630415415,0.7019999405852856,-0.3686862223397165,0.007915568053603191,0.0,1.62313815059985
1080,Crystal Palace,2019-04-06,0.880697731728931,1,0.04520281854928562,0.0,0.6131604301959405,-0.42210438480902474,0.007915568053603191,0.05238281082503731,1.1772549745437728
1081,Huddersfield,2019-04-06,0.880697731728931,1,0.06711933663378775,0.34261488630415415,0.24843008945186326,-0.47926480027595264,0.007915568053603191,0.0,1.0675128118963866
1081,Leicester,2019-04-06,0.880697731728931,4,0.06711933663378775,0.0,0.7970631754288857,-0.1493781181643703,0.007915568053603191,0.05238281082503731,1.6558005045058746
1082,Bournemouth,2019-04-06,0.880697731728931,1,0.06711933663378775,0.34261488630415415,0.3522661095488793,-0.2030795119758095,0.007915568053603191,0.0,1.447534120293546
1082,Burnley,2019-04-06,0.880697731728931,3,0.06711933663378775,0.0,0.33774064063704806,-0.21181350718666278,0.007915568053603191,0.05238281082503731,1.1340425806917445
1083,Everton,2019-04-07,0.880697731728931,1,0.07031549552111097,0.34261488630415415,0.6655640197618221,-0.6339620727444047,0.007915568053603191,0.0,1.3331456286252166
1083,Arsenal,2019-04-07,0.880697731728931,0,0.06328394596899987,0.0,1.0543395269424871,-0.40019589015685186,0.007915568053603191,0.05238281082503731,1.6584236933622065
1084,Chelsea,2019-04-08,0.880697731728931,2,0.05859624626759248,0.34261488630415415,0.8063437944460635,-0.3548584255359994,0.007915568053603191,0.0,1.741309801264345
1084,West Ham,2019-04-08,0.880697731728931,0,0.07301993765653832,0.0,0.5901634823224264,-0.4848451283563606,0.007915568053603191,0.05238281082503731,1.1193344022301757
1085,Leicester,2019-04-12,0.880697731728931,0,0.06328394596899987,0.34261488630415415,0.9087399431667269,-0.3133129721908351,0.007915568053603191,0.0,1.88993910303158
1085,Newcastle,2019-04-12,0.880697731728931,1,0.06328394596899987,0.0,0.5210694221100708,-0.5464147394969445,0.007915568053603191,0.05238281082503731,0.9789347391896976
1086,Brighton,2019-04-13,0.880697731728931,0,0.07533803091547604,0.34261488630415415,0.48660919072596026,-0.2081675333796541,0.007449946403391239,0.0,1.5845422526982584
1086,Bournemouth,2019-04-13,0.880697731728931,5,0.06711933663378775,0.0,0.3462025065918677,-0.2925924365784827,0.007449946403391239,0.05238281082503731,1.0612598956045323
1087,Burnley,2019-04-13,0.880697731728931,2,0.06711933663378775,0.34261488630415415,0.4239744980446661,-0.19144046018166855,0.007915568053603191,0.0,1.5308815605834736
1087,Cardiff,2019-04-13,0.880697731728931,0,0.07533803091547604,0.0,0.3183837849349859,-0.25493092566738884,0.007915568053603191,0.05238281082503731,1.0797870007906445
1088,Fulham,2019-04-13,0.880697731728931,2,0.07734704507322207,0.34261488630415415,0.008335045222442695,-0.45574989454423276,0.007915568053603191,0.0,0.8611603818381203
1088,Everton,2019-04-13,0.880697731728931,0,0.06328394596899987,0.0,0.7579556394244811,-0.005011765575138454,0.007915568053603191,0.05238281082503731,1.7572239304259138
1089,Man United,2019-04-13,0.880697731728931,2,0.07734704507322207,0.34261488630415415,0.8319179603494009,-0.3308203824474838,0.007449946403391239,0.0,1.8092071874116153
1089,West Ham,2019-04-13,0.880697731728931,1,0.05859624626759248,0.0,0.5501859188873554,-0.5002225763325413,0.007449946403391239,0.05238281082503731,1.0490900777797663
1090,Southampton,2019-04-13,0.880697731728931,3,0.07031549552111097,0.34261488630415415,0.6897189077913577,-0.3356992546096187,0.007915568053603191,0.0,1.6555633347895382
1090,Wolves,2019-04-13,0.880697731728931,1,0.07734704507322207,0.0,0.5582999496607894,-0.41471994288445935,0.007915568053603191,0.05238281082503731,1.1619231624571236
1091,Tottenham,2019-04-13,0.880697731728931,4,0.07533803091547604,0.34261488630415415,0.3259953592775244,-0.07468905908218515,0.007449946403391239,0.0,1.5574068955472917
1091,Huddersfield,2019-04-13,0.880697731728931,0,0.06711933663378775,0.0,0.12421504472593163,-0.1960172111463576,0.007449946403391239,0.05238281082503731,0.9358476591707212
1092,Liverpool,2019-04-14,0.880697731728931,2,0.07301993765653832,0.34261488630415415,1.0531655443240846,-0.4980745136439871,0.007915568053603191,0.0,1.8593391544233242
1092,Chelsea,2019-04-14,0.880697731728931,0,0.06328394596899987,0.0,0.8283455267666018,-0.6332561706748061,0.007915568053603191,0.06520223288348526,1.212188834726815
1093,Crystal Palace,2019-04-14,0.880697731728931,1,0.07031549552111097,0.34261488630415415,0.6892364816871833,-0.7571967713457793,0.007915568053603191,0.0,1.2335833919492034
1093,Man City,2019-04-14,0.880697731728931,3,0.07734704507322207,0.0,1.259290610630829,-0.4144298656890844,0.007915568053603191,0.05238281082503731,1.863203900622538
1094,Watford,2019-04-15,0.880697731728931,0,0.08065600956833317,0.34261488630415415,0.5701444926811211,-0.5726329858380093,0.007449946403391239,0.0,1.3089300808479214
1094,Arsenal,2019-04-15,0.880697731728931,1,0.07031549552111097,0.0,0.9523433930148136,-0.34282124031915134,0.007449946403391239,0.05238281082503731,1.6203681371741327
1095,Brighton,2019-04-16,0.880697731728931,0,0.04520281854928562,0.34261488630415415,0.4984087730891221,-0.1724158149305763,0.007915568053603191,0.0,1.6024239627945198
1095,Cardiff,2019-04-16,0.880697731728931,2,0.04520281854928562,0.0,0.28674398133056395,-0.29968738796872546,0.007915568053603191,0.05238281082503731,0.9732555225186956
1096,Bournemouth,2019-04-20,0.880697731728931,0,0.06711933663378775,0.34261488630415415,0.4707227939764329,-0.07920146762731127,0.008381189703815144,0.0,1.6903344707198098
1096,Fulham,2019-04-20,0.880697731728931,1,0.06711933663378775,0.0,0.13171961147429237,-0.28304013131589184,0.008381189703815144,0.05238281082503731,0.8572605490499717
1097,Huddersfield,2019-04-20,0.880697731728931,1,0.06711933663378775,0.34261488630415415,0.062107522362965815,-0.3248017898390598,0.008381189703815144,0.0,1.0361188768945941
1097,Watford,2019-04-20,0.880697731728931,2,0.05859624626759248,0.0,0.5401764240667026,-0.037344529541092575,0.008381189703815144,0.05238281082503731,1.5028898730509859
1098,Man City,2019-04-20,0.880697731728931,1,0.06328394596899987,0.34261488630415415,1.2674057496307698,-0.27696497019924354,0.008381189703815144,0.0,2.285418533137426
1098,Tottenham,2019-04-20,0.880697731728931,0,0.06711933663378775,0.0,0.4606192203192612,-0.7620763098715999,0.008381189703815144,0.06520223288348526,0.7199434013976804
1099,Newcastle,2019-04-20,0.880697731728931,3,0.07031549552111097,0.34261488630415415,0.5581562517355344,-0.4374467259614558,0.008381189703815144,0.0,1.4227188290320896
1099,Southampton,2019-04-20,0.880697731728931,1,0.06711933663378775,0.0,0.7275157204848919,-0.33561285072148234,0.008381189703815144,0.05238281082503731,1.4004839386549806
1100,Wolves,2019-04-20,0.880697731728931,0,0.06711933663378775,0.34261488630415415,0.5767715155108938,-0.22653927882410477,0.007915568053603191,0.0,1.6485797594072653
1100,Brighton,2019-04-20,0.880697731728931,0,0.05273662164083323,0.0,0.3767564754076321,-0.34680599193087414,0.007915568053603191,0.05238281082503731,1.0236832157251625
1101,West Ham,2019-04-20,0.880697731728931,2,0.06711933663378775,0.34261488630415415,0.4026450483067487,-0.5799897091074404,0.008381189703815144,0.0,1.1214684835699964
1101,Leicester,2019-04-20,0.880697731728931,2,0.07031549552111097,0.0,0.9645783270356475,-0.24210577606348394,0.008381189703815144,0.05238281082503731,1.7342497787510578
1102,Everton,2019-04-21,0.880697731728931,4,0.07031549552111097,0.34261488630415415,0.7616340863014536,-0.4801980426854968,0.008381189703815144,0.0,1.583445346873968
1102,Man United,2019-04-21,0.880697731728931,0,0.07031549552111097,0.0,0.7986152467639135,-0.45796170179134243,0.008381189703815144,0.05238281082503731,1.3524307727514653
1103,Arsenal,2019-04-21,0.880697731728931,2,0.06328394596899987,0.34261488630415415,0.901345326050977,-0.3606061025240263,0.008381189703815144,0.0,1.8357169772328505
1103,Crystal Palace,2019-04-21,0.880697731728931,3,0.06711933663378775,0.0,0.5997224185697336,-0.5419684423848115,0.008381189703815144,0.05238281082503731,1.0663350450764932
1104,Cardiff,2019-04-21,0.880697731728931,0,0.05859624626759248,0.34261488630415415,0.398476168391424,-0.7001060095361132,0.008381189703815144,0.0,0.9886602128598037
1104,Liverpool,2019-04-21,0.880697731728931,2,0.06711933663378775,0.0,1.1643432164773975,-0.23959907714477224,0.008381189703815144,0.05238281082503731,1.9333252082241963
1105,Chelsea,2019-04-22,0.880697731728931,2,0.07031549552111097,0.34261488630415415,0.7968290299725139,-0.35755221735292053,0.008381189703815144,0.0,1.7412861158776043
1105,Burnley,2019-04-22,0.880697731728931,2,0.07301993765653832,0.0,0.594643515611546,-0.4791240113412197,0.008381189703815144,0.05238281082503731,1.130001174184648
1106,Tottenham,2019-04-23,0.880697731728931,1,0.04520281854928562,0.34261488630415415,0.48541378788577266,-0.13883483435863306,0.007915568053603191,0.0,1.6230099581631137
1106,Brighton,2019-04-23,0.880697731728931,0,0.04520281854928562,0.0,0.23089560065817305,-0.2918736547791059,0.007915568053603191,0.05238281082503731,0.9252208750359241
1107,Watford,2019-04-23,0.880697731728931,1,0.04520281854928562,0.34261488630415415,0.5251923897594933,-0.4488101174999541,0.007915568053603191,0.0,1.3528132768955132
1107,Southampton,2019-04-23,0.880697731728931,1,0.04520281854928562,0.0,0.7464141268316591,-0.315792064599014,0.007915568053603191,0.05238281082503731,1.4168209913895022
1108,Man United,2019-04-24,0.880697731728931,0,0.04520281854928562,0.34261488630415415,0.6544118011080988,-0.7645160791345101,0.007915568053603191,0.0,1.1663267266095627
1108,Man City,2019-04-24,0.880697731728931,2,0.05273662164083323,0.0,1.2714633191307398,-0.3934901910222325,0.007915568053603191,0.007936789518945046,1.8272598390508197
1109,Wolves,2019-04-24,0.880697731728931,3,0.05273662164083323,0.34261488630415415,0.5009725725272319,-0.501070975711632,0.008381189703815144,0.0,1.2843320261933335
1109,Arsenal,2019-04-24,0.880697731728931,1,0.04520281854928562,0.0,0.8333289296147016,-0.3012289706983405,0.008381189703815144,0.05238281082503731,1.5187645097234301
1110,Liverpool,2019-04-26,0.880697731728931,5,0.05859624626759248,0.34261488630415415,1.2199320525540538,-0.018672264770546287,0.008381189703815144,0.0,2.491549841788
1110,Huddersfield,2019-04-26,0.880697731728931,0,0.06328394596899987,0.0,0.031053761181482908,-0.7335309289667669,0.008381189703815144,0.05238281082503731,0.3022685104414994
1111,Brighton,2019-04-27,0.880697731728931,1,0.05273662164083323,0.34261488630415415,0.15796516328344354,-0.34676278998680593,0.008381189703815144,0.0,1.0956328026743711
1111,Newcastle,2019-04-27,0.880697731728931,1,0.06711933663378775,0.0,0.5766996665482663,-0.09498261212589722,0.008381189703815144,0.05238281082503731,1.4902981233139403
1112,Crystal Palace,2019-04-27,0.880697731728931,0,0.06328394596899987,0.34261488630415415,0.68251747587408,-0.5357631902546394,0.008381189703815144,0.0,1.4417320393253406
1112,Everton,2019-04-27,0.880697731728931,0,0.06328394596899987,0.0,0.8910253986030109,-0.4103898057812393,0.008381189703815144,0.05238281082503731,1.4853812710485546
1113,Fulham,2019-04-27,0.880697731728931,1,0.06711933663378775,0.34261488630415415,0.3209639834632882,-0.19649512341212816,0.008381189703815144,0.0,1.4232820044218482
1113,Cardiff,2019-04-27,0.880697731728931,0,0.06328394596899987,0.0,0.32679017305878305,-0.19299190349313972,0.008381189703815144,0.05238281082503731,1.1385439477924264
1114,Southampton,2019-04-27,0.880697731728931,3,0.05273662164083323,0.34261488630415415,0.6708286040963286,-0.24378084544426865,0.008381189703815144,0.0,1.7114781880297936
1114,Bournemouth,2019-04-27,0.880697731728931,3,0.06711933663378775,0.0,0.40543084880564445,-0.4033614233760418,0.008381189703815144,0.05238281082503731,1.0106504943211738
1115,Tottenham,2019-04-27,0.880697731728931,0,0.05273662164083323,0.34261488630415415,0.6253631605320994,-0.2233136678180647,0.008381189703815144,0.0,1.6864799220917681
1115,West Ham,2019-04-27,0.880697731728931,1,0.06711933663378775,0.0,0.37139197597080237,-0.3760235819087791,0.008381189703815144,0.05238281082503731,1.0039494629535946
1116,Watford,2019-04-27,0.880697731728931,1,0.05273662164083323,0.34261488630415415,0.5602177355602458,-0.329570849975235,0.008381189703815144,0.0,1.5150773149627443
1116,Wolves,2019-04-27,0.880697731728931,2,0.04520281854928562,0.0,0.548107826944115,-0.3368523969255718,0.008381189703815144,0.05238281082503731,1.197919980825612
1117,Leicester,2019-04-28,0.880697731728931,3,0.07031549552111097,0.34261488630415415,0.9074627930613939,-0.40392665753530005,0.008381189703815144,0.0,1.805545438784105
1117,Arsenal,2019-04-28,0.880697731728931,0,0.05273662164083323,0.0,0.6717686425334928,-0.545646804019527,0.008381189703815144,0.05238281082503731,1.1203201924125823
1118,Burnley,2019-04-28,0.880697731728931,0,0.06328394596899987,0.34261488630415415,0.7224953873493432,-0.7657359637659653,0.008381189703815144,0.0,1.2517371772892778
1118,Man City,2019-04-28,0.880697731728931,1,0.05273662164083323,0.0,1.273492103880725,-0.4344280581422671,0.008381189703815144,0.05238281082503731,1.8332623996370745
1119,Man United,2019-04-28,0.880697731728931,1,0.05273662164083323,0.34261488630415415,0.5823100782801914,-0.4952139551364166,0.008381189703815144,0.0,1.3715265525215083
1119,Chelsea,2019-04-28,0.880697731728931,1,0.06328394596899987,0.0,0.823588144529827,-0.3501362651906003,0.008381189703815144,0.06574797243471761,1.4915627191756902
1120,Everton,2019-05-03,0.880697731728931,2,0.06328394596899987,0.34261488630415415,0.8706863288450756,-0.47286597853694035,0.008846811354027095,0.0,1.6932637256642473
1120,Burnley,2019-05-03,0.880697731728931,0,0.05859624626759248,0.0,0.7864213232182415,-0.5235335445931265,0.008846811354027095,0.05238281082503731,1.263411378800703
1121,Wolves,2019-05-04,0.880697731728931,1,0.06711933663378775,0.34261488630415415,0.6992275430156275,-0.326582706265796,0.008846811354027095,0.0,1.6719236027707316
1121,Fulham,2019-05-04,0.880697731728931,0,0.06711933663378775,0.0,0.5431382583208572,-0.42043737445342433,0.008846811354027095,0.05238281082503731,1.1317475744092158
1122,West Ham,2019-05-04,0.880697731728931,3,0.06711933663378775,0.34261488630415415,0.35576543980282926,-0.3295066864209243,0.008846811354027095,0.0,1.325537519402805
1122,Southampton,2019-05-04,0.880697731728931,0,0.06711933663378775,0.0,0.5480011168199493,-0.21391761369535509,0.008846811354027095,0.05238281082503731,1.3431301936663773
1123,Bournemouth,2019-05-04,0.880697731728931,1,0.06711933663378775,0.34261488630415415,0.37278487622025025,-0.41809854547361563,0.008846811354027095,0.0,1.2539650967675349
1123,Tottenham,2019-05-04,0.880697731728931,0,0.06711933663378775,0.0,0.6953378468552627,-0.22415120250845702,0.008846811354027095,0.05238281082503731,1.4802333348885888
1124,Cardiff,2019-05-04,0.880697731728931,2,0.06711933663378775,0.34261488630415415,0.2909471753924625,-0.38415126751668444,0.008846811354027095,0.0,1.206074673896678
1124,Crystal Palace,2019-05-04,0.880697731728931,3,0.06711933663378775,0.0,0.638880278617539,-0.17494314654580612,0.008846811354027095,0.05238281082503731,1.4729838226135163
1125,Newcastle,2019-05-04,0.880697731728931,2,0.06711933663378775,0.34261488630415415,0.5859713739546322,-0.7502433886820936,0.008846811354027095,0.0,1.1350067512934388
1125,Liverpool,2019-05-04,0.880697731728931,3,0.07031549552111097,0.0,1.247726470592382,-0.3523377596194677,0.008846811354027095,0.05238281082503731,1.9076315604020209
1126,Arsenal,2019-05-05,0.880697731728931,1,0.06711933663378775,0.34261488630415415,0.46343641012981746,-0.09862169595610996,0.008846811354027095,0.0,1.6640934801946075
1126,Brighton,2019-05-05,0.880697731728931,1,0.07031549552111097,0.0,0.16401730755043578,-0.2786589136073921,0.008846811354027095,0.05238281082503731,0.89760124337215
1127,Chelsea,2019-05-05,0.880697731728931,3,0.06711933663378775,0.34261488630415415,0.7519329758997695,-0.3473825630888507,0.008846811354027095,0.0,1.703829178831819
1127,Watford,2019-05-05,0.880697731728931,0,0.07031549552111097,0.0,0.577730408460622,-0.45212853714085377,0.008846811354027095,0.05238281082503731,1.1378447207488744
1128,Huddersfield,2019-05-05,0.880697731728931,1,0.07301993765653832,0.34261488630415415,0.015526880590741454,-0.2773289123816229,0.008846811354027095,0.0,1.043377335252769
1128,Man United,2019-05-05,0.880697731728931,1,0.06711933663378775,0.0,0.46122449095752377,-0.009336132385273144,0.008846811354027095,0.05238281082503731,1.4609350491140336
1129,Man City,2019-05-06,0.880697731728931,1,0.07031549552111097,0.34261488630415415,1.2745064962557175,-0.5284753514755702,0.008846811354027095,0.0,2.0485060696883703
1129,Leicester,2019-05-06,0.880697731728931,0,0.07031549552111097,0.0,0.8789050260742669,-0.7663459060816928,0.008846811354027095,0.05238281082503731,1.1248019694216802
1130,Watford,2019-05-12,0.880697731728931,1,0.06711933663378775,0.34261488630415415,0.458934656047739,-0.2859151714737423,0.008846811354027095,0.0,1.4722982505948967
1130,West Ham,2019-05-12,0.880697731728931,4,0.07031549552111097,0.0,0.47550426058191364,-0.27595206133074807,0.008846811354027095,0.05238281082503731,1.211795048680272
1131,Tottenham,2019-05-12,0.880697731728931,2,0.07031549552111097,0.34261488630415415,0.6027731011537734,-0.5174187217623701,0.008846811354027095,0.0,1.3878293042996264
1131,Everton,2019-05-12,0.880697731728931,2,0.07301993765653832,0.0,0.8605167939661078,-0.3624404424162919,0.008846811354027095,0.05238281082503731,1.5130236431143496
1132,Southampton,2019-05-12,0.880697731728931,1,0.07031549552111097,0.34261488630415415,0.4865873731817597,-0.030233261139217253,0.008846811354027095,0.0,1.7588290369507655
1132,Huddersfield,2019-05-12,0.880697731728931,1,0.06711933663378775,0.0,0.05028080324972773,-0.29257931794336556,0.008846811354027095,0.05238281082503731,0.7667481758481453
1133,Man United,2019-05-12,0.880697731728931,0,0.06711933663378775,0.34261488630415415,0.4431990602505469,-0.1641671581126451,0.008846811354027095,0.0,1.5783106681588017
1133,Cardiff,2019-05-12,0.880697731728931,2,0.07031549552111097,0.0,0.27302567655930227,-0.2664904309237148,0.008846811354027095,0.05238281082503731,1.0187780950646939
1134,Liverpool,2019-05-12,0.880697731728931,2,0.07031549552111097,0.34261488630415415,1.261623679611546,-0.465870636692519,0.008846811354027095,0.0,2.0982279678272504
1134,Wolves,2019-05-12,0.880697731728931,0,0.07031549552111097,0.0,0.7747874010513839,-0.758599618539757,0.008846811354027095,0.05238281082503731,1.0284306319407333
1135,Fulham,2019-05-12,0.880697731728931,0,0.07031549552111097,0.34261488630415415,0.6542253957496417,-0.3551252444357986,0.008846811354027095,0.0,1.601575076222066
1135,Newcastle,2019-05-12,0.880697731728931,4,0.07031549552111097,0.0,0.5906072276578151,-0.3933781076521241,0.008846811354027095,0.05238281082503731,1.2094719694347973
1136,Crystal Palace,2019-05-12,0.880697731728931,5,0.07031549552111097,0.34261488630415415,0.7446137688523395,-0.2910319658802933,0.008846811354027095,0.0,1.7560567278802695
1136,Bournemouth,2019-05-12,0.880697731728931,3,0.07031549552111097,0.0,0.48401397879062413,-0.447727583224149,0.008846811354027095,0.05238281082503731,1.0485292449955816
1137,Burnley,2019-05-12,0.880697731728931,1,0.07301993765653832,0.34261488630415415,0.6908322022896198,-0.24159023659001877,0.008846811354027095,0.0,1.7544213327432518
1137,Arsenal,2019-05-12,0.880697731728931,3,0.06711933663378775,0.0,0.40178765688233675,-0.4153893538945349,0.008846811354027095,0.05238281082503731,0.9954449935295848
1138,Brighton,2019-05-12,0.880697731728931,1,0.06711933663378775,0.34261488630415415,0.2095607426382889,-0.7666508772395566,0.008846811354027095,0.0,0.7421886314196323
1138,Man City,2019-05-12,0.880697731728931,4,0.06328394596899987,0.0,1.2750136924432138,-0.12600643281779703,0.008846811354027095,0.05238281082503731,2.1542185595024126
1139,Leicester,2019-05-12,0.880697731728931,0,0.06328394596899987,0.34261488630415415,0.7370740537176325,-0.43058582814307234,0.008846811354027095,0.0,1.6019316009306719
1139,Chelsea,2019-05-12,0.880697731728931,0,0.06711933663378775,0.0,0.7161053915847408,-0.4431940403638499,0.008846811354027095,0.05238281082503731,1.281958041762674
1140,Liverpool,2019-08-09,0.880697731728931,4,0.08859752435659983,0.34261488630415415,1.268572284121128,-0.17407179577009677,0.0004656216502119524,0.0,2.4068762523909286
1140,Norwich,2019-08-09,0.880697731728931,1,0.08859752435659983,0.0,0.2894980357606777,-0.7627777334685887,0.0004656216502119524,0.05238281082503731,0.548863990852869
1141,Watford,2019-08-10,0.880697731728931,0,0.08859752435659983,0.34261488630415415,0.39953677984129754,-0.13969880124864056,0.0004656216502119524,0.0,1.572213742632554
1141,Brighton,2019-08-10,0.880697731728931,3,0.08859752435659983,0.0,0.23233246018221546,-0.24023681045169676,0.0004656216502119524,0.05238281082503731,1.0142393382912986
1142,Tottenham,2019-08-10,0.880697731728931,3,0.08859752435659983,0.34261488630415415,0.47145600239431473,-0.03869368045479898,0.0004656216502119524,0.0,1.7451380859794128
1142,Aston Villa,2019-08-10,0.880697731728931,1,0.08859752435659983,0.0,0.06435128929680371,-0.28348100099446866,0.0004656216502119524,0.05238281082503731,0.803013976863115
1143,Crystal Palace,2019-08-10,0.880697731728931,0,0.08859752435659983,0.34261488630415415,0.7974805139697397,-0.46323092045383046,0.0004656216502119524,0.0,1.6466253575558063
1143,Everton,2019-08-10,0.880697731728931,0,0.08859752435659983,0.0,0.7703973006179099,-0.4795157410778813,0.0004656216502119524,0.05238281082503731,1.3130252481008087
1144,West Ham,2019-08-10,0.880697731728931,0,0.08859752435659983,0.34261488630415415,0.662925759834527,-0.7668033628184885,0.0004656216502119524,0.0,1.2084981610559353
1144,Man City,2019-08-10,0.880697731728931,5,0.08859752435659983,0.0,1.275267290536962,-0.398609535202678,0.0004656216502119524,0.05238281082503731,1.898801443895064
1145,Bournemouth,2019-08-10,0.880697731728931,1,0.08859752435659983,0.34261488630415415,0.5396285300758111,-0.0,0.0004656216502119524,0.0,1.8520042941157082
1145,Sheffield United,2019-08-10,0.880697731728931,1,0.08203474477462948,0.0,0.0,-0.3244723475662114,0.0004656216502119524,0.05238281082503731,0.6911085614125982
1146,Burnley,2019-08-10,0.880697731728931,3,0.08859752435659983,0.34261488630415415,0.515485552962238,-0.22298524381142484,0.0004656216502119524,0.0,1.6048760731907101
1146,Southampton,2019-08-10,0.880697731728931,0,0.08859752435659983,0.0,0.37084577545395087,-0.3099554567335902,0.0004656216502119524,0.05238281082503731,1.0830340072811406
1147,Leicester,2019-08-11,0.880697731728931,0,0.08859752435659983,0.34261488630415415,0.5811238416306013,-0.4885872678120663,0.0004656216502119524,0.0,1.4049123378584318
1147,Wolves,2019-08-11,0.880697731728931,0,0.08859752435659983,0.0,0.812567330069262,-0.34942299491482837,0.0004656216502119524,0.05238281082503731,1.4852880237152135
1148,Newcastle,2019-08-11,0.880697731728931,0,0.08859752435659983,0.34261488630415415,0.7204772433724776,-0.2230558980813321,0.0004656216502119524,0.0,1.8097971093310423
1148,Arsenal,2019-08-11,0.880697731728931,1,0.08859752435659983,0.0,0.37096328025859643,-0.43321457168370614,0.0004656216502119524,0.05238281082503731,0.9598923971356703
1149,Man United,2019-08-11,0.880697731728931,4,0.08859752435659983,0.34261488630415415,0.3066342560339875,-0.36868408375102024,0.0004656216502119524,0.0,1.2503259363228643
1149,Chelsea,2019-08-11,0.880697731728931,0,0.08859752435659983,0.0,0.6131568735185124,-0.1843756053550188,0.0004656216502119524,0.06574797243471761,1.464290118333954
1150,Arsenal,2019-08-17,0.880697731728931,2,0.06328394596899987,0.34261488630415415,0.4831031808097972,-0.25723850815311783,0.0004656216502119524,0.0,1.512926858308976
1150,Burnley,2019-08-17,0.880697731728931,1,0.06711933663378775,0.0,0.427812228298547,-0.29048431366673083,0.0004656216502119524,0.05238281082503731,1.1379934154697842
1151,Aston Villa,2019-08-17,0.880697731728931,1,0.06711933663378775,0.34261488630415415,0.07469300760275886,-0.2900621485160091,0.0004656216502119524,0.0,1.0755284354038346
1151,Bournemouth,2019-08-17,0.880697731728931,2,0.06711933663378775,0.0,0.4824010798096906,-0.04491203517398017,0.0004656216502119524,0.05238281082503731,1.4381545454736784
1152,Brighton,2019-08-17,0.880697731728931,1,0.06711933663378775,0.34261488630415415,0.32875304486289275,-0.45495671706714574,0.0004656216502119524,0.0,1.164693904112832
1152,West Ham,2019-08-17,0.880697731728931,1,0.06711933663378775,0.0,0.7566365094608335,-0.19767537535722368,0.0004656216502119524,0.05238281082503731,1.5596266349415775
1153,Everton,2019-08-17,0.880697731728931,1,0.06711933663378775,0.34261488630415415,0.767854916898168,-0.14568360017242907,0.0004656216502119524,0.0,1.9130688930428237
1153,Watford,2019-08-17,0.880697731728931,0,0.06711933663378775,0.0,0.24228575287500576,-0.46170221474614137,0.0004656216502119524,0.05238281082503731,0.7812490389668323
1154,Norwich,2019-08-17,0.880697731728931,3,0.07031549552111097,0.34261488630415415,0.27230110674340985,-0.39556365046791786,0.0004656216502119524,0.0,1.1708311914799
1154,Newcastle,2019-08-17,0.880697731728931,1,0.06328394596899987,0.0,0.6578601623667378,-0.16373148272479043,0.0004656216502119524,0.05238281082503731,1.4909587898151275
1155,Southampton,2019-08-17,0.880697731728931,1,0.06711933663378775,0.34261488630415415,0.31297497659004647,-0.7648667909330046,0.0004656216502119524,0.0,0.8390057619741268
1155,Liverpool,2019-08-17,0.880697731728931,2,0.07031549552111097,0.0,1.2720465863759192,-0.18818820674545447,0.0004656216502119524,0.05238281082503731,2.087720039355756
1156,Man City,2019-08-17,0.880697731728931,2,0.06711933663378775,0.34261488630415415,1.275394089583836,-0.32069686512329915,0.0004656216502119524,0.0,2.245594800777622
1156,Tottenham,2019-08-17,0.880697731728931,2,0.06711933663378775,0.0,0.5333495418776565,-0.7668796056079544,0.0004656216502119524,0.06520223288348526,0.7799548591661178
1157,Sheffield United,2019-08-18,0.880697731728931,1,0.07031549552111097,0.34261488630415415,0.042517362954357006,-0.5209750149513281,0.0004656216502119524,0.0,0.8156360832074367
1157,Crystal Palace,2019-08-18,0.880697731728931,0,0.07031549552111097,0.0,0.8664312494827969,-0.02556519494658068,0.0004656216502119524,0.05238281082503731,1.8447277142615073
1158,Chelsea,2019-08-18,0.880697731728931,1,0.06711933663378775,0.34261488630415415,0.5616826144853982,-0.3281026671368983,0.0004656216502119524,0.0,1.524477523665585
1158,Leicester,2019-08-18,0.880697731728931,1,0.06711933663378775,0.0,0.5456660985414427,-0.3377332115549942,0.0004656216502119524,0.05238281082503731,1.2085983878244164
1159,Wolves,2019-08-19,0.880697731728931,1,0.07031549552111097,0.34261488630415415,0.8314572945782011,-0.2200137774104128,0.0004656216502119524,0.0,1.9055372523721963
1159,Man United,2019-08-19,0.880697731728931,1,0.07031549552111097,0.0,0.36590394278877875,-0.49994558337184,0.0004656216502119524,0.05238281082503731,0.8698200191422298
1160,Aston Villa,2019-08-23,0.880697731728931,2,0.06328394596899987,0.34261488630415415,0.07986386675573644,-0.4609378618922968,0.0009312433004239048,0.0,0.9064538121659486
1160,Everton,2019-08-23,0.880697731728931,0,0.06328394596899987,0.0,0.7665837250382971,-0.048021212533570765,0.0009312433004239048,0.05238281082503731,1.715858244328118
1161,Watford,2019-08-24,0.880697731728931,1,0.06711933663378775,0.34261488630415415,0.12114287643750288,-0.48313030799937967,0.0009312433004239048,0.0,0.9293757664054202
1161,West Ham,2019-08-24,0.880697731728931,3,0.06711933663378775,0.0,0.8034918842739868,-0.07284180008621453,0.0009312433004239048,0.05238281082503731,1.731781206675952
1162,Liverpool,2019-08-24,0.880697731728931,3,0.06711933663378775,0.34261488630415415,1.2737837375033148,-0.4008941062991722,0.0009312433004239048,0.0,2.1642528291714394
1162,Arsenal,2019-08-24,0.880697731728931,1,0.06711933663378775,0.0,0.6667252199484687,-0.7659113196652125,0.0009312433004239048,0.06491886811649923,0.9144810800628982
1163,Sheffield United,2019-08-24,0.880697731728931,1,0.06328394596899987,0.34261488630415415,0.19132813329460652,-0.3174425032479332,0.0009312433004239048,0.0,1.1614134373491818
1163,Leicester,2019-08-24,0.880697731728931,2,0.06328394596899987,0.0,0.5279372269968633,-0.11504337725961307,0.0009312433004239048,0.05238281082503731,1.4101895815606422
1164,Man United,2019-08-24,0.880697731728931,1,0.05859624626759248,0.34261488630415415,0.43805614912053137,-0.4650090670483095,0.0009312433004239048,0.0,1.2558871896733235
1164,Crystal Palace,2019-08-24,0.880697731728931,2,0.06328394596899987,0.0,0.7733545283762545,-0.2633980583846905,0.0009312433004239048,0.05238281082503731,1.507252201814956
1165,Brighton,2019-08-24,0.880697731728931,0,0.06711933663378775,0.34261488630415415,0.4194807001575884,-0.1452244932658886,0.0009312433004239048,0.0,1.5656194048589966
1165,Southampton,2019-08-24,0.880697731728931,2,0.06711933663378775,0.0,0.24152221420373726,-0.2522288573580959,0.0009312433004239048,0.05238281082503731,0.9904244793338212
1166,Norwich,2019-08-24,0.880697731728931,2,0.06711933663378775,0.34261488630415415,0.391254731097847,-0.3222577754569812,0.0009312433004239048,0.0,1.3603601536081626
1166,Chelsea,2019-08-24,0.880697731728931,3,0.06328394596899987,0.0,0.5359454849688412,-0.2352569110418793,0.0009312433004239048,0.05238281082503731,1.2979843057503537
1167,Bournemouth,2019-08-25,0.880697731728931,1,0.07031549552111097,0.34261488630415415,0.5813394435397014,-0.7157873371095261,0.0009312433004239048,0.0,1.160111463284795
1167,Man City,2019-08-25,0.880697731728931,3,0.07031549552111097,0.0,1.190422763198559,-0.34955263383065,0.0009312433004239048,0.05238281082503731,1.845197410743412
1168,Tottenham,2019-08-25,0.880697731728931,0,0.07031549552111097,0.34261488630415415,0.4792615857106132,-0.3000426050202816,0.0009312433004239048,0.0,1.4737783375449516
1168,Newcastle,2019-08-25,0.880697731728931,1,0.07031549552111097,0.0,0.49899953300079697,-0.28817440729455296,0.0009312433004239048,0.05238281082503731,1.215152407081747
1169,Wolves,2019-08-25,0.880697731728931,1,0.06328394596899987,0.34261488630415415,0.7558675509239565,-0.20531483891630092,0.0009312433004239048,0.0,1.8380805193101644
1169,Burnley,2019-08-25,0.880697731728931,1,0.07031549552111097,0.0,0.3414582030123445,-0.4544943512585654,0.0009312433004239048,0.05238281082503731,0.8912911331292821
1170,Burnley,2019-08-31,0.880697731728931,0,0.06328394596899987,0.34261488630415415,0.34079855332360026,-0.7664335840313165,0.0009312433004239048,0.0,0.8618927765947926
1170,Liverpool,2019-08-31,0.880697731728931,3,0.06711933663378775,0.0,1.2746523130670124,-0.2049181992444732,0.0009312433004239048,0.05238281082503731,2.0708652363107194
1171,West Ham,2019-08-31,0.880697731728931,2,0.06711933663378775,0.34261488630415415,0.8269195716805634,-0.2710196252004237,0.0009312433004239048,0.0,1.8472631444474366
1171,Norwich,2019-08-31,0.880697731728931,0,0.06711933663378775,0.0,0.45073154327506554,-0.49721710346549663,0.0009312433004239048,0.05238281082503731,0.9546455622977489
1172,Newcastle,2019-08-31,0.880697731728931,1,0.06328394596899987,0.34261488630415415,0.5046039442265405,-0.03642090004310727,0.0009312433004239048,0.0,1.7557108514859419
1172,Watford,2019-08-31,0.880697731728931,1,0.06711933663378775,0.0,0.06057143821875144,-0.3034124721896249,0.0009312433004239048,0.05238281082503731,0.7582900885173064
1173,Man City,2019-08-31,0.880697731728931,4,0.06328394596899987,0.34261488630415415,1.1479371000059206,-0.25394040341195134,0.0009312433004239048,0.0,2.181524503896478
1173,Brighton,2019-08-31,0.880697731728931,0,0.06711933663378775,0.0,0.4223271648505792,-0.690241202860312,0.0009312433004239048,0.05238281082503731,0.733217084478447
1174,Leicester,2019-08-31,0.880697731728931,3,0.06711933663378775,0.34261488630415415,0.5190727912245737,-0.3537326815413898,0.0009312433004239048,0.0,1.4567033076504807
1174,Bournemouth,2019-08-31,0.880697731728931,1,0.06328394596899987,0.0,0.5882912624503498,-0.3121124213034507,0.0009312433004239048,0.05238281082503731,1.273474572970291
1175,Crystal Palace,2019-08-31,0.880697731728931,1,0.06711933663378775,0.34261488630415415,0.8118508937316973,-0.12627138605310811,0.0009312433004239048,0.0,1.976942705645886
1175,Aston Villa,2019-08-31,0.880697731728931,0,0.07031549552111097,0.0,0.21000138519529624,-0.48815648298996156,0.0009312433004239048,0.05238281082503731,0.7261721835808378
1176,Chelsea,2019-08-31,0.880697731728931,2,0.06711933663378775,0.34261488630415415,0.6081116461192767,-0.15978246841612925,0.0009312433004239048,0.0,1.7396923756704443
1176,Sheffield United,2019-08-31,0.880697731728931,2,0.06711933663378775,0.0,0.2657335184647313,-0.36565044730113605,0.0009312433004239048,0.05238281082503731,0.9012141936517752
1177,Southampton,2019-08-31,0.880697731728931,1,0.06711933663378775,0.34261488630415415,0.29083055891929666,-0.25952500392524863,0.0009312433004239048,0.0,1.322668752961345
1177,Man United,2019-08-31,0.880697731728931,1,0.06711933663378775,0.0,0.4316148893320507,-0.17487302641926702,0.0009312433004239048,0.05238281082503731,1.2578729854009636
1178,Everton,2019-09-01,0.880697731728931,3,0.07301993765653832,0.34261488630415415,0.7234307661540046,-0.3806383453087668,0.0009312433004239048,0.0,1.640056219835285
1178,Wolves,2019-09-01,0.880697731728931,2,0.06711933663378775,0.0,0.6330379531881203,-0.43499049051879385,0.0009312433004239048,0.05238281082503731,1.1991785851575063
1179,Arsenal,2019-09-01,0.880697731728931,2,0.07031549552111097,0.34261488630415415,0.7585362395178044,-0.2719131783801799,0.0009312433004239048,0.0,1.7811824179922442
1179,Tottenham,2019-09-01,0.880697731728931,2,0.06711933663378775,0.0,0.4522176076270917,-0.4560990026153929,0.0009312433004239048,0.007936789518945046,0.9528037061937865
1180,Norwich,2019-09-14,0.880697731728931,3,0.08203474477462948,0.34261488630415415,0.35291786050060375,-0.6774681357357049,0.0013968649506358572,0.0,0.9821939525232494
1180,Man City,2019-09-14,0.880697731728931,2,0.08203474477462948,0.0,1.1266942684096015,-0.21220539743995392,0.0013968649506358572,0.05238281082503731,1.9310010232488812
1181,Wolves,2019-09-14,0.880697731728931,2,0.08065600956833317,0.34261488630415415,0.44407106545713115,-0.33621639333005215,0.0013968649506358572,0.0,1.4132201646791331
1181,Chelsea,2019-09-14,0.880697731728931,5,0.08203474477462948,0.0,0.5591600007857804,-0.26701475749412545,0.0013968649506358572,0.05238281082503731,1.3086573955708884
1182,Sheffield United,2019-09-14,0.880697731728931,0,0.08203474477462948,0.34261488630415415,0.34545357400415067,-0.21526248794253694,0.0013968649506358572,0.0,1.4369353138199643
1182,Southampton,2019-09-14,0.880697731728931,1,0.08203474477462948,0.0,0.3580020942314334,-0.20771720894096804,0.0013968649506358572,0.05238281082503731,1.166797037569699
1183,Tottenham,2019-09-14,0.880697731728931,4,0.08065600956833317,0.34261488630415415,0.4812129815396879,-0.49973019096078763,0.0013968649506358572,0.0,1.2868482831309545
1183,Crystal Palace,2019-09-14,0.880697731728931,0,0.08203474477462948,0.0,0.8310990764094188,-0.28934775886957403,0.0013968649506358572,0.05238281082503731,1.5582634698190785
1184,Brighton,2019-09-14,0.880697731728931,1,0.08203474477462948,0.34261488630415415,0.3812330342427176,-0.20471987940855932,0.0013968649506358572,0.0,1.4832573825925088
1184,Burnley,2019-09-14,0.880697731728931,1,0.08203474477462948,0.0,0.34046872847922816,-0.2292309814922984,0.0013968649506358572,0.05238281082503731,1.1277498992661634
1185,Liverpool,2019-09-14,0.880697731728931,3,0.08203474477462948,0.34261488630415415,1.2750866008488615,-0.3306626007208772,0.0013968649506358572,0.0,2.2511682278863345
1185,Newcastle,2019-09-14,0.880697731728931,1,0.08203474477462948,0.0,0.5499235127937693,-0.7666947162143685,0.0013968649506358572,0.05238281082503731,0.7997409488586343
1186,Man United,2019-09-14,0.880697731728931,1,0.08203474477462948,0.34261488630415415,0.42839425943781034,-0.3861429651709515,0.0013968649506358572,0.0,1.3489955220252094
1186,Leicester,2019-09-14,0.880697731728931,0,0.08203474477462948,0.0,0.6421926622015,-0.2575884766955277,0.0013968649506358572,0.05238281082503731,1.401116337785206
1187,Bournemouth,2019-09-15,0.880697731728931,3,0.08326834995921037,0.34261488630415415,0.4642150830426029,-0.4220168048320424,0.0013968649506358572,0.0,1.3501761111534918
1187,Everton,2019-09-15,0.880697731728931,1,0.08203474477462948,0.0,0.7018542867118585,-0.2791271205570176,0.0013968649506358572,0.05238281082503731,1.4392393184340744
1188,Watford,2019-09-15,0.880697731728931,2,0.08326834995921037,0.34261488630415415,0.07280308206373273,-0.48370145077350324,0.0013968649506358572,0.0,0.8970794642331608
1188,Arsenal,2019-09-15,0.880697731728931,2,0.08203474477462948,0.0,0.8044417493024721,-0.04377564496813432,0.0013968649506358572,0.05238281082503731,1.7771782566135714
1189,Aston Villa,2019-09-16,0.880697731728931,0,0.08437859462533318,0.34261488630415415,0.23255278146071914,-0.5042605011985551,0.0013968649506358572,0.0,1.037380357871218
1189,West Ham,2019-09-16,0.880697731728931,0,0.08437859462533318,0.0,0.8386334153838518,-0.1398312778662961,0.0013968649506358572,0.05238281082503731,1.717658139647493
1190,Southampton,2019-09-20,0.880697731728931,1,0.06328394596899987,0.34261488630415415,0.47662258779621575,-0.3185199249045736,0.0013968649506358572,0.0,1.446096091844363
1190,Bournemouth,2019-09-20,0.880697731728931,3,0.05859624626759248,0.0,0.5297290822018005,-0.28658760859733323,0.0013968649506358572,0.05238281082503731,1.236215127376664
1191,Everton,2019-09-21,0.880697731728931,0,0.06328394596899987,0.34261488630415415,0.6485486840364283,-0.23168457920338742,0.0013968649506358572,0.0,1.7048575337857617
1191,Sheffield United,2019-09-21,0.880697731728931,2,0.06711933663378775,0.0,0.38531360177386037,-0.389964767042086,0.0013968649506358572,0.05238281082503731,0.9969455788701661
1192,Newcastle,2019-09-21,0.880697731728931,0,0.06711933663378775,0.34261488630415415,0.44503120821431263,-0.2424414654790526,0.0013968649506358572,0.0,1.494418562352769
1192,Brighton,2019-09-21,0.880697731728931,0,0.06711933663378775,0.0,0.40320333189314383,-0.26759208014676134,0.0013968649506358572,0.05238281082503731,1.1372079958847745
1193,Man City,2019-09-21,0.880697731728931,8,0.06711933663378775,0.34261488630415415,0.9885207637483707,-0.07301821237722853,0.0013968649506358572,0.0,2.207331370988651
1193,Watford,2019-09-21,0.880697731728931,0,0.06328394596899987,0.0,0.12143626694058038,-0.5943860173336593,0.0013968649506358572,0.05238281082503731,0.5248116030805251
1194,Burnley,2019-09-21,0.880697731728931,2,0.06711933663378775,0.34261488630415415,0.3828211790113991,-0.25949386839946104,0.0013968649506358572,0.0,1.415156130229447
1194,Norwich,2019-09-21,0.880697731728931,0,0.06711933663378775,0.0,0.4315631079764439,-0.23018591443718306,0.0013968649506358572,0.05238281082503731,1.202973937677653
1195,Leicester,2019-09-21,0.880697731728931,2,0.06711933663378775,0.34261488630415415,0.661235234735606,-0.3491954390074325,0.0013968649506358572,0.0,1.6038686153456825
1195,Tottenham,2019-09-21,0.880697731728931,1,0.06711933663378775,0.0,0.5807453944047,-0.3975930421581212,0.0013968649506358572,0.05238281082503731,1.1847490963849707
1196,Crystal Palace,2019-09-22,0.880697731728931,1,0.07031549552111097,0.34261488630415415,0.7131710788852085,-0.21020296358680476,0.0013968649506358572,0.0,1.7979930938032356
1196,Wolves,2019-09-22,0.880697731728931,1,0.07031549552111097,0.0,0.3495876215916366,-0.4288214601064586,0.0013968649506358572,0.05238281082503731,0.925559064510893
1197,West Ham,2019-09-22,0.880697731728931,2,0.06328394596899987,0.34261488630415415,0.759455611326782,-0.33331579792040933,0.0013968649506358572,0.0,1.7141332423590936
1197,Man United,2019-09-22,0.880697731728931,0,0.07031549552111097,0.0,0.5543360333537612,-0.4566518101719231,0.0013968649506358572,0.05238281082503731,1.1024771262075534
1198,Arsenal,2019-09-22,0.880697731728931,3,0.06711933663378775,0.34261488630415415,0.7423597782860921,-0.1721764187194708,0.0013968649506358572,0.0,1.8620121791841302
1198,Aston Villa,2019-09-22,0.880697731728931,2,0.06328394596899987,0.0,0.2863458425477876,-0.44637228495939707,0.0013968649506358572,0.05238281082503731,0.8377349110619945
1199,Chelsea,2019-09-22,0.880697731728931,1,0.07031549552111097,0.34261488630415415,0.6197189040277462,-0.7668252823058945,0.0013968649506358572,0.0,1.1479186002266837
1199,Liverpool,2019-09-22,0.880697731728931,2,0.07031549552111097,0.0,1.2753037447397857,-0.37262975623767153,0.0013968649506358572,0.06520223288348526,1.9202863135862773
1200,Wolves,2019-09-28,0.880697731728931,2,0.06328394596899987,0.34261488630415415,0.3023458996588893,-0.08763949608177561,0.0018624866008478097,0.0,1.5031654541800463
1200,Watford,2019-09-28,0.880697731728931,0,0.06711933663378775,0.0,0.1457528593790042,-0.18179706663314443,0.0018624866008478097,0.05238281082503731,0.9660181585344636
1201,Tottenham,2019-09-28,0.880697731728931,2,0.06711933663378775,0.34261488630415415,0.502959511974135,-0.3222501689247314,0.0018624866008478097,0.0,1.4730037843171244
1201,Southampton,2019-09-28,0.880697731728931,1,0.07031549552111097,0.0,0.535932834578607,-0.30242369423661963,0.0018624866008478097,0.05238281082503731,1.2387676650179145
1202,Everton,2019-09-28,0.880697731728931,1,0.06711933663378775,0.34261488630415415,0.5793785197443562,-0.5528449581326363,0.0018624866008478097,0.0,1.3188280028794408
1202,Man City,2019-09-28,0.880697731728931,3,0.06711933663378775,0.0,0.9194340114177554,-0.3483735532005271,0.0018624866008478097,0.05238281082503731,1.5731228240058321
1203,Crystal Palace,2019-09-28,0.880697731728931,2,0.06328394596899987,0.34261488630415415,0.6542070801231032,-0.2831381038792146,0.0018624866008478097,0.0,1.6595280268468213
1203,Norwich,2019-09-28,0.880697731728931,0,0.06711933663378775,0.0,0.470885731714364,-0.39336709467929404,0.0018624866008478097,0.05238281082503731,1.0795810028236739
1204,Chelsea,2019-09-28,0.880697731728931,2,0.06328394596899987,0.34261488630415415,0.6499983556487292,-0.19791631757926834,0.0018624866008478097,0.0,1.7405410886723935
1204,Brighton,2019-09-28,0.880697731728931,0,0.06711933663378775,0.0,0.32915375480964293,-0.3908364376914812,0.0018624866008478097,0.05238281082503731,0.9403796829067655
1205,Bournemouth,2019-09-28,0.880697731728931,2,0.07031549552111097,0.34261488630415415,0.6475208076901133,-0.509543049498349,0.0018624866008478097,0.0,1.4334683583468082
1205,West Ham,2019-09-28,0.880697731728931,2,0.06328394596899987,0.0,0.847418798161318,-0.3893467169715129,0.0018624866008478097,0.05238281082503731,1.4562990563136209
1206,Aston Villa,2019-09-28,0.880697731728931,2,0.06328394596899987,0.34261488630415415,0.3132423730913218,-0.24291893195149497,0.0018624866008478097,0.0,1.3587824917427596
1206,Burnley,2019-09-28,0.880697731728931,2,0.06711933663378775,0.0,0.4039974042774846,-0.1883489891460581,0.0018624866008478097,0.05238281082503731,1.2177107809200303
1207,Sheffield United,2019-09-28,0.880697731728931,0,0.06711933663378775,0.34261488630415415,0.4902783415674292,-0.7668905653516574,0.0018624866008478097,0.0,1.0156822174834927
1207,Liverpool,2019-09-28,0.880697731728931,1,0.06328394596899987,0.0,1.275412316685248,-0.29479865422775847,0.0018624866008478097,0.05238281082503731,1.9788406375813052
1208,Leicester,2019-09-29,0.880697731728931,5,0.07031549552111097,0.34261488630415415,0.755791246911373,-0.26162201480628405,0.0018624866008478097,0.0,1.7896598322601327
1208,Newcastle,2019-09-29,0.880697731728931,0,0.07031549552111097,0.0,0.43510241887894135,-0.4544484705448674,0.0018624866008478097,0.05238281082503731,0.9859124730100007
1209,Man United,2019-09-30,0.880697731728931,1,0.07031549552111097,0.34261488630415415,0.48975483144866566,-0.427707702052344,0.0018624866008478097,0.0,1.3575377295513655
1209,Arsenal,2019-09-30,0.880697731728931,1,0.07031549552111097,0.0,0.7113187927779021,-0.2944838736931081,0.0018624866008478097,0.06520223288348526,1.434912865819169
1210,West Ham,2019-10-05,0.880697731728931,1,0.06711933663378775,0.34261488630415415,0.8914003915785861,-0.4523354968054538,0.0018624866008478097,0.0,1.731359336040853
1210,Crystal Palace,2019-10-05,0.880697731728931,2,0.06711933663378775,0.0,0.7522771696051217,-0.535988669161562,0.0018624866008478097,0.05238281082503731,1.2183508662321638
1211,Norwich,2019-10-05,0.880697731728931,1,0.06711933663378775,0.34261488630415415,0.362994954720253,-0.22200046930593245,0.0018624866008478097,0.0,1.4332889266820414
1211,Aston Villa,2019-10-05,0.880697731728931,5,0.06711933663378775,0.0,0.36920800131744597,-0.21826463677934935,0.0018624866008478097,0.05238281082503731,1.1530057303267005
1212,Watford,2019-10-05,0.880697731728931,0,0.06711933663378775,0.34261488630415415,0.1579111555982161,-0.24966010690020196,0.0018624866008478097,0.0,1.2005454899657348
1212,Sheffield United,2019-10-05,0.880697731728931,0,0.06711933663378775,0.0,0.41520862260114266,-0.09495013793404918,0.0018624866008478097,0.05238281082503731,1.3223208504556974
1213,Burnley,2019-10-05,0.880697731728931,1,0.06711933663378775,0.34261488630415415,0.45710287986488435,-0.2508823614400056,0.0018624866008478097,0.0,1.4985149596925997
1213,Everton,2019-10-05,0.880697731728931,0,0.06711933663378775,0.0,0.4172413487352491,-0.27485063565523155,0.0018624866008478097,0.05238281082503731,1.1444530788686214
1214,Brighton,2019-10-05,0.880697731728931,3,0.06711933663378775,0.34261488630415415,0.2496116033135355,-0.3301682117443746,0.0018624866008478097,0.0,1.2117378328368817
1214,Tottenham,2019-10-05,0.880697731728931,0,0.06711933663378775,0.0,0.5491012966675666,-0.15008854868279556,0.0018624866008478097,0.05238281082503731,1.4010751137733748
1215,Liverpool,2019-10-05,0.880697731728931,2,0.06711933663378775,0.34261488630415415,1.275466602657979,-0.5340065746314019,0.0018624866008478097,0.0,2.0337544692942977
1215,Leicester,2019-10-05,0.880697731728931,1,0.06328394596899987,0.0,0.8881039789079705,-0.766923206874539,0.0018624866008478097,0.05238281082503731,1.1194077471572474
1216,Arsenal,2019-10-06,0.880697731728931,1,0.06328394596899987,0.34261488630415415,0.6107635741150931,-0.37362972311182124,0.0018624866008478097,0.0,1.5255929016062046
1216,Bournemouth,2019-10-06,0.880697731728931,0,0.07031549552111097,0.0,0.6213819445255557,-0.36724502070565607,0.0018624866008478097,0.05238281082503731,1.2593954484958265
1217,Man City,2019-10-06,0.880697731728931,0,0.07031549552111097,0.34261488630415415,0.9699253611611618,-0.21872450804947563,0.0018624866008478097,0.0,2.0466914532667295
1217,Wolves,2019-10-06,0.880697731728931,2,0.07031549552111097,0.0,0.3637597646012297,-0.5832048184252864,0.0018624866008478097,0.05238281082503731,0.7858134708518703
1218,Southampton,2019-10-06,0.880697731728931,1,0.07031549552111097,0.34261488630415415,0.5655879579698025,-0.4510701683115474,0.0018624866008478097,0.0,1.4100083898132991
1218,Chelsea,2019-10-06,0.880697731728931,4,0.07031549552111097,0.0,0.7501728073679347,-0.34008144908843047,0.0018624866008478097,0.05238281082503731,1.4153498829554312
1219,Newcastle,2019-10-06,0.880697731728931,1,0.06711933663378775,0.34261488630415415,0.4301380242112557,-0.2750679115794574,0.0018624866008478097,0.0,1.447364553899519
1219,Man United,2019-10-06,0.880697731728931,0,0.06328394596899987,0.0,0.45746423049611784,-0.2586369821360454,0.0018624866008478097,0.05238281082503731,1.1970542234838883
1220,Tottenham,2019-10-19,0.880697731728931,1,0.08203474477462948,0.34261488630415415,0.5721721890142824,-0.12417065380676662,0.002328108251059762,0.0,1.75567700626629
1220,Watford,2019-10-19,0.880697731728931,1,0.08203474477462948,0.0,0.20650766666217904,-0.3440404704982521,0.002328108251059762,0.05238281082503731,0.8799105917435845
1221,Crystal Palace,2019-10-19,0.880697731728931,0,0.08203474477462948,0.34261488630415415,0.8013122143461309,-0.5216891637318694,0.002328108251059762,0.0,1.5872985216730358
1221,Man City,2019-10-19,0.880697731728931,2,0.08065600956833317,0.0,0.8676189471697939,-0.4818196978685337,0.002328108251059762,0.05238281082503731,1.4018639096746215
1222,Wolves,2019-10-19,0.880697731728931,1,0.08065600956833317,0.34261488630415415,0.47950142298111387,-0.27230150433053796,0.002328108251059762,0.0,1.513496654503054
1222,Southampton,2019-10-19,0.880697731728931,1,0.08065600956833317,0.0,0.4528634308023293,-0.2883186186508026,0.002328108251059762,0.05238281082503731,1.180609472524888
1223,Leicester,2019-10-19,0.880697731728931,2,0.08203474477462948,0.34261488630415415,0.8267082560431983,-0.3419468774002612,0.002328108251059762,0.0,1.7924368497017116
1223,Burnley,2019-10-19,0.880697731728931,1,0.08203474477462948,0.0,0.5686903435672982,-0.497090041834927,0.002328108251059762,0.05238281082503731,1.0890436973120288
1224,Chelsea,2019-10-19,0.880697731728931,1,0.08065600956833317,0.34261488630415415,0.8002600332275374,-0.2571444658009261,0.002328108251059762,0.0,1.8494123032790892
1224,Newcastle,2019-10-19,0.880697731728931,0,0.08065600956833317,0.0,0.4276558268774129,-0.4811870336215805,0.002328108251059762,0.05238281082503731,0.9625334536291936
1225,Bournemouth,2019-10-19,0.880697731728931,0,0.08065600956833317,0.34261488630415415,0.6083125129432768,-0.18582790322941672,0.002328108251059762,0.0,1.7287813455663381
1225,Norwich,2019-10-19,0.880697731728931,0,0.08203474477462948,0.0,0.3090495662231975,-0.3657712261819754,0.002328108251059762,0.05238281082503731,0.9607217356208795
1226,Aston Villa,2019-10-19,0.880697731728931,2,0.08203474477462948,0.34261488630415415,0.397190815430508,-0.20287024907430118,0.002328108251059762,0.0,1.5019960374149812
1226,Brighton,2019-10-19,0.880697731728931,1,0.08203474477462948,0.0,0.3373926164285528,-0.23882620938586963,0.002328108251059762,0.05238281082503731,1.1160098026223406
1227,Everton,2019-10-19,0.880697731728931,2,0.08203474477462948,0.34261488630415415,0.33617276323069556,-0.47251589415342643,0.002328108251059762,0.0,1.1713323401360436
1227,West Ham,2019-10-19,0.880697731728931,0,0.08203474477462948,0.0,0.7858390994241491,-0.20213676555974483,0.002328108251059762,0.05238281082503731,1.6011457294440619
1228,Man United,2019-10-20,0.880697731728931,1,0.08203474477462948,0.34261488630415415,0.44131893001984396,-0.7669395276359797,0.002328108251059762,0.0,0.9820548734426385
1228,Liverpool,2019-10-20,0.880697731728931,1,0.08326834995921037,0.0,1.2754937456443447,-0.2653599305226321,0.002328108251059762,0.03097908167072099,2.007407086731635
1229,Sheffield United,2019-10-21,0.880697731728931,1,0.08437859462533318,0.34261488630415415,0.42019112607235637,-0.4137092648720541,0.002328108251059762,0.0,1.31650118210978
1229,Arsenal,2019-10-21,0.880697731728931,0,0.08326834995921037,0.0,0.6880380536467595,-0.25265602818300437,0.002328108251059762,0.05238281082503731,1.4540590262279935
1230,Southampton,2019-10-25,0.880697731728931,0,0.06328394596899987,0.34261488630415415,0.3965011672185927,-0.47863177543668967,0.002328108251059762,0.0,1.2067940640350476
1230,Leicester,2019-10-25,0.880697731728931,9,0.06328394596899987,0.0,0.7960103946108122,-0.2384115319515917,0.002328108251059762,0.05238281082503731,1.5562914594332482
1231,Burnley,2019-10-26,0.880697731728931,2,0.06711933663378775,0.34261488630415415,0.6244840754185051,-0.5473758561697585,0.002328108251059762,0.0,1.3698682821666794
1231,Chelsea,2019-10-26,0.880697731728931,4,0.06711933663378775,0.0,0.9103383720660527,-0.37549499827277605,0.002328108251059762,0.05238281082503731,1.5373713612320925
1232,West Ham,2019-10-26,0.880697731728931,1,0.06711933663378775,0.34261488630415415,0.6055063644838595,-0.305284378717567,0.002328108251059762,0.0,1.5929820486842254
1232,Sheffield United,2019-10-26,0.880697731728931,1,0.05859624626759248,0.0,0.5077171037166772,-0.36408392180961663,0.002328108251059762,0.05238281082503731,1.1376380789796812
1233,Watford,2019-10-26,0.880697731728931,0,0.06711933663378775,0.34261488630415415,0.23080592219416055,-0.3874071726636331,0.002328108251059762,0.0,1.1361588124484603
1233,Bournemouth,2019-10-26,0.880697731728931,0,0.06711933663378775,0.0,0.6442951601064945,-0.13878091174312535,0.002328108251059762,0.05238281082503731,1.5080422358021848
1234,Brighton,2019-10-26,0.880697731728931,3,0.06711933663378775,0.34261488630415415,0.3812831229860615,-0.17776396761961447,0.002328108251059762,0.0,1.4962792182843798
1234,Everton,2019-10-26,0.880697731728931,2,0.06711933663378775,0.0,0.29563847047841885,-0.22926109927005403,0.002328108251059762,0.05238281082503731,1.0689053586471804
1235,Man City,2019-10-26,0.880697731728931,3,0.06711933663378775,0.34261488630415415,0.81646574017411,-0.32393466426558026,0.002328108251059762,0.0,1.7852911388264625
1235,Aston Villa,2019-10-26,0.880697731728931,0,0.06711933663378775,0.0,0.5387343113501101,-0.4909313363851608,0.002328108251059762,0.05238281082503731,1.050330962403765
1236,Newcastle,2019-10-27,0.880697731728931,1,0.07031549552111097,0.34261488630415415,0.38389736525613444,-0.3486808688980467,0.002328108251059762,0.0,1.3311727181633435
1236,Wolves,2019-10-27,0.880697731728931,1,0.07031549552111097,0.0,0.579889615125413,-0.23083301268678577,0.002328108251059762,0.05238281082503731,1.3547807487647663
1237,Arsenal,2019-10-27,0.880697731728931,2,0.06328394596899987,0.34261488630415415,0.6841579304582358,-0.4198662135603316,0.002328108251059762,0.0,1.5532163891510489
1237,Crystal Palace,2019-10-27,0.880697731728931,2,0.07031549552111097,0.0,0.6982776478535645,-0.41137619200867254,0.002328108251059762,0.05238281082503731,1.292625602171031
1238,Liverpool,2019-10-27,0.880697731728931,2,0.06711933663378775,0.34261488630415415,1.1904725912288134,-0.3509765998751908,0.002328108251059762,0.0,2.1322560542715556
1238,Tottenham,2019-10-27,0.880697731728931,1,0.07031549552111097,0.0,0.5837076351876402,-0.7158172981235387,0.002328108251059762,0.06520223288348526,0.8864339054486886
1239,Norwich,2019-10-27,0.880697731728931,1,0.07031549552111097,0.34261488630415415,0.3245942349290268,-0.26050593999421945,0.002328108251059762,0.0,1.3600445167400632
1239,Man United,2019-10-27,0.880697731728931,3,0.06711933663378775,0.0,0.433246279781707,-0.1951747314010311,0.002328108251059762,0.05238281082503731,1.2405995358194917
1240,Watford,2019-11-02,0.880697731728931,1,0.06711933663378775,0.34261488630415415,0.24295504996015127,-0.5804702674438474,0.0027937299012717144,0.0,0.9557104670844486
1240,Chelsea,2019-11-02,0.880697731728931,2,0.06711933663378775,0.0,0.9653775414853104,-0.1460860407113047,0.0027937299012717144,0.05238281082503731,1.8222851098630335
1241,Sheffield United,2019-11-02,0.880697731728931,3,0.06711933663378775,0.34261488630415415,0.5939974554931946,-0.3667038637624528,0.0027937299012717144,0.0,1.5205192762988864
1241,Burnley,2019-11-02,0.880697731728931,0,0.06711933663378775,0.0,0.6098635783897516,-0.35716374893142894,0.0027937299012717144,0.05238281082503731,1.2556934385473502
1242,Man City,2019-11-02,0.880697731728931,2,0.06711933663378775,0.34261488630415415,0.918441225539339,-0.14477096092237654,0.0027937299012717144,0.0,2.0668959491851076
1242,Southampton,2019-11-02,0.880697731728931,1,0.07031549552111097,0.0,0.24076794656365336,-0.5522480075515486,0.0027937299012717144,0.05238281082503731,0.6947097069884556
1243,West Ham,2019-11-02,0.880697731728931,2,0.06711933663378775,0.34261488630415415,0.5153399970137148,-0.24324248107629629,0.0027937299012717144,0.0,1.565323200505563
1243,Newcastle,2019-11-02,0.880697731728931,3,0.06328394596899987,0.0,0.4045354973998523,-0.3098679356377117,0.0027937299012717144,0.05238281082503731,1.0938257801863804
1244,Aston Villa,2019-11-02,0.880697731728931,1,0.06711933663378775,0.34261488630415415,0.566988696355554,-0.6902561833673182,0.0027937299012717144,0.0,1.1699581975563804
1244,Liverpool,2019-11-02,0.880697731728931,2,0.06328394596899987,0.0,1.1479620140210478,-0.3409236967588549,0.0027937299012717144,0.05238281082503731,1.8061965356864327
1245,Bournemouth,2019-11-02,0.880697731728931,1,0.06711933663378775,0.34261488630415415,0.5772517577793893,-0.25807894473001314,0.0027937299012717144,0.0,1.612398497617521
1245,Man United,2019-11-02,0.880697731728931,0,0.06328394596899987,0.0,0.42920995466263856,-0.3470947560113007,0.0027937299012717144,0.05238281082503731,1.0812734170755778
1246,Brighton,2019-11-02,0.880697731728931,2,0.06711933663378775,0.34261488630415415,0.48826310217352975,-0.12315256064709622,0.0027937299012717144,0.0,1.6583362260945782
1246,Norwich,2019-11-02,0.880697731728931,0,0.06328394596899987,0.0,0.2048144804188704,-0.2935869142610918,0.0027937299012717144,0.05238281082503731,0.9103857845820185
1247,Arsenal,2019-11-02,0.880697731728931,1,0.06328394596899987,0.34261488630415415,0.6822178688639738,-0.40442718896824953,0.0027937299012717144,0.0,1.5671809737990807
1247,Wolves,2019-11-02,0.880697731728931,1,0.06328394596899987,0.0,0.6726010741519195,-0.41020965557698164,0.0027937299012717144,0.05238281082503731,1.2615496369991777
1248,Crystal Palace,2019-11-03,0.880697731728931,0,0.06711933663378775,0.34261488630415415,0.6892777275616383,-0.546098227077313,0.0027937299012717144,0.0,1.4364051850524697
1248,Leicester,2019-11-03,0.880697731728931,2,0.07301993765653832,0.0,0.9082135527576902,-0.41445466635281125,0.0027937299012717144,0.05238281082503731,1.5026530965166573
1249,Everton,2019-11-03,0.880697731728931,1,0.07031549552111097,0.34261488630415415,0.27537132410228043,-0.27774907972391816,0.0027937299012717144,0.0,1.29404408783383
1249,Tottenham,2019-11-03,0.880697731728931,1,0.06711933663378775,0.0,0.4619232694112481,-0.16557756864954928,0.0027937299012717144,0.05238281082503731,1.2993393098507264
1250,Norwich,2019-11-08,0.880697731728931,0,0.06328394596899987,0.34261488630415415,0.14492460316379221,-0.1497386051953944,0.0027937299012717144,0.0,1.2845762918717545
1250,Watford,2019-11-08,0.880697731728931,2,0.06328394596899987,0.0,0.24902961384314665,-0.08714147527012879,0.0027937299012717144,0.05238281082503731,1.1610463569972578
1251,Leicester,2019-11-09,0.880697731728931,2,0.06328394596899987,0.34261488630415415,0.9643151318311292,-0.3584959974679749,0.0027937299012717144,0.0,1.8952094282665108
1251,Arsenal,2019-11-09,0.880697731728931,0,0.06711933663378775,0.0,0.596213112158129,-0.5798314528976247,0.0027937299012717144,0.05238281082503731,1.019375268349532
1252,Southampton,2019-11-09,0.880697731728931,1,0.06711933663378775,0.34261488630415415,0.1629013362361837,-0.18504956411109735,0.0027937299012717144,0.0,1.271077456693231
1252,Everton,2019-11-09,0.880697731728931,2,0.06328394596899987,0.0,0.30775511386856824,-0.09795067540776894,0.0027937299012717144,0.05238281082503731,1.2089626568850391
1253,Tottenham,2019-11-09,0.880697731728931,1,0.06328394596899987,0.34261488630415415,0.4435484494774091,-0.3831034340383599,0.0027937299012717144,0.0,1.3498353093424058
1253,Sheffield United,2019-11-09,0.880697731728931,1,0.06711933663378775,0.0,0.6371376313814534,-0.2667005145948625,0.0027937299012717144,0.05238281082503731,1.3734307258756187
1254,Burnley,2019-11-09,0.880697731728931,3,0.06711933663378775,0.34261488630415415,0.4750012410123038,-0.20606435771201723,0.0027937299012717144,0.0,1.5621625678684312
1254,West Ham,2019-11-09,0.880697731728931,0,0.06711933663378775,0.0,0.3427047244155714,-0.2856127116675491,0.0027937299012717144,0.05238281082503731,1.06008562183705
1255,Chelsea,2019-11-09,0.880697731728931,2,0.06711933663378775,0.34261488630415415,1.1204492150580103,-0.3861836978024704,0.0027937299012717144,0.0,2.027491201823685
1255,Crystal Palace,2019-11-09,0.880697731728931,0,0.06328394596899987,0.0,0.6422604044613182,-0.673713057920634,0.0027937299012717144,0.05238281082503731,0.9677055649649241
1256,Newcastle,2019-11-09,0.880697731728931,2,0.06711933663378775,0.34261488630415415,0.49988928938042515,-0.3269385476851344,0.0027937299012717144,0.0,1.4661764262634354
1256,Bournemouth,2019-11-09,0.880697731728931,1,0.06711933663378775,0.0,0.5437300566158367,-0.3005776051642129,0.0027937299012717144,0.05238281082503731,1.2461460605406516
1257,Man United,2019-11-10,0.880697731728931,3,0.07031549552111097,0.34261488630415415,0.4271917921031043,-0.37688021164977203,0.0027937299012717144,0.0,1.3467334239088
1257,Brighton,2019-11-10,0.880697731728931,1,0.07031549552111097,0.0,0.6267878176759779,-0.25686544709791,0.0027937299012717144,0.05238281082503731,1.3761121385544188
1258,Wolves,2019-11-10,0.880697731728931,2,0.07031549552111097,0.34261488630415415,0.7189568036651728,-0.3494182130054922,0.0027937299012717144,0.0,1.6659604341151484
1258,Aston Villa,2019-11-10,0.880697731728931,1,0.07031549552111097,0.0,0.581115888858276,-0.4323003490033509,0.0027937299012717144,0.05238281082503731,1.155005307831276
1259,Liverpool,2019-11-10,0.880697731728931,3,0.07031549552111097,0.34261488630415415,1.126706725417165,-0.5829063431347425,0.0027937299012717144,0.0,1.8402222257378904
1259,Man City,2019-11-10,0.880697731728931,1,0.07031549552111097,0.0,0.9694289682219537,-0.677475625989208,0.0027937299012717144,0.03097908167072099,1.2767393810547802
1260,Man City,2019-11-23,0.880697731728931,2,0.08065600956833317,0.34261488630415415,0.8673707507001899,-0.7203344531590271,0.003259351551483667,0.0,1.4542642766940646
1260,Chelsea,2019-11-23,0.880697731728931,1,0.08203474477462948,0.0,1.1979850518443602,-0.5215399260865974,0.003259351551483667,0.06547851353129663,1.7079154673441033
1261,Watford,2019-11-23,0.880697731728931,0,0.08326834995921037,0.34261488630415415,0.3796189846477153,-0.2961975255132587,0.003259351551483667,0.0,1.3932617786782358
1261,Burnley,2019-11-23,0.880697731728931,3,0.08203474477462948,0.0,0.49260479823229397,-0.22826047227718127,0.003259351551483667,0.05238281082503731,1.282718964835194
1262,Everton,2019-11-23,0.880697731728931,0,0.08203474477462948,0.34261488630415415,0.45149909761478313,-0.06913593258164508,0.003259351551483667,0.0,1.6909698793923365
1262,Norwich,2019-11-23,0.880697731728931,2,0.08326834995921037,0.0,0.1149796645362531,-0.27148114668161344,0.003259351551483667,0.05238281082503731,0.8631067619193021
1263,Crystal Palace,2019-11-23,0.880697731728931,1,0.08203474477462948,0.34261488630415415,0.49119965404808713,-0.6710853473001528,0.003259351551483667,0.0,1.1287210211071326
1263,Liverpool,2019-11-23,0.880697731728931,2,0.08065600956833317,0.0,1.1160790811152235,-0.2953526286875579,0.003259351551483667,0.05238281082503731,1.8377223561014504
1264,Brighton,2019-11-23,0.880697731728931,0,0.08065600956833317,0.34261488630415415,0.6960501754272019,-0.5966980658077806,0.003259351551483667,0.0,1.4065800887723234
1264,Leicester,2019-11-23,0.880697731728931,2,0.08203474477462948,0.0,0.9923659213678487,-0.4185268603441121,0.003259351551483667,0.05238281082503731,1.592213699903818
1265,Arsenal,2019-11-23,0.880697731728931,2,0.08203474477462948,0.34261488630415415,0.5106933708508495,-0.07454053265046516,0.003259351551483667,0.0,1.7447595525595827
1265,Southampton,2019-11-23,0.880697731728931,2,0.08203474477462948,0.0,0.12396803107244884,-0.30707397346689086,0.003259351551483667,0.05238281082503731,0.8352686964856394
1266,West Ham,2019-11-23,0.880697731728931,2,0.08203474477462948,0.34261488630415415,0.21386972516214273,-0.21004584213717328,0.003259351551483667,0.0,1.3124305973841675
1266,Tottenham,2019-11-23,0.880697731728931,3,0.08203474477462948,0.0,0.3493263136017756,-0.1285973738025893,0.003259351551483667,0.05238281082503731,1.2391035786792677
1267,Bournemouth,2019-11-23,0.880697731728931,1,0.08203474477462948,0.34261488630415415,0.4844518430797034,-0.4462369290209016,0.003259351551483667,0.0,1.346821628418
1267,Wolves,2019-11-23,0.880697731728931,2,0.08065600956833317,0.0,0.7421346684217995,-0.2912952485754706,0.003259351551483667,0.05238281082503731,1.4678353235201138
1268,Sheffield United,2019-11-24,0.880697731728931,3,0.08326834995921037,0.34261488630415415,0.7012250822799397,-0.3073890881750198,0.003259351551483667,0.0,1.703676313648699
1268,Man United,2019-11-24,0.880697731728931,3,0.08203474477462948,0.0,0.5112174367320512,-0.4216384715384061,0.003259351551483667,0.05238281082503731,1.1079536040737266
1269,Aston Villa,2019-11-25,0.880697731728931,2,0.08326834995921037,0.34261488630415415,0.5456621221552801,-0.40594075204791324,0.003259351551483667,0.0,1.449561689651146
1269,Newcastle,2019-11-25,0.880697731728931,0,0.08437859462533318,0.0,0.6751182742337827,-0.3281002761822302,0.003259351551483667,0.05238281082503731,1.3677364867823374
1270,Southampton,2019-11-30,0.880697731728931,2,0.06711933663378775,0.34261488630415415,0.14701874144493843,-0.24195621087149405,0.003259351551483667,0.0,1.198753836791801
1270,Watford,2019-11-30,0.880697731728931,1,0.06711933663378775,0.0,0.40239630709564267,-0.08840065621839394,0.003259351551483667,0.05238281082503731,1.3174548816164884
1271,Liverpool,2019-11-30,0.880697731728931,2,0.06711933663378775,0.34261488630415415,1.110765258964253,-0.36265459985154014,0.003259351551483667,0.0,2.0418019653310697
1271,Brighton,2019-11-30,0.880697731728931,1,0.06711933663378775,0.0,0.603129265439743,-0.6678902079556253,0.003259351551483667,0.05238281082503731,0.9386982882233575
1272,Tottenham,2019-11-30,0.880697731728931,3,0.06711933663378775,0.34261488630415415,0.4297673345270298,-0.2734735990206387,0.003259351551483667,0.0,1.4499850417247477
1272,Bournemouth,2019-11-30,0.880697731728931,2,0.06711933663378775,0.0,0.4548127363116367,-0.2584140907480707,0.003259351551483667,0.05238281082503731,1.1998578763028056
1273,Burnley,2019-11-30,0.880697731728931,0,0.06711933663378775,0.34261488630415415,0.5014065768422891,-0.17324150929035964,0.003259351551483667,0.0,1.621856373770286
1273,Crystal Palace,2019-11-30,0.880697731728931,2,0.06711933663378775,0.0,0.2881171899784006,-0.30148993243611344,0.003259351551483667,0.05238281082503731,0.9900864882815268
1274,Newcastle,2019-11-30,0.880697731728931,2,0.05859624626759248,0.34261488630415415,0.6351806777973904,-0.5675523024022668,0.003259351551483667,0.0,1.3527965912472848
1274,Man City,2019-11-30,0.880697731728931,2,0.06711933663378775,0.0,0.943893730802379,-0.3819267406500214,0.003259351551483667,0.05238281082503731,1.5654262208915974
1275,Chelsea,2019-11-30,0.880697731728931,0,0.06711933663378775,0.34261488630415415,1.1092008813744643,-0.08986388184787533,0.003259351551483667,0.0,2.3130283057449454
1275,West Ham,2019-11-30,0.880697731728931,1,0.06711933663378775,0.0,0.14945222553542836,-0.6669495659384818,0.003259351551483667,0.05238281082503731,0.4859618903361862
1276,Norwich,2019-12-01,0.880697731728931,2,0.07031549552111097,0.34261488630415415,0.2275592840855546,-0.23023257157318747,0.003259351551483667,0.0,1.294214177618047
1276,Arsenal,2019-12-01,0.880697731728931,2,0.07031549552111097,0.0,0.3828987742884958,-0.13682874607714526,0.003259351551483667,0.05238281082503731,1.2527254178379132
1277,Wolves,2019-12-01,0.880697731728931,1,0.07031549552111097,0.34261488630415415,0.7537236008001128,-0.4409059902884292,0.003259351551483667,0.0,1.6097050756173634
1277,Sheffield United,2019-12-01,0.880697731728931,1,0.06711933663378775,0.0,0.7332688077291829,-0.4532052190296769,0.003259351551483667,0.05238281082503731,1.2835228194387456
1278,Leicester,2019-12-01,0.880697731728931,2,0.07031549552111097,0.34261488630415415,1.1339434049992794,-0.3146969379668715,0.003259351551483667,0.0,2.1161339321380876
1278,Everton,2019-12-01,0.880697731728931,1,0.07031549552111097,0.0,0.5233710894878906,-0.6818269571026006,0.003259351551483667,0.05238281082503731,0.8481995220118529
1279,Man United,2019-12-01,0.880697731728931,2,0.06711933663378775,0.34261488630415415,0.5957476220008817,-0.31744130777059915,0.003259351551483667,0.0,1.5719976204486392
1279,Aston Villa,2019-12-01,0.880697731728931,2,0.06328394596899987,0.0,0.527935238803782,-0.3582161036601553,0.003259351551483667,0.05238281082503731,1.1693429752180786
1280,Crystal Palace,2019-12-03,0.880697731728931,1,0.04520281854928562,0.34261488630415415,0.3141280468066283,-0.23899757929664206,0.0037249732016956193,0.0,1.3473708772940525
1280,Bournemouth,2019-12-03,0.880697731728931,0,0.04520281854928562,0.0,0.3974758199732463,-0.18888153443150255,0.0037249732016956193,0.05238281082503731,1.1906026198466932
1281,Burnley,2019-12-03,0.880697731728931,1,0.04520281854928562,0.34261488630415415,0.5058074661472866,-0.5394281006669402,0.0037249732016956193,0.0,1.2386197752644128
1281,Man City,2019-12-03,0.880697731728931,4,0.04520281854928562,0.0,0.8971204949447595,-0.3041361358975408,0.0037249732016956193,0.05238281082503731,1.5749926933521683
1282,Liverpool,2019-12-04,0.880697731728931,5,0.05273662164083323,0.34261488630415415,1.1931430737974815,-0.2596092487697585,0.0037249732016956193,0.0,2.2133080379033374
1282,Everton,2019-12-04,0.880697731728931,2,0.04520281854928562,0.0,0.43175499656137334,-0.7174230281765229,0.0037249732016956193,0.05238281082503731,0.6963403026897999
1283,Southampton,2019-12-04,0.880697731728931,2,0.05273662164083323,0.34261488630415415,0.2435788225398972,-0.17067515282489537,0.0037249732016956193,0.0,1.3526778825906158
1283,Norwich,2019-12-04,0.880697731728931,1,0.04520281854928562,0.0,0.2838490938602053,-0.1464611078955197,0.0037249732016956193,0.05238281082503731,1.1193963202696349
1284,Wolves,2019-12-04,0.880697731728931,2,0.04520281854928562,0.34261488630415415,0.7595180669892694,-0.1471927207102604,0.0037249732016956193,0.0,1.8845657560630753
1284,West Ham,2019-12-04,0.880697731728931,0,0.05273662164083323,0.0,0.24479556458514223,-0.45668936403406457,0.0037249732016956193,0.05238281082503731,0.7776483379475748
1285,Leicester,2019-12-04,0.880697731728931,2,0.04520281854928562,0.34261488630415415,1.2047321468149947,-0.22323888522206975,0.0037249732016956193,0.0,2.2537336713769918
1285,Watford,2019-12-04,0.880697731728931,0,0.05273662164083323,0.0,0.3712676053652494,-0.7243914027500105,0.0037249732016956193,0.05238281082503731,0.6364183400117361
1286,Man United,2019-12-04,0.880697731728931,2,0.04520281854928562,0.34261488630415415,0.638012714635297,-0.33372860494668083,0.0037249732016956193,0.0,1.5765245194726825
1286,Tottenham,2019-12-04,0.880697731728931,1,0.05273662164083323,0.0,0.5550225708983709,-0.38362961140272317,0.0037249732016956193,0.06547851353129663,1.174030799598404
1287,Chelsea,2019-12-04,0.880697731728931,2,0.05273662164083323,0.34261488630415415,0.9372567072764452,-0.2609814336716223,0.0037249732016956193,0.0,1.9560494864804367
1287,Aston Villa,2019-12-04,0.880697731728931,1,0.04520281854928562,0.0,0.43403707121931906,-0.563561537488467,0.0037249732016956193,0.05238281082503731,0.8524838680358015
1288,Sheffield United,2019-12-05,0.880697731728931,0,0.05273662164083323,0.34261488630415415,0.6642559445450905,-0.39548492989765616,0.0037249732016956193,0.0,1.5485452275230482
1288,Newcastle,2019-12-05,0.880697731728931,2,0.05859624626759248,0.0,0.6577292425335513,-0.39940935977027936,0.0037249732016956193,0.05238281082503731,1.2537216447865283
1289,Arsenal,2019-12-05,0.880697731728931,1,0.05273662164083323,0.34261488630415415,0.36151883896167586,-0.33471846960525414,0.0037249732016956193,0.0,1.3065745822320358
1289,Brighton,2019-12-05,0.880697731728931,2,0.05859624626759248,0.0,0.5566688104460136,-0.21737706557291644,0.0037249732016956193,0.05238281082503731,1.3346935068963535
1290,Everton,2019-12-07,0.880697731728931,3,0.04520281854928562,0.34261488630415415,0.3859469500981147,-0.5118675232634596,0.0037249732016956193,0.0,1.1463198366187213
1290,Chelsea,2019-12-07,0.880697731728931,1,0.04520281854928562,0.0,0.8512846202274357,-0.23206540417120197,0.0037249732016956193,0.05238281082503731,1.601227550361183
1291,Bournemouth,2019-12-07,0.880697731728931,0,0.05273662164083323,0.34261488630415415,0.3262899988496942,-0.7421894382869717,0.0037249732016956193,0.0,0.8638747734383365
1291,Liverpool,2019-12-07,0.880697731728931,3,0.04520281854928562,0.0,1.2343319812140958,-0.19619437448806307,0.0037249732016956193,0.05238281082503731,2.0201459410309823
1292,Tottenham,2019-12-07,0.880697731728931,5,0.04520281854928562,0.34261488630415415,0.6176501890840416,-0.3054592376282545,0.0037249732016956193,0.0,1.5844313612398533
1292,Burnley,2019-12-07,0.880697731728931,0,0.05273662164083323,0.0,0.5080079107997854,-0.37138586204598584,0.0037249732016956193,0.05238281082503731,1.1261641861502967
1293,Watford,2019-12-07,0.880697731728931,0,0.04520281854928562,0.34261488630415415,0.3131858915456957,-0.24783193689523533,0.0037249732016956193,0.0,1.3375943644345267
1293,Crystal Palace,2019-12-07,0.880697731728931,0,0.05273662164083323,0.0,0.4121682011294562,-0.1883150274507769,0.0037249732016956193,0.05238281082503731,1.213395311075176
1294,Man City,2019-12-07,0.880697731728931,1,0.05273662164083323,0.34261488630415415,0.8737338770159498,-0.396336365274007,0.0037249732016956193,0.0,1.7571717246175567
1294,Man United,2019-12-07,0.880697731728931,2,0.04520281854928562,0.0,0.6591452609525045,-0.5253659997992769,0.0037249732016956193,0.007936789518945046,1.0713415741520849
1295,Newcastle,2019-12-08,0.880697731728931,2,0.04520281854928562,0.34261488630415415,0.7540382508103457,-0.25218691857382464,0.0037249732016956193,0.0,1.7740917420205873
1295,Southampton,2019-12-08,0.880697731728931,1,0.05273662164083323,0.0,0.41941095195044764,-0.4533944144146349,0.0037249732016956193,0.05238281082503731,0.9555586749323098
1296,Brighton,2019-12-08,0.880697731728931,2,0.04520281854928562,0.34261488630415415,0.5334385829491488,-0.5095618264294197,0.0037249732016956193,0.0,1.2961171663037954
1296,Wolves,2019-12-08,0.880697731728931,2,0.05273662164083323,0.0,0.8474500259925618,-0.3207504044821112,0.0037249732016956193,0.05238281082503731,1.5162417589069475
1297,Aston Villa,2019-12-08,0.880697731728931,1,0.05273662164083323,0.34261488630415415,0.3870879874270875,-0.7456736255737154,0.0037249732016956193,0.0,0.9211885747289861
1297,Leicester,2019-12-08,0.880697731728931,4,0.05273662164083323,0.0,1.2401265177228524,-0.23275149662213385,0.0037249732016956193,0.05238281082503731,1.9969171584972158
1298,Norwich,2019-12-08,0.880697731728931,1,0.05273662164083323,0.34261488630415415,0.3119939987475307,-0.35309584956462375,0.0037249732016956193,0.0,1.238672362058521
1298,Sheffield United,2019-12-08,0.880697731728931,2,0.04520281854928562,0.0,0.5872321499986873,-0.1875983561987704,0.0037249732016956193,0.05238281082503731,1.3816421281048663
1299,West Ham,2019-12-09,0.880697731728931,1,0.05859624626759248,0.34261488630415415,0.24994987115564213,-0.18538411762620027,0.0037249732016956193,0.0,1.350199591031815
1299,Arsenal,2019-12-09,0.880697731728931,3,0.05273662164083323,0.0,0.30831150834390897,-0.15029194519487224,0.0037249732016956193,0.05238281082503731,1.1475617005455336
1300,Southampton,2019-12-14,0.880697731728931,0,0.06328394596899987,0.34261488630415415,0.5073270166557229,-0.15184155743717814,0.004190594851907572,0.0,1.6462726180725373
1300,West Ham,2019-12-14,0.880697731728931,1,0.05859624626759248,0.0,0.2525270244408921,-0.3050498239129771,0.004190594851907572,0.05238281082503731,0.9433445842013833
1301,Liverpool,2019-12-14,0.880697731728931,2,0.06711933663378775,0.34261488630415415,1.254926434922403,-0.1964182935117112,0.004190594851907572,0.0,2.353130690929472
1301,Watford,2019-12-14,0.880697731728931,0,0.06711933663378775,0.0,0.3266623975902759,-0.7545726433421961,0.004190594851907572,0.05238281082503731,0.5764802282877433
1302,Burnley,2019-12-14,0.880697731728931,1,0.06711933663378775,0.34261488630415415,0.5091081331260346,-0.4823491566731242,0.004190594851907572,0.0,1.321381525971691
1302,Newcastle,2019-12-14,0.880697731728931,0,0.06328394596899987,0.0,0.8021927549487429,-0.3061207884936113,0.004190594851907572,0.05238281082503731,1.4966270498300074
1303,Chelsea,2019-12-14,0.880697731728931,0,0.06711933663378775,0.34261488630415415,0.6807464878398598,-0.09809718724403153,0.004190594851907572,0.0,1.8772718501146088
1303,Bournemouth,2019-12-14,0.880697731728931,1,0.06711933663378775,0.0,0.1631449994248471,-0.4093249313112139,0.004190594851907572,0.05238281082503731,0.7582105421532966
1304,Leicester,2019-12-14,0.880697731728931,1,0.06328394596899987,0.34261488630415415,1.2578237031767814,-0.19605995788570793,0.004190594851907572,0.0,2.352550904145066
1304,Norwich,2019-12-14,0.880697731728931,1,0.06328394596899987,0.0,0.3260664511911934,-0.756314736985568,0.004190594851907572,0.05238281082503731,0.5703067975805012
1305,Sheffield United,2019-12-14,0.880697731728931,2,0.06328394596899987,0.34261488630415415,0.5487202527254856,-0.21863652809738965,0.004190594851907572,0.0,1.6208708834820886
1305,Aston Villa,2019-12-14,0.880697731728931,0,0.06328394596899987,0.0,0.3636134455309718,-0.329939094461796,0.004190594851907572,0.05238281082503731,1.0342294344440517
1306,Arsenal,2019-12-15,0.880697731728931,0,0.06328394596899987,0.34261488630415415,0.36674256894373947,-0.44163936452570324,0.004190594851907572,0.0,1.2158903632720288
1306,Man City,2019-12-15,0.880697731728931,3,0.07031549552111097,0.0,0.7344884791884739,-0.22051803354600352,0.004190594851907572,0.06520223288348526,1.5343765006279053
1307,Man United,2019-12-15,0.880697731728931,1,0.07031549552111097,0.34261488630415415,0.7972636229741794,-0.26942387176508503,0.004190594851907572,0.0,1.825658459615198
1307,Everton,2019-12-15,0.880697731728931,1,0.07031549552111097,0.0,0.44807765277519934,-0.479385327049391,0.004190594851907572,0.05238281082503731,0.976278958652795
1308,Wolves,2019-12-15,0.880697731728931,1,0.06711933663378775,0.34261488630415415,0.8914160054942081,-0.4413448804887998,0.004190594851907572,0.0,1.744693674524189
1308,Tottenham,2019-12-15,0.880697731728931,2,0.07031549552111097,0.0,0.7339987240855909,-0.5359980576270974,0.004190594851907572,0.05238281082503731,1.2055872993854801
1309,Crystal Palace,2019-12-16,0.880697731728931,1,0.07301993765653832,0.34261488630415415,0.5037056412452271,-0.2626359820273783,0.004190594851907572,0.0,1.5415928097593798
1309,Brighton,2019-12-16,0.880697731728931,1,0.07031549552111097,0.0,0.4367887432920024,-0.30287233307368244,0.004190594851907572,0.05238281082503731,1.1415030431453068
1310,Everton,2019-12-21,0.880697731728931,0,0.06328394596899987,0.34261488630415415,0.3941082782050277,-0.23808499150590517,0.004190594851907572,0.0,1.446810445553115
1310,Arsenal,2019-12-21,0.880697731728931,0,0.06328394596899987,0.0,0.39595809924365477,-0.23697271566886524,0.004190594851907572,0.05238281082503731,1.1595404669496652
1311,Aston Villa,2019-12-21,0.880697731728931,1,0.06711933663378775,0.34261488630415415,0.35187617458291387,-0.33148127658255333,0.004190594851907572,0.0,1.315017447519141
1311,Southampton,2019-12-21,0.880697731728931,3,0.06711933663378775,0.0,0.5512850490083605,-0.21157904383501752,0.004190594851907572,0.05238281082503731,1.3440964792130066
1312,Bournemouth,2019-12-21,0.880697731728931,0,0.06711933663378775,0.34261488630415415,0.20912458857549454,-0.30645156392628975,0.004190594851907572,0.0,1.1972955741679856
1312,Burnley,2019-12-21,0.880697731728931,1,0.06711933663378775,0.0,0.5096582442891594,-0.1257441784617578,0.004190594851907572,0.05238281082503731,1.3883045398670653
1313,Brighton,2019-12-21,0.880697731728931,0,0.05859624626759248,0.34261488630415415,0.43098118641778627,-0.3694911068035434,0.004190594851907572,0.0,1.3475895387668282
1313,Sheffield United,2019-12-21,0.880697731728931,1,0.06711933663378775,0.0,0.6144990299975989,-0.2591439657465926,0.004190594851907572,0.05238281082503731,1.35974553829067
1314,Newcastle,2019-12-21,0.880697731728931,1,0.06711933663378775,0.34261488630415415,0.6987179181548705,-0.35595772610948667,0.004190594851907572,0.0,1.6373827415641646
1314,Crystal Palace,2019-12-21,0.880697731728931,0,0.05859624626759248,0.0,0.5919917242574696,-0.4201309429626269,0.004190594851907572,0.05238281082503731,1.167728164968311
1315,Norwich,2019-12-21,0.880697731728931,1,0.06711933663378775,0.34261488630415415,0.3756200403673817,-0.47252058838619415,0.004190594851907572,0.0,1.1977220014999683
1315,Wolves,2019-12-21,0.880697731728931,2,0.06328394596899987,0.0,0.7858469063819601,-0.22585595367575736,0.004190594851907572,0.05238281082503731,1.5605460360810786
1316,Man City,2019-12-21,0.880697731728931,3,0.06328394596899987,0.34261488630415415,0.7924178691378071,-0.7105049027983328,0.004190594851907572,0.0,1.3727001251934667
1316,Leicester,2019-12-21,0.880697731728931,1,0.06711933663378775,0.0,1.1816375699950317,-0.4764716317286584,0.004190594851907572,0.05238281082503731,1.7095564123060372
1317,Tottenham,2019-12-22,0.880697731728931,0,0.06711933663378775,0.34261488630415415,0.8772077174950795,-0.281358050495349,0.004190594851907572,0.0,1.8904722165185113
1317,Chelsea,2019-12-22,0.880697731728931,2,0.07031549552111097,0.0,0.46792533278300097,-0.5274547796033681,0.004190594851907572,0.00865181560173289,0.9043261908833152
1318,Watford,2019-12-22,0.880697731728931,2,0.07031549552111097,0.34261488630415415,0.20584856174949495,-0.46977941804392165,0.004190594851907572,0.0,1.033887852111677
1318,Man United,2019-12-22,0.880697731728931,0,0.06711933663378775,0.0,0.7812880780763027,-0.12377434170243627,0.004190594851907572,0.05238281082503731,1.6619042104135302
1319,Man United,2019-12-26,0.880697731728931,4,0.05273662164083323,0.34261488630415415,0.7307829426730075,-0.4657174209471202,0.004656216502119524,0.0,1.5457709779019255
1319,Newcastle,2019-12-26,0.880697731728931,1,0.05859624626759248,0.0,0.7745325886210053,-0.43941126859460633,0.004656216502119524,0.05238281082503731,1.3314543253500792
1320,Sheffield United,2019-12-26,0.880697731728931,1,0.05859624626759248,0.34261488630415415,0.7324231445423695,-0.16414795063754087,0.004656216502119524,0.0,1.8548402747076258
1320,Watford,2019-12-26,0.880697731728931,1,0.05273662164083323,0.0,0.27299373269217553,-0.4403975028675785,0.004656216502119524,0.05238281082503731,0.823069610521518
1321,Everton,2019-12-26,0.880697731728931,1,0.05859624626759248,0.34261488630415415,0.40964095387429883,-0.306616951642629,0.004656216502119524,0.0,1.3895890830344673
1321,Burnley,2019-12-26,0.880697731728931,0,0.05859624626759248,0.0,0.5099332998707217,-0.246312332567336,0.004656216502119524,0.05238281082503731,1.259953972627066
1322,Crystal Palace,2019-12-26,0.880697731728931,2,0.05859624626759248,0.34261488630415415,0.6361347657635908,-0.2293119483980732,0.004656216502119524,0.0,1.693387898168315
1322,West Ham,2019-12-26,0.880697731728931,1,0.07910493246124985,0.0,0.3813676899465881,-0.3825004226273888,0.004656216502119524,0.05238281082503731,1.015708958836537
1323,Leicester,2019-12-26,0.880697731728931,0,0.05859624626759248,0.34261488630415415,1.015992414541086,-0.7607642458698083,0.004656216502119524,0.0,1.5417932494740747
1323,Liverpool,2019-12-26,0.880697731728931,4,0.07910493246124985,0.0,1.2652236617765567,-0.6109044008649732,0.004656216502119524,0.05238281082503731,1.6711609524289208
1324,Bournemouth,2019-12-26,0.880697731728931,1,0.05859624626759248,0.34261488630415415,0.23211438315081828,-0.246868470485856,0.004656216502119524,0.0,1.2718109934677597
1324,Arsenal,2019-12-26,0.880697731728931,1,0.05859624626759248,0.0,0.4105658643936124,-0.13956767407062096,0.004656216502119524,0.05238281082503731,1.2673311956466717
1325,Aston Villa,2019-12-26,0.880697731728931,1,0.05859624626759248,0.34261488630415415,0.21845545024581395,-0.16405836673104005,0.004656216502119524,0.0,1.3409621643175713
1325,Norwich,2019-12-26,0.880697731728931,0,0.05859624626759248,0.0,0.2728447460924049,-0.13135471686408945,0.004656216502119524,0.05238281082503731,1.1378230345519957
1326,Tottenham,2019-12-26,0.880697731728931,2,0.05273662164083323,0.34261488630415415,0.8212601253367527,-0.2573979576061997,0.004656216502119524,0.0,1.844567623906591
1326,Brighton,2019-12-26,0.880697731728931,1,0.05859624626759248,0.0,0.42807740798067817,-0.49381414432091014,0.004656216502119524,0.05238281082503731,0.9305962689834484
1327,Chelsea,2019-12-26,0.880697731728931,0,0.05273662164083323,0.34261488630415415,0.4890668441176425,-0.3958273928105028,0.004656216502119524,0.0,1.3739449074831778
1327,Southampton,2019-12-26,0.880697731728931,2,0.05859624626759248,0.0,0.6582987910933933,-0.2940701949271586,0.004656216502119524,0.05238281082503731,1.3605616014899151
1328,Wolves,2019-12-27,0.880697731728931,3,0.06328394596899987,0.34261488630415415,0.7330623568258361,-0.493887765330136,0.004656216502119524,0.0,1.5304273719999046
1328,Man City,2019-12-27,0.880697731728931,2,0.06328394596899987,0.0,0.8213825641124736,-0.4407818537657425,0.004656216502119524,0.05238281082503731,1.381621415371819
1329,West Ham,2019-12-28,0.880697731728931,1,0.03515774776055548,0.34261488630415415,0.44578802269943607,-0.48440856505855134,0.004190594851907572,0.0,1.224040418286433
1329,Leicester,2019-12-28,0.880697731728931,2,0.03515774776055548,0.0,0.805617747951042,-0.2680471438785207,0.004190594851907572,0.05238281082503731,1.5099994892389528
1330,Burnley,2019-12-28,0.880697731728931,0,0.03515774776055548,0.34261488630415415,0.5100708276615029,-0.47535758376311,0.004656216502119524,0.0,1.2978398261941533
1330,Man United,2019-12-28,0.880697731728931,2,0.03515774776055548,0.0,0.7905651008800738,-0.3066996455007986,0.004656216502119524,0.05238281082503731,1.4567599621959184
1331,Norwich,2019-12-28,0.880697731728931,2,0.03515774776055548,0.34261488630415415,0.17893973600055943,-0.4769938266796812,0.004656216502119524,0.0,0.9650724916166384
1331,Tottenham,2019-12-28,0.880697731728931,2,0.03515774776055548,0.0,0.7932863292575895,-0.1075943783121007,0.004656216502119524,0.05238281082503731,1.6585864577621319
1332,Brighton,2019-12-28,0.880697731728931,2,0.03515774776055548,0.34261488630415415,0.42662551876212407,-0.17204461682163322,0.004656216502119524,0.0,1.517707484236251
1332,Bournemouth,2019-12-28,0.880697731728931,0,0.03515774776055548,0.0,0.28612664339283717,-0.25652495353600324,0.004656216502119524,0.05238281082503731,1.0024961966734771
1333,Southampton,2019-12-28,0.880697731728931,1,0.03515774776055548,0.34261488630415415,0.7118056621359097,-0.39577177088633986,0.004656216502119524,0.0,1.57916047354533
1333,Crystal Palace,2019-12-28,0.880697731728931,1,0.03515774776055548,0.0,0.6582062865166515,-0.4280004509244775,0.004656216502119524,0.05238281082503731,1.2031003424088174
1334,Newcastle,2019-12-28,0.880697731728931,1,0.03515774776055548,0.34261488630415415,0.7699225608997157,-0.32767772585631344,0.004656216502119524,0.0,1.7053714173391625
1334,Everton,2019-12-28,0.880697731728931,2,0.03515774776055548,0.0,0.5449593805720054,-0.4629454649927862,0.004656216502119524,0.05238281082503731,1.0549084223958625
1335,Watford,2019-12-28,0.880697731728931,3,0.03515774776055548,0.34261488630415415,0.3490836811178728,-0.14237294327178676,0.004656216502119524,0.0,1.4698373201418462
1335,Aston Villa,2019-12-28,0.880697731728931,0,0.03515774776055548,0.0,0.236779813985978,-0.20989995005167383,0.004656216502119524,0.05238281082503731,0.9997743707509474
1336,Arsenal,2019-12-29,0.880697731728931,1,0.04520281854928562,0.34261488630415415,0.41786974696859125,-0.30042626714306336,0.004656216502119524,0.0,1.3906151329100183
1336,Chelsea,2019-12-29,0.880697731728931,2,0.04520281854928562,0.0,0.4996375997849633,-0.25126020997583143,0.004656216502119524,0.009354073361613804,1.1882882299510817
1337,Liverpool,2019-12-29,0.880697731728931,1,0.04520281854928562,0.34261488630415415,1.2703722752036335,-0.4760428763486781,0.004656216502119524,0.0,2.0675010519394457
1337,Wolves,2019-12-29,0.880697731728931,0,0.03515774776055548,0.0,0.7917048079564881,-0.7638600471336143,0.004656216502119524,0.05238281082503731,1.000739267639517
1338,Man City,2019-12-29,0.880697731728931,2,0.03515774776055548,0.34261488630415415,0.7933475486454499,-0.4758507008995961,0.004656216502119524,0.0,1.580623430041614
1338,Sheffield United,2019-12-29,0.880697731728931,0,0.04520281854928562,0.0,0.7913852018147548,-0.47703063718429417,0.004656216502119524,0.05238281082503731,1.297294142235834
1339,Arsenal,2020-01-01,0.880697731728931,2,0.04520281854928562,0.34261488630415415,0.42152168825608066,-0.49333074134736177,0.0051218381523314765,0.0,1.201828221643421
1339,Man United,2020-01-01,0.880697731728931,0,0.05273662164083323,0.0,0.8204561799836069,-0.2534560797208191,0.0051218381523314765,0.06520223288348526,1.5707585246683684
1340,West Ham,2020-01-01,0.880697731728931,4,0.05273662164083323,0.34261488630415415,0.35044610021278905,-0.18828308819713932,0.004656216502119524,0.0,1.4428684681916877
1340,Bournemouth,2020-01-01,0.880697731728931,0,0.05273662164083323,0.0,0.3131327735138466,-0.21071915677900235,0.004656216502119524,0.05238281082503731,1.0928869974317654
1341,Norwich,2020-01-01,0.880697731728931,1,0.05273662164083323,0.34261488630415415,0.17450459390899373,-0.351277055122654,0.0051218381523314765,0.0,1.1043986166125896
1341,Crystal Palace,2020-01-01,0.880697731728931,1,0.05273662164083323,0.0,0.5842073209844677,-0.10492757904921171,0.0051218381523314765,0.05238281082503731,1.4702187442823889
1342,Man City,2020-01-01,0.880697731728931,2,0.04520281854928562,0.34261488630415415,0.779330040911938,-0.4450560073405442,0.0051218381523314765,0.0,1.6079113083060959
1342,Everton,2020-01-01,0.880697731728931,1,0.05273662164083323,0.0,0.7401706827839297,-0.4686020731113732,0.0051218381523314765,0.05238281082503731,1.2625076120196896
1343,Southampton,2020-01-01,0.880697731728931,1,0.05273662164083323,0.34261488630415415,0.6535243717484539,-0.49414886280564735,0.0051218381523314765,0.0,1.4405465867690563
1343,Tottenham,2020-01-01,0.880697731728931,0,0.05273662164083323,0.0,0.8218167941723648,-0.3929565900883035,0.0051218381523314765,0.05238281082503731,1.4197992064311944
1344,Newcastle,2020-01-01,0.880697731728931,0,0.05273662164083323,0.34261488630415415,0.6400654581759999,-0.4211606471553405,0.0051218381523314765,0.0,1.5000758888469092
1344,Leicester,2020-01-01,0.880697731728931,3,0.05273662164083323,0.0,0.7004304146560201,-0.3848639021758772,0.0051218381523314765,0.05238281082503731,1.3065055148272757
1345,Burnley,2020-01-01,0.880697731728931,1,0.05273662164083323,0.34261488630415415,0.5101395915568935,-0.1478820564756354,0.0051218381523314765,0.0,1.643428612907508
1345,Aston Villa,2020-01-01,0.880697731728931,2,0.05273662164083323,0.0,0.24594199585606,-0.30674099242988334,0.0051218381523314765,0.05238281082503731,0.9301400057733096
1346,Brighton,2020-01-01,0.880697731728931,1,0.05273662164083323,0.34261488630415415,0.42589957415284707,-0.30360430325101573,0.0051218381523314765,0.0,1.4034663487280814
1346,Chelsea,2020-01-01,0.880697731728931,1,0.04520281854928562,0.0,0.5049229776186236,-0.25608845150090503,0.0051218381523314765,0.05238281082503731,1.232239725373304
1347,Watford,2020-01-01,0.880697731728931,2,0.05273662164083323,0.34261488630415415,0.5146807441937924,-0.41697780280040386,0.0051218381523314765,0.0,1.3788740192196385
1347,Wolves,2020-01-01,0.880697731728931,1,0.04520281854928562,0.0,0.6934739446587431,-0.30947153459848237,0.0051218381523314765,0.05238281082503731,1.367407609315846
1348,Liverpool,2020-01-02,0.880697731728931,2,0.05273662164083323,0.34261488630415415,1.272946581917172,-0.49357729991560484,0.0051218381523314765,0.0,2.060540359827817
1348,Sheffield United,2020-01-02,0.880697731728931,0,0.05273662164083323,0.0,0.8208662304509474,-0.7654079477655175,0.0051218381523314765,0.05238281082503731,1.046397285032563
1349,Sheffield United,2020-01-10,0.880697731728931,1,0.07031549552111097,0.34261488630415415,0.7080546559059728,-0.2587507480689853,0.0051218381523314765,0.0,1.7480538595435153
1349,West Ham,2020-01-10,0.880697731728931,0,0.07301993765653832,0.0,0.4303272278325366,-0.4257450145838672,0.0051218381523314765,0.05238281082503731,1.0158045316115074
1350,Wolves,2020-01-11,0.880697731728931,1,0.07533803091547604,0.34261488630415415,0.6018411500555136,-0.26912753592768063,0.0051218381523314765,0.0,1.6364861012287257
1350,Newcastle,2020-01-11,0.880697731728931,1,0.07533803091547604,0.0,0.44758481795107097,-0.361880071079686,0.0051218381523314765,0.05238281082503731,1.0992451584931608
1351,Tottenham,2020-01-11,0.880697731728931,0,0.07533803091547604,0.34261488630415415,0.7085299377666814,-0.766181898081469,0.0051218381523314765,0.0,1.246120526786105
1351,Liverpool,2020-01-11,0.880697731728931,1,0.07301993765653832,0.0,1.274233735273941,-0.42603079602888844,0.0051218381523314765,0.06520223288348526,1.8722446796663386
1352,Man United,2020-01-11,0.880697731728931,4,0.07533803091547604,0.34261488630415415,0.7078496306723024,-0.12915937436434788,0.0051218381523314765,0.0,1.8824627434088472
1352,Norwich,2020-01-11,0.880697731728931,0,0.07533803091547604,0.0,0.21480438581756786,-0.4256217352997457,0.0051218381523314765,0.05238281082503731,0.8027230621395979
1353,Chelsea,2020-01-11,0.880697731728931,3,0.07533803091547604,0.34261488630415415,0.5500830294898109,-0.3067616658944258,0.0051218381523314765,0.0,1.5470938506962777
1353,Burnley,2020-01-11,0.880697731728931,0,0.07533803091547604,0.0,0.5101739735045887,-0.33075851625157265,0.0051218381523314765,0.05238281082503731,1.1929558688747917
1354,Everton,2020-01-11,0.880697731728931,1,0.07533803091547604,0.34261488630415415,0.7102242450268209,-0.2558702004833559,0.0051218381523314765,0.0,1.7581265316443577
1354,Brighton,2020-01-11,0.880697731728931,0,0.07533803091547604,0.0,0.4255366018482085,-0.42704956324291754,0.0051218381523314765,0.05238281082503731,1.0120274502270667
1355,Crystal Palace,2020-01-11,0.880697731728931,1,0.07533803091547604,0.34261488630415415,0.5472078382183759,-0.254554014593313,0.0051218381523314765,0.0,1.5964263107259558
1355,Arsenal,2020-01-11,0.880697731728931,1,0.07533803091547604,0.0,0.4233476588998254,-0.3290296972408111,0.0051218381523314765,0.05238281082503731,1.10785837328079
1356,Leicester,2020-01-11,0.880697731728931,1,0.07533803091547604,0.34261488630415415,0.6478367480085091,-0.45213024450995853,0.0051218381523314765,0.0,1.4994789905994432
1356,Southampton,2020-01-11,0.880697731728931,2,0.07533803091547604,0.0,0.751935815417797,-0.389536688203735,0.0051218381523314765,0.05238281082503731,1.3759395388358377
1357,Bournemouth,2020-01-12,0.880697731728931,0,0.07734704507322207,0.34261488630415415,0.3266358385743513,-0.410387716765048,0.0051218381523314765,0.0,1.222029623067942
1357,Watford,2020-01-12,0.880697731728931,3,0.07734704507322207,0.0,0.6825140016404663,-0.19640232388489237,0.0051218381523314765,0.05238281082503731,1.5016611035350955
1358,Aston Villa,2020-01-12,0.880697731728931,1,0.07734704507322207,0.34261488630415415,0.378075175654172,-0.5410833759146548,0.0051218381523314765,0.0,1.1427733009981558
1358,Man City,2020-01-12,0.880697731728931,6,0.07734704507322207,0.0,0.8998733759082531,-0.22733219791730178,0.0051218381523314765,0.05238281082503731,1.6880906037704733
1359,Newcastle,2020-01-18,0.880697731728931,1,0.06711933663378775,0.34261488630415415,0.39386186079296354,-0.4210312075915931,0.005587459802543429,0.0,1.2688500676707868
1359,Chelsea,2020-01-18,0.880697731728931,0,0.06711933663378775,0.0,0.7002151442884754,-0.23682454775016307,0.005587459802543429,0.05238281082503731,1.4691779355286116
1360,West Ham,2020-01-18,0.880697731728931,1,0.07031549552111097,0.34261488630415415,0.47026779164241034,-0.4691767310872656,0.0051218381523314765,0.0,1.2998410122616721
1360,Everton,2020-01-18,0.880697731728931,1,0.06711933663378775,0.0,0.7802857520569805,-0.28276654371397675,0.0051218381523314765,0.05238281082503731,1.502840925683091
1361,Southampton,2020-01-18,0.880697731728931,2,0.06711933663378775,0.34261488630415415,0.9286936261155395,-0.3598964001659078,0.005587459802543429,0.0,1.864816640419048
1361,Wolves,2020-01-18,0.880697731728931,3,0.06711933663378775,0.0,0.5985421157082559,-0.5584126565605281,0.005587459802543429,0.05238281082503731,1.0459167981380273
1362,Norwich,2020-01-18,0.880697731728931,1,0.06711933663378775,0.34261488630415415,0.19243691881749794,-0.12376635688902687,0.005587459802543429,0.0,1.3646899763978875
1362,Bournemouth,2020-01-18,0.880697731728931,0,0.06328394596899987,0.0,0.20583528224153266,-0.1157100770753353,0.005587459802543429,0.05238281082503731,1.0920771534917089
1363,Man City,2020-01-18,0.880697731728931,2,0.06328394596899987,0.34261488630415415,0.9601450434064106,-0.3179060182998896,0.005587459802543429,0.0,1.9344230489111494
1363,Crystal Palace,2020-01-18,0.880697731728931,2,0.06711933663378775,0.0,0.52870809683533,-0.5773240273162956,0.005587459802543429,0.05238281082503731,0.9571714085093337
1364,Arsenal,2020-01-18,0.880697731728931,1,0.06711933663378775,0.34261488630415415,0.4667780071760547,-0.39182887191799837,0.005587459802543429,0.0,1.3709685497274728
1364,Sheffield United,2020-01-18,0.880697731728931,1,0.07031549552111097,0.0,0.6516488686334855,-0.2806681769761406,0.005587459802543429,0.05238281082503731,1.3799641895349675
1365,Watford,2020-01-18,0.880697731728931,0,0.06328394596899987,0.34261488630415415,0.8939827192268742,-0.31527617780076694,0.005587459802543429,0.0,1.8708905652307357
1365,Tottenham,2020-01-18,0.880697731728931,0,0.06711933663378775,0.0,0.5243344207007687,-0.5375413926880729,0.005587459802543429,0.05238281082503731,0.9925803670029952
1366,Brighton,2020-01-18,0.880697731728931,1,0.06711933663378775,0.34261488630415415,0.3828377527415323,-0.26705726863813495,0.005587459802543429,0.0,1.4117998985728137
1366,Aston Villa,2020-01-18,0.880697731728931,1,0.06328394596899987,0.0,0.44414176555322804,-0.23019588002800068,0.005587459802543429,0.05238281082503731,1.215897833850739
1367,Burnley,2020-01-19,0.880697731728931,2,0.07031549552111097,0.34261488630415415,0.38263907561536536,-0.34815951378135157,0.005587459802543429,0.0,1.3336951351907533
1367,Leicester,2020-01-19,0.880697731728931,1,0.07031549552111097,0.0,0.5790225517303966,-0.2300764177869549,0.005587459802543429,0.05238281082503731,1.3579296318210643
1368,Liverpool,2020-01-19,0.880697731728931,2,0.07031549552111097,0.34261488630415415,1.2748773119523256,-0.44289762216909895,0.005587459802543429,0.0,2.131195263139966
1368,Man United,2020-01-19,0.880697731728931,0,0.07031549552111097,0.0,0.7365810819253643,-0.7665688732394447,0.005587459802543429,0.03097908167072099,0.9575919774092259
1369,Chelsea,2020-01-21,0.880697731728931,2,0.04520281854928562,0.34261488630415415,0.6477291128247368,-0.2937252581675544,0.005587459802543429,0.0,1.6281067510420966
1369,Arsenal,2020-01-21,0.880697731728931,2,0.04520281854928562,0.0,0.48849318131416947,-0.3894719684218613,0.005587459802543429,0.009354073361613804,1.0398632963346819
1370,Sheffield United,2020-01-21,0.880697731728931,0,0.04520281854928562,0.34261488630415415,0.5384112490885278,-0.5443139631239546,0.005587459802543429,0.0,1.2682001823494873
1370,Man City,2020-01-21,0.880697731728931,1,0.04520281854928562,0.0,0.9052461512467753,-0.32374041069190257,0.005587459802543429,0.05238281082503731,1.5653765614606698
1371,Everton,2020-01-21,0.880697731728931,2,0.04520281854928562,0.34261488630415415,0.8153165055720604,-0.22067305366140427,0.005587459802543429,0.0,1.86874634829557
1371,Newcastle,2020-01-21,0.880697731728931,2,0.04520281854928562,0.0,0.3670003822139098,-0.4902403150094396,0.005587459802543429,0.05238281082503731,0.8606308881102673
1372,Crystal Palace,2020-01-21,0.880697731728931,0,0.04520281854928562,0.34261488630415415,0.561975589098164,-0.5348582777460709,0.005587459802543429,0.0,1.3012202077370074
1372,Southampton,2020-01-21,0.880697731728931,2,0.04520281854928562,0.0,0.8895204426013399,-0.3379093737760096,0.005587459802543429,0.05238281082503731,1.5354818897311275
1373,Bournemouth,2020-01-21,0.880697731728931,3,0.04520281854928562,0.34261488630415415,0.14543500407512333,-0.24292391474690375,0.005587459802543429,0.0,1.1766139857131337
1373,Brighton,2020-01-21,0.880697731728931,1,0.04520281854928562,0.0,0.4040056911425512,-0.08744837339109411,0.005587459802543429,0.05238281082503731,1.3004281386572545
1374,Aston Villa,2020-01-21,0.880697731728931,2,0.04520281854928562,0.34261488630415415,0.5196924234571131,-0.5499878407564239,0.005587459802543429,0.0,1.2438074790856035
1374,Watford,2020-01-21,0.880697731728931,1,0.04520281854928562,0.0,0.9146823521113643,-0.31248499894513226,0.005587459802543429,0.05238281082503731,1.586068174072029
1375,Leicester,2020-01-22,0.880697731728931,4,0.04520281854928562,0.34261488630415415,0.5446154535913403,-0.2436440516433111,0.005587459802543429,0.0,1.5750742983329433
1375,West Ham,2020-01-22,0.880697731728931,1,0.05273662164083323,0.0,0.4052033476386332,-0.32747092657015986,0.005587459802543429,0.05238281082503731,1.0691370450658182
1376,Tottenham,2020-01-22,0.880697731728931,2,0.05273662164083323,0.34261488630415415,0.4747540251221694,-0.18568101327057104,0.005587459802543429,0.0,1.5707097113280601
1376,Norwich,2020-01-22,0.880697731728931,1,0.05273662164083323,0.0,0.308805274180534,-0.2854640636332869,0.005587459802543429,0.05238281082503731,1.014745834544592
1377,Man United,2020-01-22,0.880697731728931,0,0.04520281854928562,0.34261488630415415,0.7509468075518952,-0.1917337937332195,0.005587459802543429,0.0,1.8333159102035899
1377,Burnley,2020-01-22,0.880697731728931,2,0.04520281854928562,0.0,0.3188716266707537,-0.45153556560377567,0.005587459802543429,0.05238281082503731,0.8512068819727754
1378,Wolves,2020-01-23,0.880697731728931,1,0.05859624626759248,0.34261488630415415,0.5968925985346271,-0.7667623608184325,0.005587459802543429,0.0,1.1176265618194159
1378,Liverpool,2020-01-23,0.880697731728931,2,0.05273662164083323,0.0,1.275199100291518,-0.35890456470901866,0.005587459802543429,0.05238281082503731,1.9076991595798443
1379,West Ham,2020-01-29,0.880697731728931,0,0.06711933663378775,0.34261488630415415,0.37267112563674465,-0.7668591046079265,0.005587459802543429,0.0,0.9018314354982344
1379,Liverpool,2020-01-29,0.880697731728931,2,0.06328394596899987,0.0,1.275359994461114,-0.2240828056079783,0.005587459802543429,0.05238281082503731,2.0532291371786475
1380,Man United,2020-02-01,0.880697731728931,0,0.07533803091547604,0.34261488630415415,0.6305775815020896,-0.2817130621408321,0.006053081452755381,0.0,1.6535682497625739
1380,Wolves,2020-02-01,0.880697731728931,0,0.07301993765653832,0.0,0.4685157510847415,-0.37915895248137194,0.006053081452755381,0.05238281082503731,1.1015103602666316
1381,West Ham,2020-02-01,0.880697731728931,3,0.04520281854928562,0.34261488630415415,0.3564050146358004,-0.2492879321063553,0.006053081452755381,0.0,1.3816856005645712
1381,Brighton,2020-02-01,0.880697731728931,3,0.07734704507322207,0.0,0.41458966034306066,-0.21430218259031186,0.006053081452755381,0.05238281082503731,1.2167681468326943
1382,Watford,2020-02-01,0.880697731728931,2,0.07734704507322207,0.34261488630415415,0.8825148055992522,-0.4496417170773653,0.006053081452755381,0.0,1.7395858330809495
1382,Everton,2020-02-01,0.880697731728931,3,0.07734704507322207,0.0,0.7477971564208862,-0.5306458698440188,0.006053081452755381,0.05238281082503731,1.233631955656813
1383,Newcastle,2020-02-01,0.880697731728931,0,0.07734704507322207,0.34261488630415415,0.3960870058787399,-0.22066648136818895,0.006053081452755381,0.0,1.4821332690696134
1383,Norwich,2020-02-01,0.880697731728931,0,0.07533803091547604,0.0,0.36698945186205206,-0.23816250156360555,0.006053081452755381,0.05238281082503731,1.1432986052206462
1384,Bournemouth,2020-02-01,0.880697731728931,2,0.07734704507322207,0.34261488630415415,0.2002695909006327,-0.3351988640986309,0.006053081452755381,0.0,1.1717834713610642
1384,Aston Villa,2020-02-01,0.880697731728931,1,0.07734704507322207,0.0,0.5574677524090557,-0.12041977153528911,0.006053081452755381,0.05238281082503731,1.4535286499537123
1385,Crystal Palace,2020-02-01,0.880697731728931,0,0.07734704507322207,0.34261488630415415,0.45105724636651007,-0.264130985132274,0.006053081452755381,0.0,1.4936390057932987
1385,Sheffield United,2020-02-01,0.880697731728931,1,0.07734704507322207,0.0,0.4392750763616919,-0.27121546667432755,0.006053081452755381,0.05238281082503731,1.1845402787673098
1386,Leicester,2020-02-01,0.880697731728931,2,0.07533803091547604,0.34261488630415415,0.6549639933848832,-0.3992575437835761,0.006053081452755381,0.0,1.5604101800026235
1386,Chelsea,2020-02-01,0.880697731728931,2,0.07734704507322207,0.0,0.6640034600472244,-0.3938222178043061,0.006053081452755381,0.05238281082503731,1.286661911322864
1387,Liverpool,2020-02-01,0.880697731728931,4,0.04520281854928562,0.34261488630415415,1.2754404415459122,-0.5230810883388423,0.006053081452755381,0.0,2.026927871242196
1387,Southampton,2020-02-01,0.880697731728931,0,0.07734704507322207,0.0,0.86993385084424,-0.7669074765026734,0.006053081452755381,0.05238281082503731,1.119507043421512
1388,Burnley,2020-02-02,0.880697731728931,0,0.07734704507322207,0.34261488630415415,0.41453999106151884,-0.3002537987632613,0.006053081452755381,0.0,1.4209989368573201
1388,Arsenal,2020-02-02,0.880697731728931,0,0.07910493246124985,0.0,0.4993507683832268,-0.2492580665460938,0.006053081452755381,0.05238281082503731,1.2683312583051063
1389,Tottenham,2020-02-02,0.880697731728931,2,0.07734704507322207,0.34261488630415415,0.44996382733286977,-0.6045045158675262,0.006053081452755381,0.0,1.152172056024406
1389,Man City,2020-02-02,0.880697731728931,0,0.07910493246124985,0.0,1.0053487940300287,-0.27055800654954687,0.006053081452755381,0.06520223288348526,1.7658487660069029
1390,Everton,2020-02-08,0.880697731728931,3,0.06711933663378775,0.34261488630415415,0.714037481845299,-0.21230331817690581,0.006053081452755381,0.0,1.7982191997880215
1390,Crystal Palace,2020-02-08,0.880697731728931,1,0.06711933663378775,0.0,0.3530807120463261,-0.429342418111328,0.006053081452755381,0.05238281082503731,0.9299912545755096
1391,Brighton,2020-02-08,0.880697731728931,1,0.06711933663378775,0.34261488630415415,0.33484691903460134,-0.4442792995480741,0.006053081452755381,0.0,1.1870526556061556
1391,Watford,2020-02-08,0.880697731728931,1,0.06711933663378775,0.0,0.7388789434801251,-0.2013395508929197,0.006053081452755381,0.05238281082503731,1.5437923532277167
1392,Sheffield United,2020-02-09,0.880697731728931,2,0.07031549552111097,0.34261488630415415,0.517259078861345,-0.21360105544712862,0.006053081452755381,0.0,1.6033392184211677
1392,Bournemouth,2020-02-09,0.880697731728931,1,0.07031549552111097,0.0,0.35523897317645836,-0.31102185719220177,0.006053081452755381,0.05238281082503731,1.0536662355120912
1393,Wolves,2020-02-14,0.880697731728931,0,0.08065600956833317,0.34261488630415415,0.44684469031415575,-0.3758674735282178,0.006053081452755381,0.0,1.3809989258401112
1393,Leicester,2020-02-14,0.880697731728931,0,0.08065600956833317,0.0,0.6251035373729407,-0.2686825058033194,0.006053081452755381,0.05238281082503731,1.3762106651446782
1394,Southampton,2020-02-15,0.880697731728931,1,0.08203474477462948,0.34261488630415415,0.817623192011333,-0.30358539789911165,0.006053081452755381,0.0,1.8254382383726913
1394,Burnley,2020-02-15,0.880697731728931,2,0.08065600956833317,0.0,0.5048915362112585,-0.49162729868864724,0.006053081452755381,0.05238281082503731,1.0330538710976682
1395,Norwich,2020-02-15,0.880697731728931,0,0.08203474477462948,0.34261488630415415,0.39608154070281104,-0.766931662450047,0.006053081452755381,0.0,0.9405503225132341
1395,Liverpool,2020-02-15,0.880697731728931,1,0.08203474477462948,0.0,1.2754806650883113,-0.2381592154169979,0.006053081452755381,0.05238281082503731,2.0584898184526663
1396,Aston Villa,2020-02-16,0.880697731728931,2,0.08326834995921037,0.34261488630415415,0.5763554168850269,-0.3142353679008382,0.006053081452755381,0.0,1.5747540984292394
1396,Tottenham,2020-02-16,0.880697731728931,3,0.08203474477462948,0.0,0.5226034543469339,-0.3465557966753802,0.006053081452755381,0.05238281082503731,1.1972160264529066
1397,Arsenal,2020-02-16,0.880697731728931,4,0.08203474477462948,0.34261488630415415,0.5472969248721125,-0.2724724204612869,0.006053081452755381,0.0,1.5862249486712954
1397,Newcastle,2020-02-16,0.880697731728931,0,0.08326834995921037,0.0,0.45314768066551203,-0.3290832640076954,0.006053081452755381,0.05238281082503731,1.1464663906237507
1398,Chelsea,2020-02-17,0.880697731728931,0,0.08437859462533318,0.34261488630415415,0.5871059077497542,-0.2918402560270087,0.006053081452755381,0.0,1.609009945833919
1398,Man United,2020-02-17,0.880697731728931,2,0.08437859462533318,0.0,0.4853582425684729,-0.35301994157127214,0.006053081452755381,0.06574797243471761,1.1692156812389376
1399,Man City,2020-02-19,0.880697731728931,2,0.08538310170420618,0.34261488630415415,0.9278480265585846,-0.1582814811883173,0.006053081452755381,0.0,2.084315346560314
1399,West Ham,2020-02-19,0.880697731728931,0,0.0862962899577271,0.0,0.2632372332266142,-0.5579042073995699,0.006053081452755381,0.05238281082503731,0.7307629397914949
1400,Leicester,2020-02-22,0.880697731728931,0,0.07031549552111097,0.34261488630415415,0.5251385834582554,-0.5346040531655918,0.006518703102967334,0.0,1.290681346949827
1400,Man City,2020-02-22,0.880697731728931,1,0.04520281854928562,0.0,0.8890976428228623,-0.31575971149701226,0.006518703102967334,0.05238281082503731,1.5581399955320712
1401,Southampton,2020-02-22,0.880697731728931,2,0.06711933663378775,0.34261488630415415,0.6639157737318085,-0.27553867812401284,0.006518703102967334,0.0,1.6853277533776363
1401,Aston Villa,2020-02-22,0.880697731728931,0,0.06328394596899987,0.0,0.45824716025994144,-0.3992048190238077,0.006518703102967334,0.05238281082503731,1.0619255328620691
1402,Sheffield United,2020-02-22,0.880697731728931,1,0.08065600956833317,0.34261488630415415,0.6838031689742425,-0.1773653602862019,0.006518703102967334,0.0,1.8169251393924262
1402,Brighton,2020-02-22,0.880697731728931,1,0.08203474477462948,0.0,0.2949755483803717,-0.4111628780619077,0.006518703102967334,0.05238281082503731,0.905446660750029
1403,Burnley,2020-02-22,0.880697731728931,3,0.06711933663378775,0.34261488630415415,0.6776193976491992,-0.2601916974030484,0.006518703102967334,0.0,1.7143783580159913
1403,Bournemouth,2020-02-22,0.880697731728931,0,0.08065600956833317,0.0,0.43272366431437126,-0.40744464841536265,0.006518703102967334,0.05238281082503731,1.0455342711242774
1404,Chelsea,2020-02-22,0.880697731728931,2,0.05859624626759248,0.34261488630415415,0.5061397686466621,-0.4127696334162259,0.006518703102967334,0.0,1.3817977026340813
1404,Tottenham,2020-02-22,0.880697731728931,1,0.06328394596899987,0.0,0.686475356717037,-0.30433594551853943,0.006518703102967334,0.00865181560173289,1.3412916076011285
1405,Crystal Palace,2020-02-22,0.880697731728931,1,0.08203474477462948,0.34261488630415415,0.26157508193187706,-0.28962737991012755,0.006518703102967334,0.0,1.2838137679324315
1405,Newcastle,2020-02-22,0.880697731728931,0,0.06328394596899987,0.0,0.48167801805889804,-0.15728204898161427,0.006518703102967334,0.05238281082503731,1.3272791607032193
1406,Man United,2020-02-23,0.880697731728931,3,0.06328394596899987,0.34261488630415415,0.5403006619647355,-0.34996562450694046,0.006518703102967334,0.0,1.4834503045628473
1406,Watford,2020-02-23,0.880697731728931,0,0.08326834995921037,0.0,0.5820262865118475,-0.3248764926395691,0.006518703102967334,0.05238281082503731,1.2800173894884244
1407,Wolves,2020-02-23,0.880697731728931,3,0.07301993765653832,0.34261488630415415,0.4785265228832199,-0.22134038749482168,0.006518703102967334,0.0,1.560037394180989
1407,Norwich,2020-02-23,0.880697731728931,0,0.07031549552111097,0.0,0.3681102221688336,-0.2877324225811438,0.006518703102967334,0.05238281082503731,1.0902925407657365
1408,Arsenal,2020-02-23,0.880697731728931,3,0.06711933663378775,0.34261488630415415,0.5712700031165552,-0.4958883534680515,0.006518703102967334,0.0,1.372332307418344
1408,Everton,2020-02-23,0.880697731728931,2,0.08326834995921037,0.0,0.8247097334205766,-0.3434979966299124,0.006518703102967334,0.05238281082503731,1.50407933240681
1409,Liverpool,2020-02-24,0.880697731728931,3,0.07301993765653832,0.34261488630415415,1.2755007768595108,-0.13027113048732003,0.006518703102967334,0.0,2.4480809051647814
1409,West Ham,2020-02-24,0.880697731728931,2,0.05859624626759248,0.0,0.21665334252202112,-0.7669437554237337,0.006518703102967334,0.05238281082503731,0.44790507902281557
1410,Norwich,2020-02-28,0.880697731728931,1,0.05859624626759248,0.34261488630415415,0.3541245629018448,-0.2857058304814096,0.006518703102967334,0.0,1.3568462998240804
1410,Leicester,2020-02-28,0.880697731728931,0,0.06328394596899987,0.0,0.47515610650091267,-0.21293097353373358,0.006518703102967334,0.05238281082503731,1.2651083245931147
1411,Watford,2020-02-29,0.880697731728931,3,0.06328394596899987,0.34261488630415415,0.3760478691646378,-0.766949801910577,0.006518703102967334,0.0,0.902213334359113
1411,Liverpool,2020-02-29,0.880697731728931,0,0.05859624626759248,0.0,1.2755108327451103,-0.2261132021466316,0.006518703102967334,0.05238281082503731,2.047593122523007
1412,Newcastle,2020-02-29,0.880697731728931,0,0.06711933663378775,0.34261488630415415,0.45342582380123403,-0.5360698585132302,0.006518703102967334,0.0,1.2143066230578443
1412,Burnley,2020-02-29,0.880697731728931,0,0.06711933663378775,0.0,0.8915354172312407,-0.27263966468796713,0.006518703102967334,0.05238281082503731,1.625614334833997
1413,West Ham,2020-02-29,0.880697731728931,3,0.05859624626759248,0.34261488630415415,0.15084403421536757,-0.3529935791913879,0.006518703102967334,0.0,1.086278022427625
1413,Southampton,2020-02-29,0.880697731728931,1,0.06711933663378775,0.0,0.5870620645920462,-0.09070076019024069,0.006518703102967334,0.05238281082503731,1.503079886692529
1414,Bournemouth,2020-02-29,0.880697731728931,2,0.06711933663378775,0.34261488630415415,0.47146600988332765,-0.27999394749217316,0.006518703102967334,0.0,1.488422720160995
1414,Chelsea,2020-02-29,0.880697731728931,2,0.06711933663378775,0.0,0.4656566990951161,-0.2834870183810083,0.006518703102967334,0.05238281082503731,1.1888882630048312
1415,Brighton,2020-02-29,0.880697731728931,0,0.06711933663378775,0.34261488630415415,0.3175572260076138,-0.18090180427712987,0.006518703102967334,0.0,1.4336060795003245
1415,Crystal Palace,2020-02-29,0.880697731728931,1,0.06711933663378775,0.0,0.3008569927833666,-0.19094345992942366,0.006518703102967334,0.05238281082503731,1.1166321151446663
1416,Everton,2020-03-01,0.880697731728931,1,0.06711933663378775,0.34261488630415415,0.7524937703451443,-0.34139461094584933,0.006518703102967334,0.0,1.7080498171691356
1416,Man United,2020-03-01,0.880697731728931,1,0.06711933663378775,0.0,0.5677718716628668,-0.4524657363066712,0.006518703102967334,0.05238281082503731,1.122024717646919
1417,Tottenham,2020-03-01,0.880697731728931,2,0.07031549552111097,0.34261488630415415,0.7684113079020887,-0.34838777086321737,0.006518703102967334,0.0,1.7201703536960344
1417,Wolves,2020-03-01,0.880697731728931,3,0.06711933663378775,0.0,0.579402165076466,-0.4620367661739198,0.006518703102967334,0.05238281082503731,1.1240839811932697
1418,Burnley,2020-03-07,0.880697731728931,1,0.06711933663378775,0.34261488630415415,0.9134587011135474,-0.46110513760618604,0.006984324753179286,0.0,1.7497698429274138
1418,Tottenham,2020-03-07,0.880697731728931,1,0.06328394596899987,0.0,0.7668619205402574,-0.5492520736690026,0.006984324753179286,0.05238281082503731,1.220958660147402
1419,Southampton,2020-03-07,0.880697731728931,0,0.06711933663378775,0.34261488630415415,0.5486352100221652,-0.21301541718372563,0.006984324753179286,0.0,1.633036072258492
1419,Newcastle,2020-03-07,0.880697731728931,1,0.06711933663378775,0.0,0.35426500076368805,-0.32988795927517806,0.006984324753179286,0.05238281082503731,1.0315612454294454
1420,Sheffield United,2020-03-07,0.880697731728931,1,0.08203474477462948,0.34261488630415415,0.6820404881219774,-0.20872626655318954,0.006984324753179286,0.0,1.785645909129682
1420,Norwich,2020-03-07,0.880697731728931,0,0.07031549552111097,0.0,0.34713173326835045,-0.4101029986035993,0.006984324753179286,0.05238281082503731,0.9474090974930096
1421,Wolves,2020-03-07,0.880697731728931,0,0.06328394596899987,0.34261488630415415,0.629839986173089,-0.17216731480445388,0.006984324753179286,0.0,1.7512535601238994
1421,Brighton,2020-03-07,0.880697731728931,0,0.06711933663378775,0.0,0.2863307018668779,-0.37871544500425414,0.006984324753179286,0.05238281082503731,0.9147994608035591
1422,Arsenal,2020-03-07,0.880697731728931,1,0.08065600956833317,0.34261488630415415,0.6682912681474906,-0.14761115988144305,0.006984324753179286,0.0,1.831633060620645
1422,West Ham,2020-03-07,0.880697731728931,0,0.06711933663378775,0.0,0.24549146892511178,-0.4018357528341824,0.006984324753179286,0.05238281082503731,0.8508399200318647
1423,Liverpool,2020-03-07,0.880697731728931,2,0.06711933663378775,0.34261488630415415,1.1479637718248394,-0.3206998738165689,0.006984324753179286,0.0,2.124680177428323
1423,Bournemouth,2020-03-07,0.880697731728931,1,0.06711933663378775,0.0,0.5333545456221629,-0.6902572403142567,0.006984324753179286,0.05238281082503731,0.8502815092488415
1424,Crystal Palace,2020-03-07,0.880697731728931,1,0.06711933663378775,0.34261488630415415,0.40553267411782534,-0.2153173808596385,0.006984324753179286,0.0,1.4876315726782392
1424,Watford,2020-03-07,0.880697731728931,0,0.06711933663378775,0.0,0.35809338639974686,-0.243842071818049,0.006984324753179286,0.05238281082503731,1.1214355185226332
1425,Chelsea,2020-03-08,0.880697731728931,4,0.07031549552111097,0.34261488630415415,0.48793252727370007,-0.43075442772598105,0.006984324753179286,0.0,1.3577905378550945
1425,Everton,2020-03-08,0.880697731728931,0,0.06711933663378775,0.0,0.7163857888074282,-0.2933881434255706,0.006984324753179286,0.05238281082503731,1.4301818493227927
1426,Man United,2020-03-08,0.880697731728931,2,0.06711933663378775,0.34261488630415415,0.6240248394662894,-0.5229539760486027,0.006984324753179286,0.0,1.398487142837739
1426,Man City,2020-03-08,0.880697731728931,0,0.08326834995921037,0.0,0.8697224509550013,-0.37521886504557006,0.006984324753179286,0.007936789518945046,1.473390781869697
1427,Leicester,2020-03-09,0.880697731728931,4,0.07533803091547604,0.34261488630415415,0.45016486802224137,-0.24003011884832917,0.006984324753179286,0.0,1.5157697228756528
1427,Aston Villa,2020-03-09,0.880697731728931,0,0.08437859462533318,0.0,0.3991930319473988,-0.27067888997360817,0.006984324753179286,0.05238281082503731,1.1529576039062714
1428,Aston Villa,2020-06-17,0.880697731728931,0,0.08859752435659983,0.34261488630415415,0.3271486048367704,-0.46070344876760644,0.006518703102967334,0.0,1.1848740015618164
1428,Sheffield United,2020-06-17,0.880697731728931,0,0.08859752435659983,0.0,0.7661938736045587,-0.19671064426390664,0.006518703102967334,0.05238281082503731,1.5976799993541877
1429,Man City,2020-06-17,0.880697731728931,3,0.08859752435659983,0.34261488630415415,0.8175174920667138,-0.4821350208294787,0.006518703102967334,0.0,1.6538113167298876
1429,Arsenal,2020-06-17,0.880697731728931,0,0.08859752435659983,0.0,0.8018366265716724,-0.4915637425435275,0.006518703102967334,0.06520223288348526,1.3512890761001284
1430,Tottenham,2020-06-19,0.880697731728931,1,0.08859752435659983,0.34261488630415415,0.6810525009506277,-0.46882657693517255,0.006984324753179286,0.0,1.5311203911583198
1430,Man United,2020-06-19,0.880697731728931,1,0.08859752435659983,0.0,0.7797034122310718,-0.4095089334291578,0.006984324753179286,0.06547851353129663,1.411952573171921
1431,Norwich,2020-06-19,0.880697731728931,0,0.08859752435659983,0.34261488630415415,0.3436353184516033,-0.24163956447733106,0.006984324753179286,0.0,1.4208902211171366
1431,Southampton,2020-06-19,0.880697731728931,3,0.08859752435659983,0.0,0.4018696938741536,-0.2066239130629175,0.006984324753179286,0.05238281082503731,1.2239081724749836
1432,Bournemouth,2020-06-20,0.880697731728931,0,0.08859752435659983,0.34261488630415415,0.43674672462850944,-0.35200779042825064,0.006984324753179286,0.0,1.4036334013431233
1432,Crystal Palace,2020-06-20,0.880697731728931,2,0.08859752435659983,0.0,0.5854226036481257,-0.26261071669460717,0.006984324753179286,0.05238281082503731,1.3514742786172658
1433,West Ham,2020-06-20,0.880697731728931,0,0.08859752435659983,0.34261488630415415,0.29281518627998393,-0.4194444770213532,0.006984324753179286,0.0,1.192265176401495
1433,Wolves,2020-06-20,0.880697731728931,2,0.08859752435659983,0.0,0.6975762596757575,-0.17606635972704426,0.006984324753179286,0.05238281082503731,1.5501722916124607
1434,Watford,2020-06-20,0.880697731728931,1,0.08859752435659983,0.34261488630415415,0.3491161450173015,-0.26316541971970747,0.006984324753179286,0.0,1.4048451924404584
1434,Leicester,2020-06-20,0.880697731728931,1,0.08859752435659983,0.0,0.4376692487829057,-0.20991947021614196,0.006984324753179286,0.05238281082503731,1.256412170230511
1435,Brighton,2020-06-20,0.880697731728931,2,0.08859752435659983,0.34261488630415415,0.313234802750867,-0.49671945988054617,0.006984324753179286,0.0,1.1354098100131853
1435,Arsenal,2020-06-20,0.880697731728931,1,0.04520281854928562,0.0,0.8260919428294062,-0.18834443718854965,0.006984324753179286,0.05238281082503731,1.6230151914972897
1436,Newcastle,2020-06-21,0.880697731728931,3,0.08859752435659983,0.34261488630415415,0.389719315153629,-0.5115688687961907,0.006984324753179286,0.0,1.1970449135003027
1436,Sheffield United,2020-06-21,0.880697731728931,0,0.05273662164083323,0.0,0.8507879293002064,-0.2343336833247662,0.006984324753179286,0.05238281082503731,1.609255734923421
1437,Aston Villa,2020-06-21,0.880697731728931,1,0.05273662164083323,0.34261488630415415,0.2060916653727422,-0.35121563128543076,0.006984324753179286,0.0,1.1379095985144094
1437,Chelsea,2020-06-21,0.880697731728931,2,0.08859752435659983,0.0,0.584105167271706,-0.12392051707853399,0.006984324753179286,0.05238281082503731,1.4888470418569193
1438,Everton,2020-06-21,0.880697731728931,0,0.08859752435659983,0.34261488630415415,0.6558144350842131,-0.6519109595160966,0.006984324753179286,0.0,1.3227979427109808
1438,Liverpool,2020-06-21,0.880697731728931,0,0.08859752435659983,0.0,1.0841902413647038,-0.3943335784890553,0.006984324753179286,0.05238281082503731,1.7185190545393958
1439,Man City,2020-06-22,0.880697731728931,5,0.05859624626759248,0.34261488630415415,0.7914150126225699,-0.5047127913537275,0.006984324753179286,0.0,1.5755954103226995
1439,Burnley,2020-06-22,0.880697731728931,0,0.08859752435659983,0.0,0.8393856171459868,-0.4758686257909899,0.006984324753179286,0.05238281082503731,1.3921793830187443
1440,Leicester,2020-06-23,0.880697731728931,0,0.04520281854928562,0.34261488630415415,0.43142143916323794,-0.2475633882737589,0.007449946403391239,0.0,1.459823433875241
1440,Brighton,2020-06-23,0.880697731728931,0,0.04520281854928562,0.0,0.4117215791015755,-0.2594086845927572,0.007449946403391239,0.05238281082503731,1.1380462020154634
1441,Tottenham,2020-06-23,0.880697731728931,2,0.05273662164083323,0.34261488630415415,0.5531130652470989,-0.16472876470326417,0.007449946403391239,0.0,1.6718834866211445
1441,West Ham,2020-06-23,0.880697731728931,0,0.04520281854928562,0.0,0.273959682003063,-0.3325804414474823,0.007449946403391239,0.05238281082503731,0.927112548062226
1442,Norwich,2020-06-24,0.880697731728931,0,0.05859624626759248,0.34261488630415415,0.2993697480888726,-0.32499276397743104,0.007449946403391239,0.0,1.2637357948155106
1442,Everton,2020-06-24,0.880697731728931,1,0.04520281854928562,0.0,0.5404940323138916,-0.18000754137120079,0.007449946403391239,0.05238281082503731,1.3462197984493358
1443,Liverpool,2020-06-24,0.880697731728931,4,0.04520281854928562,0.34261488630415415,0.967268750225922,-0.4827862345730935,0.007449946403391239,0.0,1.7604478986385903
1443,Crystal Palace,2020-06-24,0.880697731728931,0,0.05273662164083323,0.0,0.802919657276347,-0.5816074292238551,0.007449946403391239,0.05238281082503731,1.2145793386506845
1444,Wolves,2020-06-24,0.880697731728931,1,0.05273662164083323,0.34261488630415415,0.8164791223358059,-0.15687055329388427,0.007449946403391239,0.0,1.943107755119231
1444,Bournemouth,2020-06-24,0.880697731728931,0,0.05273662164083323,0.0,0.26089072526861173,-0.4909393829230641,0.007449946403391239,0.05238281082503731,0.7632184529437402
1445,Newcastle,2020-06-24,0.880697731728931,1,0.04520281854928562,0.34261488630415415,0.49248119825731357,-0.08752545348584768,0.007449946403391239,0.0,1.680921127757228
1445,Aston Villa,2020-06-24,0.880697731728931,1,0.04520281854928562,0.0,0.14556319564072812,-0.29612320628844785,0.007449946403391239,0.05238281082503731,0.8351732968589254
1446,Man United,2020-06-24,0.880697731728931,3,0.05859624626759248,0.34261488630415415,0.8575426986134629,-0.4603059939707408,0.007449946403391239,0.0,1.6865955153467909
1446,Sheffield United,2020-06-24,0.880697731728931,0,0.04520281854928562,0.0,0.7655328682849593,-0.5156304328799737,0.007449946403391239,0.05238281082503731,1.2356357429116307
1447,Burnley,2020-06-25,0.880697731728931,1,0.04520281854928562,0.34261488630415415,0.7598317122078494,-0.23278570984097438,0.007449946403391239,0.0,1.803011385352637
1447,Watford,2020-06-25,0.880697731728931,0,0.05859624626759248,0.0,0.3871448872804358,-0.4568779552495092,0.007449946403391239,0.05238281082503731,0.9293936672558785
1448,Southampton,2020-06-25,0.880697731728931,0,0.06328394596899987,0.34261488630415415,0.45603902466321883,-0.4784464844594992,0.007449946403391239,0.0,1.2716390506091957
1448,Arsenal,2020-06-25,0.880697731728931,2,0.05859624626759248,0.0,0.7957022380039162,-0.27421095191814965,0.007449946403391239,0.05238281082503731,1.5206180213107183
1449,Chelsea,2020-06-25,0.880697731728931,2,0.05273662164083323,0.34261488630415415,0.7172262131794231,-0.5447166522544631,0.007449946403391239,0.0,1.4560087470022698
1449,Man City,2020-06-25,0.880697731728931,1,0.04520281854928562,0.0,0.905915861763569,-0.4312597651085222,0.007449946403391239,0.06547851353129663,1.473485106867951
1450,Aston Villa,2020-06-27,0.880697731728931,0,0.04520281854928562,0.34261488630415415,0.15781632372907806,-0.5778172257670808,0.007449946403391239,0.0,0.8559644809477591
1450,Wolves,2020-06-27,0.880697731728931,1,0.04520281854928562,0.0,0.9609652795745439,-0.0948931166360852,0.007449946403391239,0.05238281082503731,1.851805470445104
1451,Watford,2020-06-28,0.880697731728931,1,0.04520281854928562,0.34261488630415415,0.3636418954576459,-0.2904966456385589,0.007449946403391239,0.0,1.349110632804849
1451,Southampton,2020-06-28,0.880697731728931,3,0.04520281854928562,0.0,0.4831236900577515,-0.21865363470680993,0.007449946403391239,0.05238281082503731,1.2502033628575866
1452,Crystal Palace,2020-06-29,0.880697731728931,0,0.05859624626759248,0.34261488630415415,0.9116681840904576,-0.43296053719739996,0.007449946403391239,0.0,1.7680664575971268
1452,Burnley,2020-06-29,0.880697731728931,1,0.05273662164083323,0.0,0.7200547597387807,-0.5481754566455149,0.007449946403391239,0.05238281082503731,1.1651464136914584
1453,Brighton,2020-06-30,0.880697731728931,0,0.06711933663378775,0.34261488630415415,0.46096496727692976,-0.5390323608523744,0.007449946403391239,0.0,1.2198145074948197
1453,Man United,2020-06-30,0.880697731728931,3,0.06328394596899987,0.0,0.8964623418046586,-0.2771728638163635,0.007449946403391239,0.05238281082503731,1.6231039129146545
1454,West Ham,2020-07-01,0.880697731728931,3,0.07031549552111097,0.34261488630415415,0.2645319298646025,-0.5479774168598099,0.007449946403391239,0.0,1.0176325729623799
1454,Chelsea,2020-07-01,0.880697731728931,2,0.06328394596899987,0.0,0.9113388249963525,-0.15905996719137414,0.007449946403391239,0.05238281082503731,1.7560932927313377
1455,Bournemouth,2020-07-01,0.880697731728931,1,0.06711933663378775,0.34261488630415415,0.17296272558866285,-0.35258316271686935,0.007449946403391239,0.0,1.1182614639420576
1455,Newcastle,2020-07-01,0.880697731728931,4,0.06711933663378775,0.0,0.5863795027635128,-0.1040004715935228,0.007449946403391239,0.05238281082503731,1.4900288567611373
1456,Arsenal,2020-07-01,0.880697731728931,4,0.06328394596899987,0.34261488630415415,0.7805073855911712,-0.16669935552534243,0.007449946403391239,0.0,1.9078545404713048
1456,Norwich,2020-07-01,0.880697731728931,0,0.06711933663378775,0.0,0.2772369629075073,-0.4693099967489757,0.007449946403391239,0.05238281082503731,0.8155767917496788
1457,Everton,2020-07-01,0.880697731728931,2,0.06711933663378775,0.34261488630415415,0.4828338309287308,-0.257530317029282,0.007449946403391239,0.0,1.523185414969713
1457,Leicester,2020-07-01,0.880697731728931,1,0.07031549552111097,0.0,0.428297534353404,-0.29032235672161893,0.007449946403391239,0.05238281082503731,1.1488211621102555
1458,Sheffield United,2020-07-02,0.880697731728931,3,0.07031549552111097,0.34261488630415415,0.5953532489142647,-0.2941161954566446,0.007449946403391239,0.0,1.6023151134152076
1458,Tottenham,2020-07-02,0.880697731728931,1,0.07301993765653832,0.0,0.4891433473953345,-0.3579789717182738,0.007449946403391239,0.05238281082503731,1.1447148022909586
1459,Man City,2020-07-02,0.880697731728931,4,0.06711933663378775,0.34261488630415415,0.8356141974709975,-0.5464556640777344,0.007449946403391239,0.0,1.5870404344635272
1459,Liverpool,2020-07-02,0.880697731728931,0,0.07031549552111097,0.0,0.908808004656531,-0.5024450806464577,0.007449946403391239,0.03097908167072099,1.3958051793342272
1460,Norwich,2020-07-04,0.880697731728931,0,0.04520281854928562,0.34261488630415415,0.2661705703168247,-0.2664124066410852,0.007915568053603191,0.0,1.2761891683117135
1460,Brighton,2020-07-04,0.880697731728931,1,0.05273662164083323,0.0,0.44306929841024995,-0.16004526260241325,0.007915568053603191,0.05238281082503731,1.2767567680562415
1461,Leicester,2020-07-04,0.880697731728931,3,0.04520281854928562,0.34261488630415415,0.42673558194848704,-0.5041744828419836,0.007915568053603191,0.0,1.1989921037424773
1461,Crystal Palace,2020-07-04,0.880697731728931,0,0.05859624626759248,0.0,0.8384903586344419,-0.2565911332475444,0.007915568053603191,0.05238281082503731,1.5814915822620614
1462,Man United,2020-07-04,0.880697731728931,5,0.05273662164083323,0.34261488630415415,0.9159221634002563,-0.07756543074334209,0.007915568053603191,0.0,2.1223215403844358
1462,Bournemouth,2020-07-04,0.880697731728931,2,0.04520281854928562,0.0,0.12899872574868843,-0.5507333248385746,0.007915568053603191,0.05238281082503731,0.5644643300669709
1463,Wolves,2020-07-04,0.880697731728931,0,0.06711933663378775,0.34261488630415415,1.033208358193913,-0.46474175289371394,0.007915568053603191,0.0,1.8668141280206756
1463,Arsenal,2020-07-04,0.880697731728931,2,0.04520281854928562,0.0,0.7729099593847986,-0.6212561471890893,0.007915568053603191,0.05238281082503731,1.1378527413525665
1464,Chelsea,2020-07-04,0.880697731728931,3,0.04520281854928562,0.34261488630415415,0.8808430420417463,-0.2115875971397277,0.007915568053603191,0.0,1.9456864495379926
1464,Watford,2020-07-04,0.880697731728931,0,0.06328394596899987,0.0,0.35189039954625095,-0.5296406578957118,0.007915568053603191,0.05238281082503731,0.8265297982271105
1465,Southampton,2020-07-05,0.880697731728931,1,0.06711933663378775,0.34261488630415415,0.4966660227550178,-0.481309294842455,0.007915568053603191,0.0,1.313704250633039
1465,Man City,2020-07-05,0.880697731728931,0,0.04520281854928562,0.0,0.8004633653247119,-0.29863949249876354,0.007915568053603191,0.05238281082503731,1.4880228019828055
1466,Liverpool,2020-07-05,0.880697731728931,2,0.04520281854928562,0.34261488630415415,0.7520255430087647,-0.09857694821120397,0.007915568053603191,0.0,1.9298795994335345
1466,Aston Villa,2020-07-05,0.880697731728931,0,0.07031549552111097,0.0,0.16394288777325305,-0.452184196664932,0.007915568053603191,0.05238281082503731,0.7230702972370033
1467,Burnley,2020-07-05,0.880697731728931,1,0.06328394596899987,0.34261488630415415,0.7001662835042464,-0.35794585048520167,0.007915568053603191,0.0,1.6367325650747329
1467,Sheffield United,2020-07-05,0.880697731728931,1,0.04520281854928562,0.0,0.5952981651376313,-0.42100182817134546,0.007915568053603191,0.05238281082503731,1.160495266123143
1468,Newcastle,2020-07-05,0.880697731728931,2,0.05273662164083323,0.34261488630415415,0.7608807438796834,-0.23292115327517113,0.007915568053603191,0.0,1.811924398332034
1468,West Ham,2020-07-05,0.880697731728931,2,0.05273662164083323,0.0,0.3873701426584433,-0.4575087257708222,0.007915568053603191,0.05238281082503731,0.9235941491360258
1469,Tottenham,2020-07-06,0.880697731728931,1,0.05273662164083323,0.34261488630415415,0.4571584884694523,-0.3496827379334549,0.007915568053603191,0.0,1.391440558263519
1469,Everton,2020-07-06,0.880697731728931,0,0.05859624626759248,0.0,0.5815558190992215,-0.2748840724612257,0.007915568053603191,0.05238281082503731,1.30626410351316
1470,Crystal Palace,2020-07-07,0.880697731728931,2,0.04520281854928562,0.34261488630415415,0.674349357043363,-0.571602668306824,0.007915568053603191,0.0,1.3791776933725128
1470,Chelsea,2020-07-07,0.880697731728931,3,0.04520281854928562,0.0,0.9506298764731572,-0.4054784111004759,0.007915568053603191,0.05238281082503731,1.5313503945295384
1471,Watford,2020-07-07,0.880697731728931,2,0.04520281854928562,0.34261488630415415,0.2184625627274825,-0.08002263130120663,0.007915568053603191,0.0,1.4148709360622498
1471,Norwich,2020-07-07,0.880697731728931,1,0.04520281854928562,0.0,0.13308528515841234,-0.13135899351644453,0.007915568053603191,0.05238281082503731,0.9879252207988249
1472,Arsenal,2020-07-07,0.880697731728931,1,0.04520281854928562,0.34261488630415415,0.7691112462816123,-0.3328171261964177,0.007915568053603191,0.0,1.7127251247211686
1472,Leicester,2020-07-07,0.880697731728931,1,0.04520281854928562,0.0,0.5535066946090996,-0.4624576309660831,0.007915568053603191,0.05238281082503731,1.0772479927998737
1473,Brighton,2020-07-08,0.880697731728931,1,0.05273662164083323,0.34261488630415415,0.561673552839981,-0.4817440477982728,0.007915568053603191,0.0,1.3638943127692298
1473,Liverpool,2020-07-08,0.880697731728931,3,0.04520281854928562,0.0,0.8011864010479524,-0.33772776289318807,0.007915568053603191,0.05238281082503731,1.4496575673116212
1474,West Ham,2020-07-08,0.880697731728931,0,0.04520281854928562,0.34261488630415415,0.3637545231466497,-0.4150224736583182,0.007915568053603191,0.0,1.2251630541243055
1474,Burnley,2020-07-08,0.880697731728931,1,0.04520281854928562,0.0,0.6902220453869793,-0.21872135642390833,0.007915568053603191,0.05238281082503731,1.457699618119928
1475,Sheffield United,2020-07-08,0.880697731728931,1,0.04520281854928562,0.34261488630415415,0.5102358973406007,-0.5662800230603514,0.007915568053603191,0.0,1.220386878916223
1475,Wolves,2020-07-08,0.880697731728931,0,0.05273662164083323,0.0,0.9417778086405266,-0.30679889997550425,0.007915568053603191,0.05238281082503731,1.628711640913427
1476,Man City,2020-07-08,0.880697731728931,5,0.04520281854928562,0.34261488630415415,0.7828879492515689,-0.5099715072977986,0.007915568053603191,0.0,1.549347446589744
1476,Newcastle,2020-07-08,0.880697731728931,0,0.04520281854928562,0.0,0.8481313644377688,-0.47074140194045355,0.007915568053603191,0.05238281082503731,1.3635888916541723
1477,Bournemouth,2020-07-09,0.880697731728931,0,0.05859624626759248,0.34261488630415415,0.06449936287434421,-0.3419635958032583,0.007915568053603191,0.0,1.0123601994253668
1477,Tottenham,2020-07-09,0.880697731728931,0,0.04520281854928562,0.0,0.5687181478695822,-0.038782715371671043,0.007915568053603191,0.05238281082503731,1.516134361654768
1478,Everton,2020-07-09,0.880697731728931,1,0.04520281854928562,0.34261488630415415,0.5883994502301098,-0.37940650076860793,0.007915568053603191,0.0,1.4854239540974759
1478,Southampton,2020-07-09,0.880697731728931,1,0.05273662164083323,0.0,0.630989277966722,-0.35379773359279226,0.007915568053603191,0.05238281082503731,1.2709242766223345
1479,Aston Villa,2020-07-09,0.880697731728931,0,0.05273662164083323,0.34261488630415415,0.16700616979534055,-0.6077141967248362,0.007915568053603191,0.0,0.8432567807980261
1479,Man United,2020-07-09,0.880697731728931,3,0.05859624626759248,0.0,1.0106868001067693,-0.10041886399876335,0.007915568053603191,0.05238281082503731,1.9098602929831698
1480,Norwich,2020-07-11,0.880697731728931,0,0.05273662164083323,0.34261488630415415,0.06654264257920617,-0.2116214579982769,0.008381189703815144,0.0,1.1393516139586628
1480,West Ham,2020-07-11,0.880697731728931,4,0.04520281854928562,0.0,0.3519467133907529,-0.04001131565060331,0.008381189703815144,0.05238281082503731,1.2985999485472186
1481,Watford,2020-07-11,0.880697731728931,2,0.05273662164083323,0.34261488630415415,0.27930073318116927,-0.45950731322154476,0.008381189703815144,0.0,1.104223849337358
1481,Newcastle,2020-07-11,0.880697731728931,1,0.04520281854928562,0.0,0.7642045858537405,-0.167940276544545,0.008381189703815144,0.05238281082503731,1.5829288601162645
1482,Liverpool,2020-07-11,0.880697731728931,1,0.04520281854928562,0.34261488630415415,0.8257668300675461,-0.46316318629496595,0.008381189703815144,0.0,1.6395002700587662
1482,Burnley,2020-07-11,0.880697731728931,1,0.04520281854928562,0.0,0.7702846522370598,-0.4965239733649432,0.008381189703815144,0.05238281082503731,1.2604252296791856
1483,Sheffield United,2020-07-11,0.880697731728931,3,0.04520281854928562,0.34261488630415415,0.5527394893507994,-0.5925836735123802,0.008381189703815144,0.0,1.2370524421246052
1483,Chelsea,2020-07-11,0.880697731728931,0,0.05273662164083323,0.0,0.9855232936888627,-0.3323558146138169,0.008381189703815144,0.05238281082503731,1.6473658329736622
1484,Brighton,2020-07-11,0.880697731728931,0,0.04520281854928562,0.34261488630415415,0.5784583171004896,-0.46545745548945294,0.008381189703815144,0.0,1.3898974878972223
1484,Man City,2020-07-11,0.880697731728931,5,0.04520281854928562,0.0,0.7741002412149975,-0.34782024607265877,0.008381189703815144,0.05238281082503731,1.4129445459494079
1485,Wolves,2020-07-12,0.880697731728931,3,0.05273662164083323,0.34261488630415415,0.8535451709094765,-0.38142042636904155,0.008381189703815144,0.0,1.7565551739181684
1485,Everton,2020-07-12,0.880697731728931,0,0.04520281854928562,0.0,0.634338628749911,-0.5132267660494019,0.008381189703815144,0.05238281082503731,1.107776413507578
1486,Aston Villa,2020-07-12,0.880697731728931,2,0.04520281854928562,0.34261488630415415,0.1260204478520273,-0.27943479038998,0.008381189703815144,0.0,1.1234822837482332
1486,Crystal Palace,2020-07-12,0.880697731728931,0,0.05859624626759248,0.0,0.4647267673847525,-0.07577462694596236,0.008381189703815144,0.05238281082503731,1.389010118964166
1487,Tottenham,2020-07-12,0.880697731728931,2,0.04520281854928562,0.34261488630415415,0.6244979775696472,-0.48688076494884835,0.008381189703815144,0.0,1.4145138389069845
1487,Arsenal,2020-07-12,0.880697731728931,1,0.05859624626759248,0.0,0.8097292526843762,-0.3755033574742746,0.008381189703815144,0.007936789518945046,1.3898378524293853
1488,Bournemouth,2020-07-12,0.880697731728931,4,0.04520281854928562,0.34261488630415415,0.07476704439152912,-0.3197997327776929,0.008381189703815144,0.0,1.031863937900022
1488,Leicester,2020-07-12,0.880697731728931,1,0.05859624626759248,0.0,0.5318575250306918,-0.0449565526324162,0.008381189703815144,0.05238281082503731,1.4869589509236514
1489,Man United,2020-07-13,0.880697731728931,2,0.05273662164083323,0.34261488630415415,1.0580691184600257,-0.4453551998501108,0.008381189703815144,0.0,1.8971443479876482
1489,Southampton,2020-07-13,0.880697731728931,2,0.05273662164083323,0.0,0.740668268526931,-0.636204632667967,0.008381189703815144,0.05238281082503731,1.0986619897575807
1490,Chelsea,2020-07-14,0.880697731728931,1,0.04520281854928562,0.34261488630415415,0.8754179134336445,-0.020005657825301656,0.008381189703815144,0.0,2.132308881894529
1490,Norwich,2020-07-14,0.880697731728931,0,0.04520281854928562,0.0,0.033271321289603084,-0.5263785912754163,0.008381189703815144,0.05238281082503731,0.49355728082125583
1491,Man City,2020-07-15,0.880697731728931,2,0.05273662164083323,0.34261488630415415,0.7697063871967118,-0.12473905610253083,0.008381189703815144,0.0,1.9293977604719146
1491,Bournemouth,2020-07-15,0.880697731728931,1,0.04520281854928562,0.0,0.20745297401319257,-0.4628154822639526,0.008381189703815144,0.05238281082503731,0.7313020425563092
1492,Newcastle,2020-07-15,0.880697731728931,1,0.05273662164083323,0.34261488630415415,0.5946891076986552,-0.44340362820294416,0.008381189703815144,0.0,1.4357159088734446
1492,Tottenham,2020-07-15,0.880697731728931,3,0.04520281854928562,0.0,0.7374226183283937,-0.35757963134367576,0.008381189703815144,0.05238281082503731,1.366507537791787
1493,Burnley,2020-07-15,0.880697731728931,1,0.05273662164083323,0.34261488630415415,0.852833318616457,-0.4867001375439271,0.008381189703815144,0.0,1.6505636104502637
1493,Wolves,2020-07-15,0.880697731728931,1,0.04520281854928562,0.0,0.8094288520439513,-0.5127987375598705,0.008381189703815144,0.05238281082503731,1.2832946652911499
1494,Arsenal,2020-07-15,0.880697731728931,2,0.04520281854928562,0.34261488630415415,0.8300382558857582,-0.5039139361482784,0.008381189703815144,0.0,1.6030209460236657
1494,Liverpool,2020-07-15,0.880697731728931,1,0.05273662164083323,0.0,0.8380570445773432,-0.499092331940231,0.008381189703815144,0.06491886811649923,1.3456991238271907
1495,Southampton,2020-07-16,0.880697731728931,1,0.04520281854928562,0.34261488630415415,0.7104730378983215,-0.2761709028226521,0.008381189703815144,0.0,1.7111987613618551
1495,Brighton,2020-07-16,0.880697731728931,1,0.05859624626759248,0.0,0.4592986103676728,-0.4271991594977008,0.008381189703815144,0.05238281082503731,1.032157429395348
1496,Crystal Palace,2020-07-16,0.880697731728931,0,0.05273662164083323,0.34261488630415415,0.23236338369237625,-0.6504498506395323,0.008381189703815144,0.0,0.8663439624305775
1496,Man United,2020-07-16,0.880697731728931,2,0.04520281854928562,0.0,1.081760277636654,-0.13971739519499,0.008381189703815144,0.05238281082503731,1.9287074332487328
1497,Everton,2020-07-16,0.880697731728931,1,0.05273662164083323,0.34261488630415415,0.6147908550554546,-0.1401480932593039,0.008381189703815144,0.0,1.7590731911738842
1497,Aston Villa,2020-07-16,0.880697731728931,1,0.05273662164083323,0.0,0.23307967574344168,-0.3696665778105856,0.008381189703815144,0.05238281082503731,0.8576114518314727
1498,Leicester,2020-07-16,0.880697731728931,2,0.05273662164083323,0.34261488630415415,0.4785155772871309,-0.4218298567727153,0.008381189703815144,0.0,1.3411161498921491
1498,Sheffield United,2020-07-16,0.880697731728931,0,0.05859624626759248,0.0,0.7015433742189697,-0.28772584112174987,0.008381189703815144,0.05238281082503731,1.4138755116225956
1499,West Ham,2020-07-17,0.880697731728931,3,0.06328394596899987,0.34261488630415415,0.4735948973758755,-0.23736130795175658,0.008381189703815144,0.0,1.5312113431300187
1499,Watford,2020-07-17,0.880697731728931,1,0.06328394596899987,0.0,0.3947545443167267,-0.28476709362520325,0.008381189703815144,0.05238281082503731,1.1147331289183064
1500,Norwich,2020-07-18,0.880697731728931,0,0.05273662164083323,0.34261488630415415,0.016635660644801542,-0.4864861232991613,0.008846811354027095,0.0,0.8150455883735858
1500,Burnley,2020-07-18,0.880697731728931,2,0.04520281854928562,0.0,0.8090729258974415,-0.010002828912650828,0.008846811354027095,0.05238281082503731,1.7862002694420716
1501,Bournemouth,2020-07-19,0.880697731728931,0,0.05273662164083323,0.34261488630415415,0.2737959388240243,-0.4436863342680765,0.008846811354027095,0.0,1.1150056555838934
1501,Southampton,2020-07-19,0.880697731728931,2,0.04520281854928562,0.0,0.7378927855383738,-0.16463030783758814,0.008846811354027095,0.05238281082503731,1.5603926501580665
1502,Tottenham,2020-07-19,0.880697731728931,3,0.05273662164083323,0.34261488630415415,0.7938849387077669,-0.3228192851869397,0.008846811354027095,0.0,1.7559617045487728
1502,Leicester,2020-07-19,0.880697731728931,0,0.04520281854928562,0.0,0.5368793293240646,-0.4773537635672789,0.008846811354027095,0.05238281082503731,1.0466557382140667
1503,Brighton,2020-07-20,0.880697731728931,0,0.05273662164083323,0.34261488630415415,0.3997187570012644,-0.28105059545816063,0.008846811354027095,0.0,1.4035642125710495
1503,Newcastle,2020-07-20,0.880697731728931,0,0.05859624626759248,0.0,0.46741400566675567,-0.24034623119764875,0.008846811354027095,0.05238281082503731,1.227591374644695
1504,Sheffield United,2020-07-20,0.880697731728931,0,0.05273662164083323,0.34261488630415415,0.775945316653055,-0.3126592636381962,0.008846811354027095,0.0,1.7481821040428045
1504,Everton,2020-07-20,0.880697731728931,1,0.05273662164083323,0.0,0.5199822422995123,-0.46656687785216444,0.008846811354027095,0.05238281082503731,1.0480793399961763
1505,Wolves,2020-07-20,0.880697731728931,2,0.05859624626759248,0.34261488630415415,0.7023359667024746,-0.069858697597495,0.008846811354027095,0.0,1.9232329447596843
1505,Crystal Palace,2020-07-20,0.880697731728931,0,0.05273662164083323,0.0,0.11618169184618812,-0.42230643339802826,0.008846811354027095,0.05238281082503731,0.6885392339969886
1506,Watford,2020-07-21,0.880697731728931,0,0.05273662164083323,0.34261488630415415,0.45248144988450534,-0.5381900804909445,0.008846811354027095,0.0,1.1991874204215063
1506,Man City,2020-07-21,0.880697731728931,4,0.06328394596899987,0.0,0.8950615490506401,-0.27207182365536237,0.008846811354027095,0.05238281082503731,1.6282010252722727
1507,Aston Villa,2020-07-21,0.880697731728931,1,0.05859624626759248,0.34261488630415415,0.2866092896891489,-0.5051981154359224,0.008846811354027095,0.0,1.0721668499079313
1507,Arsenal,2020-07-21,0.880697731728931,0,0.06328394596899987,0.0,0.8401927574864492,-0.1723348264159747,0.008846811354027095,0.05238281082503731,1.6730692309474697
1508,Man United,2020-07-22,0.880697731728931,1,0.06328394596899987,0.34261488630415415,1.093605857224968,-0.39803549627840845,0.008846811354027095,0.0,1.9910137363026714
1508,West Ham,2020-07-22,0.880697731728931,1,0.05859624626759248,0.0,0.6619710782315078,-0.657572459625315,0.008846811354027095,0.05238281082503731,1.0049222187817808
1509,Liverpool,2020-07-22,0.880697731728931,5,0.06711933663378775,0.34261488630415415,0.7166500629691706,-0.49327605015693426,0.008846811354027095,0.0,1.522652778833136
1509,Chelsea,2020-07-22,0.880697731728931,3,0.07031549552111097,0.0,0.8203652233060353,-0.43091333270020393,0.008846811354027095,0.06520223288348526,1.4145141620933854
1510,West Ham,2020-07-26,0.880697731728931,1,0.05273662164083323,0.34261488630415415,0.6711244427506099,-0.2651237778340521,0.008846811354027095,0.0,1.6908967159445032
1510,Aston Villa,2020-07-26,0.880697731728931,1,0.05859624626759248,0.0,0.4409261855250735,-0.40353930771184965,0.008846811354027095,0.05238281082503731,1.0379104779888118
1511,Southampton,2020-07-26,0.880697731728931,3,0.06711933663378775,0.34261488630415415,0.7516026593584,-0.412239803552147,0.008846811354027095,0.0,1.6386416218271531
1511,Sheffield United,2020-07-26,0.880697731728931,1,0.06328394596899987,0.0,0.6855941990070266,-0.4519299216532644,0.008846811354027095,0.05238281082503731,1.2388755772307574
1512,Newcastle,2020-07-26,0.880697731728931,1,0.06328394596899987,0.34261488630415415,0.31874172874209183,-0.4711086158159088,0.008846811354027095,0.0,1.1430764882822948
1512,Liverpool,2020-07-26,0.880697731728931,3,0.05273662164083323,0.0,0.7834986610281554,-0.1916556876222417,0.008846811354027095,0.05238281082503731,1.586506948954742
1513,Leicester,2020-07-26,0.880697731728931,0,0.06711933663378775,0.34261488630415415,0.5660612053425313,-0.610003374225045,0.008846811354027095,0.0,1.2553365971383865
1513,Man United,2020-07-26,0.880697731728931,2,0.05273662164083323,0.0,1.0144939211104111,-0.34036600721953464,0.008846811354027095,0.05238281082503731,1.668791889439705
1514,Man City,2020-07-26,0.880697731728931,5,0.05859624626759248,0.34261488630415415,0.9577391299776041,-0.005001414456325414,0.008846811354027095,0.0,2.2434933911759836
1514,Norwich,2020-07-26,0.880697731728931,0,0.07031549552111097,0.0,0.008317830322400771,-0.5758773796044404,0.008846811354027095,0.05238281082503731,0.44468330014706664
1515,Crystal Palace,2020-07-26,0.880697731728931,1,0.06328394596899987,0.34261488630415415,0.05809084592309406,-0.5710244160891883,0.008846811354027095,0.0,0.7825098051900177
1515,Tottenham,2020-07-26,0.880697731728931,1,0.06711933663378775,0.0,0.9496681877605246,-0.0349293487987475,0.008846811354027095,0.05238281082503731,1.9237855295035604
1516,Everton,2020-07-26,0.880697731728931,1,0.06328394596899987,0.34261488630415415,0.4725779359215412,-0.1845759337051168,0.008846811354027095,0.0,1.5834453775725366
1516,Bournemouth,2020-07-26,0.880697731728931,3,0.06711933663378775,0.0,0.30696742122944015,-0.2841556065520015,0.008846811354027095,0.05238281082503731,1.031858505219222
1517,Chelsea,2020-07-26,0.880697731728931,2,0.05273662164083323,0.34261488630415415,0.7928388782422306,-0.3901095813250789,0.008846811354027095,0.0,1.6876253479450973
1517,Wolves,2020-07-26,0.880697731728931,0,0.06328394596899987,0.0,0.6487895240317364,-0.47672477959769327,0.008846811354027095,0.05238281082503731,1.1772760443110382
1518,Burnley,2020-07-26,0.880697731728931,1,0.07031549552111097,0.34261488630415415,0.7871927295379337,-0.2479990903317278,0.008846811354027095,0.0,1.8416685641144288
1518,Brighton,2020-07-26,0.880697731728931,2,0.06328394596899987,0.0,0.4124461932724172,-0.4733298161688068,0.008846811354027095,0.05238281082503731,0.9443276769806056
1519,Arsenal,2020-07-26,0.880697731728931,3,0.05859624626759248,0.34261488630415415,0.7177179194237236,-0.2894270815071653,0.008846811354027095,0.0,1.7190465135712634
1519,Watford,2020-07-26,0.880697731728931,2,0.05859624626759248,0.0,0.4813449026683947,-0.43155542234402594,0.008846811354027095,0.05238281082503731,1.0503130804999568
1520,Fulham,2020-09-12,0.880697731728931,0,0.08859752435659983,0.34261488630415415,0.7097689644640339,-0.39473407579807773,0.0004656216502119524,0.0,1.6274106527058532
1520,Arsenal,2020-09-12,0.880697731728931,3,0.08859752435659983,0.0,0.6564805003923608,-0.4267758083452882,0.0004656216502119524,0.05238281082503731,1.2518483806078526
1521,Crystal Palace,2020-09-12,0.880697731728931,1,0.08859752435659983,0.34261488630415415,0.07156278591590404,-0.45605171534585837,0.0004656216502119524,0.0,0.9278868346099427
1521,Southampton,2020-09-12,0.880697731728931,0,0.08859752435659983,0.0,0.7584575962684131,-0.04302986934595443,0.0004656216502119524,0.05238281082503731,1.7375714154832387
1522,Liverpool,2020-09-12,0.880697731728931,4,0.08859752435659983,0.34261488630415415,0.8169229600576476,-0.0,0.0004656216502119524,0.0,2.1292987240975445
1522,Leeds,2020-09-12,0.880697731728931,3,0.08203474477462948,0.0,0.0,-0.49120625737376117,0.0004656216502119524,0.05238281082503731,0.5243746516050485
1523,West Ham,2020-09-12,0.880697731728931,0,0.08859752435659983,0.34261488630415415,0.675701125010161,-0.12139303875770152,0.0004656216502119524,0.0,1.8666838502923564
1523,Newcastle,2020-09-12,0.880697731728931,2,0.08859752435659983,0.0,0.20188822732540293,-0.4062912134285703,0.0004656216502119524,0.05238281082503731,0.8177407024576127
1524,Tottenham,2020-09-13,0.880697731728931,0,0.08859752435659983,0.34261488630415415,0.9425250863781893,-0.26990377800890414,0.0004656216502119524,0.0,1.984997072409182
1524,Everton,2020-09-13,0.880697731728931,1,0.08859752435659983,0.0,0.44887578273255563,-0.5667293524569816,0.0004656216502119524,0.05238281082503731,0.9042901188363539
1525,West Brom,2020-09-13,0.880697731728931,0,0.08859752435659983,0.34261488630415415,0.7828023178870306,-0.27244378339609004,0.0004656216502119524,0.0,1.8227342985308377
1525,Leicester,2020-09-13,0.880697731728931,3,0.08859752435659983,0.0,0.45310005448869367,-0.47068991279870426,0.0004656216502119524,0.05238281082503731,1.0045538302507693
1526,Brighton,2020-09-14,0.880697731728931,1,0.08859752435659983,0.34261488630415415,0.4188099114079936,-0.46844914431807283,0.0004656216502119524,0.0,1.2627365311298178
1526,Chelsea,2020-09-14,0.880697731728931,3,0.08859752435659983,0.0,0.7790757057103285,-0.2518255198987673,0.0004656216502119524,0.05238281082503731,1.5493938743723412
1527,Sheffield United,2020-09-14,0.880697731728931,0,0.08859752435659983,0.34261488630415415,0.5979012772296552,-0.37401115528860424,0.0004656216502119524,0.0,1.536265885980948
1527,Wolves,2020-09-14,0.880697731728931,2,0.08859752435659983,0.0,0.6220163026963672,-0.3595110714555576,0.0004656216502119524,0.05238281082503731,1.2846489198015896
1528,Everton,2020-09-19,0.880697731728931,5,0.06328394596899987,0.34261488630415415,0.5220594320467769,-0.4143013210254169,0.0004656216502119524,0.0,1.3948202966736567
1528,West Brom,2020-09-19,0.880697731728931,2,0.06328394596899987,0.0,0.6890226996240143,-0.31390825363051683,0.0004656216502119524,0.05238281082503731,1.3719445561666774
1529,Leeds,2020-09-19,0.880697731728931,4,0.06711933663378775,0.34261488630415415,0.0,-0.3667790738521282,0.0004656216502119524,0.0,0.9241185024649567
1529,Fulham,2020-09-19,0.880697731728931,3,0.06711933663378775,0.0,0.609988659958159,-0.0,0.0004656216502119524,0.05238281082503731,1.6106541607961269
1530,Man United,2020-09-19,0.880697731728931,1,0.08859752435659983,0.34261488630415415,0.9749379530531326,-0.12377571445929995,0.0004656216502119524,0.0,2.1635380026337296
1530,Crystal Palace,2020-09-19,0.880697731728931,3,0.06711933663378775,0.0,0.20585084477538007,-0.58621883152491,0.0004656216502119524,0.05238281082503731,0.6202975140884381
1531,Arsenal,2020-09-19,0.880697731728931,2,0.06711933663378775,0.34261488630415415,0.7108965167853935,-0.40766716628693056,0.0004656216502119524,0.0,1.594126926815548
1531,West Ham,2020-09-19,0.880697731728931,1,0.06711933663378775,0.0,0.6779894661399366,-0.427453792418265,0.0004656216502119524,0.05238281082503731,1.2512011745596394
1532,Chelsea,2020-09-20,0.880697731728931,0,0.06328394596899987,0.34261488630415415,0.7721941194443773,-0.5012550781526874,0.0004656216502119524,0.0,1.5580012269439867
1532,Liverpool,2020-09-20,0.880697731728931,2,0.07031549552111097,0.0,0.8336351095723938,-0.4643113266782625,0.0004656216502119524,0.06520223288348526,1.3860048646778704
1533,Southampton,2020-09-20,0.880697731728931,2,0.07031549552111097,0.34261488630415415,0.7193677017690626,-0.5390166256942976,0.0004656216502119524,0.0,1.474444811279173
1533,Tottenham,2020-09-20,0.880697731728931,5,0.06711933663378775,0.0,0.8964361727326648,-0.43254741724557466,0.0004656216502119524,0.05238281082503731,1.464554256325058
1534,Newcastle,2020-09-20,0.880697731728931,0,0.07031549552111097,0.34261488630415415,0.27101356548012945,-0.2537387346822871,0.0004656216502119524,0.0,1.3113685660022505
1534,Brighton,2020-09-20,0.880697731728931,3,0.06328394596899987,0.0,0.4219917704757819,-0.16295729916517349,0.0004656216502119524,0.05238281082503731,1.2558645814837883
1535,Leicester,2020-09-20,0.880697731728931,4,0.06711933663378775,0.34261488630415415,0.4816542049704889,-0.44118646765704883,0.0004656216502119524,0.0,1.331365313630525
1535,Burnley,2020-09-20,0.880697731728931,2,0.08859752435659983,0.0,0.733735268403823,-0.2896130613775291,0.0004656216502119524,0.05238281082503731,1.4662658955870738
1536,Wolves,2020-09-21,0.880697731728931,1,0.06711933663378775,0.34261488630415415,0.7361817808917537,-0.6714166140009304,0.0004656216502119524,0.0,1.3556627432079082
1536,Man City,2020-09-21,0.880697731728931,3,0.08859752435659983,0.0,1.1166300093041572,-0.4426575271101089,0.0004656216502119524,0.05238281082503731,1.6961161707548282
1537,Aston Villa,2020-09-21,0.880697731728931,1,0.08859752435659983,0.34261488630415415,0.5606019963973928,-0.25645112056752084,0.0004656216502119524,0.0,1.6165266398697689
1537,Sheffield United,2020-09-21,0.880697731728931,0,0.06711933663378775,0.0,0.4265027274778987,-0.33708344848967153,0.0004656216502119524,0.05238281082503731,1.090084779826195
1538,Brighton,2020-09-26,0.880697731728931,2,0.06328394596899987,0.34261488630415415,0.551134788872747,-0.4976309753351004,0.0009312433004239048,0.0,1.3410316208401551
1538,Man United,2020-09-26,0.880697731728931,3,0.06711933663378775,0.0,0.8276078801614223,-0.33139092691378896,0.0009312433004239048,0.05238281082503731,1.4973480757358133
1539,Crystal Palace,2020-09-26,0.880697731728931,1,0.06711933663378775,0.34261488630415415,0.4005469630681891,-0.41260607628106516,0.0009312433004239048,0.0,1.2793040847544206
1539,Everton,2020-09-26,0.880697731728931,2,0.06711933663378775,0.0,0.6862033455669584,-0.24084422185571477,0.0009312433004239048,0.05238281082503731,1.4464902461994236
1540,West Brom,2020-09-26,0.880697731728931,3,0.06711933663378775,0.34261488630415415,0.5996155275381492,-0.4622424178583574,0.0009312433004239048,0.0,1.4287363076470885
1540,Chelsea,2020-09-26,0.880697731728931,3,0.06328394596899987,0.0,0.7687533263114017,-0.36054183019219255,0.0009312433004239048,0.05238281082503731,1.405507227942601
1541,Burnley,2020-09-26,0.880697731728931,0,0.06328394596899987,0.34261488630415415,0.5794544489736965,-0.39523007324885207,0.0004656216502119524,0.0,1.4712865613771413
1541,Southampton,2020-09-26,0.880697731728931,1,0.06328394596899987,0.0,0.6573053915650303,-0.34841920856142783,0.0004656216502119524,0.05238281082503731,1.3057162931767825
1542,West Ham,2020-09-27,0.880697731728931,4,0.07031549552111097,0.34261488630415415,0.5515815478417533,-0.4002851281811192,0.0009312433004239048,0.0,1.4458557765152538
1542,Wolves,2020-09-27,0.880697731728931,0,0.06328394596899987,0.0,0.6657124311263759,-0.3316595578763687,0.0009312433004239048,0.05238281082503731,1.331348605073399
1543,Sheffield United,2020-09-27,0.880697731728931,0,0.06328394596899987,0.34261488630415415,0.21325136373894935,-0.07669558483974204,0.0009312433004239048,0.0,1.424083586201716
1543,Leeds,2020-09-27,0.880697731728931,1,0.07031549552111097,0.0,0.127552088863071,-0.12822556028376042,0.0009312433004239048,0.05238281082503731,1.0036538099548136
1544,Tottenham,2020-09-27,0.880697731728931,1,0.06711933663378775,0.34261488630415415,0.8733917159099025,-0.18373942936890947,0.0009312433004239048,0.0,1.9810154845082897
1544,Newcastle,2020-09-27,0.880697731728931,1,0.06711933663378775,0.0,0.3055762345574928,-0.5251602623129557,0.0009312433004239048,0.05238281082503731,0.7815470947327171
1545,Man City,2020-09-27,0.880697731728931,2,0.06328394596899987,0.34261488630415415,1.1960754489674337,-0.3748932852079907,0.0004656216502119524,0.0,2.10824434941174
1545,Leicester,2020-09-27,0.880697731728931,5,0.06711933663378775,0.0,0.6234833690744574,-0.7191862311991755,0.0004656216502119524,0.05238281082503731,0.9049626387132499
1546,Fulham,2020-09-28,0.880697731728931,0,0.07301993765653832,0.34261488630415415,0.4325464188421505,-0.44975886865722325,0.0009312433004239048,0.0,1.2800513491749745
1546,Aston Villa,2020-09-28,0.880697731728931,3,0.06711933663378775,0.0,0.7479919906966235,-0.2600851217658061,0.0009312433004239048,0.05238281082503731,1.489037991418997
1547,Liverpool,2020-09-28,0.880697731728931,3,0.07031549552111097,0.34261488630415415,0.927025910238481,-0.5205092355681007,0.0009312433004239048,0.0,1.701076031525
1547,Arsenal,2020-09-28,0.880697731728931,1,0.07301993765653832,0.0,0.8656566138449808,-0.5574098784353119,0.0009312433004239048,0.06491886811649923,1.3278145162120611
1548,Chelsea,2020-10-03,0.880697731728931,4,0.06711933663378775,0.34261488630415415,0.6819982038361999,-0.29937847555392216,0.0009312433004239048,0.0,1.6739829262495747
1548,Crystal Palace,2020-10-03,0.880697731728931,0,0.06711933663378775,0.0,0.4978950222145936,-0.4100775735552435,0.0009312433004239048,0.05238281082503731,1.0889485711475297
1549,Everton,2020-10-03,0.880697731728931,4,0.06711933663378775,0.34261488630415415,0.8533100282357633,-0.34465182808295924,0.0009312433004239048,0.0,1.8000213981201005
1549,Brighton,2020-10-03,0.880697731728931,2,0.06711933663378775,0.0,0.5731889351168725,-0.5130853774995008,0.0009312433004239048,0.05238281082503731,1.0612346801055514
1550,Leeds,2020-10-03,0.880697731728931,1,0.06328394596899987,0.34261488630415415,0.31888022215767753,-0.6663754549585559,0.0009312433004239048,0.0,0.9400325745016306
1550,Man City,2020-10-03,0.880697731728931,1,0.06328394596899987,0.0,1.1082460799360008,-0.19173896209935512,0.0009312433004239048,0.05238281082503731,1.9138028496600379
1551,Newcastle,2020-10-03,0.880697731728931,3,0.06328394596899987,0.34261488630415415,0.3653749320505314,-0.27647038406703667,0.0009312433004239048,0.0,1.3764323552860036
1551,Burnley,2020-10-03,0.880697731728931,1,0.06711933663378775,0.0,0.4597966763042763,-0.21969568941735815,0.0009312433004239048,0.05238281082503731,1.241232109375098
1552,Aston Villa,2020-10-04,0.880697731728931,7,0.06328394596899987,0.34261488630415415,0.8416869878462389,-0.6621828634163661,0.0009312433004239048,0.0,1.4670319317323814
1552,Liverpool,2020-10-04,0.880697731728931,2,0.06328394596899987,0.0,1.1012733994345956,-0.5060965787409991,0.0009312433004239048,0.05238281082503731,1.5924725525169883
1553,Wolves,2020-10-04,0.880697731728931,1,0.06711933663378775,0.34261488630415415,0.5879603932893299,-0.13004256088290306,0.0009312433004239048,0.0,1.7492810303737236
1553,Fulham,2020-10-04,0.880697731728931,0,0.06328394596899987,0.0,0.21627320942107525,-0.35353373377004366,0.0009312433004239048,0.05238281082503731,0.8600352074744236
1554,Man United,2020-10-04,0.880697731728931,1,0.07031549552111097,0.34261488630415415,0.8389775696242812,-0.46710169072912333,0.0009312433004239048,0.0,1.6664352357497778
1554,Tottenham,2020-10-04,0.880697731728931,6,0.06711933663378775,0.0,0.7768347615898074,-0.5044674371333571,0.0009312433004239048,0.06547851353129663,1.2865941496508895
1555,Southampton,2020-10-04,0.880697731728931,2,0.07031549552111097,0.34261488630415415,0.7113089623717281,-0.28253169488241897,0.0009312433004239048,0.0,1.723336624343929
1555,West Brom,2020-10-04,0.880697731728931,0,0.07031549552111097,0.0,0.4698772155865026,-0.42770179114365214,0.0009312433004239048,0.05238281082503731,1.0465027058183536
1556,Arsenal,2020-10-04,0.880697731728931,2,0.06328394596899987,0.34261488630415415,0.8154845735117034,-0.06411278014188021,0.0009312433004239048,0.0,2.038899600672332
1556,Sheffield United,2020-10-04,0.880697731728931,1,0.06711933663378775,0.0,0.10662568186947467,-0.4903413723032765,0.0009312433004239048,0.05238281082503731,0.617415432054378
1557,Leicester,2020-10-04,0.880697731728931,0,0.06711933663378775,0.34261488630415415,0.6943979511264419,-0.29365575367108776,0.0009312433004239048,0.0,1.692105395422651
1557,West Ham,2020-10-04,0.880697731728931,3,0.06711933663378775,0.0,0.48837758869266173,-0.4175333971232215,0.0009312433004239048,0.05238281082503731,1.07197531405762
1558,Everton,2020-10-17,0.880697731728931,2,0.08203474477462948,0.34261488630415415,0.9368633695701658,-0.6378737710671513,0.0013968649506358572,0.0,1.6057338262613647
1558,Liverpool,2020-10-17,0.880697731728931,2,0.08065600956833317,0.0,1.060845055169582,-0.5633250281087187,0.0013968649506358572,0.05238281082503731,1.5126534441338007
1559,Chelsea,2020-10-17,0.880697731728931,3,0.08203474477462948,0.34261488630415415,0.76617273146167,-0.4439376500910522,0.0013968649506358572,0.0,1.6289793091289686
1559,Southampton,2020-10-17,0.880697731728931,3,0.08065600956833317,0.0,0.7383107477750771,-0.46069073624342854,0.0013968649506358572,0.05238281082503731,1.2927534286045859
1560,Man City,2020-10-17,0.880697731728931,1,0.08203474477462948,0.34261488630415415,0.9792966695115705,-0.5519530255106063,0.0009312433004239048,0.0,1.7336222501091028
1560,Arsenal,2020-10-17,0.880697731728931,0,0.08065600956833317,0.0,0.9179506422081357,-0.5888396769450848,0.0009312433004239048,0.06520223288348526,1.3565981827442242
1561,Newcastle,2020-10-17,0.880697731728931,1,0.08203474477462948,0.34261488630415415,0.48030900670576476,-0.43119008319274327,0.0013968649506358572,0.0,1.355863151271372
1561,Man United,2020-10-17,0.880697731728931,4,0.08065600956833317,0.0,0.7171103254926396,-0.2888042093347438,0.0013968649506358572,0.05238281082503731,1.4434395332308332
1562,Tottenham,2020-10-18,0.880697731728931,3,0.08203474477462948,0.34261488630415415,0.7285562844297597,-0.32578424146160867,0.0013968649506358572,0.0,1.7095162707265017
1562,West Ham,2020-10-18,0.880697731728931,3,0.08203474477462948,0.0,0.54181033502683,-0.4380724049372071,0.0013968649506358572,0.05238281082503731,1.1202500823688564
1563,Leicester,2020-10-18,0.880697731728931,0,0.08203474477462948,0.34261488630415415,0.729855242152434,-0.5853958236760485,0.0013968649506358572,0.0,1.4512036462347362
1563,Aston Villa,2020-10-18,0.880697731728931,1,0.08203474477462948,0.0,0.9735692123297606,-0.4388534530808369,0.0013968649506358572,0.05238281082503731,1.5512279115281573
1564,Sheffield United,2020-10-18,0.880697731728931,1,0.08203474477462948,0.34261488630415415,0.053312840934737336,-0.06502128044145153,0.0013968649506358572,0.0,1.2950357882516363
1564,Fulham,2020-10-18,0.880697731728931,1,0.08203474477462948,0.0,0.10813660471053763,-0.032056390070940105,0.0013968649506358572,0.05238281082503731,1.092592366918831
1565,Crystal Palace,2020-10-18,0.880697731728931,1,0.08326834995921037,0.34261488630415415,0.5465690517877958,-0.32571708372096375,0.0013968649506358572,0.0,1.5288298010097634
1565,Brighton,2020-10-18,0.880697731728931,1,0.08326834995921037,0.0,0.5416986452845783,-0.32864560240302587,0.0013968649506358572,0.05238281082503731,1.230798800345367
1566,West Brom,2020-10-19,0.880697731728931,0,0.08326834995921037,0.34261488630415415,0.2774559707476083,-0.21493077687326037,0.0013968649506358572,0.0,1.3705030268172793
1566,Burnley,2020-10-19,0.880697731728931,0,0.08437859462533318,0.0,0.3574504270152092,-0.16683104238779017,0.0013968649506358572,0.05238281082503731,1.2094753867573564
1567,Leeds,2020-10-19,0.880697731728931,0,0.08437859462533318,0.34261488630415415,0.45706165175933783,-0.33015803656450593,0.0013968649506358572,0.0,1.435991692803886
1567,Wolves,2020-10-19,0.880697731728931,1,0.08326834995921037,0.0,0.549084374370807,-0.2748258456757423,0.0013968649506358572,0.05238281082503731,1.2920042861588792
1568,Aston Villa,2020-10-23,0.880697731728931,0,0.05859624626759248,0.34261488630415415,1.0395103245715214,-0.31636928746393594,0.0013968649506358572,0.0,2.006446766358899
1568,Leeds,2020-10-23,0.880697731728931,3,0.05273662164083323,0.0,0.526152366560168,-0.625045446143573,0.0013968649506358572,0.05238281082503731,0.8883209495620322
1569,West Ham,2020-10-24,0.880697731728931,1,0.06328394596899987,0.34261488630415415,0.568526708193914,-0.5500717879383492,0.0013968649506358572,0.0,1.3064483492082857
1569,Man City,2020-10-24,0.880697731728931,1,0.06711933663378775,0.0,0.9148219642993554,-0.3418484853568691,0.0013968649506358572,0.05238281082503731,1.5745702230808782
1570,Fulham,2020-10-24,0.880697731728931,1,0.06328394596899987,0.34261488630415415,0.09658566530962583,-0.34327916582757767,0.0013968649506358572,0.0,1.0412999284347688
1570,Crystal Palace,2020-10-24,0.880697731728931,2,0.06328394596899987,0.0,0.5709060665743969,-0.058075835167306446,0.0013968649506358572,0.05238281082503731,1.5105915848806943
1571,Man United,2020-10-24,0.880697731728931,0,0.06711933663378775,0.34261488630415415,0.741211429335533,-0.43486692769435975,0.0013968649506358572,0.0,1.598173321258682
1571,Chelsea,2020-10-24,0.880697731728931,0,0.06711933663378775,0.0,0.7232252693656911,-0.44568179611559783,0.0013968649506358572,0.06574797243471761,1.2925053789981655
1572,Liverpool,2020-10-24,0.880697731728931,2,0.06711933663378775,0.34261488630415415,0.955596157128361,-0.041593389982050734,0.0013968649506358572,0.0,2.2058315867638187
1572,Sheffield United,2020-10-24,0.880697731728931,1,0.06328394596899987,0.0,0.06917378342172567,-0.5745888349993825,0.0013968649506358572,0.05238281082503731,0.49234630189594714
1573,Wolves,2020-10-25,0.880697731728931,1,0.06328394596899987,0.34261488630415415,0.6571984537746166,-0.32335846929343665,0.0013968649506358572,0.0,1.621833413433901
1573,Newcastle,2020-10-25,0.880697731728931,1,0.07031549552111097,0.0,0.5377760440333814,-0.3951657728014791,0.0013968649506358572,0.05238281082503731,1.1474031742576176
1574,Southampton,2020-10-25,0.880697731728931,2,0.07031549552111097,0.34261488630415415,0.6667769145680376,-0.6140100483599081,0.0013968649506358572,0.0,1.3477918447129615
1574,Everton,2020-10-25,0.880697731728931,0,0.07031549552111097,0.0,1.0211574031917239,-0.40092518967159085,0.0013968649506358572,0.05238281082503731,1.625025116545848
1575,Arsenal,2020-10-25,0.880697731728931,0,0.07031549552111097,0.34261488630415415,0.841631587693281,-0.4495134810596446,0.0013968649506358572,0.0,1.6871430851384683
1575,Leicester,2020-10-25,0.880697731728931,1,0.06711933663378775,0.0,0.7475838876654302,-0.5060632672745293,0.0013968649506358572,0.05238281082503731,1.2431173645292928
1576,Brighton,2020-10-26,0.880697731728931,1,0.07031549552111097,0.34261488630415415,0.4409187744597172,-0.13454591108705644,0.0013968649506358572,0.0,1.6013978418774928
1576,West Brom,2020-10-26,0.880697731728931,1,0.06711933663378775,0.0,0.22376271128251815,-0.2651193216468046,0.0013968649506358572,0.05238281082503731,0.9602401337741054
1577,Burnley,2020-10-26,0.880697731728931,0,0.06711933663378775,0.34261488630415415,0.2212425764619616,-0.423557762041249,0.0009312433004239048,0.0,1.0890480123880095
1577,Tottenham,2020-10-26,0.880697731728931,1,0.07031549552111097,0.0,0.704417045849736,-0.13303058338321086,0.0009312433004239048,0.05238281082503731,1.5757137438420281
1578,Wolves,2020-10-30,0.880697731728931,2,0.05859624626759248,0.34261488630415415,0.6262207675678073,-0.3505959475398536,0.0018624866008478097,0.0,1.5593961709294792
1578,Crystal Palace,2020-10-30,0.880697731728931,0,0.06328394596899987,0.0,0.5830745739676975,-0.37653925102680436,0.0018624866008478097,0.05238281082503731,1.204762298064709
1579,Sheffield United,2020-10-31,0.880697731728931,0,0.06711933663378775,0.34261488630415415,0.07710425466521985,-0.47955745354182006,0.0018624866008478097,0.0,0.8898412423911205
1579,Man City,2020-10-31,0.880697731728931,1,0.06711933663378775,0.0,0.7975498857845338,-0.046361889937606045,0.0018624866008478097,0.05238281082503731,1.7532503616355315
1580,Burnley,2020-10-31,0.880697731728931,0,0.05859624626759248,0.34261488630415415,0.15313865118533782,-0.37082463352666395,0.0013968649506358572,0.0,1.0656197469099877
1580,Chelsea,2020-10-31,0.880697731728931,3,0.06711933663378775,0.0,0.6167168124089876,-0.09208048663818612,0.0013968649506358572,0.05238281082503731,1.5262330699091933
1581,Liverpool,2020-10-31,0.880697731728931,2,0.06711933663378775,0.34261488630415415,0.9029717081077506,-0.37544580225108,0.0018624866008478097,0.0,1.8198203471243914
1581,West Ham,2020-10-31,0.880697731728931,1,0.06711933663378775,0.0,0.624402257731813,-0.5429463669654981,0.0018624866008478097,0.05238281082503731,1.0835182565549188
1582,Aston Villa,2020-11-01,0.880697731728931,3,0.07301993765653832,0.34261488630415415,1.0299635177380446,-0.4561145443016023,0.0018624866008478097,0.0,1.8720440157269136
1582,Southampton,2020-11-01,0.880697731728931,4,0.06711933663378775,0.0,0.758562086827589,-0.6193050624307547,0.0018624866008478097,0.05238281082503731,1.1413193901854384
1583,Newcastle,2020-11-01,0.880697731728931,2,0.06711933663378775,0.34261488630415415,0.48147483678847575,-0.5626569736457608,0.0018624866008478097,0.0,1.2111123044104357
1583,Everton,2020-11-01,0.880697731728931,1,0.06711933663378775,0.0,0.935752331139432,-0.28950520937962176,0.0018624866008478097,0.05238281082503731,1.648309487548414
1584,Man United,2020-11-01,0.880697731728931,0,0.07031549552111097,0.34261488630415415,0.6682272553482655,-0.40642280331674874,0.0018624866008478097,0.0,1.5572950521865607
1584,Arsenal,2020-11-01,0.880697731728931,1,0.06711933663378775,0.0,0.6759199715727825,-0.4017972626838637,0.0018624866008478097,0.06520223288348526,1.2890044967359708
1585,Tottenham,2020-11-01,0.880697731728931,2,0.06328394596899987,0.34261488630415415,0.8198995154227952,-0.26038563555630573,0.0018624866008478097,0.0,1.8479729304694221
1585,Brighton,2020-11-01,0.880697731728931,1,0.06328394596899987,0.0,0.4330462020016436,-0.492996025433012,0.0018624866008478097,0.05238281082503731,0.9382771516924475
1586,Fulham,2020-11-02,0.880697731728931,2,0.07301993765653832,0.34261488630415415,0.09081019560916992,-0.14396854038327028,0.0018624866008478097,0.0,1.245036697516371
1586,West Brom,2020-11-02,0.880697731728931,0,0.06711933663378775,0.0,0.23943344450433013,-0.05460311253023391,0.0018624866008478097,0.05238281082503731,1.1868926977627001
1587,Leeds,2020-11-02,0.880697731728931,1,0.07533803091547604,0.34261488630415415,0.688249812823654,-0.4548434950490484,0.0018624866008478097,0.0,1.5339194533240146
1587,Leicester,2020-11-02,0.880697731728931,4,0.07031549552111097,0.0,0.7564482104219281,-0.41383659319777477,0.0018624866008478097,0.05238281082503731,1.3478701419000805
1588,Brighton,2020-11-06,0.880697731728931,0,0.05859624626759248,0.34261488630415415,0.3015578269095358,-0.07160543826567374,0.0018624866008478097,0.0,1.5137237395453877
1588,Burnley,2020-11-06,0.880697731728931,0,0.06328394596899987,0.0,0.1190866885470259,-0.1813232076713142,0.0018624866008478097,0.05238281082503731,0.9359904559995275
1589,Southampton,2020-11-06,0.880697731728931,2,0.05859624626759248,0.34261488630415415,0.9320067618204355,-0.34927416426245633,0.0018624866008478097,0.0,1.8665039484595047
1589,Newcastle,2020-11-06,0.880697731728931,0,0.05859624626759248,0.0,0.5808763220290939,-0.56040480645635,0.0018624866008478097,0.05238281082503731,1.0140107909951526
1590,Everton,2020-11-07,0.880697731728931,1,0.06328394596899987,0.34261488630415415,0.7654977062502151,-0.3798549959679966,0.0018624866008478097,0.0,1.6741017608851512
1590,Man United,2020-11-07,0.880697731728931,3,0.06328394596899987,0.0,0.6317351683546318,-0.4602848514489452,0.0018624866008478097,0.05238281082503731,1.1696772920295024
1591,Crystal Palace,2020-11-07,0.880697731728931,4,0.07031549552111097,0.34261488630415415,0.4616067388012768,-0.3858746612249522,0.0018624866008478097,0.0,1.3712226777313685
1591,Leeds,2020-11-07,0.880697731728931,1,0.05859624626759248,0.0,0.6417464470923261,-0.27755875355624954,0.0018624866008478097,0.05238281082503731,1.3577269689584852
1592,Chelsea,2020-11-07,0.880697731728931,4,0.06711933663378775,0.34261488630415415,0.691014672793707,-0.04874613991538371,0.0018624866008478097,0.0,1.9345629741460442
1592,Sheffield United,2020-11-07,0.880697731728931,1,0.06711933663378775,0.0,0.08106949028696693,-0.41549907128255814,0.0018624866008478097,0.05238281082503731,0.6676327847930125
1593,West Ham,2020-11-07,0.880697731728931,1,0.06711933663378775,0.34261488630415415,0.6523400325007626,-0.12956233605143969,0.0018624866008478097,0.0,1.8150721377170438
1593,Fulham,2020-11-07,0.880697731728931,0,0.05859624626759248,0.0,0.21547454962201298,-0.39224446069818547,0.0018624866008478097,0.05238281082503731,0.816769364346236
1594,Man City,2020-11-08,0.880697731728931,1,0.07031549552111097,0.34261488630415415,0.7389138465271229,-0.5271251329485559,0.0013968649506358572,0.0,1.506813692083399
1594,Liverpool,2020-11-08,0.880697731728931,1,0.07031549552111097,0.0,0.8766594835974454,-0.4443002863435555,0.0013968649506358572,0.03097908167072099,1.4157483711252887
1595,Arsenal,2020-11-08,0.880697731728931,0,0.06711933663378775,0.34261488630415415,0.5930641635125333,-0.5397392857346035,0.0018624866008478097,0.0,1.3456193190456507
1595,Aston Villa,2020-11-08,0.880697731728931,3,0.06711933663378775,0.0,0.8976380254582353,-0.3566025713378585,0.0018624866008478097,0.05238281082503731,1.5430978199089807
1596,West Brom,2020-11-08,0.880697731728931,0,0.06328394596899987,0.34261488630415415,0.24726881111523608,-0.5277151571288935,0.0018624866008478097,0.0,1.0080127045892755
1596,Tottenham,2020-11-08,0.880697731728931,1,0.06711933663378775,0.0,0.8776407502093246,-0.14867985503137718,0.0018624866008478097,0.05238281082503731,1.7310232609665512
1597,Leicester,2020-11-08,0.880697731728931,1,0.06328394596899987,0.34261488630415415,0.7608803718001772,-0.443921574979209,0.0018624866008478097,0.0,1.605417847423901
1597,Wolves,2020-11-08,0.880697731728931,0,0.07301993765653832,0.0,0.7382840133274737,-0.4575085020437504,0.0018624866008478097,0.05238281082503731,1.2887384780950777
1598,Newcastle,2020-11-21,0.880697731728931,0,0.08326834995921037,0.34261488630415415,0.5880597016950461,-0.48896668005366656,0.002328108251059762,0.0,1.4080020978847347
1598,Chelsea,2020-11-21,0.880697731728931,2,0.08203474477462948,0.0,0.8131983288947805,-0.35359344675729293,0.002328108251059762,0.05238281082503731,1.477048277717145
1599,Aston Villa,2020-11-21,0.880697731728931,1,0.08065600956833317,0.34261488630415415,0.8314752793183308,-0.16735718867539917,0.002328108251059762,0.0,1.9704148264954096
1599,Brighton,2020-11-21,0.880697731728931,2,0.08326834995921037,0.0,0.27833100231783897,-0.49995639738652786,0.002328108251059762,0.05238281082503731,0.7970516056955496
1600,Tottenham,2020-11-21,0.880697731728931,2,0.08065600956833317,0.34261488630415415,0.9915460935113033,-0.4522368976910039,0.002328108251059762,0.0,1.8456059316727773
1600,Man City,2020-11-21,0.880697731728931,0,0.08065600956833317,0.0,0.7521131898527745,-0.5962051128699956,0.002328108251059762,0.06520223288348526,1.1847921594145885
1601,Man United,2020-11-21,0.880697731728931,1,0.08203474477462948,0.34261488630415415,0.6134891248578149,-0.12547031740884995,0.002328108251059762,0.0,1.7956942785077394
1601,West Brom,2020-11-21,0.880697731728931,0,0.08065600956833317,0.0,0.20866913146633204,-0.3688838626100631,0.002328108251059762,0.05238281082503731,0.8558499292296301
1602,Leeds,2020-11-22,0.880697731728931,0,0.08326834995921037,0.34261488630415415,0.49094267536359104,-0.33169245534841335,0.002328108251059762,0.0,1.468159296258533
1602,Arsenal,2020-11-22,0.880697731728931,0,0.08203474477462948,0.0,0.5516362594824087,-0.2951981103987988,0.002328108251059762,0.05238281082503731,1.2738815446632674
1603,Liverpool,2020-11-22,0.880697731728931,3,0.08203474477462948,0.34261488630415415,0.7784686454335789,-0.45884100554110135,0.002328108251059762,0.0,1.627303110951252
1603,Leicester,2020-11-22,0.880697731728931,0,0.08203474477462948,0.0,0.7630964524893017,-0.4680841260469234,0.002328108251059762,0.05238281082503731,1.3124557220220359
1604,Fulham,2020-11-22,0.880697731728931,2,0.08326834995921037,0.34261488630415415,0.27780672662843453,-0.33240320551079533,0.002328108251059762,0.0,1.2543125973609945
1604,Everton,2020-11-22,0.880697731728931,3,0.08326834995921037,0.0,0.5528183049425356,-0.16704194781204257,0.002328108251059762,0.05238281082503731,1.4044533578947314
1605,Sheffield United,2020-11-22,0.880697731728931,0,0.08326834995921037,0.34261488630415415,0.08305210809784047,-0.4006437899217382,0.002328108251059762,0.0,0.9913173944194574
1605,West Ham,2020-11-22,0.880697731728931,1,0.08326834995921037,0.0,0.6663089198852373,-0.049938264904272535,0.002328108251059762,0.05238281082503731,1.6350476557452032
1606,Burnley,2020-11-23,0.880697731728931,1,0.08538310170420618,0.34261488630415415,0.14457807018222696,-0.31773574140418953,0.0018624866008478097,0.0,1.1374005351161767
1606,Crystal Palace,2020-11-23,0.880697731728931,0,0.08437859462533318,0.0,0.5284249100811375,-0.08693310902599823,0.0018624866008478097,0.05238281082503731,1.4608134248352886
1607,Wolves,2020-11-23,0.880697731728931,1,0.08326834995921037,0.34261488630415415,0.7943156362073068,-0.6125499375337239,0.002328108251059762,0.0,1.4906747749169382
1607,Southampton,2020-11-23,0.880697731728931,1,0.08538310170420618,0.0,1.018729099316859,-0.47761273695541123,0.002328108251059762,0.05238281082503731,1.561908114870682
1608,Crystal Palace,2020-11-27,0.880697731728931,0,0.05273662164083323,0.34261488630415415,0.5618339957210677,-0.2790575031649692,0.002328108251059762,0.0,1.561153840481077
1608,Newcastle,2020-11-27,0.880697731728931,2,0.06328394596899987,0.0,0.46409930266495103,-0.33782423532815953,0.002328108251059762,0.05238281082503731,1.1249676641108195
1609,Brighton,2020-11-28,0.880697731728931,1,0.06711933663378775,0.34261488630415415,0.39426967888506154,-0.5152592074358492,0.002328108251059762,0.0,1.171770534367145
1609,Liverpool,2020-11-28,0.880697731728931,1,0.06328394596899987,0.0,0.8569253152147165,-0.23706976401718366,0.002328108251059762,0.05238281082503731,1.6185481479715607
1610,Man City,2020-11-28,0.880697731728931,5,0.06711933663378775,0.34261488630415415,0.7161954985612433,-0.17129252924590252,0.0018624866008478097,0.0,1.8371974105830617
1610,Burnley,2020-11-28,0.880697731728931,0,0.05859624626759248,0.0,0.2848758498628985,-0.43064000841814737,0.0018624866008478097,0.05238281082503731,0.8477751168671596
1611,Everton,2020-11-28,0.880697731728931,0,0.06328394596899987,0.34261488630415415,0.4464786042886958,-0.24985983498572212,0.002328108251059762,0.0,1.4855434415561184
1611,Leeds,2020-11-28,0.880697731728931,1,0.06328394596899987,0.0,0.4155407894992236,-0.2684623825417204,0.002328108251059762,0.05238281082503731,1.145771003731531
1612,West Brom,2020-11-28,0.880697731728931,1,0.06711933663378775,0.34261488630415415,0.18936929164188002,-0.050534327398716945,0.002328108251059762,0.0,1.431595027161096
1612,Sheffield United,2020-11-28,0.880697731728931,0,0.06328394596899987,0.0,0.08404341700327723,-0.11386554859758634,0.002328108251059762,0.05238281082503731,0.9688704651797189
1613,Chelsea,2020-11-29,0.880697731728931,0,0.07031549552111097,0.34261488630415415,0.8742901569453173,-0.6304500907405466,0.002328108251059762,0.0,1.5397962880100264
1613,Tottenham,2020-11-29,0.880697731728931,0,0.07031549552111097,0.0,1.0484987651622928,-0.5257004844392208,0.002328108251059762,0.00865181560173289,1.4847914318259063
1614,Southampton,2020-11-29,0.880697731728931,2,0.06328394596899987,0.34261488630415415,0.9770555421563566,-0.4400938807708384,0.002328108251059762,0.0,1.825886333638663
1614,Man United,2020-11-29,0.880697731728931,3,0.07031549552111097,0.0,0.7319181919724775,-0.5874921131792494,0.002328108251059762,0.05238281082503731,1.150150225119367
1615,Arsenal,2020-11-29,0.880697731728931,1,0.06711933663378775,0.34261488630415415,0.4458875815586324,-0.4433279280503511,0.002328108251059762,0.0,1.295319716426214
1615,Wolves,2020-11-29,0.880697731728931,2,0.06328394596899987,0.0,0.7372967217385095,-0.2681070074605294,0.002328108251059762,0.05238281082503731,1.4678823110520078
1616,West Ham,2020-11-30,0.880697731728931,2,0.07031549552111097,0.34261488630415415,0.6732933635774747,-0.403369368372748,0.002328108251059762,0.0,1.5658802170099826
1616,Aston Villa,2020-11-30,0.880697731728931,1,0.07301993765653832,0.0,0.6708418173853075,-0.4048434545335145,0.002328108251059762,0.05238281082503731,1.2744269513133593
1617,Leicester,2020-11-30,0.880697731728931,1,0.07031549552111097,0.34261488630415415,0.7642044928338639,-0.185781753692344,0.002328108251059762,0.0,1.8743789609467758
1617,Fulham,2020-11-30,0.880697731728931,2,0.07031549552111097,0.0,0.30897281513164526,-0.4595072572897768,0.002328108251059762,0.05238281082503731,0.8551897041680073
1618,Burnley,2020-12-05,0.880697731728931,1,0.06711933663378775,0.34261488630415415,0.3125073767488773,-0.21092677611060223,0.002328108251059762,0.0,1.394340663556208
1618,Everton,2020-12-05,0.880697731728931,1,0.06711933663378775,0.0,0.3507913910074189,-0.187907044409274,0.002328108251059762,0.05238281082503731,1.1654123340369607
1619,Man City,2020-12-05,0.880697731728931,2,0.06711933663378775,0.34261488630415415,0.6982366529154777,-0.24628204652565608,0.002328108251059762,0.0,1.7447146693077544
1619,Fulham,2020-12-05,0.880697731728931,0,0.05859624626759248,0.0,0.4095905852919647,-0.41984156378171916,0.002328108251059762,0.05238281082503731,0.9837539185828661
1620,West Ham,2020-12-05,0.880697731728931,1,0.05859624626759248,0.34261488630415415,0.7618203113323074,-0.47569888985122594,0.0027937299012717144,0.0,1.570824015683031
1620,Man United,2020-12-05,0.880697731728931,3,0.06328394596899987,0.0,0.7911327255298087,-0.4580736767325641,0.0027937299012717144,0.05238281082503731,1.3322172672214843
1621,Chelsea,2020-12-05,0.880697731728931,3,0.06328394596899987,0.34261488630415415,0.9048360709705856,-0.3038862821189258,0.0027937299012717144,0.0,1.8903400827550165
1621,Leeds,2020-12-05,0.880697731728931,1,0.06711933663378775,0.0,0.5053919354301109,-0.5440673866319978,0.0027937299012717144,0.05238281082503731,0.9643181578871407
1622,Liverpool,2020-12-06,0.880697731728931,4,0.07031549552111097,0.34261488630415415,0.8961536501052854,-0.42618552359782097,0.0027937299012717144,0.0,1.7663899699629322
1622,Wolves,2020-12-06,0.880697731728931,0,0.06711933663378775,0.0,0.7087872645041108,-0.5388467481303121,0.0027937299012717144,0.05238281082503731,1.1729341254628263
1623,West Brom,2020-12-06,0.880697731728931,1,0.07031549552111097,0.34261488630415415,0.26475409763836805,-0.3223032873435639,0.0027937299012717144,0.0,1.238872653750272
1623,Crystal Palace,2020-12-06,0.880697731728931,5,0.07301993765653832,0.0,0.536021175586676,-0.1591935540851159,0.0027937299012717144,0.05238281082503731,1.3857218316133382
1624,Sheffield United,2020-12-06,0.880697731728931,1,0.07031549552111097,0.34261488630415415,0.04202170850163862,-0.4598403831641146,0.0027937299012717144,0.0,0.8786031687929917
1624,Leicester,2020-12-06,0.880697731728931,2,0.06328394596899987,0.0,0.7647585130061451,-0.025267163699358473,0.0027937299012717144,0.05238281082503731,1.7386495677310263
1625,Tottenham,2020-12-06,0.880697731728931,2,0.06711933663378775,0.34261488630415415,1.0769751009877875,-0.23631428351658745,0.0027937299012717144,0.0,2.133886502039345
1625,Arsenal,2020-12-06,0.880697731728931,0,0.06711933663378775,0.0,0.39301324259674425,-0.6475725796758222,0.0027937299012717144,0.007936789518945046,0.7039882507038576
1626,Brighton,2020-12-07,0.880697731728931,1,0.07301993765653832,0.34261488630415415,0.4522390171686728,-0.5493980060554315,0.0027937299012717144,0.0,1.2019672967041364
1626,Southampton,2020-12-07,0.880697731728931,2,0.07031549552111097,0.0,0.9137014006217483,-0.27192605168807593,0.0027937299012717144,0.05238281082503731,1.6479651169100233
1627,Leeds,2020-12-11,0.880697731728931,1,0.06328394596899987,0.34261488630415415,0.4227654195324834,-0.4591235928855082,0.0027937299012717144,0.0,1.2530321205503319
1627,West Ham,2020-12-11,0.880697731728931,2,0.06328394596899987,0.0,0.7635664222553668,-0.25420392084578564,0.0027937299012717144,0.05238281082503731,1.508520719833821
1628,Wolves,2020-12-12,0.880697731728931,0,0.06328394596899987,0.34261488630415415,0.6520151729325544,-0.27838026902611607,0.0027937299012717144,0.0,1.663025197809795
1628,Aston Villa,2020-12-12,0.880697731728931,1,0.07910493246124985,0.0,0.46297299755572474,-0.39204912642497525,0.0027937299012717144,0.05238281082503731,1.0859030760472392
1629,Newcastle,2020-12-12,0.880697731728931,2,0.08326834995921037,0.34261488630415415,0.5296711920129745,-0.1562923618823,0.0027937299012717144,0.0,1.6827535280242416
1629,West Brom,2020-12-12,0.880697731728931,1,0.06328394596899987,0.0,0.25992913768225506,-0.31848511620854936,0.0027937299012717144,0.05238281082503731,0.9406022398979454
1630,Man United,2020-12-12,0.880697731728931,0,0.06711933663378775,0.34261488630415415,0.9057747182171885,-0.4655727313566664,0.0027937299012717144,0.0,1.7334276714286667
1630,Man City,2020-12-12,0.880697731728931,0,0.06711933663378775,0.0,0.774291956001309,-0.5446317842845811,0.0027937299012717144,0.007936789518945046,1.1882077594996634
1631,Everton,2020-12-12,0.880697731728931,1,0.06711933663378775,0.34261488630415415,0.3454651473211375,-0.6043812276215478,0.0027937299012717144,0.0,1.0343096042677342
1631,Chelsea,2020-12-12,0.880697731728931,0,0.06711933663378775,0.0,1.0051437538919339,-0.20772416784162384,0.0027937299012717144,0.05238281082503731,1.8004131951393378
1632,Leicester,2020-12-13,0.880697731728931,3,0.06711933663378775,0.34261488630415415,0.7650355230922856,-0.2637890005769414,0.0027937299012717144,0.0,1.7944722070834889
1632,Brighton,2020-12-13,0.880697731728931,0,0.06328394596899987,0.0,0.4387063233561215,-0.4600069461012834,0.0027937299012717144,0.05238281082503731,0.9778575956790778
1633,Fulham,2020-12-13,0.880697731728931,1,0.07031549552111097,0.34261488630415415,0.45989947037212436,-0.5506405184775436,0.0027937299012717144,0.0,1.2056807953500486
1633,Liverpool,2020-12-13,0.880697731728931,1,0.06711933663378775,0.0,0.9157678175505697,-0.2765321929423121,0.0027937299012717144,0.05238281082503731,1.6422292336972852
1634,Arsenal,2020-12-13,0.880697731728931,0,0.06711933663378775,0.34261488630415415,0.36657607311580015,-0.2217794969375404,0.0027937299012717144,0.0,1.4380222607464044
1634,Burnley,2020-12-13,0.880697731728931,1,0.07031549552111097,0.0,0.36884050314622363,-0.22041792154461645,0.0027937299012717144,0.05238281082503731,1.1546123495779579
1635,Southampton,2020-12-13,0.880697731728931,3,0.06328394596899987,0.34261488630415415,0.8820243298544443,-0.012633581849679236,0.0027937299012717144,0.0,2.1587810419081217
1635,Sheffield United,2020-12-13,0.880697731728931,0,0.06711933663378775,0.0,0.02101085425081931,-0.5303509524935226,0.0027937299012717144,0.05238281082503731,0.4936535108463244
1636,Crystal Palace,2020-12-13,0.880697731728931,1,0.06711933663378775,0.34261488630415415,0.52311476551948,-0.6561338241434599,0.0027937299012717144,0.0,1.1602066259441648
1636,Tottenham,2020-12-13,0.880697731728931,1,0.06711933663378775,0.0,1.0912132689005347,-0.31454281335126605,0.0027937299012717144,0.05238281082503731,1.7796640646382962
1637,Wolves,2020-12-15,0.880697731728931,2,0.04520281854928562,0.34261488630415415,0.4960770382837053,-0.5578425632765807,0.003259351551483667,0.0,1.2100092631409791
1637,Chelsea,2020-12-15,0.880697731728931,1,0.04520281854928562,0.0,0.9277455064895369,-0.2982853429988104,0.003259351551483667,0.05238281082503731,1.611002876145464
1638,Man City,2020-12-15,0.880697731728931,1,0.04520281854928562,0.34261488630415415,0.7272848816355105,-0.15484176578089204,0.0027937299012717144,0.0,1.843752282338261
1638,West Brom,2020-12-15,0.880697731728931,1,0.04520281854928562,0.0,0.2575166577041985,-0.43730792525097867,0.0027937299012717144,0.05238281082503731,0.8012858234577456
1639,West Ham,2020-12-16,0.880697731728931,1,0.05859624626759248,0.34261488630415415,0.8919915665799675,-0.3362277713016978,0.003259351551483667,0.0,1.840932011130431
1639,Crystal Palace,2020-12-16,0.880697731728931,1,0.04520281854928562,0.0,0.559178923440239,-0.5363441358017222,0.003259351551483667,0.05238281082503731,1.0043775002932545
1640,Fulham,2020-12-16,0.880697731728931,0,0.04520281854928562,0.34261488630415415,0.4000191870034902,-0.2597204750213741,0.003259351551483667,0.0,1.4120735001159705
1640,Brighton,2020-12-16,0.880697731728931,0,0.04520281854928562,0.0,0.4319399764498458,-0.2405268762574788,0.003259351551483667,0.05238281082503731,1.1729558128471045
1641,Liverpool,2020-12-16,0.880697731728931,2,0.04520281854928562,0.34261488630415415,0.8405401753644979,-0.6092840564841174,0.003259351551483667,0.0,1.503030907014235
1641,Tottenham,2020-12-16,0.880697731728931,1,0.04520281854928562,0.0,1.0132976269481944,-0.5054070137579979,0.003259351551483667,0.06520223288348526,1.5022527479033823
1642,Leeds,2020-12-16,0.880697731728931,5,0.05859624626759248,0.34261488630415415,0.38145216158366974,-0.3893293126235008,0.003259351551483667,0.0,1.2772910648123303
1642,Newcastle,2020-12-16,0.880697731728931,2,0.05273662164083323,0.0,0.6474918625957004,-0.22936274020921554,0.003259351551483667,0.05238281082503731,1.4072056381327698
1643,Arsenal,2020-12-16,0.880697731728931,1,0.04520281854928562,0.34261488630415415,0.2258053995122571,-0.5208274257125681,0.003259351551483667,0.0,0.9767527619335434
1643,Southampton,2020-12-16,0.880697731728931,1,0.04520281854928562,0.0,0.8661857944707922,-0.1357741557188889,0.003259351551483667,0.05238281082503731,1.7119543514066407
1644,Leicester,2020-12-16,0.880697731728931,0,0.04520281854928562,0.34261488630415415,0.7651740281353557,-0.2828184485468767,0.003259351551483667,0.0,1.7541303677223332
1644,Everton,2020-12-16,0.880697731728931,2,0.05273662164083323,0.0,0.4703541143410678,-0.4600902275698678,0.003259351551483667,0.05238281082503731,0.9993404025174851
1645,Aston Villa,2020-12-17,0.880697731728931,0,0.05859624626759248,0.34261488630415415,0.4865906765040044,-0.31541130804141565,0.0027937299012717144,0.0,1.4558819626645383
1645,Burnley,2020-12-17,0.880697731728931,0,0.05273662164083323,0.0,0.5245591552079679,-0.29258130419254214,0.0027937299012717144,0.05238281082503731,1.220588745111499
1646,Sheffield United,2020-12-17,0.880697731728931,2,0.05273662164083323,0.34261488630415415,0.010505427125409654,-0.6046634264478394,0.003259351551483667,0.0,0.6851505919029725
1646,Man United,2020-12-17,0.880697731728931,3,0.05859624626759248,0.0,1.0056130775152352,-0.006316790924839618,0.003259351551483667,0.05238281082503731,1.99423242696344
1647,Newcastle,2020-12-19,0.880697731728931,1,0.04520281854928562,0.34261488630415415,0.5788501090239923,-0.2480894128616428,0.003259351551483667,0.0,1.6025354842962038
1647,Fulham,2020-12-19,0.880697731728931,1,0.04520281854928562,0.0,0.4125964082735301,-0.3480558259912345,0.003259351551483667,0.05238281082503731,1.0460832949370333
1648,Crystal Palace,2020-12-19,0.880697731728931,0,0.04520281854928562,0.34261488630415415,0.49217627649190454,-0.5339206512913864,0.003259351551483667,0.0,1.2300304133343725
1648,Liverpool,2020-12-19,0.880697731728931,7,0.04520281854928562,0.0,0.887961080180176,-0.2959398603837523,0.003259351551483667,0.05238281082503731,1.5735639324511612
1649,Southampton,2020-12-19,0.880697731728931,0,0.04520281854928562,0.34261488630415415,0.7732318008702521,-0.42317552219813476,0.003259351551483667,0.0,1.6218310668059717
1649,Man City,2020-12-19,0.880697731728931,1,0.05273662164083323,0.0,0.7037813444526113,-0.4649352724289295,0.003259351551483667,0.05238281082503731,1.2279225877699669
1650,Everton,2020-12-19,0.880697731728931,2,0.04520281854928562,0.34261488630415415,0.6603506867141039,-0.11901746775260583,0.003259351551483667,0.0,1.8131080070953522
1650,Arsenal,2020-12-19,0.880697731728931,1,0.04520281854928562,0.0,0.19793742566484257,-0.39706117373924515,0.003259351551483667,0.05238281082503731,0.7824189645803351
1651,Tottenham,2020-12-20,0.880697731728931,0,0.05273662164083323,0.34261488630415415,0.8467877171089532,-0.383436283464418,0.003259351551483667,0.0,1.742660024869937
1651,Leicester,2020-12-20,0.880697731728931,2,0.05273662164083323,0.0,0.63769119179382,-0.5091635878147042,0.003259351551483667,0.05238281082503731,1.1176041197254007
1652,Man United,2020-12-20,0.880697731728931,6,0.04520281854928562,0.34261488630415415,1.0555322571642587,-0.29363773473067256,0.003259351551483667,0.0,2.0336693105674404
1652,Leeds,2020-12-20,0.880697731728931,2,0.05273662164083323,0.0,0.4883476214723339,-0.6346792475294686,0.003259351551483667,0.05238281082503731,0.8427448896891505
1653,Brighton,2020-12-20,0.880697731728931,1,0.05273662164083323,0.34261488630415415,0.4285568029967079,-0.003158395462419809,0.003259351551483667,0.0,1.7047069987596901
1653,Sheffield United,2020-12-20,0.880697731728931,1,0.04520281854928562,0.0,0.005252713562704827,-0.25768621224359045,0.003259351551483667,0.05238281082503731,0.729109213973852
1654,West Brom,2020-12-20,0.880697731728931,0,0.05859624626759248,0.34261488630415415,0.29882778066952725,-0.32524701672233586,0.003259351551483667,0.0,1.2587489797993527
1654,Aston Villa,2020-12-20,0.880697731728931,3,0.04520281854928562,0.0,0.5409168789325013,-0.17968166267676874,0.003259351551483667,0.05238281082503731,1.34277792891047
1655,Burnley,2020-12-21,0.880697731728931,2,0.05273662164083323,0.34261488630415415,0.60241848123884,-0.32809903612547,0.0027937299012717144,0.0,1.55316241468856
1655,Wolves,2020-12-21,0.880697731728931,1,0.06328394596899987,0.0,0.5456600598223517,-0.36222721359335325,0.0027937299012717144,0.05238281082503731,1.182591064653238
1656,Chelsea,2020-12-21,0.880697731728931,3,0.06328394596899987,0.34261488630415415,0.7614942939252675,-0.523824017366668,0.003259351551483667,0.0,1.5275261921121681
1656,West Ham,2020-12-21,0.880697731728931,0,0.05859624626759248,0.0,0.8711694128335539,-0.4578776462643551,0.003259351551483667,0.05238281082503731,1.4082279069422432
1657,Man City,2020-12-26,0.880697731728931,2,0.06711933663378775,0.34261488630415415,0.8195816647242328,-0.35298427762168205,0.003259351551483667,0.0,1.7602886933209074
1657,Newcastle,2020-12-26,0.880697731728931,0,0.06711933663378775,0.0,0.5870465951924951,-0.4928049055114549,0.003259351551483667,0.05238281082503731,1.09770092042028
1658,Arsenal,2020-12-26,0.880697731728931,3,0.06711933663378775,0.34261488630415415,0.1414860757867783,-0.4078951877582423,0.0037249732016956193,0.0,1.0277478158971045
1658,Chelsea,2020-12-26,0.880697731728931,1,0.05859624626759248,0.0,0.6783686876431329,-0.08507392882288359,0.0037249732016956193,0.009354073361613804,1.545667783380082
1659,Sheffield United,2020-12-26,0.880697731728931,0,0.06328394596899987,0.34261488630415415,0.04514371973570942,-0.4541825363354293,0.0037249732016956193,0.0,0.8812827206040607
1659,Everton,2020-12-26,0.880697731728931,1,0.06711933663378775,0.0,0.755348972900622,-0.027144392677790587,0.0037249732016956193,0.05238281082503731,1.732129432612283
1660,Aston Villa,2020-12-26,0.880697731728931,3,0.06328394596899987,0.34261488630415415,0.5680799801467497,-0.27579590492477957,0.003259351551483667,0.0,1.5821399907755385
1660,Crystal Palace,2020-12-26,0.880697731728931,0,0.06711933663378775,0.0,0.4586749530177373,-0.3415798729872327,0.003259351551483667,0.05238281082503731,1.1205543107697444
1661,Fulham,2020-12-26,0.880697731728931,0,0.06711933663378775,0.34261488630415415,0.4614023818629071,-0.4114240008405295,0.0037249732016956193,0.0,1.3441353088909462
1661,Southampton,2020-12-26,0.880697731728931,0,0.06711933663378775,0.0,0.684237441115625,-0.2774358761103055,0.0037249732016956193,0.05238281082503731,1.410726417394771
1662,Leicester,2020-12-26,0.880697731728931,2,0.06328394596899987,0.34261488630415415,0.701501862486123,-0.6496871580702831,0.0037249732016956193,0.0,1.34213624161962
1662,Man United,2020-12-26,0.880697731728931,2,0.06328394596899987,0.0,1.0804918469887703,-0.42180489625143514,0.0037249732016956193,0.05238281082503731,1.6587764124619988
1663,Leeds,2020-12-27,0.880697731728931,1,0.06711933663378775,0.34261488630415415,0.499277988462309,-0.3856351663693221,0.0037249732016956193,0.0,1.4077997499615555
1663,Burnley,2020-12-27,0.880697731728931,0,0.06328394596899987,0.0,0.641348144254276,-0.30021003704482035,0.0037249732016956193,0.05238281082503731,1.3412275689341193
1664,West Ham,2020-12-27,0.880697731728931,2,0.06328394596899987,0.34261488630415415,0.733206247097276,-0.20553869096153726,0.0037249732016956193,0.0,1.817989093339519
1664,Brighton,2020-12-27,0.880697731728931,2,0.06711933663378775,0.0,0.341830490361425,-0.44086837330939876,0.0037249732016956193,0.05238281082503731,0.904886969441478
1665,Liverpool,2020-12-27,0.880697731728931,1,0.07031549552111097,0.34261488630415415,0.911671532588015,-0.19210161112470708,0.0037249732016956193,0.0,2.0169230082192
1665,West Brom,2020-12-27,0.880697731728931,1,0.06711933663378775,0.0,0.31948334215219165,-0.5481774700580807,0.0037249732016956193,0.05238281082503731,0.7752307244835626
1666,Wolves,2020-12-27,0.880697731728931,1,0.06328394596899987,0.34261488630415415,0.5279342076373179,-0.3824077686402555,0.0037249732016956193,0.0,1.435847976200843
1666,Tottenham,2020-12-27,0.880697731728931,1,0.06711933663378775,0.0,0.6359806733262616,-0.31744068774221906,0.0037249732016956193,0.05238281082503731,1.322464837973494
1667,Crystal Palace,2020-12-28,0.880697731728931,1,0.03515774776055548,0.34261488630415415,0.4419242912806537,-0.4665543975915244,0.0037249732016956193,0.0,1.2375652326844653
1667,Leicester,2020-12-28,0.880697731728931,1,0.03515774776055548,0.0,0.7759245607866316,-0.2657239271952932,0.0037249732016956193,0.05238281082503731,1.4821638971075577
1668,Chelsea,2020-12-28,0.880697731728931,1,0.03515774776055548,0.34261488630415415,0.5942885215477084,-0.4264418859594232,0.0037249732016956193,0.0,1.4300419745836213
1668,Aston Villa,2020-12-28,0.880697731728931,1,0.03515774776055548,0.0,0.709213619616945,-0.3573387635586052,0.0037249732016956193,0.05238281082503731,1.323838119574559
1669,Man United,2020-12-29,0.880697731728931,1,0.04520281854928562,0.34261488630415415,1.0079369159923124,-0.26098112365743226,0.0037249732016956193,0.0,2.0191962021189465
1669,Wolves,2020-12-29,0.880697731728931,0,0.03515774776055548,0.0,0.43403655563608695,-0.606060723447529,0.0037249732016956193,0.05238281082503731,0.7999390957047773
1670,West Brom,2020-12-29,0.880697731728931,0,0.03515774776055548,0.34261488630415415,0.24477639698480985,-0.3034961882018943,0.0037249732016956193,0.0,1.2034755477782517
1670,Leeds,2020-12-29,0.880697731728931,5,0.03515774776055548,0.0,0.5047431719572966,-0.14718119545551492,0.0037249732016956193,0.05238281082503731,1.3295252400180009
1671,Southampton,2020-12-29,0.880697731728931,0,0.04520281854928562,0.34261488630415415,0.6822576241926686,-0.3482601613876028,0.0037249732016956193,0.0,1.606237872589132
1671,West Ham,2020-12-29,0.880697731728931,0,0.03515774776055548,0.0,0.579189938320423,-0.41023355999291017,0.0037249732016956193,0.05238281082503731,1.1409196418437322
1672,Burnley,2020-12-29,0.880697731728931,1,0.03515774776055548,0.34261488630415415,0.660812975761994,-0.03913739128547598,0.003259351551483667,0.0,1.8834053018216423
1672,Sheffield United,2020-12-29,0.880697731728931,0,0.04520281854928562,0.0,0.06508922282221172,-0.3973391427573065,0.003259351551483667,0.05238281082503731,0.6492927927196429
1673,Brighton,2020-12-29,0.880697731728931,0,0.03515774776055548,0.34261488630415415,0.2984673340437835,-0.14479774419776453,0.0037249732016956193,0.0,1.4158649288413552
1673,Arsenal,2020-12-29,0.880697731728931,1,0.04520281854928562,0.0,0.24081248971081717,-0.17946493032051067,0.0037249732016956193,0.05238281082503731,1.043355893695256
1674,Newcastle,2020-12-30,0.880697731728931,0,0.05273662164083323,0.34261488630415415,0.5911448382767466,-0.5553058794414278,0.0037249732016956193,0.0,1.3156131717109327
1674,Liverpool,2020-12-30,0.880697731728931,0,0.04520281854928562,0.0,0.9235267587919346,-0.35544850343690576,0.0037249732016956193,0.05238281082503731,1.5500865896599783
1675,Everton,2021-01-01,0.880697731728931,0,0.06328394596899987,0.34261488630415415,0.9304002048569521,-0.3275212503732855,0.0037249732016956193,0.0,1.8932004916874468
1675,West Ham,2021-01-01,0.880697731728931,1,0.04520281854928562,0.0,0.5446991468863536,-0.5594388024732635,0.0037249732016956193,0.05238281082503731,0.9672686787180395
1676,Man United,2021-01-01,0.880697731728931,2,0.04520281854928562,0.34261488630415415,0.9716594504940832,-0.4944380873920991,0.004190594851907572,0.0,1.7499273945362623
1676,Aston Villa,2021-01-01,0.880697731728931,1,0.05273662164083323,0.0,0.8222978023063996,-0.5842475061361521,0.004190594851907572,0.05238281082503731,1.2280580552169567
1677,Tottenham,2021-01-02,0.880697731728931,3,0.06328394596899987,0.34261488630415415,0.5305771514349158,-0.38183484862017325,0.0037249732016956193,0.0,1.439063840018523
1677,Leeds,2021-01-02,0.880697731728931,0,0.05273662164083323,0.0,0.6350278525678613,-0.31902985905303116,0.0037249732016956193,0.05238281082503731,1.305540130911327
1678,Crystal Palace,2021-01-02,0.880697731728931,2,0.05859624626759248,0.34261488630415415,0.34851423450339786,-0.045133890589318666,0.004190594851907572,0.0,1.5894798030666646
1678,Sheffield United,2021-01-02,0.880697731728931,0,0.05273662164083323,0.0,0.07506197436546286,-0.20955754843738864,0.004190594851907572,0.05238281082503731,0.8555121849747832
1679,Brighton,2021-01-02,0.880697731728931,3,0.05273662164083323,0.34261488630415415,0.2767857558849628,-0.23275134161503885,0.004190594851907572,0.0,1.3242742487957502
1679,Wolves,2021-01-02,0.880697731728931,3,0.05273662164083323,0.0,0.3870877296354715,-0.16642804999999739,0.004190594851907572,0.05238281082503731,1.2106674386821832
1680,West Brom,2021-01-02,0.880697731728931,0,0.05273662164083323,0.34261488630415415,0.20742292440111895,-0.25135523672494703,0.004190594851907572,0.0,1.2363075222019981
1680,Arsenal,2021-01-02,0.880697731728931,4,0.05273662164083323,0.0,0.4180277855359077,-0.12472098762091882,0.004190594851907572,0.05238281082503731,1.2833145569616982
1681,Chelsea,2021-01-03,0.880697731728931,1,0.06328394596899987,0.34261488630415415,0.4672137125912822,-0.5276195971681149,0.004190594851907572,0.0,1.2303812742771596
1681,Man City,2021-01-03,0.880697731728931,3,0.07031549552111097,0.0,0.8774818248600433,-0.28093016156562534,0.004190594851907572,0.06547851353129663,1.6172339989276643
1682,Newcastle,2021-01-03,0.880697731728931,1,0.05273662164083323,0.34261488630415415,0.5081592339101584,-0.43779875836840765,0.004190594851907572,0.0,1.350600310067577
1682,Leicester,2021-01-03,0.880697731728931,2,0.06328394596899987,0.0,0.7281011840281719,-0.3055502264513563,0.004190594851907572,0.05238281082503731,1.4231060409516914
1683,Southampton,2021-01-04,0.880697731728931,1,0.06328394596899987,0.34261488630415415,0.5962329898224763,-0.50773969423994,0.004190594851907572,0.0,1.379280454436529
1683,Liverpool,2021-01-04,0.880697731728931,0,0.05859624626759248,0.0,0.8444196459851804,-0.3585079496759392,0.004190594851907572,0.05238281082503731,1.4817790799827095
1684,Sheffield United,2021-01-12,0.880697731728931,1,0.07533803091547604,0.34261488630415415,0.08004835013708844,-0.2039055031188395,0.004190594851907572,0.0,1.178984090818718
1684,Newcastle,2021-01-12,0.880697731728931,0,0.07301993765653832,0.0,0.33911434286379316,-0.04813214024124001,0.004190594851907572,0.05238281082503731,1.3012732776849674
1685,Burnley,2021-01-12,0.880697731728931,0,0.08203474477462948,0.34261488630415415,0.7555801174245671,-0.6244712873736249,0.0037249732016956193,0.0,1.4401811660603525
1685,Man United,2021-01-12,0.880697731728931,1,0.07734704507322207,0.0,1.0385554436536828,-0.45432152084446004,0.0037249732016956193,0.05238281082503731,1.5983864836381085
1686,Wolves,2021-01-12,0.880697731728931,1,0.07533803091547604,0.34261488630415415,0.40613067958952076,-0.5865017405956,0.004190594851907572,0.0,1.1224701827943897
1686,Everton,2021-01-12,0.880697731728931,2,0.07734704507322207,0.0,0.9754084578807601,-0.24420164554042284,0.004190594851907572,0.05238281082503731,1.7458249948194353
1687,Man City,2021-01-13,0.880697731728931,1,0.07533803091547604,0.34261488630415415,0.9064319049279488,-0.18547480478632142,0.0037249732016956193,0.0,2.0233327222918844
1687,Brighton,2021-01-13,0.880697731728931,0,0.07734704507322207,0.0,0.30846232975990945,-0.5450269429964449,0.0037249732016956193,0.05238281082503731,0.7775879475923505
1688,Tottenham,2021-01-13,0.880697731728931,1,0.07734704507322207,0.34261488630415415,0.477875390489243,-0.24097871784147548,0.004190594851907572,0.0,1.5417469306059823
1688,Fulham,2021-01-13,0.880697731728931,1,0.0862962899577271,0.0,0.40077064274888163,-0.287340904259419,0.004190594851907572,0.05238281082503731,1.1369971658530655
1689,Arsenal,2021-01-14,0.880697731728931,0,0.07910493246124985,0.34261488630415415,0.6341875223115239,-0.23260474895159775,0.004190594851907572,0.0,1.7081909187061688
1689,Crystal Palace,2021-01-14,0.880697731728931,0,0.07910493246124985,0.0,0.386843932023484,-0.3813295678282803,0.004190594851907572,0.05238281082503731,1.0218904340623294
1690,Leicester,2021-01-16,0.880697731728931,2,0.08065600956833317,0.34261488630415415,0.704189495648942,-0.33264514451745364,0.004190594851907572,0.0,1.679703573584814
1690,Southampton,2021-01-16,0.880697731728931,0,0.07910493246124985,0.0,0.5532206726373802,-0.4234209387568493,0.004190594851907572,0.05238281082503731,1.1461758037476566
1691,Fulham,2021-01-16,0.880697731728931,0,0.04520281854928562,0.34261488630415415,0.41297213614622585,-0.2427258605691354,0.004190594851907572,0.0,1.442952307011369
1691,Chelsea,2021-01-16,0.880697731728931,1,0.08065600956833317,0.0,0.40367630811306915,-0.24831533365364114,0.004190594851907572,0.05238281082503731,1.173288121433637
1692,West Ham,2021-01-16,0.880697731728931,1,0.08326834995921037,0.34261488630415415,0.5274537511693188,-0.4061171250482948,0.004190594851907572,0.0,1.432108188965227
1692,Burnley,2021-01-16,0.880697731728931,0,0.05273662164083323,0.0,0.6754115993927826,-0.3171517948661268,0.004190594851907572,0.05238281082503731,1.3482675635733647
1693,Leeds,2021-01-16,0.880697731728931,0,0.08203474477462948,0.34261488630415415,0.7001701928731437,-0.16943298723290276,0.004190594851907572,0.0,1.8402751632998633
1693,Brighton,2021-01-16,0.880697731728931,1,0.04520281854928562,0.0,0.2817832537430257,-0.4210041788293128,0.004190594851907572,0.05238281082503731,0.8432530308688743
1694,Wolves,2021-01-16,0.880697731728931,2,0.05273662164083323,0.34261488630415415,0.2881000657034744,-0.11349088370362077,0.004656216502119524,0.0,1.4553146381758917
1694,West Brom,2021-01-16,0.880697731728931,3,0.08203474477462948,0.0,0.1887461881092735,-0.17323121266337277,0.004656216502119524,0.05238281082503731,1.0352864792766179
1695,Sheffield United,2021-01-17,0.880697731728931,1,0.05859624626759248,0.34261488630415415,0.21009362688597227,-0.2714964268626129,0.004656216502119524,0.0,1.2251622808261566
1695,Tottenham,2021-01-17,0.880697731728931,3,0.05273662164083323,0.0,0.45152451001640653,-0.12632684990694273,0.004656216502119524,0.05238281082503731,1.3156710408063848
1696,Liverpool,2021-01-17,0.880697731728931,0,0.08065600956833317,0.34261488630415415,0.7623487266274462,-0.6445831779923613,0.004190594851907572,0.0,1.425924771088411
1696,Man United,2021-01-17,0.880697731728931,0,0.05859624626759248,0.0,1.0720034402334824,-0.45839140669261547,0.004190594851907572,0.03097908167072099,1.5880756880600193
1697,Man City,2021-01-17,0.880697731728931,4,0.05273662164083323,0.34261488630415415,1.0059416708706155,-0.24412834920870227,0.004190594851907572,0.0,2.0420531561877393
1697,Crystal Palace,2021-01-17,0.880697731728931,0,0.04520281854928562,0.0,0.40600878078352703,-0.6048610058037713,0.004190594851907572,0.05238281082503731,0.783621730934917
1698,Arsenal,2021-01-18,0.880697731728931,3,0.05273662164083323,0.34261488630415415,0.742267390699332,-0.15308314145258112,0.004656216502119524,0.0,1.869889705422789
1698,Newcastle,2021-01-18,0.880697731728931,0,0.06328394596899987,0.0,0.2545918973406106,-0.446316733379947,0.004656216502119524,0.05238281082503731,0.8092958689857512
1699,West Ham,2021-01-19,0.880697731728931,2,0.04520281854928562,0.34261488630415415,0.6038657792195155,-0.1590062216381331,0.004656216502119524,0.0,1.7180312106658726
1699,West Brom,2021-01-19,0.880697731728931,1,0.04520281854928562,0.0,0.2644425458720648,-0.3630974570057089,0.004656216502119524,0.05238281082503731,0.8842846664717294
1700,Leicester,2021-01-19,0.880697731728931,2,0.04520281854928562,0.34261488630415415,0.8197857403223981,-0.3003192949106325,0.004656216502119524,0.0,1.7926380984962562
1700,Chelsea,2021-01-19,0.880697731728931,0,0.04520281854928562,0.0,0.49945969473703367,-0.4929276137908122,0.004656216502119524,0.05238281082503731,0.9894716585515949
1701,Fulham,2021-01-20,0.880697731728931,1,0.05273662164083323,0.34261488630415415,0.3765555198905409,-0.6035087334085681,0.004656216502119524,0.0,1.0537522426580108
1701,Man United,2021-01-20,0.880697731728931,2,0.04520281854928562,0.0,1.0036927126146682,-0.22641844661314328,0.004656216502119524,0.05238281082503731,1.7602138436068984
1702,Man City,2021-01-20,0.880697731728931,2,0.04520281854928562,0.34261488630415415,1.1407312797506628,-0.45174060326869503,0.004656216502119524,0.0,1.9621623295664579
1702,Aston Villa,2021-01-20,0.880697731728931,0,0.08713007053702881,0.0,0.7512878047880558,-0.6859084271005959,0.004656216502119524,0.05238281082503731,1.0902462072805765
1703,Liverpool,2021-01-21,0.880697731728931,0,0.05273662164083323,0.34261488630415415,0.6362785410398651,-0.3564497322036315,0.004656216502119524,0.0,1.5605342650122718
1703,Burnley,2021-01-21,0.880697731728931,1,0.05859624626759248,0.0,0.5928099774225334,-0.3825868730257918,0.004656216502119524,0.05238281082503731,1.206556109720422
1704,Aston Villa,2021-01-23,0.880697731728931,2,0.04520281854928562,0.34261488630415415,0.673265443074527,-0.10210676567287123,0.0037249732016956193,0.0,1.843399087185722
1704,Newcastle,2021-01-23,0.880697731728931,0,0.05859624626759248,0.0,0.1698133116246623,-0.40482666626041225,0.0037249732016956193,0.05238281082503731,0.7603884073875063
1705,Crystal Palace,2021-01-26,0.880697731728931,2,0.07301993765653832,0.34261488630415415,0.4155912051635485,-0.4627658729152419,0.004656216502119524,0.0,1.2538141044400497
1705,West Ham,2021-01-26,0.880697731728931,3,0.06711933663378775,0.0,0.7696238821076847,-0.24989014933725454,0.004656216502119524,0.05238281082503731,1.5245898284603059
1706,Newcastle,2021-01-26,0.880697731728931,1,0.04520281854928562,0.34261488630415415,0.12742401876668816,-0.3638932590941405,0.004656216502119524,0.0,1.036702412757038
1706,Leeds,2021-01-26,0.880697731728931,2,0.07533803091547604,0.0,0.6051892741627138,-0.0766185777830163,0.004656216502119524,0.05238281082503731,1.5416454863512612
1707,Southampton,2021-01-26,0.880697731728931,1,0.07533803091547604,0.34261488630415415,0.4891971510904751,-0.5555059009955223,0.004656216502119524,0.0,1.2369981155456335
1707,Arsenal,2021-01-26,0.880697731728931,3,0.07031549552111097,0.0,0.9238594137563071,-0.29414854699163023,0.004656216502119524,0.05238281082503731,1.6377631213418755
1708,West Brom,2021-01-26,0.880697731728931,0,0.06711933663378775,0.34261488630415415,0.3022907247534604,-0.7264321377490082,0.004656216502119524,0.0,0.8709467581734449
1708,Man City,2021-01-26,0.880697731728931,5,0.06328394596899987,0.0,1.2081260841906865,-0.1817638906053893,0.004656216502119524,0.05238281082503731,2.0273828986103846
1709,Man United,2021-01-27,0.880697731728931,1,0.06711933663378775,0.34261488630415415,1.0545720747139753,-0.13985900979321342,0.004656216502119524,0.0,2.2098012360897545
1709,Sheffield United,2021-01-27,0.880697731728931,2,0.07533803091547604,0.0,0.23259890230605715,-0.6341019010098329,0.004656216502119524,0.05238281082503731,0.6115717912677882
1710,Brighton,2021-01-27,0.880697731728931,0,0.07734704507322207,0.34261488630415415,0.3534784416432979,-0.1899048081463137,0.004656216502119524,0.0,1.468889513105411
1710,Fulham,2021-01-27,0.880697731728931,0,0.06711933663378775,0.0,0.3158298488083415,-0.21254246834935478,0.004656216502119524,0.05238281082503731,1.1081434761488622
1711,Everton,2021-01-27,0.880697731728931,1,0.08326834995921037,0.34261488630415415,0.9979125843926642,-0.5276809513077936,0.004190594851907572,0.0,1.781003195929074
1711,Leicester,2021-01-27,0.880697731728931,1,0.07031549552111097,0.0,0.8775838626591261,-0.6000332096567682,0.004190594851907572,0.05238281082503731,1.2851372859293446
1712,Burnley,2021-01-27,0.880697731728931,3,0.06328394596899987,0.34261488630415415,0.5515091664374088,-0.38136969775627094,0.004190594851907572,0.0,1.4609266275351303
1712,Aston Villa,2021-01-27,0.880697731728931,2,0.05273662164083323,0.0,0.6342542622177626,-0.33161603578129983,0.004190594851907572,0.05238281082503731,1.2926459854831718
1713,Chelsea,2021-01-27,0.880697731728931,0,0.07031549552111097,0.34261488630415415,0.41979929918594483,-0.13774599622484773,0.004656216502119524,0.0,1.5803376330174128
1713,Wolves,2021-01-27,0.880697731728931,0,0.07734704507322207,0.0,0.2290847587604512,-0.252420427241639,0.004656216502119524,0.05238281082503731,0.9917481356481219
1714,Tottenham,2021-01-28,0.880697731728931,1,0.07734704507322207,0.34261488630415415,0.5659011586430593,-0.26798902135263797,0.004656216502119524,0.0,1.6032280168988482
1714,Liverpool,2021-01-28,0.880697731728931,3,0.06711933663378775,0.0,0.4456913593830036,-0.3402697730039519,0.004656216502119524,0.06520223288348526,1.1230971041273752
1715,Everton,2021-01-30,0.880697731728931,0,0.04520281854928562,0.34261488630415415,0.9241299217399022,-0.03830928889150815,0.004656216502119524,0.0,2.1589922859328845
1715,Newcastle,2021-01-30,0.880697731728931,2,0.05273662164083323,0.0,0.06371200938334408,-0.5556685542941909,0.004656216502119524,0.05238281082503731,0.4985168357860742
1716,Crystal Palace,2021-01-30,0.880697731728931,1,0.05273662164083323,0.34261488630415415,0.42038241735355925,-0.12000338800558523,0.0051218381523314765,0.0,1.581550107174224
1716,Wolves,2021-01-30,0.880697731728931,0,0.04520281854928562,0.0,0.1995771052889396,-0.25277104940153067,0.0051218381523314765,0.05238281082503731,0.9302112551429942
1717,Man City,2021-01-30,0.880697731728931,1,0.05273662164083323,0.34261488630415415,1.2418234864106983,-0.22332067457609078,0.0051218381523314765,0.0,2.2996738896608577
1717,Sheffield United,2021-01-30,0.880697731728931,0,0.04520281854928562,0.0,0.3714036288791706,-0.7466939930732143,0.0051218381523314765,0.05238281082503731,0.6081148350615416
1718,West Brom,2021-01-30,0.880697731728931,2,0.05273662164083323,0.34261488630415415,0.2786974512398012,-0.1716479889128989,0.0051218381523314765,0.0,1.3882205401531524
1718,Fulham,2021-01-30,0.880697731728931,2,0.04520281854928562,0.0,0.2854670132672418,-0.1675775301424367,0.0051218381523314765,0.05238281082503731,1.1012946823803904
1719,Arsenal,2021-01-30,0.880697731728931,0,0.05273662164083323,0.34261488630415415,1.0146554252847946,-0.5727028999707233,0.0051218381523314765,0.0,1.723123603140321
1719,Man United,2021-01-30,0.880697731728931,0,0.04520281854928562,0.0,0.9524596669005576,-0.61010048480331,0.0051218381523314765,0.06520223288348526,1.338583803411281
1720,Southampton,2021-01-30,0.880697731728931,0,0.05273662164083323,0.34261488630415415,0.45718539031702254,-0.29294562866445817,0.0051218381523314765,0.0,1.4454108394788143
1720,Aston Villa,2021-01-30,0.880697731728931,1,0.04520281854928562,0.0,0.4871965829263093,-0.2749002482287185,0.0051218381523314765,0.05238281082503731,1.1957015339531762
1721,Brighton,2021-01-31,0.880697731728931,1,0.05273662164083323,0.34261488630415415,0.389326035593434,-0.37465644607462145,0.0051218381523314765,0.0,1.2958406673450624
1721,Tottenham,2021-01-31,0.880697731728931,0,0.04520281854928562,0.0,0.6230894829563858,-0.2340972089075808,0.0051218381523314765,0.05238281082503731,1.3723974733043904
1722,West Ham,2021-01-31,0.880697731728931,1,0.05859624626759248,0.34261488630415415,0.9375376594604835,-0.26182048540922237,0.0051218381523314765,0.0,1.9627478765042703
1722,Liverpool,2021-01-31,0.880697731728931,3,0.04520281854928562,0.0,0.4354324944632868,-0.5637304707631698,0.0051218381523314765,0.05238281082503731,0.8551072229557024
1723,Chelsea,2021-01-31,0.880697731728931,2,0.05273662164083323,0.34261488630415415,0.4224864643647575,-0.3958947724098761,0.0051218381523314765,0.0,1.3077627697811314
1723,Burnley,2021-01-31,0.880697731728931,0,0.05273662164083323,0.0,0.6584108498079174,-0.25403618835372294,0.0051218381523314765,0.05238281082503731,1.3953136638013273
1724,Leicester,2021-01-31,0.880697731728931,1,0.05273662164083323,0.34261488630415415,0.9064829238274902,-0.41203338406629636,0.0051218381523314765,0.0,1.7756206175874436
1724,Leeds,2021-01-31,0.880697731728931,3,0.05859624626759248,0.0,0.68525090367057,-0.5450576200662843,0.0051218381523314765,0.05238281082503731,1.1369919105781776
1725,Sheffield United,2021-02-02,0.880697731728931,2,0.04520281854928562,0.34261488630415415,0.44080599216572736,-0.18604954485754108,0.0051218381523314765,0.0,1.5283937220428885
1725,West Brom,2021-02-02,0.880697731728931,1,0.04520281854928562,0.0,0.30941817743732863,-0.2650515069675295,0.0051218381523314765,0.05238281082503731,1.0277718697253846
1726,Wolves,2021-02-02,0.880697731728931,2,0.04520281854928562,0.34261488630415415,0.18482327855318384,-0.5862673868140426,0.0051218381523314765,0.0,0.8721931664738435
1726,Arsenal,2021-02-02,0.880697731728931,1,0.04520281854928562,0.0,0.9750187051403244,-0.11113208389595398,0.0051218381523314765,0.05238281082503731,1.8472918204999558
1727,Man United,2021-02-02,0.880697731728931,9,0.04520281854928562,0.34261488630415415,0.8163687370851349,-0.23971090390068198,0.0051218381523314765,0.0,1.8502951079191554
1727,Southampton,2021-02-02,0.880697731728931,0,0.04520281854928562,0.0,0.3986621469759393,-0.4908730095580071,0.0051218381523314765,0.05238281082503731,0.8911943366735176
1728,Newcastle,2021-02-02,0.880697731728931,1,0.04520281854928562,0.34261488630415415,0.15940809355474306,-0.3053418893268301,0.0051218381523314765,0.0,1.1277034789626152
1728,Crystal Palace,2021-02-02,0.880697731728931,2,0.04520281854928562,0.0,0.5078127493572787,-0.09585022928549612,0.0051218381523314765,0.05238281082503731,1.395367719327368
1729,Aston Villa,2021-02-03,0.880697731728931,1,0.05273662164083323,0.34261488630415415,0.4987024691892967,-0.5886475747405531,0.004190594851907572,0.0,1.1902947289745698
1729,West Ham,2021-02-03,0.880697731728931,3,0.04520281854928562,0.0,0.9789771851825259,-0.2998639840117132,0.004190594851907572,0.05238281082503731,1.6615871571259742
1730,Burnley,2021-02-03,0.880697731728931,0,0.04520281854928562,0.34261488630415415,0.5843096026301008,-0.7568249207353174,0.004656216502119524,0.0,1.100656334979274
1730,Man City,2021-02-03,0.880697731728931,2,0.05273662164083323,0.0,1.2586721875207043,-0.35133855588442214,0.004656216502119524,0.05238281082503731,1.897807012333203
1731,Fulham,2021-02-03,0.880697731728931,0,0.05273662164083323,0.34261488630415415,0.2702855954966919,-0.5281807594989489,0.0051218381523314765,0.0,1.0232759138239929
1731,Leicester,2021-02-03,0.880697731728931,2,0.04520281854928562,0.0,0.8784150914573151,-0.16251957929619149,0.0051218381523314765,0.05238281082503731,1.699300711416709
1732,Leeds,2021-02-03,0.880697731728931,1,0.04520281854928562,0.34261488630415415,0.7252817184244981,-0.4567906417731602,0.004656216502119524,0.0,1.5416627297358283
1732,Everton,2021-02-03,0.880697731728931,2,0.05273662164083323,0.0,0.7596865015504501,-0.4361034465523743,0.004656216502119524,0.05238281082503731,1.3140564356949969
1733,Liverpool,2021-02-03,0.880697731728931,0,0.04520281854928562,0.34261488630415415,0.5153377879121425,-0.32157016402643585,0.0051218381523314765,0.0,1.467404898620409
1733,Brighton,2021-02-03,0.880697731728931,1,0.04520281854928562,0.0,0.5348019214315731,-0.30986660733067595,0.0051218381523314765,0.05238281082503731,1.2083405133564826
1734,Tottenham,2021-02-04,0.880697731728931,0,0.05273662164083323,0.34261488630415415,0.609166282158692,-0.30597445880292623,0.0051218381523314765,0.0,1.5843629011820157
1734,Chelsea,2021-02-04,0.880697731728931,1,0.05273662164083323,0.0,0.5088647728628778,-0.36628458766337546,0.0051218381523314765,0.00865181560173289,1.0897881923233306
1735,Fulham,2021-02-06,0.880697731728931,0,0.04520281854928562,0.34261488630415415,0.22017752365705995,-0.6011061267292447,0.005587459802543429,0.0,0.8931742933127295
1735,West Ham,2021-02-06,0.880697731728931,0,0.04520281854928562,0.0,0.999696948043547,-0.1323901795412571,0.005587459802543429,0.05238281082503731,1.8511775894080873
1736,Newcastle,2021-02-06,0.880697731728931,3,0.05273662164083323,0.34261488630415415,0.20725613564044257,-0.19655103679008304,0.005587459802543429,0.0,1.2923417983268213
1736,Southampton,2021-02-06,0.880697731728931,2,0.05273662164083323,0.0,0.32688316235104065,-0.12462069948249012,0.005587459802543429,0.05238281082503731,1.1936670868658954
1737,Man United,2021-02-06,0.880697731728931,3,0.05273662164083323,0.34261488630415415,0.7483232721774234,-0.4073516855126449,0.005587459802543429,0.0,1.6226082861412403
1737,Everton,2021-02-06,0.880697731728931,3,0.04520281854928562,0.0,0.6774647914557241,-0.449958064351649,0.005587459802543429,0.05238281082503731,1.2113775480098725
1738,Aston Villa,2021-02-06,0.880697731728931,1,0.04520281854928562,0.34261488630415415,0.5044554123207904,-0.49765525297966673,0.004656216502119524,0.0,1.2799718124256139
1738,Arsenal,2021-02-06,0.880697731728931,0,0.05273662164083323,0.0,0.8276482562050183,-0.3033231616853407,0.004656216502119524,0.05238281082503731,1.5147984752165986
1739,Burnley,2021-02-06,0.880697731728931,1,0.04520281854928562,0.34261488630415415,0.5472589790411924,-0.4164370314790247,0.0051218381523314765,0.0,1.40445922229687
1739,Brighton,2021-02-06,0.880697731728931,1,0.04520281854928562,0.0,0.6925745902593565,-0.3290604476216951,0.0051218381523314765,0.05238281082503731,1.3469193418932468
1740,Sheffield United,2021-02-07,0.880697731728931,1,0.05859624626759248,0.34261488630415415,0.6030592626720768,-0.4086391788672699,0.005587459802543429,0.0,1.481916407908028
1740,Chelsea,2021-02-07,0.880697731728931,2,0.04520281854928562,0.0,0.6796060159750089,-0.3626125080029909,0.005587459802543429,0.05238281082503731,1.3008643288778152
1741,Liverpool,2021-02-07,0.880697731728931,1,0.05273662164083323,0.34261488630415415,0.5552904346365702,-0.7618903845663689,0.005587459802543429,0.0,1.075036749546663
1741,Man City,2021-02-07,0.880697731728931,4,0.05273662164083323,0.0,1.2670965380757073,-0.3338896682914027,0.005587459802543429,0.03097908167072099,1.9032077646273333
1742,Wolves,2021-02-07,0.880697731728931,0,0.05859624626759248,0.34261488630415415,0.26248109109401996,-0.5197423292152813,0.005587459802543429,0.0,1.03023508598196
1742,Leicester,2021-02-07,0.880697731728931,0,0.05273662164083323,0.0,0.8643811752722277,-0.1578268217342997,0.005587459802543429,0.05238281082503731,1.6979589775352728
1743,Tottenham,2021-02-07,0.880697731728931,2,0.04520281854928562,0.34261488630415415,0.474652592896774,-0.19528555221509328,0.005587459802543429,0.0,1.5534699370665948
1743,West Brom,2021-02-07,0.880697731728931,0,0.05859624626759248,0.0,0.32477854053609234,-0.2854030736180105,0.005587459802543429,0.05238281082503731,1.036639715542186
1744,Leeds,2021-02-08,0.880697731728931,2,0.05859624626759248,0.34261488630415415,0.6177450369383911,-0.3316273092894798,0.0051218381523314765,0.0,1.5731484301019205
1744,Crystal Palace,2021-02-08,0.880697731728931,0,0.06328394596899987,0.0,0.5515279153591384,-0.37144289295567123,0.0051218381523314765,0.05238281082503731,1.1815713490787667
1745,Leicester,2021-02-13,0.880697731728931,3,0.06328394596899987,0.34261488630415415,0.77232949127097,-0.32033600382518546,0.005587459802543429,0.0,1.744177511250413
1745,Liverpool,2021-02-13,0.880697731728931,1,0.06328394596899987,0.0,0.5327493950444272,-0.4643927241802861,0.005587459802543429,0.05238281082503731,1.0703086191896525
1746,Crystal Palace,2021-02-13,0.880697731728931,0,0.05859624626759248,0.34261488630415415,0.5308681354057113,-0.3434865884369123,0.005587459802543429,0.0,1.4748778710720203
1746,Burnley,2021-02-13,0.880697731728931,3,0.06711933663378775,0.0,0.5712510302010952,-0.31920482432422403,0.005587459802543429,0.05238281082503731,1.2578335448671705
1747,Man City,2021-02-13,0.880697731728931,3,0.06328394596899987,0.34261488630415415,1.2713087133532086,-0.2960927064884893,0.005587459802543429,0.0,2.2674000306693474
1747,Tottenham,2021-02-13,0.880697731728931,0,0.06328394596899987,0.0,0.492430474174529,-0.7644231164818946,0.005587459802543429,0.06520223288348526,0.7427787280765937
1748,Brighton,2021-02-13,0.880697731728931,0,0.06711933663378775,0.34261488630415415,0.8139782876276054,-0.3817483353618965,0.005587459802543429,0.0,1.7282493667351253
1748,Aston Villa,2021-02-13,0.880697731728931,0,0.06711933663378775,0.0,0.6348839727496083,-0.4894356601518998,0.005587459802543429,0.05238281082503731,1.1512356515880078
1749,Arsenal,2021-02-14,0.880697731728931,4,0.07031549552111097,0.34261488630415415,0.7114456687830082,-0.4158082009970617,0.005587459802543429,0.0,1.5948530411426858
1749,Leeds,2021-02-14,0.880697731728931,2,0.06328394596899987,0.0,0.6915287850584085,-0.4277839911158981,0.005587459802543429,0.05238281082503731,1.265696742268022
1750,Everton,2021-02-14,0.880697731728931,0,0.07031549552111097,0.34261488630415415,0.6788712993627181,-0.14289067461037058,0.0051218381523314765,0.0,1.8347305764588748
1750,Fulham,2021-02-14,0.880697731728931,2,0.07031549552111097,0.0,0.23764085069160099,-0.40819740232896784,0.0051218381523314765,0.05238281082503731,0.8379613245900437
1751,Southampton,2021-02-14,0.880697731728931,1,0.07031549552111097,0.34261488630415415,0.16344158117552032,-0.20673938560005328,0.005587459802543429,0.0,1.2559177689322065
1751,Wolves,2021-02-14,0.880697731728931,2,0.06711933663378775,0.0,0.343827360318795,-0.09827551839504152,0.005587459802543429,0.05238281082503731,1.2513391809140528
1752,West Brom,2021-02-14,0.880697731728931,1,0.06711933663378775,0.34261488630415415,0.20490663322240318,-0.42950059174846994,0.005587459802543429,0.0,1.0714254559433496
1752,Man United,2021-02-14,0.880697731728931,1,0.07031549552111097,0.0,0.7143005397235678,-0.12320797105412731,0.005587459802543429,0.05238281082503731,1.600076066547063
1753,West Ham,2021-02-15,0.880697731728931,3,0.07301993765653832,0.34261488630415415,0.9250221035653436,-0.3346974236809795,0.005587459802543429,0.0,1.8922446953765308
1753,Sheffield United,2021-02-15,0.880697731728931,0,0.07031549552111097,0.0,0.5566338090621804,-0.5562050128304292,0.005587459802543429,0.05238281082503731,1.0094122941093737
1754,Chelsea,2021-02-15,0.880697731728931,2,0.07031549552111097,0.34261488630415415,0.7649766375310745,-0.21570151942072915,0.005587459802543429,0.0,1.8484906914670844
1754,Newcastle,2021-02-15,0.880697731728931,0,0.07301993765653832,0.0,0.3587322455463633,-0.45997153889944176,0.005587459802543429,0.05238281082503731,0.9104486466599714
1755,Burnley,2021-02-17,0.880697731728931,1,0.05273662164083323,0.34261488630415415,0.5832470557810467,-0.2248365069846694,0.005587459802543429,0.0,1.6400472482728392
1755,Fulham,2021-02-17,0.880697731728931,1,0.04520281854928562,0.0,0.37392460307194253,-0.350699658844521,0.005587459802543429,0.05238281082503731,1.0070957651332186
1756,Everton,2021-02-17,0.880697731728931,1,0.04520281854928562,0.34261488630415415,0.5520224644531441,-0.7656894824396575,0.005587459802543429,0.0,1.0604358783984007
1756,Man City,2021-02-17,0.880697731728931,3,0.05273662164083323,0.0,1.2734148009919595,-0.33192467589738733,0.005587459802543429,0.05238281082503731,1.9328947490919168
1757,Wolves,2021-02-19,0.880697731728931,1,0.05859624626759248,0.34261488630415415,0.5120525837942536,-0.43799085501775703,0.006053081452755381,0.0,1.3620236745299295
1757,Leeds,2021-02-19,0.880697731728931,0,0.05859624626759248,0.0,0.7284206591184174,-0.3078912523726721,0.006053081452755381,0.05238281082503731,1.4182592770200613
1758,Southampton,2021-02-20,0.880697731728931,1,0.06328394596899987,0.34261488630415415,0.08172079058776016,-0.5623333037552697,0.006053081452755381,0.0,0.8120371322873308
1758,Chelsea,2021-02-20,0.880697731728931,1,0.05859624626759248,0.0,0.9352140371721783,-0.04913775919752076,0.006053081452755381,0.05238281082503731,1.8838061482489736
1759,Burnley,2021-02-20,0.880697731728931,0,0.04520281854928562,0.34261488630415415,0.5042103426623084,-0.11273437542022503,0.006053081452755381,0.0,1.6660444852772094
1759,West Brom,2021-02-20,0.880697731728931,0,0.06328394596899987,0.0,0.18748804251991563,-0.3031758041551639,0.006053081452755381,0.05238281082503731,0.8867298083404753
1760,Liverpool,2021-02-20,0.880697731728931,0,0.06711933663378775,0.34261488630415415,0.5214788752483556,-0.2682231177350164,0.006053081452755381,0.0,1.5497407936329677
1760,Everton,2021-02-20,0.880697731728931,2,0.04520281854928562,0.0,0.44608068404400003,-0.3135591715920768,0.006053081452755381,0.05238281082503731,1.1168579550079325
1761,Fulham,2021-02-20,0.880697731728931,1,0.04520281854928562,0.34261488630415415,0.44206647926211334,-0.32073988151997385,0.006053081452755381,0.0,1.3958951157772657
1761,Sheffield United,2021-02-20,0.880697731728931,0,0.05859624626759248,0.0,0.5334210822572322,-0.2658094231718188,0.006053081452755381,0.05238281082503731,1.2653415293597294
1762,Man United,2021-02-21,0.880697731728931,3,0.06711933663378775,0.34261488630415415,0.6122544475879259,-0.26124192938984864,0.006053081452755381,0.0,1.6474975543177055
1762,Newcastle,2021-02-21,0.880697731728931,1,0.06328394596899987,0.0,0.43447030049932367,-0.36814146555371907,0.006053081452755381,0.05238281082503731,1.0687464049213278
1763,Arsenal,2021-02-21,0.880697731728931,0,0.06711933663378775,0.34261488630415415,0.6533443750720032,-0.766322665418539,0.006053081452755381,0.0,1.1835067457730926
1763,Man City,2021-02-21,0.880697731728931,1,0.05273662164083323,0.0,1.274467844811335,-0.3928483601840138,0.006053081452755381,0.06520223288348526,1.8863091523333257
1764,West Ham,2021-02-21,0.880697731728931,2,0.06328394596899987,0.34261488630415415,0.8876846813262419,-0.22474193808398668,0.006053081452755381,0.0,1.9555923886970952
1764,Tottenham,2021-02-21,0.880697731728931,1,0.07031549552111097,0.0,0.3737673259503355,-0.5337544558810214,0.006053081452755381,0.05238281082503731,0.8494619895971486
1765,Aston Villa,2021-02-21,0.880697731728931,1,0.07031549552111097,0.34261488630415415,0.6150635270553032,-0.43671792166278844,0.0051218381523314765,0.0,1.4770955570990423
1765,Leicester,2021-02-21,0.880697731728931,2,0.07031549552111097,0.0,0.726303649270341,-0.369830532307013,0.0051218381523314765,0.05238281082503731,1.3649909931907385
1766,Brighton,2021-02-22,0.880697731728931,1,0.07301993765653832,0.34261488630415415,0.7896454104030157,-0.3129935818415961,0.006053081452755381,0.0,1.7790374657037986
1766,Crystal Palace,2021-02-22,0.880697731728931,2,0.07301993765653832,0.0,0.5205382454289976,-0.47480458459517605,0.006053081452755381,0.05238281082503731,1.0578872224970834
1767,Leeds,2021-02-23,0.880697731728931,3,0.05273662164083323,0.34261488630415415,0.6193145072853508,-0.050134074545341065,0.005587459802543429,0.0,1.8508171322164715
1767,Southampton,2021-02-23,0.880697731728931,0,0.04520281854928562,0.0,0.0833777582482371,-0.3723865971883626,0.005587459802543429,0.05238281082503731,0.6948619819656716
1768,Man City,2021-02-27,0.880697731728931,2,0.06328394596899987,0.34261488630415415,1.2749943667210224,-0.5225291774063175,0.006053081452755381,0.0,2.045114834769545
1768,West Ham,2021-02-27,0.880697731728931,1,0.06328394596899987,0.0,0.869015970206691,-0.7666392569079796,0.006053081452755381,0.05238281082503731,1.1047942832744346
1769,West Brom,2021-02-27,0.880697731728931,1,0.06711933663378775,0.34261488630415415,0.22129611012302883,-0.4419238518702334,0.006053081452755381,0.0,1.0758572943724238
1769,Brighton,2021-02-27,0.880697731728931,0,0.05859624626759248,0.0,0.7349616088363639,-0.13306277254985455,0.006053081452755381,0.05238281082503731,1.5996287065608252
1770,Leeds,2021-02-27,0.880697731728931,0,0.05273662164083323,0.34261488630415415,0.5647614313688174,-0.3638716307795713,0.006053081452755381,0.0,1.4829921217159199
1770,Aston Villa,2021-02-27,0.880697731728931,1,0.06328394596899987,0.0,0.6051533042081506,-0.3395844682736654,0.006053081452755381,0.05238281082503731,1.2679864059102084
1771,Newcastle,2021-02-27,0.880697731728931,1,0.06328394596899987,0.34261488630415415,0.4723393279758039,-0.4095975756521429,0.006053081452755381,0.0,1.3553913977785013
1771,Wolves,2021-02-27,0.880697731728931,1,0.07031549552111097,0.0,0.6811999214406969,-0.2840121343744084,0.006053081452755381,0.05238281082503731,1.4066369065941229
1772,Leicester,2021-02-28,0.880697731728931,1,0.06711933663378775,0.34261488630415415,0.7883254541787406,-0.2986849598783296,0.006053081452755381,0.0,1.7861255304200394
1772,Arsenal,2021-02-28,0.880697731728931,3,0.06711933663378775,0.0,0.4967416393534296,-0.47401091029720105,0.006053081452755381,0.05238281082503731,1.0289836896967401
1773,Crystal Palace,2021-02-28,0.880697731728931,0,0.06328394596899987,0.34261488630415415,0.6429253893037119,-0.33742627115855484,0.006053081452755381,0.0,1.5981487635999971
1773,Fulham,2021-02-28,0.880697731728931,0,0.07031549552111097,0.0,0.5611721432659127,-0.3865835454400242,0.006053081452755381,0.05238281082503731,1.1840377173537229
1774,Tottenham,2021-02-28,0.880697731728931,4,0.06711933663378775,0.34261488630415415,0.3144357518382388,-0.304979071757066,0.006053081452755381,0.0,1.3059417162008011
1774,Burnley,2021-02-28,0.880697731728931,0,0.07031549552111097,0.0,0.5072093490572962,-0.18906655388173538,0.006053081452755381,0.05238281082503731,1.3275919147033952
1775,Chelsea,2021-02-28,0.880697731728931,0,0.07031549552111097,0.34261488630415415,1.0203327369927302,-0.4141574872960857,0.006053081452755381,0.0,1.9058564447035957
1775,Man United,2021-02-28,0.880697731728931,0,0.06711933663378775,0.0,0.6887834903831761,-0.6135141861831838,0.006053081452755381,0.06574797243471761,1.094887426450184
1776,Sheffield United,2021-02-28,0.880697731728931,0,0.07031549552111097,0.34261488630415415,0.39426262999168715,-0.23347517063578044,0.006053081452755381,0.0,1.460468654362858
1776,Liverpool,2021-02-28,0.880697731728931,2,0.07031549552111097,0.0,0.38829152648724885,-0.237065525599729,0.006053081452755381,0.05238281082503731,1.1606751204153543
1777,Everton,2021-03-01,0.880697731728931,1,0.07301993765653832,0.34261488630415415,0.520661882702499,-0.050632232219251214,0.006053081452755381,0.0,1.7724152876256265
1777,Southampton,2021-03-01,0.880697731728931,0,0.06328394596899987,0.0,0.08420624207847556,-0.31306792349357293,0.006053081452755381,0.05238281082503731,0.7735558885606261
1778,Man City,2021-03-02,0.880697731728931,4,0.04520281854928562,0.34261488630415415,1.2752576276758663,-0.4860159322384589,0.006518703102967334,0.0,2.064275835122745
1778,Wolves,2021-03-02,0.880697731728931,1,0.04520281854928562,0.0,0.8082909532182755,-0.7667975526527,0.006518703102967334,0.05238281082503731,1.0262954647717968
1779,Sheffield United,2021-03-03,0.880697731728931,1,0.04520281854928562,0.34261488630415415,0.3246834038589146,-0.3608921800158504,0.006518703102967334,0.0,1.2388253635284023
1779,Aston Villa,2021-03-03,0.880697731728931,0,0.05273662164083323,0.0,0.6001981927845743,-0.19522834763960653,0.006518703102967334,0.05238281082503731,1.3973057124427366
1780,Crystal Palace,2021-03-03,0.880697731728931,0,0.04520281854928562,0.34261488630415415,0.619084235332355,-0.43716549816726896,0.006518703102967334,0.0,1.4569528768504243
1780,Man United,2021-03-03,0.880697731728931,0,0.04520281854928562,0.0,0.7270480117808011,-0.37224813734607687,0.006518703102967334,0.05238281082503731,1.3396019386409457
1781,Burnley,2021-03-03,0.880697731728931,1,0.04520281854928562,0.34261488630415415,0.5087088522547901,-0.4926574046144074,0.006518703102967334,0.0,1.2910855873257208
1781,Leicester,2021-03-03,0.880697731728931,1,0.04520281854928562,0.0,0.8193363566329404,-0.3058807055580171,0.006518703102967334,0.05238281082503731,1.4982577152811447
1782,Liverpool,2021-03-04,0.880697731728931,0,0.05273662164083323,0.34261488630415415,0.32169785210669544,-0.5879742375039794,0.006518703102967334,0.0,1.0162915573796019
1782,Chelsea,2021-03-04,0.880697731728931,1,0.05273662164083323,0.0,0.9778573609942922,-0.19343317015763226,0.006518703102967334,0.06520223288348526,1.7895794801928768
1783,West Brom,2021-03-04,0.880697731728931,0,0.05859624626759248,0.34261488630415415,0.32323486983329947,-0.33549032637285126,0.006518703102967334,0.0,1.2761721108640933
1783,Everton,2021-03-04,0.880697731728931,1,0.04520281854928562,0.0,0.5579524820317485,-0.1943573610078307,0.006518703102967334,0.05238281082503731,1.3483971852301393
1784,Fulham,2021-03-04,0.880697731728931,0,0.05273662164083323,0.34261488630415415,0.6632423382221694,-0.2479244466203518,0.006518703102967334,0.0,1.6978858343787033
1784,Tottenham,2021-03-04,0.880697731728931,1,0.05273662164083323,0.0,0.4123220536452614,-0.39879989009850353,0.006518703102967334,0.05238281082503731,1.0058580308445269
1785,Burnley,2021-03-06,0.880697731728931,1,0.04520281854928562,0.34261488630415415,0.5094586038535371,-0.3027336496186489,0.006984324753179286,0.0,1.4822247155704382
1785,Arsenal,2021-03-06,0.880697731728931,1,0.06328394596899987,0.0,0.5034749974028568,-0.30633152245849266,0.006984324753179286,0.05238281082503731,1.2004922882205116
1786,Sheffield United,2021-03-06,0.880697731728931,0,0.04520281854928562,0.34261488630415415,0.2898937907925283,-0.05088131105620629,0.006984324753179286,0.0,1.514512241071872
1786,Southampton,2021-03-06,0.880697731728931,2,0.05859624626759248,0.0,0.08462048399359479,-0.17430975865954532,0.006984324753179286,0.05238281082503731,0.9089718389087894
1787,Aston Villa,2021-03-06,0.880697731728931,0,0.04520281854928562,0.34261488630415415,0.5977206370727862,-0.4475295256918749,0.005587459802543429,0.0,1.4242940077658255
1787,Wolves,2021-03-06,0.880697731728931,0,0.05273662164083323,0.0,0.7442843802439937,-0.35940245463398995,0.005587459802543429,0.05238281082503731,1.3762865496073484
1788,Brighton,2021-03-06,0.880697731728931,1,0.06711933663378775,0.34261488630415415,0.580067619189967,-0.45085026187984917,0.006518703102967334,0.0,1.4261680150799583
1788,Leicester,2021-03-06,0.880697731728931,2,0.04520281854928562,0.0,0.7498070819513263,-0.3487879006680201,0.006518703102967334,0.05238281082503731,1.3858212454895276
1789,West Brom,2021-03-07,0.880697731728931,0,0.04520281854928562,0.34261488630415415,0.3742042496884348,-0.24426684697352694,0.006984324753179286,0.0,1.405437164050458
1789,Newcastle,2021-03-07,0.880697731728931,0,0.07031549552111097,0.0,0.40623911580533,-0.22500465523681878,0.006984324753179286,0.05238281082503731,1.1916148233967698
1790,Liverpool,2021-03-07,0.880697731728931,0,0.04520281854928562,0.34261488630415415,0.28840101491641873,-0.40392150462189724,0.006984324753179286,0.0,1.1599792716300714
1790,Fulham,2021-03-07,0.880697731728931,1,0.04520281854928562,0.0,0.6717600727459407,-0.17341216991855818,0.006984324753179286,0.05238281082503731,1.4836155886838158
1791,Man City,2021-03-07,0.880697731728931,0,0.05859624626759248,0.34261488630415415,1.2753892581532882,-0.39753911370969924,0.006984324753179286,0.0,2.166743333497446
1791,Man United,2021-03-07,0.880697731728931,2,0.05273662164083323,0.0,0.6611455465708996,-0.7668767005250602,0.006984324753179286,0.007936789518945046,0.8426243136877279
1792,Tottenham,2021-03-07,0.880697731728931,4,0.04520281854928562,0.34261488630415415,0.5888172934118437,-0.31395004340594185,0.006518703102967334,0.0,1.54990138969124
1792,Crystal Palace,2021-03-07,0.880697731728931,1,0.05273662164083323,0.0,0.5221289324379625,-0.354048977829402,0.006518703102967334,0.05238281082503731,1.1604158219063294
1793,West Ham,2021-03-08,0.880697731728931,2,0.07301993765653832,0.34261488630415415,0.8596816146469156,-0.32318340381631677,0.006518703102967334,0.0,1.8393494696231896
1793,Leeds,2021-03-08,0.880697731728931,0,0.07301993765653832,0.0,0.5374848934105507,-0.5169165381689655,0.006518703102967334,0.05238281082503731,1.033187538555059
1794,Chelsea,2021-03-08,0.880697731728931,2,0.05273662164083323,0.34261488630415415,0.9566196729950731,-0.39783191770565174,0.006518703102967334,0.0,1.841355698066307
1794,Everton,2021-03-08,0.880697731728931,0,0.05273662164083323,0.0,0.6616325076050873,-0.5752042631643772,0.006518703102967334,0.05238281082503731,1.078764111738479
1795,Man City,2021-03-10,0.880697731728931,5,0.04520281854928562,0.34261488630415415,1.1479029845289281,-0.12770143531442588,0.007449946403391239,0.0,2.296166932200264
1795,Southampton,2021-03-10,0.880697731728931,2,0.05273662164083323,0.0,0.21237969381422542,-0.6902206896214983,0.007449946403391239,0.05238281082503731,0.5154261147909199
1796,Newcastle,2021-03-12,0.880697731728931,1,0.05859624626759248,0.34261488630415415,0.41570637267445004,-0.30752720204989836,0.006518703102967334,0.0,1.3966067380281968
1796,Aston Villa,2021-03-12,0.880697731728931,1,0.06328394596899987,0.0,0.5114471333081781,-0.24995939821966687,0.006518703102967334,0.05238281082503731,1.2643709267144467
1797,Leeds,2021-03-13,0.880697731728931,0,0.05859624626759248,0.34261488630415415,0.3962945355683464,-0.5688192759945762,0.006518703102967334,0.0,1.1159028269774154
1797,Chelsea,2021-03-13,0.880697731728931,0,0.05859624626759248,0.0,0.9460008289954637,-0.23828728674790042,0.006518703102967334,0.05238281082503731,1.7059090341720913
1798,Crystal Palace,2021-03-13,0.880697731728931,1,0.06328394596899987,0.34261488630415415,0.4736512809907663,-0.26589349729789347,0.006984324753179286,0.0,1.501338672448137
1798,West Brom,2021-03-13,0.880697731728931,0,0.06328394596899987,0.0,0.4422063025703594,-0.2848009964358743,0.006984324753179286,0.05238281082503731,1.1607541194106323
1799,Everton,2021-03-13,0.880697731728931,1,0.05859624626759248,0.34261488630415415,0.7134725203917567,-0.25542654101556905,0.006518703102967334,0.0,1.7464735467798327
1799,Burnley,2021-03-13,0.880697731728931,2,0.06711933663378775,0.0,0.42479875374419657,-0.429002713372052,0.006518703102967334,0.05238281082503731,1.002514622662868
1800,Fulham,2021-03-13,0.880697731728931,0,0.06328394596899987,0.34261488630415415,0.6760189400078265,-0.6518926841697172,0.006984324753179286,0.0,1.3177071445933735
1800,Man City,2021-03-13,0.880697731728931,3,0.04520281854928562,0.0,1.084159847716748,-0.40648231188359407,0.006984324753179286,0.05238281082503731,1.6629452216895872
1801,Man United,2021-03-14,0.880697731728931,1,0.06711933663378775,0.34261488630415415,0.7132290398746628,-0.5141102185502896,0.006518703102967334,0.0,1.4960694790942137
1801,West Ham,2021-03-14,0.880697731728931,0,0.06328394596899987,0.0,0.8550144368670278,-0.42885631137407576,0.006518703102967334,0.05238281082503731,1.4290413171188876
1802,Leicester,2021-03-14,0.880697731728931,5,0.07031549552111097,0.34261488630415415,0.8000771705192332,-0.1638504641695147,0.006518703102967334,0.0,1.936373523006882
1802,Sheffield United,2021-03-14,0.880697731728931,0,0.07031549552111097,0.0,0.27249898425933516,-0.4810770804057314,0.006518703102967334,0.05238281082503731,0.8013366450316503
1803,Southampton,2021-03-14,0.880697731728931,1,0.05273662164083323,0.34261488630415415,0.27625929872454075,-0.2255243402271714,0.006518703102967334,0.0,1.3333029012742552
1803,Brighton,2021-03-14,0.880697731728931,2,0.07031549552111097,0.0,0.3750685355036975,-0.16611149744353565,0.006518703102967334,0.05238281082503731,1.2188717792382084
1804,Arsenal,2021-03-14,0.880697731728931,2,0.07031549552111097,0.34261488630415415,0.5493590393819274,-0.40711124343392713,0.006518703102967334,0.0,1.4423946126051639
1804,Tottenham,2021-03-14,0.880697731728931,1,0.06711933663378775,0.0,0.677064913295135,-0.3303231894353892,0.006518703102967334,0.007936789518945046,1.3090142848443769
1805,Wolves,2021-03-15,0.880697731728931,0,0.07301993765653832,0.34261488630415415,0.7122810937568529,-0.16340166979902115,0.006518703102967334,0.0,1.851730682750423
1805,Liverpool,2021-03-15,0.880697731728931,1,0.07031549552111097,0.0,0.2717525963212804,-0.4282863224185829,0.006518703102967334,0.05238281082503731,0.853381015080744
1806,Fulham,2021-03-19,0.880697731728931,1,0.06328394596899987,0.34261488630415415,0.6356310106844123,-0.22140442316027295,0.007449946403391239,0.0,1.7082730979296155
1806,Leeds,2021-03-19,0.880697731728931,2,0.06328394596899987,0.0,0.36821671960160124,-0.3821975205678618,0.007449946403391239,0.05238281082503731,0.9898336339600988
1807,Brighton,2021-03-20,0.880697731728931,3,0.06328394596899987,0.34261488630415415,0.3576037195692768,-0.20167528394957548,0.006984324753179286,0.0,1.4495093243749655
1807,Newcastle,2021-03-20,0.880697731728931,0,0.07031549552111097,0.0,0.335405275200296,-0.21502294989990844,0.006984324753179286,0.05238281082503731,1.1307626881286459
1808,West Ham,2021-03-21,0.880697731728931,3,0.06711933663378775,0.34261488630415415,0.810163485022727,-0.4208135441835015,0.006984324753179286,0.0,1.686766220259278
1808,Arsenal,2021-03-21,0.880697731728931,3,0.06711933663378775,0.0,0.6998531492345338,-0.4871418637943709,0.006984324753179286,0.05238281082503731,1.219895489381098
1809,Aston Villa,2021-03-21,0.880697731728931,0,0.07301993765653832,0.34261488630415415,0.46831038142587406,-0.4336423762361897,0.006053081452755381,0.0,1.3370536423320631
1809,Tottenham,2021-03-21,0.880697731728931,2,0.06711933663378775,0.0,0.7211887232367805,-0.2815895757578526,0.006053081452755381,0.05238281082503731,1.445852108119439
1810,Chelsea,2021-04-03,0.880697731728931,2,0.08859752435659983,0.34261488630415415,0.8556566810869449,-0.26077272338185015,0.006984324753179286,0.0,1.913778424847959
1810,West Brom,2021-04-03,0.880697731728931,5,0.08859752435659983,0.0,0.4336899660569647,-0.5144963925165142,0.006984324753179286,0.05238281082503731,0.9478559652041978
1811,Leeds,2021-04-03,0.880697731728931,2,0.08326834995921037,0.34261488630415415,0.48172990048129966,-0.1586208169244994,0.006984324753179286,0.0,1.636674376302275
1811,Sheffield United,2021-04-03,0.880697731728931,1,0.08789436940138873,0.0,0.2638015809927386,-0.2896585762062012,0.006984324753179286,0.05238281082503731,1.0021022414950738
1812,Leicester,2021-04-03,0.880697731728931,0,0.08789436940138873,0.34261488630415415,0.8252122148031866,-0.6327286814438268,0.006984324753179286,0.0,1.510674845547013
1812,Man City,2021-04-03,0.880697731728931,2,0.08859752435659983,0.0,1.052288279310658,-0.4961904896686725,0.006984324753179286,0.05238281082503731,1.5847601813057328
1813,Arsenal,2021-04-03,0.880697731728931,0,0.08065600956833317,0.34261488630415415,0.6900654782521229,-0.23509200457899465,0.006984324753179286,0.0,1.7659264260277259
1813,Liverpool,2021-04-03,0.880697731728931,3,0.08713007053702881,0.0,0.39098047588678225,-0.4149283316643962,0.006984324753179286,0.06491886811649923,1.0157831393580243
1814,Southampton,2021-04-04,0.880697731728931,3,0.08859752435659983,0.34261488630415415,0.2656817382253414,-0.2811044401872686,0.006984324753179286,0.0,1.303471765180937
1814,Burnley,2021-04-04,0.880697731728931,2,0.08859752435659983,0.0,0.46750355459824033,-0.15975133356150986,0.006984324753179286,0.05238281082503731,1.336414612700478
1815,Newcastle,2021-04-04,0.880697731728931,2,0.08326834995921037,0.34261488630415415,0.29525472646321904,-0.523603527477063,0.006984324753179286,0.0,1.085216491731631
1815,Tottenham,2021-04-04,0.880697731728931,2,0.08203474477462948,0.0,0.8708027170706742,-0.17753322681452977,0.006984324753179286,0.05238281082503731,1.7153691023379216
1816,Aston Villa,2021-04-04,0.880697731728931,3,0.08203474477462948,0.34261488630415415,0.44674200548472204,-0.2933595400702536,0.006518703102967334,0.0,1.4652485313251504
1816,Fulham,2021-04-04,0.880697731728931,1,0.08437859462533318,0.0,0.48788495715963415,-0.2686207626118297,0.006518703102967334,0.05238281082503731,1.2432420348300732
1817,Man United,2021-04-04,0.880697731728931,2,0.08859752435659983,0.34261488630415415,0.8243055124352584,-0.2609026446294383,0.006984324753179286,0.0,1.8822973349486847
1817,Brighton,2021-04-04,0.880697731728931,1,0.08326834995921037,0.0,0.43390603751078044,-0.4956453000994253,0.006984324753179286,0.05238281082503731,0.9615939546777131
1818,Everton,2021-04-05,0.880697731728931,1,0.08859752435659983,0.34261488630415415,0.7393925267850915,-0.3469220577905826,0.006984324753179286,0.0,1.7113649361373733
1818,Crystal Palace,2021-04-05,0.880697731728931,1,0.08859752435659983,0.0,0.5769645441302392,-0.44458811120525216,0.006984324753179286,0.05238281082503731,1.1610388245887346
1819,Wolves,2021-04-05,0.880697731728931,2,0.08859752435659983,0.34261488630415415,0.5687273616502115,-0.4225272965232502,0.006984324753179286,0.0,1.4650945322698257
1819,West Ham,2021-04-05,0.880697731728931,3,0.08326834995921037,0.0,0.7027032831918625,-0.34196913594219486,0.006984324753179286,0.05238281082503731,1.3840673645160255
1820,Fulham,2021-04-09,0.880697731728931,0,0.05859624626759248,0.34261488630415415,0.3714945674428881,-0.22211495786425878,0.007915568053603191,0.0,1.4392040419329102
1820,Wolves,2021-04-09,0.880697731728931,1,0.05273662164083323,0.0,0.36939840673381974,-0.22337535487486887,0.007915568053603191,0.05238281082503731,1.1397557841073556
1821,Liverpool,2021-04-10,0.880697731728931,2,0.06711933663378775,0.34261488630415415,0.5781465045326042,-0.26213635603881824,0.007449946403391239,0.0,1.6138920495640503
1821,Aston Villa,2021-04-10,0.880697731728931,1,0.06328394596899987,0.0,0.4359578175141461,-0.34763275680872346,0.007449946403391239,0.05238281082503731,1.092139495631782
1822,Crystal Palace,2021-04-10,0.880697731728931,1,0.05859624626759248,0.34261488630415415,0.5435864497912617,-0.4617697558309026,0.007449946403391239,0.0,1.371175504664428
1822,Chelsea,2021-04-10,0.880697731728931,4,0.06711933663378775,0.0,0.7679672441783285,-0.32685219857477543,0.007449946403391239,0.05238281082503731,1.4487648711947003
1823,Man City,2021-04-10,0.880697731728931,1,0.06711933663378775,0.34261488630415415,1.036352495107613,-0.3237856527291654,0.007915568053603191,0.0,2.010914365098924
1823,Leeds,2021-04-10,0.880697731728931,2,0.06711933663378775,0.0,0.5384864909211489,-0.6231466800808816,0.007915568053603191,0.05238281082503731,0.9234552580816264
1824,Sheffield United,2021-04-11,0.880697731728931,0,0.07031549552111097,0.34261488630415415,0.25945287935944034,-0.4119857254048435,0.007449946403391239,0.0,1.1485452139121841
1824,Arsenal,2021-04-11,0.880697731728931,3,0.07031549552111097,0.0,0.6851716427609176,-0.15600599330199175,0.007449946403391239,0.05238281082503731,1.5400116339373962
1825,Tottenham,2021-04-11,0.880697731728931,1,0.06711933663378775,0.34261488630415415,0.8605749880789072,-0.5290397944621001,0.006984324753179286,0.0,1.6289514730368595
1825,Man United,2021-04-11,0.880697731728931,3,0.06711933663378775,0.0,0.8798437487155563,-0.5174537132043383,0.006984324753179286,0.06547851353129663,1.3826699421584125
1826,Burnley,2021-04-11,0.880697731728931,1,0.06711933663378775,0.34261488630415415,0.4463385920709052,-0.1910273931935876,0.007449946403391239,0.0,1.5531930999475818
1826,Newcastle,2021-04-11,0.880697731728931,2,0.06711933663378775,0.0,0.3176968150490375,-0.2683781948265377,0.007449946403391239,0.05238281082503731,1.056968445813647
1827,West Ham,2021-04-11,0.880697731728931,3,0.06328394596899987,0.34261488630415415,0.6489731822764303,-0.427051609460401,0.007449946403391239,0.0,1.5159680832215054
1827,Leicester,2021-04-11,0.880697731728931,2,0.07031549552111097,0.0,0.7102276480820923,-0.39022001288768987,0.007449946403391239,0.05238281082503731,1.3308536196728729
1828,West Brom,2021-04-12,0.880697731728931,3,0.07301993765653832,0.34261488630415415,0.5144665237089814,-0.23326683646023905,0.007449946403391239,0.0,1.584982189341757
1828,Southampton,2021-04-12,0.880697731728931,0,0.07031549552111097,0.0,0.38794504683881276,-0.30934272631698984,0.007449946403391239,0.05238281082503731,1.0894483050002932
1829,Brighton,2021-04-12,0.880697731728931,0,0.07031549552111097,0.34261488630415415,0.47205719648153227,-0.40125042022869084,0.007449946403391239,0.0,1.3718848362104288
1829,Everton,2021-04-12,0.880697731728931,0,0.06711933663378775,0.0,0.6673178040730448,-0.28384249199420325,0.007449946403391239,0.05238281082503731,1.3911251376699887
1830,Everton,2021-04-16,0.880697731728931,2,0.05273662164083323,0.34261488630415415,0.5462457168083075,-0.4376832212282339,0.007449946403391239,0.0,1.3920616816573832
1830,Tottenham,2021-04-16,0.880697731728931,2,0.05859624626759248,0.0,0.7279090347199526,-0.32845118484724883,0.007449946403391239,0.05238281082503731,1.3985845850976557
1831,Newcastle,2021-04-17,0.880697731728931,3,0.06328394596899987,0.34261488630415415,0.4139525852506608,-0.45076195590965173,0.007449946403391239,0.0,1.2572371397464852
1831,West Ham,2021-04-17,0.880697731728931,2,0.06328394596899987,0.0,0.7496602206817852,-0.2489048662762779,0.007449946403391239,0.05238281082503731,1.5045697893318666
1832,Wolves,2021-04-17,0.880697731728931,1,0.07031549552111097,0.34261488630415415,0.35476865518433787,-0.1546985814907379,0.007449946403391239,0.0,1.5011481336511874
1832,Sheffield United,2021-04-17,0.880697731728931,0,0.06328394596899987,0.0,0.25727852854279115,-0.21331825871845211,0.007449946403391239,0.05238281082503731,1.0477747047506984
1833,Arsenal,2021-04-18,0.880697731728931,1,0.06711933663378775,0.34261488630415415,0.6827247250153148,-0.18838326227717647,0.007449946403391239,0.0,1.7922233638084026
1833,Fulham,2021-04-18,0.880697731728931,1,0.07301993765653832,0.0,0.31329937258451507,-0.41051442227506724,0.007449946403391239,0.05238281082503731,0.9163353769233458
1834,Man United,2021-04-18,0.880697731728931,3,0.06711933663378775,0.34261488630415415,0.9926475927644192,-0.26201507214617226,0.007449946403391239,0.0,2.0285144216885107
1834,Burnley,2021-04-18,0.880697731728931,1,0.06711933663378775,0.0,0.43575611080723764,-0.5968674315365989,0.007449946403391239,0.05238281082503731,0.846538504861786
1835,Leeds,2021-04-19,0.880697731728931,1,0.07301993765653832,0.34261488630415415,0.6944168750041445,-0.40390313292358787,0.007449946403391239,0.0,1.5942962441735713
1835,Liverpool,2021-04-19,0.880697731728931,1,0.07301993765653832,0.0,0.6717295188555151,-0.4175447758303895,0.007449946403391239,0.05238281082503731,1.2677351696390233
1836,Chelsea,2021-04-20,0.880697731728931,0,0.07533803091547604,0.34261488630415415,0.8091572516327343,-0.3208776106231664,0.007449946403391239,0.0,1.7943802363615204
1836,Brighton,2021-04-20,0.880697731728931,0,0.07031549552111097,0.0,0.5336501389212651,-0.4865368273812581,0.007449946403391239,0.05238281082503731,1.0579592960184774
1837,Tottenham,2021-04-21,0.880697731728931,2,0.05859624626759248,0.34261488630415415,0.5765413321317613,-0.27002458790960365,0.007449946403391239,0.0,1.5958755549262267
1837,Southampton,2021-04-21,0.880697731728931,1,0.07301993765653832,0.0,0.44907670114554843,-0.34666758534702036,0.007449946403391239,0.05238281082503731,1.1159595424124258
1838,Aston Villa,2021-04-21,0.880697731728931,1,0.07734704507322207,0.34261488630415415,0.4305657235288581,-0.5416600945596669,0.006984324753179286,0.0,1.1965496168286778
1838,Man City,2021-04-21,0.880697731728931,2,0.07734704507322207,0.0,0.9008325141430196,-0.25889415275231253,0.006984324753179286,0.05238281082503731,1.6593502737710766
1839,Leicester,2021-04-22,0.880697731728931,3,0.07734704507322207,0.34261488630415415,0.6527353647215451,-0.3336277277845597,0.007449946403391239,0.0,1.627217246446684
1839,West Brom,2021-04-22,0.880697731728931,0,0.07533803091547604,0.0,0.5548548025349898,-0.39248216935626523,0.007449946403391239,0.05238281082503731,1.1782411530515602
1840,Arsenal,2021-04-23,0.880697731728931,0,0.05859624626759248,0.34261488630415415,0.6815012661425135,-0.24092117726336648,0.007915568053603191,0.0,1.7304045212334278
1840,Everton,2021-04-23,0.880697731728931,1,0.06711933663378775,0.0,0.40067494726722475,-0.40977877071017904,0.007915568053603191,0.05238281082503731,0.9990116237984048
1841,Liverpool,2021-04-24,0.880697731728931,1,0.05859624626759248,0.34261488630415415,0.7610383889713276,-0.32897399271078437,0.007915568053603191,0.0,1.7218888286148242
1841,Newcastle,2021-04-24,0.880697731728931,1,0.06711933663378775,0.0,0.5471151962601865,-0.45760351592760073,0.007915568053603191,0.05238281082503731,1.0976271275739449
1842,West Ham,2021-04-24,0.880697731728931,0,0.06711933663378775,0.34261488630415415,0.6724516510213916,-0.44778997326327447,0.007915568053603191,0.0,1.5230092004785933
1842,Chelsea,2021-04-24,0.880697731728931,1,0.05273662164083323,0.0,0.7447175294512232,-0.40433734258089066,0.007915568053603191,0.05238281082503731,1.334112919118737
1843,Sheffield United,2021-04-24,0.880697731728931,1,0.06711933663378775,0.34261488630415415,0.12863926427139558,-0.36496036488422867,0.007915568053603191,0.0,1.0620264221076432
1843,Brighton,2021-04-24,0.880697731728931,0,0.05273662164083323,0.0,0.6069639730954887,-0.07734929074536895,0.007915568053603191,0.05238281082503731,1.5233474145985242
1844,Aston Villa,2021-04-25,0.880697731728931,2,0.05273662164083323,0.34261488630415415,0.38535231358185706,-0.3457702285183446,0.007449946403391239,0.0,1.3230812711408222
1844,West Brom,2021-04-25,0.880697731728931,2,0.04520281854928562,0.0,0.5750489419479939,-0.231707856162479,0.007449946403391239,0.05238281082503731,1.32907439329216
1845,Leeds,2021-04-25,0.880697731728931,0,0.06328394596899987,0.34261488630415415,0.8148994299999993,-0.6819116399670097,0.007915568053603191,0.0,1.4274999220886777
1845,Man United,2021-04-25,0.880697731728931,0,0.06711933663378775,0.0,1.1340842406975646,-0.48998953232758224,0.007915568053603191,0.05238281082503731,1.6522101556113415
1846,Wolves,2021-04-25,0.880697731728931,0,0.07031549552111097,0.34261488630415415,0.475005868272668,-0.23326831585940885,0.007915568053603191,0.0,1.5432812340210584
1846,Burnley,2021-04-25,0.880697731728931,4,0.06711933663378775,0.0,0.3879475072210468,-0.28561549398529085,0.007915568053603191,0.05238281082503731,1.110447460477115
1847,Leicester,2021-04-26,0.880697731728931,2,0.05273662164083323,0.34261488630415415,0.7090239489499858,-0.29125207402029113,0.007915568053603191,0.0,1.7017366826572164
1847,Crystal Palace,2021-04-26,0.880697731728931,1,0.08437859462533318,0.0,0.4843800396674159,-0.4263278391973588,0.007915568053603191,0.05238281082503731,1.0834269057029615
1848,Southampton,2021-04-30,0.880697731728931,1,0.07301993765653832,0.34261488630415415,0.3520904394358452,-0.44325067411790553,0.007449946403391239,0.0,1.2126222674109546
1848,Leicester,2021-04-30,0.880697731728931,1,0.05273662164083323,0.0,0.7371682410642059,-0.21170787879454386,0.007449946403391239,0.05238281082503731,1.5187274728678548
1849,Crystal Palace,2021-05-01,0.880697731728931,0,0.05859624626759248,0.34261488630415415,0.41225947165113597,-0.5776123866388017,0.007915568053603191,0.0,1.1244715173666153
1849,Man City,2021-05-01,0.880697731728931,2,0.07533803091547604,0.0,0.9606246125237938,-0.2478868167964683,0.007915568053603191,0.05238281082503731,1.729071937250373
1850,Brighton,2021-05-01,0.880697731728931,2,0.06711933663378775,0.34261488630415415,0.5160688013195294,-0.5262119105761787,0.007915568053603191,0.0,1.2882044134638269
1850,Leeds,2021-05-01,0.880697731728931,0,0.06328394596899987,0.0,0.8751407074979267,-0.31030615717501775,0.007915568053603191,0.05238281082503731,1.5691146068994803
1851,Chelsea,2021-05-01,0.880697731728931,2,0.06711933663378775,0.34261488630415415,0.7124976683604676,-0.11975682608516892,0.007915568053603191,0.0,1.891088364995775
1851,Fulham,2021-05-01,0.880697731728931,0,0.08065600956833317,0.0,0.19916704924661455,-0.42841654620428266,0.007915568053603191,0.05238281082503731,0.7924026232182366
1852,Everton,2021-05-01,0.880697731728931,1,0.07031549552111097,0.34261488630415415,0.4554416513597544,-0.21811470786756224,0.007915568053603191,0.0,1.5388706250999913
1852,Aston Villa,2021-05-01,0.880697731728931,2,0.06328394596899987,0.0,0.3627456086083566,-0.2738517583111673,0.007915568053603191,0.05238281082503731,1.0931739068737607
1853,Newcastle,2021-05-02,0.880697731728931,0,0.07031549552111097,0.34261488630415415,0.6136965017649493,-0.33271536008799296,0.007915568053603191,0.0,1.5825248232847555
1853,Arsenal,2021-05-02,0.880697731728931,2,0.07301993765653832,0.0,0.5533374478430417,-0.36900855592803766,0.007915568053603191,0.05238281082503731,1.198344940179114
1854,Tottenham,2021-05-02,0.880697731728931,4,0.07734704507322207,0.34261488630415415,0.6284095697007367,-0.11537023021242651,0.007915568053603191,0.0,1.8216145706482207
1854,Sheffield United,2021-05-02,0.880697731728931,0,0.07031549552111097,0.0,0.19187172099876879,-0.37785535224615563,0.007915568053603191,0.05238281082503731,0.8253279748812954
1855,Burnley,2021-05-03,0.880697731728931,1,0.07031549552111097,0.34261488630415415,0.44907793133666546,-0.3811250359165101,0.007915568053603191,0.0,1.3694965770279546
1855,West Ham,2021-05-03,0.880697731728931,2,0.07301993765653832,0.0,0.6338473661911949,-0.2700253276091885,0.007915568053603191,0.05238281082503731,1.3778380868461162
1856,West Brom,2021-05-03,0.880697731728931,1,0.07031549552111097,0.34261488630415415,0.585146011654496,-0.2961989166721295,0.007915568053603191,0.0,1.5904907765901657
1856,Wolves,2021-05-03,0.880697731728931,1,0.07031549552111097,0.0,0.492607111862476,-0.35184147888523704,0.007915568053603191,0.05238281082503731,1.1520772391059213
1857,Leicester,2021-05-07,0.880697731728931,2,0.06711933663378775,0.34261488630415415,0.666205661212602,-0.38902583753666425,0.008381189703815144,0.0,1.575992968046626
1857,Newcastle,2021-05-07,0.880697731728931,4,0.05859624626759248,0.0,0.6469871545173307,-0.40058170168501755,0.008381189703815144,0.05238281082503731,1.246463431357689
1858,Leeds,2021-05-08,0.880697731728931,3,0.06711933663378775,0.34261488630415415,0.7777092573838195,-0.39344923569572327,0.008381189703815144,0.0,1.683073166058784
1858,Tottenham,2021-05-08,0.880697731728931,1,0.06328394596899987,0.0,0.6543436884852244,-0.4676275148607348,0.008381189703815144,0.05238281082503731,1.191461851851273
1859,Sheffield United,2021-05-08,0.880697731728931,0,0.06328394596899987,0.34261488630415415,0.22348794936245542,-0.22620418818455684,0.008381189703815144,0.0,1.2922615148837984
1859,Crystal Palace,2021-05-08,0.880697731728931,2,0.06711933663378775,0.0,0.376199187642996,-0.1343806999459553,0.008381189703815144,0.05238281082503731,1.2503995565886117
1860,Man City,2021-05-08,0.880697731728931,1,0.06711933663378775,0.34261488630415415,0.9905206617141811,-0.4698602225679482,0.008381189703815144,0.0,1.8194735835169207
1860,Chelsea,2021-05-08,0.880697731728931,2,0.06711933663378775,0.0,0.781422463723804,-0.595588532678369,0.008381189703815144,0.06547851353129663,1.2075107026432654
1861,Liverpool,2021-05-08,0.880697731728931,2,0.08203474477462948,0.34261488630415415,0.8482101869835909,-0.20811471918359464,0.008381189703815144,0.0,1.953824020311526
1861,Southampton,2021-05-08,0.880697731728931,0,0.07031549552111097,0.0,0.34611467153535064,-0.5100189023761879,0.008381189703815144,0.05238281082503731,0.8478729969380571
1862,Wolves,2021-05-09,0.880697731728931,2,0.06328394596899987,0.34261488630415415,0.543925096611737,-0.2829790533204123,0.008381189703815144,0.0,1.5559237969972248
1862,Brighton,2021-05-09,0.880697731728931,1,0.07031549552111097,0.0,0.4706212154315497,-0.32705582296212954,0.008381189703815144,0.05238281082503731,1.1553426202483146
1863,Aston Villa,2021-05-09,0.880697731728931,1,0.07031549552111097,0.34261488630415415,0.4789943449846773,-0.6733033542890537,0.007915568053603191,0.0,1.1072346723034225
1863,Man United,2021-05-09,0.880697731728931,3,0.08203474477462948,0.0,1.1197678387554235,-0.28801371855984587,0.007915568053603191,0.05238281082503731,1.8547849755777783
1864,West Ham,2021-05-09,0.880697731728931,0,0.06328394596899987,0.34261488630415415,0.6995799496848104,-0.2903170488350677,0.008381189703815144,0.0,1.7042406545556426
1864,Everton,2021-05-09,0.880697731728931,1,0.07031549552111097,0.0,0.4828250034060192,-0.42064927247748113,0.008381189703815144,0.05238281082503731,1.0739529587074323
1865,Arsenal,2021-05-09,0.880697731728931,3,0.06711933663378775,0.34261488630415415,0.5742902646020199,-0.380442299015264,0.008381189703815144,0.0,1.4926611099574438
1865,West Brom,2021-05-09,0.880697731728931,1,0.06328394596899987,0.0,0.632711909462104,-0.34531404467006127,0.008381189703815144,0.05238281082503731,1.292143543018826
1866,Fulham,2021-05-10,0.880697731728931,0,0.07301993765653832,0.34261488630415415,0.1421008875776643,-0.21170824864433632,0.008381189703815144,0.0,1.2351063843267667
1866,Burnley,2021-05-10,0.880697731728931,2,0.06711933663378775,0.0,0.35209105453140377,-0.08544360798916514,0.008381189703815144,0.05238281082503731,1.2752285154338097
1867,Man United,2021-05-11,0.880697731728931,1,0.03515774776055548,0.34261488630415415,1.1126096377843528,-0.37924721546857354,0.007915568053603191,0.0,1.9997483561630232
1867,Leicester,2021-05-11,0.880697731728931,2,0.05273662164083323,0.0,0.6307243712868,-0.6689992114500757,0.007915568053603191,0.05238281082503731,0.955457892085129
1868,Southampton,2021-05-11,0.880697731728931,3,0.04520281854928562,0.34261488630415415,0.34312678758510334,-0.21536287387860115,0.007915568053603191,0.0,1.4041949183424762
1868,Crystal Palace,2021-05-11,0.880697731728931,1,0.04520281854928562,0.0,0.358169045638926,-0.20631813937812005,0.007915568053603191,0.05238281082503731,1.1380498354176631
1869,Chelsea,2021-05-12,0.880697731728931,0,0.05273662164083323,0.34261488630415415,0.943436950268543,-0.42830897180083743,0.008381189703815144,0.0,1.7995584078454392
1869,Arsenal,2021-05-12,0.880697731728931,1,0.04520281854928562,0.0,0.7123187618445801,-0.567277645589523,0.008381189703815144,0.009354073361613804,1.0886769295987027
1870,Aston Villa,2021-05-13,0.880697731728931,0,0.05273662164083323,0.34261488630415415,0.40956662430976665,-0.3496800839901793,0.008381189703815144,0.0,1.344316969697321
1870,Everton,2021-05-13,0.880697731728931,0,0.05273662164083323,0.0,0.5815514053378656,-0.24626763906624566,0.008381189703815144,0.05238281082503731,1.3294821201702365
1871,Man United,2021-05-13,0.880697731728931,2,0.03515774776055548,0.34261488630415415,0.9814784484357465,-0.5362265956004815,0.008381189703815144,0.0,1.7121034083327207
1871,Liverpool,2021-05-13,0.880697731728931,4,0.05859624626759248,0.0,0.8917960859897225,-0.5901515551908447,0.008381189703815144,0.03097908167072099,1.2802987801699373
1872,Newcastle,2021-05-14,0.880697731728931,3,0.06711933663378775,0.34261488630415415,0.7486672068022353,-0.5278810208584106,0.008381189703815144,0.0,1.519599330314513
1872,Man City,2021-05-14,0.880697731728931,4,0.06328394596899987,0.0,0.8779165974463036,-0.45016486823413887,0.008381189703815144,0.05238281082503731,1.432497407438948
1873,Burnley,2021-05-15,0.880697731728931,0,0.05859624626759248,0.34261488630415415,0.4311497049918439,-0.4383353170030128,0.008381189703815144,0.0,1.283104441993324
1873,Leeds,2021-05-15,0.880697731728931,4,0.06711933663378775,0.0,0.7289935323267658,-0.25924529400165225,0.008381189703815144,0.05238281082503731,1.4783293072166845
1874,Southampton,2021-05-15,0.880697731728931,3,0.05273662164083323,0.34261488630415415,0.34163284560997964,-0.06828699894116326,0.008381189703815144,0.0,1.55777627604655
1874,Fulham,2021-05-15,0.880697731728931,1,0.05859624626759248,0.0,0.11356780674318916,-0.20541984947538272,0.008381189703815144,0.05238281082503731,0.9082059357931823
1875,Brighton,2021-05-15,0.880697731728931,1,0.06328394596899987,0.34261488630415415,0.4478974224875599,-0.36371580591822467,0.008381189703815144,0.0,1.3791593702752352
1875,West Ham,2021-05-15,0.880697731728931,1,0.06328394596899987,0.0,0.6048941525685473,-0.26931550139310956,0.008381189703815144,0.05238281082503731,1.340324329402221
1876,Everton,2021-05-16,0.880697731728931,0,0.04520281854928562,0.34261488630415415,0.6309146063037889,-0.1438859348127197,0.008381189703815144,0.0,1.763925297777255
1876,Sheffield United,2021-05-16,0.880697731728931,1,0.07031549552111097,0.0,0.2392960635442987,-0.37936160156773513,0.008381189703815144,0.05238281082503731,0.871711689755458
1877,West Brom,2021-05-16,0.880697731728931,1,0.06711933663378775,0.34261488630415415,0.528942769502837,-0.5493304422126282,0.008381189703815144,0.0,1.278425471660897
1877,Liverpool,2021-05-16,0.880697731728931,2,0.04520281854928562,0.0,0.9135890354927884,-0.31804712424053544,0.008381189703815144,0.05238281082503731,1.582206462059322
1878,Crystal Palace,2021-05-16,0.880697731728931,3,0.05859624626759248,0.34261488630415415,0.30663661168253403,-0.2509597942660262,0.008381189703815144,0.0,1.3459668714210007
1878,Aston Villa,2021-05-16,0.880697731728931,2,0.04520281854928562,0.0,0.41737012692666836,-0.1843770217790426,0.008381189703815144,0.05238281082503731,1.2196576559546948
1879,Tottenham,2021-05-16,0.880697731728931,2,0.07031549552111097,0.34261488630415415,0.6247933849231112,-0.41917986094687154,0.008381189703815144,0.0,1.507622827234251
1879,Wolves,2021-05-16,0.880697731728931,0,0.06711933663378775,0.0,0.6971361778494385,-0.3756809824739264,0.008381189703815144,0.05238281082503731,1.330036264267083
1880,Man United,2021-05-18,0.880697731728931,1,0.05859624626759248,0.34261488630415415,0.7883607648983724,-0.05970869441716231,0.008846811354027095,0.0,2.0194077461359146
1880,Fulham,2021-05-18,0.880697731728931,1,0.04520281854928562,0.0,0.09930126632595158,-0.47403214222148715,0.008846811354027095,0.05238281082503731,0.6123992965617453
1881,Southampton,2021-05-18,0.880697731728931,0,0.04520281854928562,0.34261488630415415,0.4684379634854889,-0.4236892180741519,0.008846811354027095,0.0,1.322110993347735
1881,Leeds,2021-05-18,0.880697731728931,2,0.04520281854928562,0.0,0.7046356697982389,-0.28166628936375615,0.008846811354027095,0.05238281082503731,1.410099552891764
1882,Brighton,2021-05-18,0.880697731728931,3,0.04520281854928562,0.34261488630415415,0.436535526015565,-0.49402726494843147,0.008846811354027095,0.0,1.2198705090035316
1882,Man City,2021-05-18,0.880697731728931,2,0.05273662164083323,0.0,0.8216145653123649,-0.2624837254294582,0.008846811354027095,0.05238281082503731,1.5537948154317351
1883,Chelsea,2021-05-18,0.880697731728931,2,0.06328394596899987,0.34261488630415415,0.8968921046778416,-0.44527555720009354,0.008846811354027095,0.0,1.7470599228338601
1883,Leicester,2021-05-18,0.880697731728931,1,0.06711933663378775,0.0,0.74053581518697,-0.5392907722605683,0.008846811354027095,0.05238281082503731,1.2102917334681849
1884,West Brom,2021-05-19,0.880697731728931,1,0.04520281854928562,0.34261488630415415,0.34950611066013254,-0.28411868274543506,0.008846811354027095,0.0,1.3427496758510955
1884,West Ham,2021-05-19,0.880697731728931,3,0.05273662164083323,0.0,0.47251652810170164,-0.21015395201342907,0.008846811354027095,0.05238281082503731,1.2570265516371013
1885,Burnley,2021-05-19,0.880697731728931,0,0.05273662164083323,0.34261488630415415,0.470679030222064,-0.5558823655187016,0.008846811354027095,0.0,1.1996927157313082
1885,Liverpool,2021-05-19,0.880697731728931,3,0.04520281854928562,0.0,0.9244855102443212,-0.2830138166803102,0.008846811354027095,0.05238281082503731,1.628601866021292
1886,Crystal Palace,2021-05-19,0.880697731728931,1,0.04520281854928562,0.34261488630415415,0.408422483567409,-0.46980643536622557,0.008846811354027095,0.0,1.2159782961375813
1886,Arsenal,2021-05-19,0.880697731728931,3,0.06711933663378775,0.0,0.7813330104658601,-0.2455796805690054,0.008846811354027095,0.05238281082503731,1.544800020438638
1887,Newcastle,2021-05-19,0.880697731728931,1,0.05859624626759248,0.34261488630415415,0.6719551440816167,-0.22533413708584393,0.008846811354027095,0.0,1.7373766826504777
1887,Sheffield United,2021-05-19,0.880697731728931,0,0.04520281854928562,0.0,0.3747522094982914,-0.4040387987431342,0.008846811354027095,0.05238281082503731,0.9578435832124382
1888,Everton,2021-05-19,0.880697731728931,1,0.04520281854928562,0.34261488630415415,0.6130788438323935,-0.38854629509950056,0.008846811354027095,0.0,1.501894796669291
1888,Wolves,2021-05-19,0.880697731728931,0,0.04520281854928562,0.0,0.6461896296052183,-0.36863716540993235,0.008846811354027095,0.05238281082503731,1.264682636652567
1889,Tottenham,2021-05-19,0.880697731728931,1,0.04520281854928562,0.34261488630415415,0.7375703220051256,-0.2533058718659165,0.008846811354027095,0.0,1.7616266980756072
1889,Aston Villa,2021-05-19,0.880697731728931,2,0.04520281854928562,0.0,0.42127187823511925,-0.44349244070277,0.008846811354027095,0.05238281082503731,0.9649096099896303
1890,Sheffield United,2021-05-23,0.880697731728931,1,0.05273662164083323,0.34261488630415415,0.44248028247528776,-0.2948980780196392,0.008846811354027095,0.0,1.4324782554835944
1890,Burnley,2021-05-23,0.880697731728931,0,0.05273662164083323,0.0,0.49044369283717404,-0.26605823822240604,0.008846811354027095,0.05238281082503731,1.2190494301635966
1891,Arsenal,2021-05-23,0.880697731728931,2,0.05273662164083323,0.34261488630415415,0.9008748606852142,-0.3101982273407939,0.008846811354027095,0.0,1.875572684372366
1891,Brighton,2021-05-23,0.880697731728931,0,0.05859624626759248,0.0,0.5158893036882816,-0.541685557042081,0.008846811354027095,0.05238281082503731,0.9747273468217885
1892,Aston Villa,2021-05-23,0.880697731728931,2,0.05273662164083323,0.34261488630415415,0.5082574797980587,-0.5764277254892524,0.008846811354027095,0.0,1.2167258053367518
1892,Chelsea,2021-05-23,0.880697731728931,1,0.05859624626759248,0.0,0.9586544077912049,-0.305609300559023,0.008846811354027095,0.05238281082503731,1.6535687074077698
1893,Fulham,2021-05-23,0.880697731728931,0,0.05859624626759248,0.34261488630415415,0.1346853590716898,-0.3809757639976319,0.008846811354027095,0.0,1.0444652707287627
1893,Newcastle,2021-05-23,0.880697731728931,2,0.05273662164083323,0.0,0.6335991127213074,-0.08098473710174252,0.008846811354027095,0.05238281082503731,1.5472783511683936
1894,Leeds,2021-05-23,0.880697731728931,3,0.05859624626759248,0.34261488630415415,0.7774914644426896,-0.1562073658998759,0.008846811354027095,0.0,1.9120397741975186
1894,West Brom,2021-05-23,0.880697731728931,1,0.05273662164083323,0.0,0.25978778123878027,-0.46749655850288274,0.008846811354027095,0.05238281082503731,0.7869551982847262
1895,Leicester,2021-05-23,0.880697731728931,2,0.05859624626759248,0.34261488630415415,0.6678894482739841,-0.45183297487061114,0.008846811354027095,0.0,1.506812149058078
1895,Tottenham,2021-05-23,0.880697731728931,4,0.05273662164083323,0.0,0.7514414275917759,-0.40159414322611153,0.008846811354027095,0.05238281082503731,1.344511259914493
1896,Liverpool,2021-05-23,0.880697731728931,2,0.05273662164083323,0.34261488630415415,1.0149684735288016,-0.27618100996398676,0.008846811354027095,0.0,2.0236835145927605
1896,Crystal Palace,2021-05-23,0.880697731728931,0,0.05273662164083323,0.0,0.45931541950984656,-0.6102887170648996,0.008846811354027095,0.05238281082503731,0.8436906779937755
1897,Man City,2021-05-23,0.880697731728931,5,0.05859624626759248,0.34261488630415415,0.7934635492453954,-0.36327494733103094,0.008846811354027095,0.0,1.7209442775690693
1897,Everton,2021-05-23,0.880697731728931,0,0.05273662164083323,0.0,0.6041609625966958,-0.4771003869934418,0.008846811354027095,0.05238281082503731,1.1217245511520828
1898,West Ham,2021-05-23,0.880697731728931,3,0.05273662164083323,0.34261488630415415,0.5338798047313499,-0.31978950930794287,0.008846811354027095,0.0,1.4989863464513524
1898,Southampton,2021-05-23,0.880697731728931,0,0.05859624626759248,0.0,0.5318405224232435,-0.3210157059987823,0.008846811354027095,0.05238281082503731,1.211348416600049
1899,Wolves,2021-05-23,0.880697731728931,1,0.05273662164083323,0.34261488630415415,0.49316426662003715,-0.364842045843647,0.008846811354027095,0.0,1.4132182718043356
1899,Man United,2021-05-23,0.880697731728931,2,0.05859624626759248,0.0,0.6067671972209712,-0.296533927336073,0.008846811354027095,0.05238281082503731,1.3107568700604861
1900,Brentford,2021-08-13,0.880697731728931,2,0.08203474477462948,0.34261488630415415,0.0,-0.6543207027197507,0.0004656216502119524,0.0,0.6514922817381757
1900,Arsenal,2021-08-13,0.880697731728931,0,0.08859752435659983,0.0,1.0881978746579621,-0.0,0.0004656216502119524,0.05238281082503731,2.1103415632187423
1901,Leicester,2021-08-14,0.880697731728931,1,0.08859752435659983,0.34261488630415415,0.5040141759544201,-0.25052774345435924,0.0004656216502119524,0.0,1.5658621965399577
1901,Wolves,2021-08-14,0.880697731728931,0,0.08859752435659983,0.0,0.41665158512744666,-0.3030578513993785,0.0004656216502119524,0.05238281082503731,1.135737422288848
1902,Everton,2021-08-14,0.880697731728931,3,0.08859752435659983,0.34261488630415415,0.5997020219788469,-0.31328592433345553,0.0004656216502119524,0.0,1.5987918616852883
1902,Southampton,2021-08-14,0.880697731728931,1,0.08859752435659983,0.0,0.5210244389377638,-0.36059383829158026,0.0004656216502119524,0.05238281082503731,1.1825742892069635
1903,Watford,2021-08-14,0.880697731728931,3,0.08859752435659983,0.34261488630415415,0.49577662906033937,-0.3317610149055763,0.0004656216502119524,0.0,1.47639137819466
1903,Aston Villa,2021-08-14,0.880697731728931,2,0.08859752435659983,0.0,0.5517502805795285,-0.29810471043306674,0.0004656216502119524,0.05238281082503731,1.2757892587072417
1904,Burnley,2021-08-14,0.880697731728931,1,0.08859752435659983,0.34261488630415415,0.37277393528165803,-0.3340554782964617,0.0004656216502119524,0.0,1.3510942210250931
1904,Brighton,2021-08-14,0.880697731728931,2,0.08859752435659983,0.0,0.5555661925246399,-0.22414462384956163,0.0004656216502119524,0.05238281082503731,1.3535652572358583
1905,Man United,2021-08-14,0.880697731728931,5,0.08859752435659983,0.34261488630415415,0.6010051392909846,-0.5405306186104095,0.0004656216502119524,0.0,1.3728502847204722
1905,Leeds,2021-08-14,0.880697731728931,1,0.08859752435659983,0.0,0.8989540876736288,-0.3613773875478883,0.0004656216502119524,0.05238281082503731,1.5597203886865205
1906,Chelsea,2021-08-14,0.880697731728931,3,0.08859752435659983,0.34261488630415415,0.8619834704848156,-0.29148167466147745,0.0004656216502119524,0.0,1.882877559863235
1906,Crystal Palace,2021-08-14,0.880697731728931,0,0.08859752435659983,0.0,0.4847618874810653,-0.5183006172638523,0.0004656216502119524,0.05238281082503731,0.9886049587779929
1907,Norwich,2021-08-14,0.880697731728931,0,0.08859752435659983,0.34261488630415415,0.0041589151612003855,-0.68862228273116,0.0004656216502119524,0.0,0.6279123964699375
1907,Liverpool,2021-08-14,0.880697731728931,3,0.08859752435659983,0.0,1.1452446810797559,-0.002500707228162707,0.0004656216502119524,0.05238281082503731,2.164887662412373
1908,Tottenham,2021-08-15,0.880697731728931,1,0.08859752435659983,0.34261488630415415,0.758376980385101,-0.468636948015947,0.0004656216502119524,0.0,1.602115796409051
1908,Man City,2021-08-15,0.880697731728931,0,0.08859752435659983,0.0,0.7793880412119107,-0.4560032419545317,0.0004656216502119524,0.06520223288348526,1.3583479098766071
1909,Newcastle,2021-08-15,0.880697731728931,2,0.08859752435659983,0.34261488630415415,0.6994558229498667,-0.41615980246519796,0.0004656216502119524,0.0,1.5956717845245658
1909,West Ham,2021-08-15,0.880697731728931,4,0.08859752435659983,0.0,0.6921135319092451,-0.42057463651804206,0.0004656216502119524,0.05238281082503731,1.293682583951983
1910,Liverpool,2021-08-21,0.880697731728931,2,0.06711933663378775,0.34261488630415415,1.210382784855233,-0.18876789676452285,0.0004656216502119524,0.0,2.312512464407795
1910,Burnley,2021-08-21,0.880697731728931,0,0.06711933663378775,0.0,0.3139390565039,-0.7277890655642902,0.0004656216502119524,0.05238281082503731,0.5868154917775776
1911,Aston Villa,2021-08-21,0.880697731728931,2,0.06711933663378775,0.34261488630415415,0.5734966809702633,-0.44037407277824714,0.0004656216502119524,0.0,1.424020184509101
1911,Newcastle,2021-08-21,0.880697731728931,0,0.06328394596899987,0.0,0.7323841780641465,-0.34483687207885294,0.0004656216502119524,0.05238281082503731,1.3843774161584734
1912,Crystal Palace,2021-08-21,0.880697731728931,0,0.06711933663378775,0.34261488630415415,0.3699330326036037,-0.07669558483974204,0.0004656216502119524,0.0,1.5841350240809464
1912,Brentford,2021-08-21,0.880697731728931,0,0.07031549552111097,0.0,0.127552088863071,-0.22243642217048082,0.0004656216502119524,0.05238281082503731,0.9089773264178811
1913,Leeds,2021-08-21,0.880697731728931,2,0.06711933663378775,0.34261488630415415,0.9596853992890985,-0.3592532837718549,0.0004656216502119524,0.0,1.8913296918343285
1913,Everton,2021-08-21,0.880697731728931,2,0.06711933663378775,0.0,0.5974725516699225,-0.5770476486641729,0.0004656216502119524,0.05238281082503731,1.0210904038437174
1914,Man City,2021-08-21,0.880697731728931,5,0.06328394596899987,0.34261488630415415,0.6447981983320974,-0.0012503536140813535,0.0004656216502119524,0.0,1.9306100303703129
1914,Norwich,2021-08-21,0.880697731728931,0,0.06711933663378775,0.0,0.0020794575806001928,-0.3877096436874576,0.0004656216502119524,0.05238281082503731,0.6150353147311105
1915,Brighton,2021-08-21,0.880697731728931,2,0.06711933663378775,0.34261488630415415,0.575404636942819,-0.30244352489601745,0.0004656216502119524,0.0,1.5638586883638865
1915,Watford,2021-08-21,0.880697731728931,0,0.06711933663378775,0.0,0.5029924922563117,-0.3459841037742956,0.0004656216502119524,0.05238281082503731,1.1576738893199838
1916,Arsenal,2021-08-22,0.880697731728931,0,0.07301993765653832,0.34261488630415415,1.0543072927812653,-0.4892370631511523,0.0004656216502119524,0.0,1.8618684069699485
1916,Chelsea,2021-08-22,0.880697731728931,2,0.07031549552111097,0.0,0.8136480018316209,-0.6339426907188436,0.0004656216502119524,0.009354073361613804,1.1405382333746448
1917,Southampton,2021-08-22,0.880697731728931,1,0.07031549552111097,0.34261488630415415,0.515616397195024,-0.35964505840000893,0.0004656216502119524,0.0,1.450065073999423
1917,Man United,2021-08-22,0.880697731728931,1,0.07031549552111097,0.0,0.5981241103259913,-0.31003413184621187,0.0004656216502119524,0.05238281082503731,1.2919516382050706
1918,Wolves,2021-08-22,0.880697731728931,0,0.07031549552111097,0.34261488630415415,0.33587788142679437,-0.458088375496492,0.0004656216502119524,0.0,1.1718832411347104
1918,Tottenham,2021-08-22,0.880697731728931,1,0.06711933663378775,0.0,0.7618447567817636,-0.20195945656692166,0.0004656216502119524,0.05238281082503731,1.5605508010528097
1919,West Ham,2021-08-23,0.880697731728931,4,0.07031549552111097,0.34261488630415415,0.7712303954981926,-0.3049200953791733,0.0004656216502119524,0.0,1.7604040353234274
1919,Leicester,2021-08-23,0.880697731728931,1,0.07301993765653832,0.0,0.5071112657033521,-0.4637318506984058,0.0004656216502119524,0.05238281082503731,1.0499455168656646
1920,West Ham,2021-08-28,0.880697731728931,2,0.05859624626759248,0.34261488630415415,0.9383409161557373,-0.21347899087156313,0.0009312433004239048,0.0,2.0077020328852755
1920,Crystal Palace,2021-08-28,0.880697731728931,2,0.06711933663378775,0.0,0.3550359681192299,-0.5642134596547517,0.0009312433004239048,0.05238281082503731,0.7919536309526581
1921,Norwich,2021-08-28,0.880697731728931,1,0.06711933663378775,0.34261488630415415,0.0010397287903000964,-0.3058512173690707,0.0009312433004239048,0.0,0.9865517093885263
1921,Leicester,2021-08-28,0.880697731728931,2,0.05859624626759248,0.0,0.5086598105778181,-0.0006251768070406768,0.0009312433004239048,0.05238281082503731,1.5006426658927619
1922,Newcastle,2021-08-28,0.880697731728931,2,0.06711933663378775,0.34261488630415415,0.6212962667582153,-0.2572778457094287,0.0009312433004239048,0.0,1.6553816190160833
1922,Southampton,2021-08-28,0.880697731728931,2,0.06328394596899987,0.0,0.42787765041494,-0.37357820606860764,0.0009312433004239048,0.05238281082503731,1.0515951761697244
1923,Aston Villa,2021-08-28,0.880697731728931,1,0.06711933663378775,0.34261488630415415,0.6694046070743447,-0.14060857220619374,0.0009312433004239048,0.0,1.8201592328354477
1923,Brentford,2021-08-28,0.880697731728931,1,0.06711933663378775,0.0,0.23384549624896353,-0.4025051905586526,0.0009312433004239048,0.05238281082503731,0.832471428178491
1924,Man City,2021-08-28,0.880697731728931,5,0.06711933663378775,0.34261488630415415,0.7050553657552617,-0.547058099878648,0.0009312433004239048,0.0,1.4493604638439108
1924,Arsenal,2021-08-28,0.880697731728931,0,0.06328394596899987,0.0,0.9098099129798457,-0.42394157636295493,0.0009312433004239048,0.06520223288348526,1.4959834904987308
1925,Liverpool,2021-08-28,0.880697731728931,1,0.06711933663378775,0.34261488630415415,1.2429518367429717,-0.4747052860948023,0.0009312433004239048,0.0,2.0596097486154665
1925,Chelsea,2021-08-28,0.880697731728931,1,0.06328394596899987,0.0,0.7894802675050234,-0.7473724569808554,0.0009312433004239048,0.06520223288348526,1.052222964406008
1926,Brighton,2021-08-28,0.880697731728931,0,0.06711933663378775,0.34261488630415415,0.7128759480149796,-0.35858300651199226,0.0009312433004239048,0.0,1.645656139470284
1926,Everton,2021-08-28,0.880697731728931,2,0.06711933663378775,0.0,0.5963578165154604,-0.42864400135295466,0.0009312433004239048,0.05238281082503731,1.1688449376506855
1927,Wolves,2021-08-29,0.880697731728931,0,0.06711933663378775,0.34261488630415415,0.16793894071339718,-0.38434408877264986,0.0009312433004239048,0.0,1.074958049908044
1927,Man United,2021-08-29,0.880697731728931,1,0.06711933663378775,0.0,0.6392009587978517,-0.10097972828346083,0.0009312433004239048,0.05238281082503731,1.5393523530025706
1928,Tottenham,2021-08-29,0.880697731728931,1,0.06711933663378775,0.34261488630415415,0.8911307338431659,-0.22791734728775076,0.0009312433004239048,0.0,1.9545765845227119
1928,Watford,2021-08-29,0.880697731728931,0,0.07031549552111097,0.0,0.37904833499122687,-0.5358265271072141,0.0009312433004239048,0.05238281082503731,0.8475490892595159
1929,Burnley,2021-08-29,0.880697731728931,1,0.07031549552111097,0.34261488630415415,0.15696952825195,-0.5441757737978933,0.0009312433004239048,0.0,0.9073531113086768
1929,Leeds,2021-08-29,0.880697731728931,1,0.07031549552111097,0.0,0.9050163291881194,-0.09438394838226143,0.0009312433004239048,0.05238281082503731,1.8149596621813608
1930,Southampton,2021-09-11,0.880697731728931,0,0.08203474477462948,0.34261488630415415,0.298973551116184,-0.6144542641329247,0.0009312433004239048,0.0,0.9907978930913978
1930,West Ham,2021-09-11,0.880697731728931,0,0.08203474477462948,0.0,1.0218961764845098,-0.1797693127478757,0.0009312433004239048,0.05238281082503731,1.8581733943656555
1931,Watford,2021-09-11,0.880697731728931,0,0.08065600956833317,0.34261488630415415,0.31707625635868447,-0.050489864141730414,0.0009312433004239048,0.0,1.571486263118796
1931,Wolves,2021-09-11,0.880697731728931,2,0.08065600956833317,0.0,0.08396947035669859,-0.19065425848361742,0.0009312433004239048,0.05238281082503731,0.9079830072958066
1932,Chelsea,2021-09-11,0.880697731728931,3,0.08203474477462948,0.34261488630415415,0.8199137632960819,-0.45690454474513315,0.0009312433004239048,0.0,1.669287824659087
1932,Aston Villa,2021-09-11,0.880697731728931,0,0.08203474477462948,0.0,0.7598759330807424,-0.493004592513208,0.0009312433004239048,0.05238281082503731,1.2829178711965559
1933,Man United,2021-09-11,0.880697731728931,4,0.08065600956833317,0.34261488630415415,0.7872914718968529,-0.36574546766036864,0.0009312433004239048,0.0,1.7264458751383263
1933,Newcastle,2021-09-11,0.880697731728931,1,0.08203474477462948,0.0,0.6082696740596067,-0.47338918879871245,0.0009312433004239048,0.05238281082503731,1.1509270158899159
1934,Crystal Palace,2021-09-11,0.880697731728931,3,0.08203474477462948,0.34261488630415415,0.26255270996832897,-0.5746956029125753,0.0009312433004239048,0.0,0.9941357131638922
1934,Tottenham,2021-09-11,0.880697731728931,0,0.08065600956833317,0.0,0.955773722373867,-0.15786988532894292,0.0009312433004239048,0.05238281082503731,1.8125716324676493
1935,Brentford,2021-09-11,0.880697731728931,0,0.08203474477462948,0.34261488630415415,0.3295095628962668,-0.44440875519570344,0.0009312433004239048,0.0,1.1913794138087017
1935,Brighton,2021-09-11,0.880697731728931,1,0.08203474477462948,0.0,0.7390942405967028,-0.19813026083600027,0.0009312433004239048,0.05238281082503731,1.557010510389724
1936,Arsenal,2021-09-11,0.880697731728931,1,0.08203474477462948,0.34261488630415415,0.7100091342160648,-0.0003125884035203384,0.0009312433004239048,0.0,2.0159751519206828
1936,Norwich,2021-09-11,0.880697731728931,0,0.08203474477462948,0.0,0.0005198643951500482,-0.426920219618808,0.0009312433004239048,0.05238281082503731,0.5896461754053637
1937,Leicester,2021-09-11,0.880697731728931,0,0.08203474477462948,0.34261488630415415,0.5094340830150511,-0.44205754270070363,0.0009312433004239048,0.0,1.373655146422486
1937,Man City,2021-09-11,0.880697731728931,1,0.08203474477462948,0.0,0.735183949466844,-0.30631677836401944,0.0009312433004239048,0.05238281082503731,1.444913701731846
1938,Leeds,2021-09-12,0.880697731728931,0,0.08203474477462948,0.34261488630415415,0.7926470682289157,-0.7060337627959766,0.0009312433004239048,0.0,1.3928919115410774
1938,Liverpool,2021-09-12,0.880697731728931,3,0.08326834995921037,0.0,1.174201636778127,-0.4766094464715921,0.0009312433004239048,0.05238281082503731,1.7148723261201375
1939,Everton,2021-09-13,0.880697731728931,3,0.08437859462533318,0.34261488630415415,0.7233525378013003,-0.07275716913771141,0.0009312433004239048,0.0,1.9592178246224308
1939,Burnley,2021-09-13,0.880697731728931,1,0.08326834995921037,0.0,0.12100212708033202,-0.43494345272180296,0.0009312433004239048,0.05238281082503731,0.7033388101721315
1940,Newcastle,2021-09-17,0.880697731728931,1,0.06328394596899987,0.34261488630415415,0.47420428884723137,-0.36613069796869946,0.0013968649506358572,0.0,1.3960670198312528
1940,Leeds,2021-09-17,0.880697731728931,1,0.05859624626759248,0.0,0.6089103488862428,-0.285133513616507,0.0013968649506358572,0.05238281082503731,1.3168504890419326
1941,Aston Villa,2021-09-18,0.880697731728931,3,0.06711933663378775,0.34261488630415415,0.6775595072208702,-0.4731236758267083,0.0013968649506358572,0.0,1.4962646510116708
1941,Everton,2021-09-18,0.880697731728931,0,0.05859624626759248,0.0,0.7868498984442203,-0.40740863699863133,0.0013968649506358572,0.05238281082503731,1.3725149152177856
1942,Wolves,2021-09-18,0.880697731728931,0,0.06711933663378775,0.34261488630415415,0.16953682404142031,-0.22689110515090355,0.0013968649506358572,0.0,1.2344745385080258
1942,Brentford,2021-09-18,0.880697731728931,2,0.06711933663378775,0.0,0.3773415962199184,-0.10194051691060725,0.0013968649506358572,0.05238281082503731,1.276997823447703
1943,Burnley,2021-09-18,0.880697731728931,0,0.05859624626759248,0.34261488630415415,0.10301842649452302,-0.36685127948888807,0.0013968649506358572,0.0,1.0194728762569487
1943,Arsenal,2021-09-18,0.880697731728931,1,0.06711933663378775,0.0,0.6101087448341744,-0.061943779515436385,0.0013968649506358572,0.05238281082503731,1.54976170945713
1944,Liverpool,2021-09-18,0.880697731728931,3,0.06328394596899987,0.34261488630415415,1.1398265367957046,-0.2067609173973749,0.0013968649506358572,0.0,2.22105904835105
1944,Crystal Palace,2021-09-18,0.880697731728931,0,0.06711933663378775,0.0,0.34386316975594955,-0.6853644157035371,0.0013968649506358572,0.05238281082503731,0.6600954981908043
1945,Man City,2021-09-18,0.880697731728931,0,0.06711933663378775,0.34261488630415415,0.877800330185706,-0.1665802412136799,0.0013968649506358572,0.0,2.003048908589535
1945,Southampton,2021-09-18,0.880697731728931,0,0.06711933663378775,0.0,0.27703886442116304,-0.52781111070932,0.0013968649506358572,0.05238281082503731,0.7508244978502349
1946,Norwich,2021-09-18,0.880697731728931,1,0.06711933663378775,0.34261488630415415,0.0002599321975750241,-0.17202271408155076,0.0013968649506358572,0.0,1.1200660377335332
1946,Watford,2021-09-18,0.880697731728931,3,0.06711933663378775,0.0,0.2860902170424133,-0.0001562942017601692,0.0013968649506358572,0.05238281082503731,1.2875306669790452
1947,West Ham,2021-09-19,0.880697731728931,1,0.07031549552111097,0.34261488630415415,0.9786390807401819,-0.5690421287049051,0.0013968649506358572,0.0,1.7046219305401091
1947,Man United,2021-09-19,0.880697731728931,2,0.07031549552111097,0.0,0.9463714543550676,-0.5884442764788499,0.0013968649506358572,0.05238281082503731,1.3627200809019326
1948,Tottenham,2021-09-19,0.880697731728931,0,0.07031549552111097,0.34261488630415415,0.9880952166392176,-0.5021542457224109,0.0013968649506358572,0.0,1.7809659494216386
1948,Chelsea,2021-09-19,0.880697731728931,3,0.07031549552111097,0.0,0.835130511191611,-0.5941301408152558,0.0013968649506358572,0.00865181560173289,1.2020622781787658
1949,Brighton,2021-09-19,0.880697731728931,2,0.07031549552111097,0.34261488630415415,0.7522033868875644,-0.3065495588614938,0.0013968649506358572,0.0,1.7406788065309027
1949,Leicester,2021-09-19,0.880697731728931,1,0.07031549552111097,0.0,0.5098212192336675,-0.45229113211707783,0.0013968649506358572,0.05238281082503731,1.0623229901423046
1950,Brentford,2021-09-25,0.880697731728931,3,0.06711933663378775,0.34261488630415415,0.5288097017448152,-0.6750297421573175,0.0013968649506358572,0.0,1.1456087792050067
1950,Liverpool,2021-09-25,0.880697731728931,3,0.06711933663378775,0.0,1.1226389868044933,-0.3179671121480972,0.0013968649506358572,0.05238281082503731,1.8062686187947883
1951,Watford,2021-09-25,0.880697731728931,1,0.06711933663378775,0.34261488630415415,0.3981492862473487,-0.19369714670141489,0.0013968649506358572,0.0,1.4962809591634427
1951,Newcastle,2021-09-25,0.880697731728931,1,0.07031549552111097,0.0,0.3221368703323297,-0.2394025267202595,0.0013968649506358572,0.05238281082503731,1.0875272466377852
1952,Leicester,2021-09-25,0.880697731728931,2,0.06328394596899987,0.34261488630415415,0.5100147873429758,-0.05653708470429887,0.0013968649506358572,0.0,1.7414711315913975
1952,Burnley,2021-09-25,0.880697731728931,2,0.06711933663378775,0.0,0.09402657620161851,-0.306665949110231,0.0013968649506358572,0.05238281082503731,0.7889573712297794
1953,Chelsea,2021-09-25,0.880697731728931,0,0.06328394596899987,0.34261488630415415,0.9702909740024465,-0.5195575048204668,0.0013968649506358572,0.0,1.7387268981347006
1953,Man City,2021-09-25,0.880697731728931,1,0.06711933663378775,0.0,0.864073794636423,-0.5834246571667542,0.0013968649506358572,0.06547851353129663,1.2953415843143201
1954,Everton,2021-09-25,0.880697731728931,2,0.06711933663378775,0.34261488630415415,0.8185985787656802,-7.81471008800846e-05,0.0013968649506358572,0.0,2.1103492512823085
1954,Norwich,2021-09-25,0.880697731728931,0,0.06711933663378775,0.0,0.00012996609878751205,-0.49221378737916094,0.0013968649506358572,0.05238281082503731,0.5095129228580184
1955,Man United,2021-09-25,0.880697731728931,0,0.06328394596899987,0.34261488630415415,1.025911445584175,-0.38266068312538043,0.0013968649506358572,0.0,1.9312441914115155
1955,Aston Villa,2021-09-25,0.880697731728931,1,0.06711933663378775,0.0,0.6364012942909342,-0.6168685986580014,0.0013968649506358572,0.05238281082503731,1.0211294397713246
1956,Leeds,2021-09-25,0.880697731728931,1,0.07031549552111097,0.34261488630415415,0.43200726330619243,-0.49874369781207034,0.0013968649506358572,0.0,1.2282885439989542
1956,West Ham,2021-09-25,0.880697731728931,2,0.06328394596899987,0.0,0.829458444004947,-0.25976093382409177,0.0013968649506358572,0.05238281082503731,1.5674588636544593
1957,Southampton,2021-09-26,0.880697731728931,0,0.07031549552111097,0.34261488630415415,0.30858888402800955,-0.12766584329504566,0.0013968649506358572,0.0,1.4759480192377958
1957,Wolves,2021-09-26,0.880697731728931,1,0.07031549552111097,0.0,0.21232050088378115,-0.1855509003931627,0.0013968649506358572,0.05238281082503731,1.0315625035163334
1958,Arsenal,2021-09-26,0.880697731728931,3,0.07031549552111097,0.34261488630415415,0.5601585501432292,-0.5271518249268541,0.0013968649506358572,0.0,1.3280317037212073
1958,Tottenham,2021-09-26,0.880697731728931,1,0.06711933663378775,0.0,0.876703874908822,-0.3368168094239281,0.0013968649506358572,0.007936789518945046,1.4970377883171935
1959,Crystal Palace,2021-09-27,0.880697731728931,1,0.07301993765653832,0.34261488630415415,0.3845183996497598,-0.5329279054175071,0.0013968649506358572,0.0,1.1493199148725122
1959,Brighton,2021-09-27,0.880697731728931,1,0.07031549552111097,0.0,0.8863100488960662,-0.23120643343159086,0.0013968649506358572,0.05238281082503731,1.6598965184901906
1960,Brighton,2021-10-02,0.880697731728931,0,0.05859624626759248,0.34261488630415415,0.8683286539916033,-0.3984951592311902,0.0018624866008478097,0.0,1.7536048456619384
1960,Arsenal,2021-10-02,0.880697731728931,0,0.06328394596899987,0.0,0.6627355416608277,-0.5221159021745604,0.0018624866008478097,0.05238281082503731,1.1388466146100833
1961,Wolves,2021-10-02,0.880697731728931,2,0.06328394596899987,0.34261488630415415,0.3612644281680326,-0.1735441581904495,0.0018624866008478097,0.0,1.4761793205805158
1961,Newcastle,2021-10-02,0.880697731728931,1,0.06711933663378775,0.0,0.2886205240292359,-0.21722409132700693,0.0018624866008478097,0.05238281082503731,1.0734587984908328
1962,Leeds,2021-10-02,0.880697731728931,1,0.06711933663378775,0.34261488630415415,0.34355572051616723,-0.22196204314645246,0.0018624866008478097,0.0,1.4138881186374357
1962,Watford,2021-10-02,0.880697731728931,0,0.06711933663378775,0.0,0.3691440949411024,-0.20657605175178792,0.0018624866008478097,0.05238281082503731,1.1646304089779185
1963,Burnley,2021-10-02,0.880697731728931,0,0.06711933663378775,0.34261488630415415,0.13204801400952326,-3.90735504400423e-05,0.0018624866008478097,0.0,1.424303381726804
1963,Norwich,2021-10-02,0.880697731728931,0,0.06711933663378775,0.0,6.498304939375602e-05,-0.0793989322453108,0.0018624866008478097,0.05238281082503731,0.9227284165926867
1964,Man United,2021-10-02,0.880697731728931,1,0.06711933663378775,0.34261488630415415,0.9381293523356575,-0.5017588431553873,0.0018624866008478097,0.0,1.728664950447991
1964,Everton,2021-10-02,0.880697731728931,1,0.06711933663378775,0.0,0.8344729189264102,-0.5640862487948075,0.0018624866008478097,0.05238281082503731,1.2724490359202065
1965,Chelsea,2021-10-02,0.880697731728931,3,0.06711933663378775,0.34261488630415415,0.9103191165447934,-0.19503622998290407,0.0018624866008478097,0.0,2.0075773278296096
1965,Southampton,2021-10-02,0.880697731728931,1,0.06328394596899987,0.0,0.3243638938314328,-0.547364278049184,0.0018624866008478097,0.05238281082503731,0.7752265909060647
1966,Crystal Palace,2021-10-03,0.880697731728931,2,0.06328394596899987,0.34261488630415415,0.44736337755102196,-0.2555937543414382,0.0018624866008478097,0.0,1.4802286738125165
1966,Leicester,2021-10-03,0.880697731728931,2,0.07031549552111097,0.0,0.42507684548891594,-0.2689943863952795,0.0018624866008478097,0.05238281082503731,1.1613409837695634
1967,Tottenham,2021-10-03,0.880697731728931,2,0.06711933663378775,0.34261488630415415,0.6934561151805531,-0.446982291028497,0.0018624866008478097,0.0,1.5387682654197767
1967,Aston Villa,2021-10-03,0.880697731728931,1,0.07031549552111097,0.0,0.7433742766890371,-0.4169670821429111,0.0018624866008478097,0.05238281082503731,1.3316657192220531
1968,West Ham,2021-10-03,0.880697731728931,1,0.07031549552111097,0.34261488630415415,0.7548681256373295,-0.3123747257535327,0.0018624866008478097,0.0,1.7379840000388405
1968,Brentford,2021-10-03,0.880697731728931,2,0.07031549552111097,0.0,0.5195090285985496,-0.4538934084786806,0.0018624866008478097,0.05238281082503731,1.0708741447957961
1969,Liverpool,2021-10-03,0.880697731728931,2,0.07031549552111097,0.34261488630415415,1.0290104859001739,-0.5921262867157823,0.0018624866008478097,0.0,1.7323747993394358
1969,Man City,2021-10-03,0.880697731728931,2,0.07031549552111097,0.0,0.9847626157248526,-0.6187320154910463,0.0018624866008478097,0.03097908167072099,1.3498853957554169
1970,Brentford,2021-10-16,0.880697731728931,0,0.08065600956833317,0.34261488630415415,0.5998934179341309,-0.5293340884903988,0.0018624866008478097,0.0,1.3763904436459982
1970,Chelsea,2021-10-16,0.880697731728931,1,0.08203474477462948,0.0,0.8803331878159666,-0.3607089224494118,0.0018624866008478097,0.05238281082503731,1.5366020392960005
1971,Southampton,2021-10-16,0.880697731728931,1,0.08203474477462948,0.34261488630415415,0.2897340357787874,-0.23111400060879736,0.0018624866008478097,0.0,1.3658298845785526
1971,Leeds,2021-10-16,0.880697731728931,0,0.08203474477462948,0.0,0.38436467502986865,-0.17421369983119409,0.0018624866008478097,0.05238281082503731,1.2271287491281202
1972,Norwich,2021-10-16,0.880697731728931,0,0.08203474477462948,0.34261488630415415,0.04254985447905389,-0.46557951065992564,0.0018624866008478097,0.0,0.8841801932276906
1972,Brighton,2021-10-16,0.880697731728931,0,0.08203474477462948,0.0,0.7743032306306576,-0.025584731721800705,0.0018624866008478097,0.05238281082503731,1.7656962728383023
1973,Aston Villa,2021-10-16,0.880697731728931,2,0.08065600956833317,0.34261488630415415,0.6693086790250177,-0.3386988001827296,0.0018624866008478097,0.0,1.636440993044554
1973,Wolves,2021-10-16,0.880697731728931,3,0.08203474477462948,0.0,0.5632884806732293,-0.40244751014031327,0.0018624866008478097,0.05238281082503731,1.1778187444623616
1974,Leicester,2021-10-16,0.880697731728931,4,0.08065600956833317,0.34261488630415415,0.425125237516243,-0.5376950738632106,0.0018624866008478097,0.0,1.1932612778552987
1974,Man United,2021-10-16,0.880697731728931,2,0.08203474477462948,0.0,0.8942383057113988,-0.2556228519036225,0.0018624866008478097,0.05238281082503731,1.6555932277372218
1975,Watford,2021-10-16,0.880697731728931,0,0.08203474477462948,0.34261488630415415,0.35464149928797917,-0.5394527622647493,0.0018624866008478097,0.0,1.1223985864317922
1975,Liverpool,2021-10-16,0.880697731728931,5,0.08065600956833317,0.0,0.8971615095393,-0.21324180135954893,0.0018624866008478097,0.05238281082503731,1.6995187469029003
1976,Man City,2021-10-16,0.880697731728931,2,0.08065600956833317,0.34261488630415415,0.9600723003603534,-0.11639505096239744,0.0018624866008478097,0.0,2.149508363600222
1976,Burnley,2021-10-16,0.880697731728931,0,0.08203474477462948,0.0,0.19357609586783264,-0.5772802877702786,0.0018624866008478097,0.05238281082503731,0.6332735820269995
1977,Everton,2021-10-17,0.880697731728931,0,0.08326834995921037,0.34261488630415415,0.842410089006775,-0.35477267897224374,0.0018624866008478097,0.0,1.7960808646276745
1977,West Ham,2021-10-17,0.880697731728931,1,0.08203474477462948,0.0,0.5900208775904497,-0.5065313710435004,0.0018624866008478097,0.05238281082503731,1.1004672804763949
1978,Newcastle,2021-10-17,0.880697731728931,2,0.08326834995921037,0.34261488630415415,0.27186235087768895,-0.36187471075093963,0.0018624866008478097,0.0,1.2184310947198926
1978,Tottenham,2021-10-17,0.880697731728931,3,0.08203474477462948,0.0,0.6018322353164185,-0.16346766393496678,0.0018624866008478097,0.05238281082503731,1.4553423453108971
1979,Arsenal,2021-10-18,0.880697731728931,2,0.08437859462533318,0.34261488630415415,0.756541400373984,-0.2878883628771238,0.0018624866008478097,0.0,1.7782067367561263
1979,Crystal Palace,2021-10-18,0.880697731728931,2,0.08326834995921037,0.0,0.478785866501653,-0.45489952908140197,0.0018624866008478097,0.05238281082503731,1.0420977165342775
1980,Arsenal,2021-10-22,0.880697731728931,3,0.05273662164083323,0.34261488630415415,0.845961692684919,-0.35461492474964074,0.002328108251059762,0.0,1.7697241158602568
1980,Aston Villa,2021-10-22,0.880697731728931,1,0.06328394596899987,0.0,0.5897585172386509,-0.5086669089530885,0.002328108251059762,0.05238281082503731,1.0797842050595903
1981,Chelsea,2021-10-23,0.880697731728931,7,0.06711933663378775,0.34261488630415415,0.9503749493602673,-0.06392275575406171,0.002328108251059762,0.0,2.179212256524138
1981,Norwich,2021-10-23,0.880697731728931,0,0.06711933663378775,0.0,0.10630965314824095,-0.5714493836041675,0.002328108251059762,0.05238281082503731,0.5373882569828893
1982,Crystal Palace,2021-10-23,0.880697731728931,1,0.05859624626759248,0.34261488630415415,0.4944971109769686,-0.13286422186064475,0.002328108251059762,0.0,1.6458698616680612
1982,Newcastle,2021-10-23,0.880697731728931,1,0.06328394596899987,0.0,0.2209659013475585,-0.29733535111804604,0.002328108251059762,0.05238281082503731,0.9223231470035402
1983,Everton,2021-10-23,0.880697731728931,2,0.06328394596899987,0.34261488630415415,0.7188265851838865,-0.2088816804660972,0.002328108251059762,0.0,1.7988695769709342
1983,Watford,2021-10-23,0.880697731728931,5,0.06711933663378775,0.0,0.34739020146141764,-0.43222205014781495,0.002328108251059762,0.05238281082503731,0.9176961387524185
1984,Leeds,2021-10-23,0.880697731728931,1,0.06711933663378775,0.34261488630415415,0.36225178933236235,-0.47613173945033294,0.002328108251059762,0.0,1.178880112799962
1984,Wolves,2021-10-23,0.880697731728931,1,0.06711933663378775,0.0,0.7918525957888987,-0.21781778009072142,0.002328108251059762,0.05238281082503731,1.576562803136993
1985,Southampton,2021-10-23,0.880697731728931,2,0.06711933663378775,0.34261488630415415,0.35745383266117875,-0.10932791537436008,0.002328108251059762,0.0,1.5408859802047514
1985,Burnley,2021-10-23,0.880697731728931,2,0.06711933663378775,0.0,0.18182277384263035,-0.21493282464850047,0.002328108251059762,0.05238281082503731,0.9694179366329456
1986,Brighton,2021-10-23,0.880697731728931,1,0.06711933663378775,0.34261488630415415,0.769807881904542,-0.5698572882975268,0.002328108251059762,0.0,1.492710656524948
1986,Man City,2021-10-23,0.880697731728931,4,0.06711933663378775,0.0,0.9477271426781038,-0.462876509849189,0.002328108251059762,0.05238281082503731,1.4873786202677306
1987,West Ham,2021-10-24,0.880697731728931,1,0.06711933663378775,0.34261488630415415,0.592631979475724,-0.3343285250549539,0.002328108251059762,0.0,1.5510635173387028
1987,Tottenham,2021-10-24,0.880697731728931,0,0.06711933663378775,0.0,0.5560202953843514,-0.3563427041121866,0.002328108251059762,0.05238281082503731,1.2022055787109807
1988,Brentford,2021-10-24,0.880697731728931,1,0.07031549552111097,0.34261488630415415,0.5975682496475645,-0.25563740068471463,0.002328108251059762,0.0,1.6378870707681057
1988,Leicester,2021-10-24,0.880697731728931,2,0.07031549552111097,0.0,0.42514943352990653,-0.3593108258507707,0.002328108251059762,0.05238281082503731,1.0715627540052748
1989,Man United,2021-10-24,0.880697731728931,0,0.07031549552111097,0.34261488630415415,0.7447406935361985,-0.5509435255447621,0.002328108251059762,0.0,1.4897533897966924
1989,Liverpool,2021-10-24,0.880697731728931,5,0.07031549552111097,0.0,0.9162717472675771,-0.4478039015576701,0.002328108251059762,0.03097908167072099,1.4527882628817297
1990,Newcastle,2021-10-30,0.880697731728931,0,0.06711933663378775,0.34261488630415415,0.23803503953685026,-0.5925070311610519,0.002328108251059762,0.0,0.9382880712937312
1990,Chelsea,2021-10-30,0.880697731728931,3,0.06711933663378775,0.0,0.9853958301324177,-0.14312769577006443,0.002328108251059762,0.05238281082503731,1.844796121801169
1991,Watford,2021-10-30,0.880697731728931,0,0.06711933663378775,0.34261488630415415,0.4713166414112079,-0.23529238705715366,0.002328108251059762,0.0,1.528784317271987
1991,Southampton,2021-10-30,0.880697731728931,1,0.06711933663378775,0.0,0.39131373110237444,-0.2833972048591134,0.002328108251059762,0.05238281082503731,1.1104445136820769
1992,Man City,2021-10-30,0.880697731728931,0,0.06711933663378775,0.34261488630415415,0.9415545638369789,-0.25092845534534575,0.002328108251059762,0.0,1.983386171409566
1992,Crystal Palace,2021-10-30,0.880697731728931,2,0.06711933663378775,0.0,0.4173180073059123,-0.5661457885611508,0.002328108251059762,0.05238281082503731,0.8537002061835771
1993,Tottenham,2021-10-30,0.880697731728931,0,0.06328394596899987,0.34261488630415415,0.5331143254183177,-0.32616273056515777,0.002328108251059762,0.0,1.4958762671063046
1993,Man United,2021-10-30,0.880697731728931,3,0.06328394596899987,0.0,0.5424397985855273,-0.32055543220696103,0.002328108251059762,0.06547851353129663,1.2336726658588533
1994,Burnley,2021-10-30,0.880697731728931,3,0.06711933663378775,0.34261488630415415,0.21846347578438619,-0.35861177755145013,0.002328108251059762,0.0,1.1526117611508688
1994,Brentford,2021-10-30,0.880697731728931,1,0.06328394596899987,0.0,0.5964056655042813,-0.13135954252692209,0.002328108251059762,0.05238281082503731,1.4637387197513871
1995,Liverpool,2021-10-30,0.880697731728931,2,0.06328394596899987,0.34261488630415415,0.9258268661317155,-0.3848294246040786,0.002328108251059762,0.0,1.8299221137807815
1995,Brighton,2021-10-30,0.880697731728931,2,0.06711933663378775,0.0,0.640008118678413,-0.5566889071847685,0.002328108251059762,0.05238281082503731,1.0858471989324603
1996,Leicester,2021-10-30,0.880697731728931,0,0.06328394596899987,0.34261488630415415,0.5527136203998093,-0.5355505988889318,0.002328108251059762,0.0,1.3060876937640222
1996,Arsenal,2021-10-30,0.880697731728931,2,0.07031549552111097,0.0,0.8906718388403866,-0.33234025991500277,0.002328108251059762,0.05238281082503731,1.5640557252515228
1997,Norwich,2021-10-31,0.880697731728931,1,0.07031549552111097,0.34261488630415415,0.1381895524828345,-0.2367348647782641,0.002328108251059762,0.0,1.1974109095098262
1997,Leeds,2021-10-31,0.880697731728931,2,0.07031549552111097,0.0,0.3937127094379662,-0.08309176777019223,0.002328108251059762,0.05238281082503731,1.3163450879939127
1998,Aston Villa,2021-10-31,0.880697731728931,1,0.07301993765653832,0.34261488630415415,0.5499834363454674,-0.40825810657531947,0.002328108251059762,0.0,1.4403859937108312
1998,West Ham,2021-10-31,0.880697731728931,4,0.06711933663378775,0.0,0.678972256327075,-0.33069863205430444,0.002328108251059762,0.05238281082503731,1.3508016117115864
1999,Wolves,2021-11-01,0.880697731728931,2,0.07301993765653832,0.34261488630415415,0.8210999274380194,-0.3183718048602302,0.002328108251059762,0.0,1.8013887865184723
1999,Everton,2021-11-01,0.880697731728931,1,0.07301993765653832,0.0,0.5294827444093713,-0.4937178191909733,0.002328108251059762,0.05238281082503731,1.0441935136799645
2000,Southampton,2021-11-05,0.880697731728931,1,0.06328394596899987,0.34261488630415415,0.4932784062316863,-0.24204490086689426,0.0027937299012717144,0.0,1.5406237992681484
2000,Aston Villa,2021-11-05,0.880697731728931,0,0.05859624626759248,0.0,0.4025438070358047,-0.2966025581546416,0.0027937299012717144,0.05238281082503731,1.1004117676039955
2001,Brighton,2021-11-06,0.880697731728931,1,0.06711933663378775,0.34261488630415415,0.49007351115663456,-0.12269423777819358,0.0027937299012717144,0.0,1.6606049579465856
2001,Newcastle,2021-11-06,0.880697731728931,1,0.06711933663378775,0.0,0.20405224567713914,-0.294675492088362,0.0027937299012717144,0.05238281082503731,0.9123703626778048
2002,Chelsea,2021-11-06,0.880697731728931,1,0.06711933663378775,0.34261488630415415,1.002906270518493,-0.2190709409429451,0.0027937299012717144,0.0,2.0770610141436925
2002,Burnley,2021-11-06,0.880697731728931,1,0.06711933663378775,0.0,0.3643359156183351,-0.6030358549394941,0.0027937299012717144,0.05238281082503731,0.7642936697678686
2003,Crystal Palace,2021-11-06,0.880697731728931,2,0.06711933663378775,0.34261488630415415,0.5062805443334553,-0.5792064439010355,0.0027937299012717144,0.0,1.2202997850005646
2003,Wolves,2021-11-06,0.880697731728931,0,0.05859624626759248,0.0,0.9632756821256507,-0.30442059229873764,0.0027937299012717144,0.05238281082503731,1.6533256085497454
2004,Man United,2021-11-06,0.880697731728931,0,0.06711933663378775,0.34261488630415415,0.4412893511101917,-0.5387248437463822,0.0027937299012717144,0.0,1.1957901919319542
2004,Man City,2021-11-06,0.880697731728931,2,0.06711933663378775,0.0,0.8959509114620595,-0.2653421450689016,0.0027937299012717144,0.007936789518945046,1.5891563541760936
2005,Brentford,2021-11-06,0.880697731728931,1,0.06711933663378775,0.34261488630415415,0.46827228456956865,-0.09267627377825746,0.0027937299012717144,0.0,1.668821695359456
2005,Norwich,2021-11-06,0.880697731728931,2,0.06328394596899987,0.0,0.15412950215013124,-0.28156666856204776,0.0027937299012717144,0.05238281082503731,0.8717210520123233
2006,Arsenal,2021-11-07,0.880697731728931,1,0.07031549552111097,0.34261488630415415,0.9130269119181205,-0.24395938221587943,0.0027937299012717144,0.0,1.9654893731577086
2006,Watford,2021-11-07,0.880697731728931,0,0.07031549552111097,0.0,0.405727772523032,-0.5489924438568534,0.0027937299012717144,0.05238281082503731,0.8629250966425295
2007,Everton,2021-11-07,0.880697731728931,0,0.06328394596899987,0.34261488630415415,0.4348108240221137,-0.3136688857829646,0.0027937299012717144,0.0,1.4105322321425058
2007,Tottenham,2021-11-07,0.880697731728931,0,0.07031549552111097,0.0,0.5216613404353009,-0.26144668221643785,0.0027937299012717144,0.05238281082503731,1.2664044261952139
2008,Leeds,2021-11-07,0.880697731728931,1,0.06711933663378775,0.34261488630415415,0.49447789539948217,-0.3706916895301468,0.0027937299012717144,0.0,1.41701189043748
2008,Leicester,2021-11-07,0.880697731728931,1,0.07031549552111097,0.0,0.6164957138347607,-0.29732379701519684,0.0027937299012717144,0.05238281082503731,1.3253616847959147
2009,West Ham,2021-11-07,0.880697731728931,3,0.06711933663378775,0.34261488630415415,0.8496944836158216,-0.5084312081116104,0.0027937299012717144,0.0,1.6344889600723558
2009,Liverpool,2021-11-07,0.880697731728931,2,0.07031549552111097,0.0,0.8455696996550708,-0.5109113926466279,0.0027937299012717144,0.05238281082503731,1.3408480749847937
2010,Wolves,2021-11-20,0.880697731728931,1,0.08203474477462948,0.34261488630415415,0.9068114706063954,-0.5622380356822821,0.0027937299012717144,0.0,1.6527145276330992
2010,West Ham,2021-11-20,0.880697731728931,0,0.08065600956833317,0.0,0.9350555972601948,-0.5452551714163245,0.0027937299012717144,0.05238281082503731,1.4063307078674434
2011,Liverpool,2021-11-20,0.880697731728931,4,0.08065600956833317,0.34261488630415415,0.7629237534623915,-0.5557133663408143,0.0027937299012717144,0.0,1.513972744624267
2011,Arsenal,2021-11-20,0.880697731728931,0,0.08065600956833317,0.0,0.9242044484569872,-0.4587371636284507,0.0027937299012717144,0.06491886811649923,1.4945336241435716
2012,Watford,2021-11-20,0.880697731728931,4,0.08065600956833317,0.34261488630415415,0.330415975124587,-0.23493185232077352,0.0027937299012717144,0.0,1.4022464803065033
2012,Man United,2021-11-20,0.880697731728931,1,0.08203474477462948,0.0,0.39071412737252387,-0.19867527594768175,0.0027937299012717144,0.05238281082503731,1.2099478686547114
2013,Norwich,2021-11-20,0.880697731728931,2,0.08203474477462948,0.34261488630415415,0.2896515658468507,-0.4039532285431276,0.0027937299012717144,0.0,1.1938394300127093
2013,Southampton,2021-11-20,0.880697731728931,1,0.08326834995921037,0.0,0.6718128326594132,-0.17416411162203216,0.0027937299012717144,0.05238281082503731,1.5167913434518314
2014,Burnley,2021-11-20,0.880697731728931,3,0.08203474477462948,0.34261488630415415,0.4372721355353096,-0.382297050668595,0.0027937299012717144,0.0,1.3631161775757008
2014,Crystal Palace,2021-11-20,0.880697731728931,3,0.08203474477462948,0.0,0.6357965387559407,-0.2629266401509566,0.0027937299012717144,0.05238281082503731,1.3907789158348534
2015,Aston Villa,2021-11-20,0.880697731728931,2,0.08326834995921037,0.34261488630415415,0.20127190351790236,-0.24959852583050374,0.0027937299012717144,0.0,1.2610480755809659
2015,Brighton,2021-11-20,0.880697731728931,0,0.08203474477462948,0.0,0.4151062073957453,-0.12102245043344713,0.0027937299012717144,0.05238281082503731,1.3119927741921675
2016,Leicester,2021-11-20,0.880697731728931,0,0.08065600956833317,0.34261488630415415,0.6483867605522363,-0.6338654617752959,0.0027937299012717144,0.0,1.3212836562796302
2016,Chelsea,2021-11-20,0.880697731728931,3,0.08203474477462948,0.0,1.0541788536658876,-0.3898674043377188,0.0027937299012717144,0.05238281082503731,1.6822204665580383
2017,Newcastle,2021-11-20,0.880697731728931,3,0.08203474477462948,0.34261488630415415,0.1870608487472836,-0.21747891912076595,0.0027937299012717144,0.0,1.2777230223355038
2017,Brentford,2021-11-20,0.880697731728931,3,0.08203474477462948,0.0,0.36168823114785537,-0.11247750878225816,0.0027937299012717144,0.05238281082503731,1.2671197395954665
2018,Man City,2021-11-21,0.880697731728931,3,0.08326834995921037,0.34261488630415415,0.8731490852745998,-0.18185373100138028,0.0027937299012717144,0.0,2.0006700521667864
2018,Everton,2021-11-21,0.880697731728931,0,0.08203474477462948,0.0,0.30244013791977087,-0.525014371338998,0.0027937299012717144,0.05238281082503731,0.7953347838106423
2019,Tottenham,2021-11-21,0.880697731728931,2,0.08203474477462948,0.34261488630415415,0.5584522108981494,-0.3531834580802439,0.0027937299012717144,0.0,1.5134098455268916
2019,Leeds,2021-11-21,0.880697731728931,1,0.08203474477462948,0.0,0.5873778513345971,-0.3357908075175471,0.0027937299012717144,0.05238281082503731,1.2694960610469195
2020,Norwich,2021-11-27,0.880697731728931,0,0.06711933663378775,0.34261488630415415,0.44244732360392436,-0.5282795351739691,0.003259351551483667,0.0,1.2078590946483119
2020,Wolves,2021-11-27,0.880697731728931,0,0.06711933663378775,0.0,0.8785793648467678,-0.2660384204370808,0.003259351551483667,0.05238281082503731,1.6160001751489266
2021,Brighton,2021-11-27,0.880697731728931,0,0.06711933663378775,0.34261488630415415,0.3351051925609437,-0.30441770377302535,0.003259351551483667,0.0,1.3243787950062749
2021,Leeds,2021-11-27,0.880697731728931,0,0.06328394596899987,0.0,0.5062757404390836,-0.2014948477549939,0.003259351551483667,0.05238281082503731,1.3044047327585415
2022,Liverpool,2021-11-27,0.880697731728931,4,0.06711933663378775,0.34261488630415415,0.8066355062747659,-0.45762856373737065,0.003259351551483667,0.0,1.6426982487557515
2022,Southampton,2021-11-27,0.880697731728931,0,0.06711933663378775,0.0,0.7610800458732767,-0.48502053128003214,0.003259351551483667,0.05238281082503731,1.279518745332484
2023,Crystal Palace,2021-11-27,0.880697731728931,1,0.06711933663378775,0.34261488630415415,0.7005545359671834,-0.1372068100564656,0.003259351551483667,0.0,1.8570390321290744
2023,Aston Villa,2021-11-27,0.880697731728931,2,0.06711933663378775,0.0,0.2281880406220222,-0.42123527985352366,0.003259351551483667,0.05238281082503731,0.8104119915077382
2024,Arsenal,2021-11-27,0.880697731728931,2,0.06711933663378775,0.34261488630415415,0.8872758537720636,-0.1329343392308711,0.003259351551483667,0.0,2.0480328207595493
2024,Newcastle,2021-11-27,0.880697731728931,0,0.06711933663378775,0.0,0.22108251323671282,-0.5335086326362138,0.003259351551483667,0.05238281082503731,0.6910331113397388
2025,Brentford,2021-11-28,0.880697731728931,1,0.07031549552111097,0.34261488630415415,0.2233614785282847,-0.11649206044727081,0.003259351551483667,0.0,1.4037568831866936
2025,Everton,2021-11-28,0.880697731728931,0,0.06711933663378775,0.0,0.19373743191424242,-0.13430465450696366,0.003259351551483667,0.05238281082503731,1.0628920081465183
2026,Leicester,2021-11-28,0.880697731728931,4,0.07031549552111097,0.34261488630415415,0.6218149209566172,-0.25272880765332495,0.003259351551483667,0.0,1.6659735784089718
2026,Watford,2021-11-28,0.880697731728931,2,0.07031549552111097,0.0,0.42031216528843557,-0.3738900667949242,0.003259351551483667,0.05238281082503731,1.0530774881200742
2027,Man City,2021-11-28,0.880697731728931,2,0.06711933663378775,0.34261488630415415,0.9467828980895839,-0.5879013572001093,0.003259351551483667,0.0,1.6525728471078311
2027,West Ham,2021-11-28,0.880697731728931,1,0.07031549552111097,0.0,0.9777361540823815,-0.5692895250284672,0.003259351551483667,0.05238281082503731,1.4151020186804768
2028,Chelsea,2021-11-28,0.880697731728931,1,0.07031549552111097,0.34261488630415415,1.0798151452395848,-0.1941615110001288,0.003259351551483667,0.0,2.182541099345136
2028,Man United,2021-11-28,0.880697731728931,1,0.07031549552111097,0.0,0.32290915254933295,-0.6492802651931968,0.003259351551483667,0.06574797243471761,0.6936494385923794
2029,Newcastle,2021-11-30,0.880697731728931,1,0.04520281854928562,0.34261488630415415,0.2380933454814274,-0.3119755748446052,0.003259351551483667,0.0,1.1978925587706766
2029,Norwich,2021-11-30,0.880697731728931,1,0.04520281854928562,0.0,0.5188452024824612,-0.1431627544551776,0.003259351551483667,0.05238281082503731,1.3572251606820211
2030,Leeds,2021-11-30,0.880697731728931,1,0.04520281854928562,0.34261488630415415,0.5082420479456838,-0.4151391994994073,0.003259351551483667,0.0,1.3648776365801307
2030,Crystal Palace,2021-11-30,0.880697731728931,0,0.04520281854928562,0.0,0.6904161716184478,-0.30560002156599675,0.003259351551483667,0.05238281082503731,1.3663588627071888
2031,Aston Villa,2021-12-01,0.880697731728931,1,0.05273662164083323,0.34261488630415415,0.36919819803715315,-0.5914271018732018,0.003259351551483667,0.0,1.0570796873893535
2031,Man City,2021-12-01,0.880697731728931,2,0.04520281854928562,0.0,0.9835998044970761,-0.2219945747077169,0.003259351551483667,0.05238281082503731,1.7431479424440965
2032,Wolves,2021-12-01,0.880697731728931,0,0.05273662164083323,0.34261488630415415,0.77942858605824,-0.2848544897549624,0.003259351551483667,0.0,1.7738826875286795
2032,Burnley,2021-12-01,0.880697731728931,0,0.07734704507322207,0.0,0.47374024549379684,-0.46866132715963,0.003259351551483667,0.05238281082503731,1.0187658575128409
2033,Everton,2021-12-01,0.880697731728931,1,0.04520281854928562,0.34261488630415415,0.13938607891147822,-0.49816221510582287,0.003259351551483667,0.0,0.9129986519395098
2033,Liverpool,2021-12-01,0.880697731728931,4,0.05273662164083323,0.0,0.828491382680953,-0.08381122517021608,0.003259351551483667,0.05238281082503731,1.733756673257022
2034,Watford,2021-12-01,0.880697731728931,1,0.04520281854928562,0.34261488630415415,0.46526026037035983,-0.605857277008986,0.003259351551483667,0.0,1.1311777714952285
2034,Chelsea,2021-12-01,0.880697731728931,2,0.04520281854928562,0.0,1.0075985651177195,-0.27975557350614655,0.003259351551483667,0.05238281082503731,1.7093857042663105
2035,West Ham,2021-12-01,0.880697731728931,1,0.04520281854928562,0.34261488630415415,0.8715243436304039,-0.177443008717239,0.003259351551483667,0.0,1.9658561230470193
2035,Brighton,2021-12-01,0.880697731728931,1,0.05273662164083323,0.0,0.2951046851435429,-0.5240374331192807,0.003259351551483667,0.05238281082503731,0.7601437677705473
2036,Southampton,2021-12-01,0.880697731728931,2,0.05273662164083323,0.34261488630415415,0.6781615636171374,-0.36590139802352684,0.003259351551483667,0.0,1.5915687568190127
2036,Leicester,2021-12-01,0.880697731728931,2,0.04520281854928562,0.0,0.6085290011588076,-0.4077706464947501,0.003259351551483667,0.05238281082503731,1.182301067318795
2037,Tottenham,2021-12-02,0.880697731728931,2,0.07734704507322207,0.34261488630415415,0.5768476461295737,-0.16941310703980456,0.003259351551483667,0.0,1.71135355374756
2037,Brentford,2021-12-02,0.880697731728931,0,0.05273662164083323,0.0,0.28175019108157034,-0.3468517683848383,0.003259351551483667,0.05238281082503731,0.9239749384430173
2038,Man United,2021-12-02,0.880697731728931,3,0.05273662164083323,0.34261488630415415,0.3315240280920945,-0.5735366556770751,0.003259351551483667,0.0,1.0372959636404215
2038,Arsenal,2021-12-02,0.880697731728931,2,0.05859624626759248,0.0,0.9538462823383159,-0.19934153528638715,0.003259351551483667,0.06520223288348526,1.762260309483421
2039,West Ham,2021-12-04,0.880697731728931,3,0.04520281854928562,0.34261488630415415,0.733383712495701,-0.5841457829168805,0.0037249732016956193,0.0,1.4214783393628865
2039,Chelsea,2021-12-04,0.880697731728931,2,0.04520281854928562,0.0,0.9714902750567869,-0.44097508118570516,0.0037249732016956193,0.05238281082503731,1.5125235281760312
2040,Newcastle,2021-12-04,0.880697731728931,1,0.05273662164083323,0.34261488630415415,0.24659876160378472,-0.321383609503546,0.0037249732016956193,0.0,1.2049893649758527
2040,Burnley,2021-12-04,0.880697731728931,0,0.04520281854928562,0.0,0.5344916634273975,-0.14827696206733085,0.0037249732016956193,0.05238281082503731,1.3682230356650162
2041,Southampton,2021-12-04,0.880697731728931,1,0.04520281854928562,0.34261488630415415,0.6367023224890678,-0.19098228414494223,0.0037249732016956193,0.0,1.7179604481281918
2041,Brighton,2021-12-04,0.880697731728931,1,0.04520281854928562,0.0,0.31762179438919946,-0.3828416878734398,0.0037249732016956193,0.05238281082503731,0.9167884408207091
2042,Wolves,2021-12-04,0.880697731728931,0,0.04520281854928562,0.34261488630415415,0.7298531966639761,-0.5047330570187183,0.0037249732016956193,0.0,1.497360549429324
2042,Liverpool,2021-12-04,0.880697731728931,1,0.04520281854928562,0.0,0.8394193208840466,-0.4388522231524605,0.0037249732016956193,0.05238281082503731,1.3825754320365353
2043,Watford,2021-12-04,0.880697731728931,1,0.04520281854928562,0.34261488630415415,0.360182219048251,-0.602495890295569,0.0037249732016956193,0.0,1.029926738536748
2043,Man City,2021-12-04,0.880697731728931,3,0.04520281854928562,0.0,1.0020082577008222,-0.21657337159281537,0.0037249732016956193,0.05238281082503731,1.7674432204129562
2044,Man United,2021-12-05,0.880697731728931,1,0.04520281854928562,0.34261488630415415,0.4633835547265463,-0.3865259643757684,0.0037249732016956193,0.0,1.3490980001348443
2044,Crystal Palace,2021-12-05,0.880697731728931,0,0.05859624626759248,0.0,0.642829626489723,-0.27862713226925834,0.0037249732016956193,0.05238281082503731,1.359604256243721
2045,Aston Villa,2021-12-05,0.880697731728931,2,0.05273662164083323,0.34261488630415415,0.4397032767447186,-0.31077667374466683,0.0037249732016956193,0.0,1.4087008158756658
2045,Leicester,2021-12-05,0.880697731728931,1,0.05273662164083323,0.0,0.5168513153511889,-0.2643884570333425,0.0037249732016956193,0.05238281082503731,1.2420049957143433
2046,Leeds,2021-12-05,0.880697731728931,2,0.05859624626759248,0.34261488630415415,0.594259927607698,-0.186967333306225,0.0037249732016956193,0.0,1.6929264318038462
2046,Brentford,2021-12-05,0.880697731728931,2,0.04520281854928562,0.0,0.3109445473582132,-0.3573215703556438,0.0037249732016956193,0.05238281082503731,0.9356313113075189
2047,Tottenham,2021-12-05,0.880697731728931,3,0.04520281854928562,0.34261488630415415,0.5860453637452859,-0.360509346994948,0.0037249732016956193,0.0,1.4977764265344042
2047,Norwich,2021-12-05,0.880697731728931,0,0.05859624626759248,0.0,0.5995615048760866,-0.3523822488184839,0.0037249732016956193,0.05238281082503731,1.242581018080859
2048,Everton,2021-12-06,0.880697731728931,2,0.05859624626759248,0.34261488630415415,0.11221040241009611,-0.5168550823577638,0.0037249732016956193,0.0,0.8809891575547056
2048,Arsenal,2021-12-06,0.880697731728931,1,0.05273662164083323,0.0,0.859579407758371,-0.06747080753168873,0.0037249732016956193,0.05238281082503731,1.7816507376231794
2049,Brentford,2021-12-10,0.880697731728931,2,0.05859624626759248,0.34261488630415415,0.36805908845089164,-0.18498227063614972,0.0037249732016956193,0.0,1.4687106553171152
2049,Watford,2021-12-10,0.880697731728931,1,0.06328394596899987,0.0,0.3076431983871965,-0.22130964138601592,0.0037249732016956193,0.05238281082503731,1.0864230187258443
2050,Norwich,2021-12-11,0.880697731728931,0,0.06328394596899987,0.34261488630415415,0.6399196560728994,-0.318269930760694,0.0037249732016956193,0.0,1.6119712625159859
2050,Man United,2021-12-11,0.880697731728931,1,0.06328394596899987,0.0,0.5293133180437722,-0.38477623307011943,0.0037249732016956193,0.05238281082503731,1.1446265466983163
2051,Man City,2021-12-11,0.880697731728931,1,0.06711933663378775,0.34261488630415415,1.1387645731657663,-0.3472520863091336,0.0037249732016956193,0.0,2.085669414725201
2051,Wolves,2021-12-11,0.880697731728931,0,0.06711933663378775,0.0,0.577513413103773,-0.6847258693464948,0.0037249732016956193,0.05238281082503731,0.8967123961467299
2052,Arsenal,2021-12-11,0.880697731728931,3,0.05859624626759248,0.34261488630415415,0.6848938816053276,-0.31924681866962334,0.0037249732016956193,0.0,1.6512809004380775
2052,Southampton,2021-12-11,0.880697731728931,0,0.06711933663378775,0.0,0.530937976016319,-0.41181871085836597,0.0037249732016956193,0.05238281082503731,1.1230441175474046
2053,Chelsea,2021-12-11,0.880697731728931,3,0.06711933663378775,0.34261488630415415,0.8258840411632494,-0.332051954857306,0.0037249732016956193,0.0,1.787989014174512
2053,Leeds,2021-12-11,0.880697731728931,2,0.06328394596899987,0.0,0.5522341415299911,-0.4965944510310857,0.0037249732016956193,0.05238281082503731,1.055729152223569
2054,Liverpool,2021-12-11,0.880697731728931,1,0.06711933663378775,0.34261488630415415,0.9299180158943072,-0.3622809830358974,0.0037249732016956193,0.0,1.8617939607269787
2054,Aston Villa,2021-12-11,0.880697731728931,0,0.06328394596899987,0.0,0.6025079049615724,-0.5591488678683273,0.0037249732016956193,0.05238281082503731,1.0434484988179087
2055,Crystal Palace,2021-12-12,0.880697731728931,3,0.06711933663378775,0.34261488630415415,0.4914842650622895,-0.13599618355216708,0.0037249732016956193,0.0,1.649645009378691
2055,Everton,2021-12-12,0.880697731728931,1,0.06328394596899987,0.0,0.22617465302247608,-0.29552376197420693,0.0037249732016956193,0.05238281082503731,0.930740352772933
2056,Burnley,2021-12-12,0.880697731728931,0,0.07031549552111097,0.34261488630415415,0.5223500094398408,-0.39944390521891737,0.003259351551483667,0.0,1.419793569326603
2056,West Ham,2021-12-12,0.880697731728931,0,0.07031549552111097,0.0,0.6643133969283496,-0.31408297443125704,0.003259351551483667,0.05238281082503731,1.3568858121236553
2057,Leicester,2021-12-12,0.880697731728931,4,0.06711933663378775,0.34261488630415415,0.4710124724473794,-0.22752965071314948,0.0037249732016956193,0.0,1.5376397496027985
2057,Newcastle,2021-12-12,0.880697731728931,0,0.07031549552111097,0.0,0.37840355852803437,-0.2832143116052368,0.0037249732016956193,0.05238281082503731,1.1023102581995723
2058,Norwich,2021-12-14,0.880697731728931,0,0.04520281854928562,0.34261488630415415,0.5325466428082347,-0.4112272460371748,0.004190594851907572,0.0,1.3940254282053384
2058,Aston Villa,2021-12-14,0.880697731728931,2,0.04520281854928562,0.0,0.6839102190699993,-0.32021409126796313,0.004190594851907572,0.05238281082503731,1.3461700837571975
2059,Man City,2021-12-14,0.880697731728931,7,0.04520281854928562,0.34261488630415415,1.2071427308982383,-0.2938519521615564,0.004190594851907572,0.0,2.1859968101709604
2059,Leeds,2021-12-14,0.880697731728931,0,0.04520281854928562,0.0,0.4887038855367805,-0.7258408588719576,0.004190594851907572,0.05238281082503731,0.7453369826199844
2060,Brighton,2021-12-15,0.880697731728931,0,0.07734704507322207,0.34261488630415415,0.3288803490120278,-0.3014520178874702,0.0037249732016956193,0.0,1.3318129674325603
2060,Wolves,2021-12-15,0.880697731728931,1,0.05273662164083323,0.0,0.5013435213236715,-0.19775192185879384,0.0037249732016956193,0.05238281082503731,1.293133736861375
2061,Crystal Palace,2021-12-15,0.880697731728931,2,0.04520281854928562,0.34261488630415415,0.4158115843485728,-0.21075379922797302,0.004190594851907572,0.0,1.477763816554878
2061,Southampton,2021-12-15,0.880697731728931,2,0.05273662164083323,0.0,0.35050371391687346,-0.2500226607734262,0.004190594851907572,0.05238281082503731,1.0904888121901564
2062,Arsenal,2021-12-15,0.880697731728931,2,0.05273662164083323,0.34261488630415415,0.5975511185288058,-0.3275479273423621,0.004190594851907572,0.0,1.55024302571227
2062,West Ham,2021-12-15,0.880697731728931,0,0.04520281854928562,0.0,0.5447435132359598,-0.35930052510866706,0.004190594851907572,0.05238281082503731,1.1679169440824542
2063,Chelsea,2021-12-16,0.880697731728931,1,0.05859624626759248,0.34261488630415415,0.8381156501251947,-0.14469367661582558,0.004190594851907572,0.0,1.9795214326619546
2063,Everton,2021-12-16,0.880697731728931,1,0.05273662164083323,0.0,0.24063941537430905,-0.5039491749813496,0.004190594851907572,0.05238281082503731,0.7266979994396684
2064,Liverpool,2021-12-16,0.880697731728931,3,0.05859624626759248,0.34261488630415415,1.1027194522625088,-0.24159080008947814,0.004190594851907572,0.0,2.147228111325616
2064,Newcastle,2021-12-16,0.880697731728931,1,0.05273662164083323,0.0,0.4017885940358022,-0.6630523581328739,0.004190594851907572,0.05238281082503731,0.7287439949496373
2065,Leeds,2021-12-18,0.880697731728931,1,0.05273662164083323,0.34261488630415415,0.45693875754017527,-0.40973701707355964,0.004190594851907572,0.0,1.3274415749924418
2065,Arsenal,2021-12-18,0.880697731728931,4,0.04520281854928562,0.0,0.681431825853616,-0.2747519508136816,0.004190594851907572,0.05238281082503731,1.389153830995096
2066,Tottenham,2021-12-19,0.880697731728931,2,0.08203474477462948,0.34261488630415415,0.718196311416213,-0.7150041032651471,0.004190594851907572,0.0,1.312730165810688
2066,Liverpool,2021-12-19,0.880697731728931,2,0.04520281854928562,0.0,1.1891201704466094,-0.4318430738750488,0.004190594851907572,0.06520223288348526,1.7525704745851702
2067,Newcastle,2021-12-19,0.880697731728931,0,0.04520281854928562,0.34261488630415415,0.3709637488353291,-0.7463983536346891,0.004190594851907572,0.0,0.8972714266349184
2067,Man City,2021-12-19,0.880697731728931,4,0.05859624626759248,0.0,1.2413318097644743,-0.2230561798310618,0.004190594851907572,0.05238281082503731,2.014143013606881
2068,Wolves,2021-12-19,0.880697731728931,0,0.05273662164083323,0.34261488630415415,0.4632585754336208,-0.45649614706332026,0.004190594851907572,0.0,1.2870022628961268
2068,Chelsea,2021-12-19,0.880697731728931,0,0.04520281854928562,0.0,0.7591967286974534,-0.2785519836766385,0.004190594851907572,0.05238281082503731,1.4631187009759763
2069,Aston Villa,2021-12-26,0.880697731728931,1,0.07910493246124985,0.34261488630415415,0.7246113761242128,-0.43276963310430555,0.004190594851907572,0.0,1.5984498883661498
2069,Chelsea,2021-12-26,0.880697731728931,3,0.06711933663378775,0.0,0.7197372679835827,-0.4357003775378136,0.004190594851907572,0.05238281082503731,1.2884273644854327
2070,Man City,2021-12-26,0.880697731728931,6,0.06711933663378775,0.34261488630415415,1.2584263491975922,-0.3205635204286832,0.004656216502119524,0.0,2.2329509999379016
2070,Leicester,2021-12-26,0.880697731728931,3,0.08203474477462948,0.0,0.5331277769041888,-0.7566771010160548,0.004656216502119524,0.05238281082503731,0.7962221797188512
2071,Norwich,2021-12-26,0.880697731728931,0,0.07910493246124985,0.34261488630415415,0.3513080473128314,-0.43495526305600596,0.004656216502119524,0.0,1.2234265512532798
2071,Arsenal,2021-12-26,0.880697731728931,5,0.07031549552111097,0.0,0.7233721795160211,-0.21123743552714294,0.004656216502119524,0.05238281082503731,1.520186998566077
2072,Tottenham,2021-12-26,0.880697731728931,3,0.06711933663378775,0.34261488630415415,0.8267891482060334,-0.22727211017303584,0.004656216502119524,0.0,1.8946052092019903
2072,Crystal Palace,2021-12-26,0.880697731728931,0,0.07734704507322207,0.0,0.37797524399171445,-0.49713868134991185,0.004656216502119524,0.05238281082503731,0.8959203667711124
2073,West Ham,2021-12-26,0.880697731728931,2,0.07734704507322207,0.34261488630415415,0.48495857138976495,-0.18207248445372856,0.004190594851907572,0.0,1.6077363448942514
2073,Southampton,2021-12-26,0.880697731728931,3,0.07734704507322207,0.0,0.30280394582150777,-0.29159993840408444,0.004190594851907572,0.05238281082503731,1.0258221898965214
2074,Brighton,2021-12-26,0.880697731728931,2,0.07734704507322207,0.34261488630415415,0.2919922633690849,-0.3151763802656534,0.004190594851907572,0.0,1.2816661410616463
2074,Brentford,2021-12-26,0.880697731728931,0,0.08437859462533318,0.0,0.5241684478603018,-0.17557154576913897,0.004190594851907572,0.05238281082503731,1.370246634122372
2075,Newcastle,2021-12-27,0.880697731728931,1,0.07031549552111097,0.34261488630415415,0.3555513262350926,-0.4147869148461538,0.004656216502119524,0.0,1.2390487414452545
2075,Man United,2021-12-27,0.880697731728931,1,0.08437859462533318,0.0,0.6898302885654561,-0.21378886970185365,0.004656216502119524,0.05238281082503731,1.4981567725450233
2076,Leicester,2021-12-28,0.880697731728931,1,0.03515774776055548,0.34261488630415415,0.5641854291325934,-0.6898495859381224,0.004190594851907572,0.0,1.1369968038400193
2076,Liverpool,2021-12-28,0.880697731728931,0,0.07301993765653832,0.0,1.1472858036299458,-0.3392381248404064,0.004190594851907572,0.05238281082503731,1.8183387538519538
2077,Watford,2021-12-28,0.880697731728931,1,0.0862962899577271,0.34261488630415415,0.2813736880566693,-0.27362594393494566,0.004190594851907572,0.0,1.3215472469644434
2077,West Ham,2021-12-28,0.880697731728931,4,0.03515774776055548,0.0,0.45506610046666757,-0.1691867201578169,0.004190594851907572,0.05238281082503731,1.258308265475282
2078,Southampton,2021-12-28,0.880697731728931,1,0.03515774776055548,0.34261488630415415,0.40650615063689594,-0.5809168749805048,0.004190594851907572,0.0,1.0882502363019393
2078,Tottenham,2021-12-28,0.880697731728931,1,0.03515774776055548,0.0,0.9661202925096578,-0.24442741190634837,0.004190594851907572,0.05238281082503731,1.694121765769741
2079,Crystal Palace,2021-12-28,0.880697731728931,3,0.03515774776055548,0.34261488630415415,0.3590570738132852,-0.13118391271015215,0.004656216502119524,0.0,1.4909997433988933
2079,Norwich,2021-12-28,0.880697731728931,0,0.03515774776055548,0.0,0.21817138661077268,-0.21589683487284064,0.004656216502119524,0.05238281082503731,0.9751690585545753
2080,Chelsea,2021-12-29,0.880697731728931,1,0.04520281854928562,0.34261488630415415,0.7000075376266474,-0.24117694256405356,0.004656216502119524,0.0,1.732002248147084
2080,Brighton,2021-12-29,0.880697731728931,1,0.04520281854928562,0.0,0.4011003094106845,-0.4209063761247982,0.004656216502119524,0.05238281082503731,0.9631335108912598
2081,Brentford,2021-12-29,0.880697731728931,0,0.04520281854928562,0.34261488630415415,0.55970576461065,-0.7618164747067375,0.004190594851907572,0.0,1.070595321338191
2081,Man City,2021-12-29,0.880697731728931,1,0.04520281854928562,0.0,1.2669736189141512,-0.33654455475889145,0.004190594851907572,0.05238281082503731,1.9129030201104213
2082,Man United,2021-12-30,0.880697731728931,3,0.04520281854928562,0.34261488630415415,0.8126061367806551,-0.25930226700195125,0.004190594851907572,0.0,1.8260099012129825
2082,Burnley,2021-12-30,0.880697731728931,1,0.0862962899577271,0.0,0.4312444565373484,-0.48861060183546434,0.004190594851907572,0.05238281082503731,0.9662012820654869
2083,Arsenal,2022-01-01,0.880697731728931,1,0.06328394596899987,0.34261488630415415,0.8718944452102945,-0.764386161552079,0.004656216502119524,0.0,1.3987610641624202
2083,Man City,2022-01-01,0.880697731728931,2,0.04520281854928562,0.0,1.2712472537724306,-0.5242599708869711,0.004656216502119524,0.06520223288348526,1.7427462825492808
2084,Watford,2022-01-01,0.880697731728931,0,0.05273662164083323,0.34261488630415415,0.14068684402833465,-0.5716755819026398,0.004656216502119524,0.0,0.8497167183017329
2084,Tottenham,2022-01-01,0.880697731728931,1,0.05273662164083323,0.0,0.9507511387527559,-0.08459336007890846,0.004656216502119524,0.05238281082503731,1.8566311593707685
2085,Crystal Palace,2022-01-01,0.880697731728931,2,0.05273662164083323,0.34261488630415415,0.4771500775871416,-0.3157693365935376,0.0051218381523314765,0.0,1.4425518188198538
2085,West Ham,2022-01-01,0.880697731728931,3,0.05273662164083323,0.0,0.5251545909138328,-0.28690478206248504,0.0051218381523314765,0.05238281082503731,1.2291888111984806
2086,Chelsea,2022-01-02,0.880697731728931,2,0.05273662164083323,0.34261488630415415,0.7326600354025368,-0.600576742434868,0.0051218381523314765,0.0,1.413254370793919
2086,Liverpool,2022-01-02,0.880697731728931,2,0.05859624626759248,0.0,0.998816531358543,-0.4405399425816252,0.0051218381523314765,0.06520223288348526,1.5678946378092582
2087,Leeds,2022-01-02,0.880697731728931,3,0.08326834995921037,0.34261488630415415,0.39853883058751566,-0.2063467183407177,0.004656216502119524,0.0,1.503429296741213
2087,Burnley,2022-01-02,0.880697731728931,1,0.04520281854928562,0.0,0.34317431713174523,-0.23963675519316352,0.004656216502119524,0.05238281082503731,1.0864771395439552
2088,Brentford,2022-01-02,0.880697731728931,2,0.05273662164083323,0.34261488630415415,0.449922334122753,-0.3712413584483909,0.004656216502119524,0.0,1.3593864318504
2088,Aston Villa,2022-01-02,0.880697731728931,1,0.06711933663378775,0.0,0.6174098657882484,-0.2705330571657685,0.004656216502119524,0.05238281082503731,1.3517329043123556
2089,Everton,2022-01-02,0.880697731728931,2,0.08538310170420618,0.34261488630415415,0.29038915950458255,-0.2739796409615109,0.004190594851907572,0.0,1.3292958331322706
2089,Brighton,2022-01-02,0.880697731728931,3,0.05273662164083323,0.0,0.4556543324314843,-0.17460761809423553,0.004190594851907572,0.05238281082503731,1.271054473383958
2090,Man United,2022-01-03,0.880697731728931,0,0.05273662164083323,0.34261488630415415,0.9590287867969686,-0.2671019665712227,0.004656216502119524,0.0,1.9726322764017838
2090,Wolves,2022-01-03,0.880697731728931,1,0.08326834995921037,0.0,0.4442161024885955,-0.576652835223281,0.004656216502119524,0.05238281082503731,0.8885683762806126
2091,Southampton,2022-01-11,0.880697731728931,4,0.08203474477462948,0.34261488630415415,0.45835725304459,-0.314222893208949,0.004656216502119524,0.0,1.4541379391454752
2091,Brentford,2022-01-11,0.880697731728931,1,0.07301993765653832,0.0,0.5225827077418755,-0.2756048756326583,0.004656216502119524,0.05238281082503731,1.2577345288218433
2092,West Ham,2022-01-12,0.880697731728931,2,0.07734704507322207,0.34261488630415415,0.5601988361374155,-0.06559195635507607,0.004656216502119524,0.0,1.7999227593907663
2092,Norwich,2022-01-12,0.880697731728931,0,0.08326834995921037,0.0,0.10908569330538634,-0.33684103292283357,0.004656216502119524,0.05238281082503731,0.7932497693978511
2093,Brighton,2022-01-14,0.880697731728931,1,0.07910493246124985,0.34261488630415415,0.5679660698505982,-0.3224087556573073,0.004656216502119524,0.0,1.5526310811897455
2093,Crystal Palace,2022-01-14,0.880697731728931,1,0.08065600956833317,0.0,0.5361965794740698,-0.34151138005340087,0.004656216502119524,0.05238281082503731,1.2130779680450898
2094,Wolves,2022-01-15,0.880697731728931,3,0.07910493246124985,0.34261488630415415,0.5197295919247967,-0.34232399738897457,0.004656216502119524,0.0,1.4844793615322769
2094,Southampton,2022-01-15,0.880697731728931,1,0.05273662164083323,0.0,0.569317530157151,-0.3125073479116761,0.004656216502119524,0.05238281082503731,1.247283562942396
2095,Norwich,2022-01-15,0.880697731728931,2,0.04520281854928562,0.34261488630415415,0.05454284665269317,-0.1895645888334405,0.0051218381523314765,0.0,1.1386155325539549
2095,Everton,2022-01-15,0.880697731728931,1,0.08065600956833317,0.0,0.3152640315697193,-0.032795978177538036,0.0051218381523314765,0.05238281082503731,1.3013264436668142
2096,Aston Villa,2022-01-15,0.880697731728931,2,0.08065600956833317,0.34261488630415415,0.5638091106202663,-0.5439783670774473,0.004656216502119524,0.0,1.3284555876463569
2096,Man United,2022-01-15,0.880697731728931,2,0.07910493246124985,0.0,0.9046880229420543,-0.3390118489036795,0.004656216502119524,0.05238281082503731,1.5825178655557124
2097,Man City,2022-01-15,0.880697731728931,1,0.08203474477462948,0.34261488630415415,1.2733840712015705,-0.3992263359168774,0.0051218381523314765,0.0,2.184626936244739
2097,Chelsea,2022-01-15,0.880697731728931,0,0.08065600956833317,0.0,0.6639515583817674,-0.7656710049747497,0.0051218381523314765,0.06547851353129663,0.93023464638791
2098,Newcastle,2022-01-15,0.880697731728931,1,0.08713007053702881,0.34261488630415415,0.34784511493497433,-0.04229668003945423,0.0051218381523314765,0.0,1.6211129616179656
2098,Watford,2022-01-15,0.880697731728931,1,0.08203474477462948,0.0,0.07034342201416732,-0.20915521463724954,0.0051218381523314765,0.05238281082503731,0.881425332857847
2099,Liverpool,2022-01-16,0.880697731728931,3,0.08203474477462948,0.34261488630415415,0.8395471693141275,-0.3105026162839586,0.004656216502119524,0.0,1.839048132340003
2099,Brentford,2022-01-16,0.880697731728931,0,0.05859624626759248,0.0,0.5163955315970798,-0.5048099307900794,0.004656216502119524,0.05238281082503731,1.0079186061306808
2100,West Ham,2022-01-16,0.880697731728931,2,0.05273662164083323,0.34261488630415415,0.6627556846579208,-0.2220791573829045,0.0051218381523314765,0.0,1.7218476051012663
2100,Leeds,2022-01-16,0.880697731728931,3,0.08203474477462948,0.0,0.3693388671111859,-0.3985072709806429,0.0051218381523314765,0.05238281082503731,0.9910687216114722
2101,Brighton,2022-01-18,0.880697731728931,1,0.05273662164083323,0.34261488630415415,0.6241219385601551,-0.3530043376379228,0.0051218381523314765,0.0,1.5522886787484822
2101,Chelsea,2022-01-18,0.880697731728931,1,0.04520281854928562,0.0,0.5870799569170257,-0.3752772495993459,0.0051218381523314765,0.05238281082503731,1.1952079065732653
2102,Leicester,2022-01-19,0.880697731728931,2,0.08859752435659983,0.34261488630415415,0.5797142552467958,-0.5670549353637074,0.004656216502119524,0.0,1.3292256787748928
2102,Tottenham,2022-01-19,0.880697731728931,3,0.0862962899577271,0.0,0.943066561874305,-0.3485754270462679,0.004656216502119524,0.05238281082503731,1.618524183841852
2103,Brentford,2022-01-19,0.880697731728931,1,0.04520281854928562,0.34261488630415415,0.38574985466161094,-0.4765107431113691,0.0051218381523314765,0.0,1.182876386284944
2103,Man United,2022-01-19,0.880697731728931,3,0.05273662164083323,0.0,0.7924829151058832,-0.23194689298172133,0.0051218381523314765,0.05238281082503731,1.551475024471295
2104,Watford,2022-01-21,0.880697731728931,0,0.06328394596899987,0.34261488630415415,0.07768907396144066,-0.09309357392851106,0.0051218381523314765,0.0,1.276313902187346
2104,Norwich,2022-01-21,0.880697731728931,3,0.06328394596899987,0.0,0.1548235121894176,-0.04671353496630779,0.0051218381523314765,0.05238281082503731,1.1095963038984096
2105,Southampton,2022-01-22,0.880697731728931,1,0.06711933663378775,0.34261488630415415,0.6247976687134316,-0.766313426686085,0.0051218381523314765,0.0,1.1540380348465509
2105,Man City,2022-01-22,0.880697731728931,1,0.06711933663378775,0.0,1.2744524799161403,-0.3756835582671328,0.0051218381523314765,0.05238281082503731,1.904090638989095
2106,Leeds,2022-01-22,0.880697731728931,0,0.06328394596899987,0.34261488630415415,0.439773611281735,-0.15570799721178613,0.0051218381523314765,0.0,1.5757840162243653
2106,Newcastle,2022-01-22,0.880697731728931,1,0.06711933663378775,0.0,0.25895728337620116,-0.26443074837093633,0.0051218381523314765,0.05238281082503731,0.9998482523453525
2107,Man United,2022-01-22,0.880697731728931,1,0.04520281854928562,0.34261488630415415,0.7363803611877977,-0.4293403900095476,0.0051218381523314765,0.0,1.5806772459129523
2107,West Ham,2022-01-22,0.880697731728931,0,0.06328394596899987,0.0,0.7140341089181734,-0.44277693112833005,0.0051218381523314765,0.05238281082503731,1.272743504465143
2108,Everton,2022-01-22,0.880697731728931,0,0.06711933663378775,0.34261488630415415,0.3277014676022877,-0.2717667042381625,0.004656216502119524,0.0,1.351022934533118
2108,Aston Villa,2022-01-22,0.880697731728931,1,0.06711933663378775,0.0,0.45197400712756114,-0.19704307420304296,0.004656216502119524,0.05238281082503731,1.2597870286143937
2109,Brentford,2022-01-22,0.880697731728931,1,0.04520281854928562,0.34261488630415415,0.3204270161938765,-0.4119056234216449,0.005587459802543429,0.0,1.1826242891571457
2109,Wolves,2022-01-22,0.880697731728931,2,0.06711933663378775,0.0,0.6850384255059685,-0.1926690313306027,0.005587459802543429,0.05238281082503731,1.498156733165665
2110,Arsenal,2022-01-23,0.880697731728931,0,0.08859752435659983,0.34261488630415415,0.9461555780574313,-0.1543037490635202,0.0051218381523314765,0.0,2.1088838095359277
2110,Burnley,2022-01-23,0.880697731728931,0,0.08859752435659983,0.0,0.2566218844745866,-0.5689123248024537,0.0051218381523314765,0.05238281082503731,0.7145094647350325
2111,Crystal Palace,2022-01-23,0.880697731728931,1,0.07301993765653832,0.34261488630415415,0.4806851045088199,-0.4569265249676852,0.005587459802543429,0.0,1.3256785950333014
2111,Liverpool,2022-01-23,0.880697731728931,3,0.06711933663378775,0.0,0.7599124882919199,-0.289030352561557,0.005587459802543429,0.05238281082503731,1.4766694747206623
2112,Leicester,2022-01-23,0.880697731728931,1,0.05273662164083323,0.34261488630415415,0.5449613053495399,-0.417725379318899,0.0051218381523314765,0.0,1.4084070038568908
2112,Brighton,2022-01-23,0.880697731728931,1,0.05859624626759248,0.0,0.6947172358692906,-0.32767888320261807,0.0051218381523314765,0.05238281082503731,1.3638369796405647
2113,Chelsea,2022-01-23,0.880697731728931,2,0.05859624626759248,0.34261488630415415,0.5486441561846549,-0.5647446120942412,0.005587459802543429,0.0,1.2713958681936348
2113,Tottenham,2022-01-23,0.880697731728931,0,0.05273662164083323,0.0,0.9392242734350795,-0.3298933384984455,0.005587459802543429,0.00865181560173289,1.5570045637106744
2114,Burnley,2022-02-05,0.880697731728931,0,0.08065600956833317,0.34261488630415415,0.21334566814600733,-0.04892196242973458,0.0037249732016956193,0.0,1.4721173065193864
2114,Watford,2022-02-05,0.880697731728931,0,0.08326834995921037,0.0,0.08136189993507734,-0.12828226442492147,0.0037249732016956193,0.05238281082503731,0.97315350122503
2115,Newcastle,2022-02-08,0.880697731728931,3,0.08538310170420618,0.34261488630415415,0.34206545645988556,-0.12408673204810217,0.005587459802543429,0.0,1.532261903951618
2115,Everton,2022-02-08,0.880697731728931,1,0.08538310170420618,0.0,0.20636809675550086,-0.20567997333879645,0.005587459802543429,0.05238281082503731,1.0247392274774223
2116,West Ham,2022-02-08,0.880697731728931,1,0.08538310170420618,0.34261488630415415,0.7396733210482997,-0.07559137110802866,0.005587459802543429,0.0,1.9783651294801057
2116,Watford,2022-02-08,0.880697731728931,0,0.04520281854928562,0.0,0.12571567587625268,-0.44475694952399986,0.005587459802543429,0.05238281082503731,0.6648295472580501
2117,Burnley,2022-02-08,0.880697731728931,1,0.04520281854928562,0.34261488630415415,0.2342249229360747,-0.47704041502997185,0.004190594851907572,0.0,1.0298905393403812
2117,Man United,2022-02-08,0.880697731728931,1,0.08538310170420618,0.0,0.7933638101374689,-0.1408367170522028,0.004190594851907572,0.05238281082503731,1.6751813321953481
2118,Tottenham,2022-02-09,0.880697731728931,2,0.08538310170420618,0.34261488630415415,0.8947857662611098,-0.3923633387062118,0.0051218381523314765,0.0,1.8162399854445208
2118,Southampton,2022-02-09,0.880697731728931,3,0.0862962899577271,0.0,0.6525377379915719,-0.5380242555129274,0.0051218381523314765,0.05238281082503731,1.1390121531426713
2119,Aston Villa,2022-02-09,0.880697731728931,3,0.0862962899577271,0.34261488630415415,0.5236085442442796,-0.28560654386495227,0.0051218381523314765,0.0,1.5527327465224712
2119,Leeds,2022-02-09,0.880697731728931,3,0.0862962899577271,0.0,0.4749909833670095,-0.31483971674514605,0.0051218381523314765,0.05238281082503731,1.1846499372858903
2120,Norwich,2022-02-09,0.880697731728931,1,0.08713007053702881,0.34261488630415415,0.3325159338208509,-0.24677595606710123,0.005587459802543429,0.0,1.4017701261264068
2120,Crystal Palace,2022-02-09,0.880697731728931,1,0.08538310170420618,0.0,0.410412004071838,-0.19993795664373962,0.005587459802543429,0.05238281082503731,1.234525151488816
2121,Man City,2022-02-09,0.880697731728931,2,0.0862962899577271,0.34261488630415415,1.1899519583647111,-0.1730301005050434,0.005587459802543429,0.0,2.3321182256530233
2121,Brentford,2022-02-09,0.880697731728931,0,0.0862962899577271,0.0,0.28776559696000925,-0.7155042476485913,0.005587459802543429,0.05238281082503731,0.5972256416256565
2122,Liverpool,2022-02-10,0.880697731728931,2,0.0862962899577271,0.34261488630415415,0.720095147780816,-0.3427958062273738,0.0051218381523314765,0.0,1.6920300876965855
2122,Leicester,2022-02-10,0.880697731728931,0,0.0862962899577271,0.0,0.570102193355269,-0.4329848220564881,0.0051218381523314765,0.05238281082503731,1.1616160419628077
2123,Wolves,2022-02-10,0.880697731728931,0,0.08713007053702881,0.34261488630415415,0.8952449311596254,-0.5401081118670337,0.0051218381523314765,0.0,1.670701346015037
2123,Arsenal,2022-02-10,0.880697731728931,1,0.0862962899577271,0.0,0.8982514185722856,-0.5383003460163713,0.0051218381523314765,0.05238281082503731,1.3844497432199412
2124,Man United,2022-02-12,0.880697731728931,1,0.05273662164083323,0.34261488630415415,0.7368208087035906,-0.40070322892575133,0.005587459802543429,0.0,1.6177542792543012
2124,Southampton,2022-02-12,0.880697731728931,1,0.04520281854928562,0.0,0.666407772630642,-0.44304176708763143,0.005587459802543429,0.05238281082503731,1.2072368264488078
2125,Brentford,2022-02-12,0.880697731728931,0,0.04520281854928562,0.34261488630415415,0.14388279848000463,-0.25121395276645403,0.006053081452755381,0.0,1.1672373637486766
2125,Crystal Palace,2022-02-12,0.880697731728931,0,0.04520281854928562,0.0,0.417792816807704,-0.0865150502525217,0.006053081452755381,0.05238281082503731,1.3156142091111915
2126,Everton,2022-02-12,0.880697731728931,3,0.05273662164083323,0.34261488630415415,0.14570141133210743,-0.3217596365585409,0.0051218381523314765,0.0,1.1051128525998164
2126,Leeds,2022-02-12,0.880697731728931,0,0.04520281854928562,0.0,0.5351170323640038,-0.08760856097063176,0.0051218381523314765,0.05238281082503731,1.4309136706489571
2127,Watford,2022-02-12,0.880697731728931,0,0.05273662164083323,0.34261488630415415,0.14789256384684035,-0.3878190542855143,0.005587459802543429,0.0,1.041710209037788
2127,Brighton,2022-02-12,0.880697731728931,2,0.08789436940138873,0.0,0.6449801586151443,-0.08892607544717569,0.005587459802543429,0.05238281082503731,1.582616454925869
2128,Norwich,2022-02-12,0.880697731728931,0,0.04520281854928562,0.34261488630415415,0.4638795075909245,-0.6900996581298445,0.006053081452755381,0.0,1.0483483674962062
2128,Man City,2022-02-12,0.880697731728931,4,0.04520281854928562,0.0,1.1477016975889966,-0.2789253429479346,0.006053081452755381,0.05238281082503731,1.8531127971970711
2129,Burnley,2022-02-13,0.880697731728931,0,0.05859624626759248,0.34261488630415415,0.24466455033110837,-0.47214436049405084,0.004656216502119524,0.0,1.059085270639855
2129,Liverpool,2022-02-13,0.880697731728931,1,0.04520281854928562,0.0,0.785221203433978,-0.14711394336584344,0.004656216502119524,0.05238281082503731,1.621046837673508
2130,Newcastle,2022-02-13,0.880697731728931,1,0.05859624626759248,0.34261488630415415,0.5111716318647989,-0.2852458331054764,0.006053081452755381,0.0,1.5138877445127554
2130,Aston Villa,2022-02-13,0.880697731728931,0,0.05273662164083323,0.0,0.47439108689392484,-0.3073615462420437,0.006053081452755381,0.05238281082503731,1.1588997862994377
2131,Tottenham,2022-02-13,0.880697731728931,0,0.05273662164083323,0.34261488630415415,0.745014423811054,-0.5248021224739925,0.005587459802543429,0.0,1.5018490008135235
2131,Wolves,2022-02-13,0.880697731728931,2,0.04520281854928562,0.0,0.8727960951233827,-0.4479684923825285,0.005587459802543429,0.05238281082503731,1.4086984236466515
2132,Leicester,2022-02-13,0.880697731728931,2,0.04520281854928562,0.34261488630415415,0.4551205484950625,-0.45246522928122607,0.005587459802543429,0.0,1.2767582155987505
2132,West Ham,2022-02-13,0.880697731728931,2,0.05859624626759248,0.0,0.7524929271133629,-0.2736586829000096,0.005587459802543429,0.05238281082503731,1.4760984928374574
2133,Man United,2022-02-15,0.880697731728931,2,0.04520281854928562,0.34261488630415415,0.7510666709410083,-0.4239962816619833,0.006053081452755381,0.0,1.6016389073141513
2133,Brighton,2022-02-15,0.880697731728931,0,0.04520281854928562,0.0,0.7051463458967853,-0.4516076380630418,0.006053081452755381,0.05238281082503731,1.2378751503897525
2134,Liverpool,2022-02-19,0.880697731728931,3,0.06328394596899987,0.34261488630415415,0.9453363201236302,-0.3184190361000321,0.005587459802543429,0.0,1.9191013078282266
2134,Norwich,2022-02-19,0.880697731728931,1,0.06711933663378775,0.0,0.5295612944759613,-0.5684197145525743,0.005587459802543429,0.05238281082503731,0.9669289189136864
2135,Man City,2022-02-19,0.880697731728931,2,0.06711933663378775,0.34261488630415415,1.1265765672011394,-0.37737541587074835,0.006053081452755381,0.0,2.0456861874500194
2135,Tottenham,2022-02-19,0.880697731728931,3,0.06328394596899987,0.0,0.6276113896316691,-0.6773973633704711,0.006053081452755381,0.06520223288348526,0.9654510182953695
2136,Southampton,2022-02-19,0.880697731728931,2,0.06711933663378775,0.34261488630415415,0.673342789950177,-0.12049986532505792,0.005587459802543429,0.0,1.8488623390945356
2136,Everton,2022-02-19,0.880697731728931,0,0.06711933663378775,0.0,0.2004027945291247,-0.40487317403552114,0.005587459802543429,0.05238281082503731,0.8013169594839029
2137,Crystal Palace,2022-02-19,0.880697731728931,0,0.06711933663378775,0.34261488630415415,0.33644849726692305,-0.3183378389287068,0.006053081452755381,0.0,1.3145956944578445
2137,Chelsea,2022-02-19,0.880697731728931,1,0.08859752435659983,0.0,0.5294262558184695,-0.20230256122296905,0.006053081452755381,0.05238281082503731,1.3548548429588239
2138,Aston Villa,2022-02-19,0.880697731728931,0,0.06328394596899987,0.34261488630415415,0.4497823582187475,-0.09559342761674922,0.005587459802543429,0.0,1.6463729544066266
2138,Watford,2022-02-19,0.880697731728931,1,0.06711933663378775,0.0,0.1589810078321342,-0.27044889128564165,0.005587459802543429,0.05238281082503731,0.894319455536792
2139,Arsenal,2022-02-19,0.880697731728931,2,0.07301993765653832,0.34261488630415415,0.8742993388297129,-0.06882272007284153,0.005587459802543429,0.0,2.107396634249038
2139,Brentford,2022-02-19,0.880697731728931,1,0.06711933663378775,0.0,0.11445876219435933,-0.5257060053993237,0.005587459802543429,0.05238281082503731,0.5945400957853351
2140,West Ham,2022-02-19,0.880697731728931,1,0.06328394596899987,0.34261488630415415,0.6738680042371805,-0.43489791753340934,0.006053081452755381,0.0,1.5316197321586114
2140,Newcastle,2022-02-19,0.880697731728931,1,0.06328394596899987,0.0,0.7232768084303265,-0.4051889792666778,0.006053081452755381,0.05238281082503731,1.320505399139372
2141,Brighton,2022-02-19,0.880697731728931,0,0.05273662164083323,0.34261488630415415,0.6076773506745347,-0.15025255652266378,0.005587459802543429,0.0,1.7390614936283326
2141,Burnley,2022-02-19,0.880697731728931,3,0.06328394596899987,0.0,0.2498843640286252,-0.36538931051047574,0.005587459802543429,0.05238281082503731,0.886447001843661
2142,Leeds,2022-02-20,0.880697731728931,2,0.07031549552111097,0.34261488630415415,0.565180056862501,-0.5070209634439085,0.005587459802543429,0.0,1.357374666775332
2142,Man United,2022-02-20,0.880697731728931,4,0.05859624626759248,0.0,0.8432243279684313,-0.33983618290533524,0.005587459802543429,0.05238281082503731,1.5006523936872
2143,Wolves,2022-02-20,0.880697731728931,2,0.06711933663378775,0.34261488630415415,0.9466064030139755,-0.2646553161829082,0.005587459802543429,0.0,1.9779705013004838
2143,Leicester,2022-02-20,0.880697731728931,1,0.06711933663378775,0.0,0.4401470890193163,-0.5691834005959644,0.005587459802543429,0.05238281082503731,0.8767510274136514
2144,Liverpool,2022-02-23,0.880697731728931,6,0.05273662164083323,0.34261488630415415,1.1104286043771703,-0.27217887123899037,0.006053081452755381,0.0,2.1203520542648535
2144,Leeds,2022-02-23,0.880697731728931,0,0.04520281854928562,0.0,0.4526594802486785,-0.6676877814749974,0.006053081452755381,0.05238281082503731,0.7693081413296903
2145,Burnley,2022-02-23,0.880697731728931,1,0.05273662164083323,0.34261488630415415,0.3800463597404546,-0.3420788776148583,0.0051218381523314765,0.0,1.3191385599518464
2145,Tottenham,2022-02-23,0.880697731728931,0,0.05273662164083323,0.0,0.5689098725419766,-0.22851744794081597,0.0051218381523314765,0.05238281082503731,1.3313314269482934
2146,Watford,2022-02-23,0.880697731728931,1,0.05273662164083323,0.34261488630415415,0.24955995573349513,-0.17784686545122658,0.006053081452755381,0.0,1.3538154114089422
2146,Crystal Palace,2022-02-23,0.880697731728931,4,0.05273662164083323,0.0,0.29577633749653254,-0.15005749359469733,0.006053081452755381,0.05238281082503731,1.1375890895493919
2147,Arsenal,2022-02-24,0.880697731728931,2,0.05859624626759248,0.34261488630415415,0.8623232989584264,-0.5913740396569503,0.006053081452755381,0.0,1.5589112050549092
2147,Wolves,2022-02-24,0.880697731728931,1,0.05273662164083323,0.0,0.9835115569592717,-0.5185049521654685,0.006053081452755381,0.05238281082503731,1.4568768504413598
2148,Southampton,2022-02-25,0.880697731728931,2,0.06328394596899987,0.34261488630415415,0.6768102986099446,-0.33816588267608083,0.006053081452755381,0.0,1.631294061388704
2148,Norwich,2022-02-25,0.880697731728931,0,0.06328394596899987,0.0,0.5624021879184797,-0.406958146590406,0.006053081452755381,0.05238281082503731,1.1578616113037972
2149,Brighton,2022-02-26,0.880697731728931,0,0.06711933663378775,0.34261488630415415,0.5164254901090524,-0.26305042037572424,0.006053081452755381,0.0,1.5498601058529564
2149,Aston Villa,2022-02-26,0.880697731728931,2,0.06711933663378775,0.0,0.43747799388115877,-0.3105206299881413,0.006053081452755381,0.05238281082503731,1.1332103245335288
2150,Man United,2022-02-26,0.880697731728931,0,0.06328394596899987,0.34261488630415415,0.8893031564821426,-0.1772895265836714,0.006518703102967334,0.0,2.0051288970035235
2150,Watford,2022-02-26,0.880697731728931,0,0.04520281854928562,0.0,0.2948494296841756,-0.5347276261343417,0.006518703102967334,0.05238281082503731,0.7449238677560551
2151,Everton,2022-02-26,0.880697731728931,0,0.06711933663378775,0.34261488630415415,0.22775348612763338,-0.5943506311510424,0.005587459802543429,0.0,0.9294222694460074
2151,Man City,2022-02-26,0.880697731728931,1,0.06711933663378775,0.0,0.9884619131441398,-0.136945517502271,0.005587459802543429,0.05238281082503731,1.8573037346321684
2152,Brentford,2022-02-26,0.880697731728931,0,0.06711933663378775,0.34261488630415415,0.09974674405153666,-0.49866610317909216,0.006518703102967334,0.0,0.8980312986422848
2152,Newcastle,2022-02-26,0.880697731728931,2,0.06711933663378775,0.0,0.8293293967130904,-0.059976554983001445,0.006518703102967334,0.05238281082503731,1.7760714240208124
2153,Leeds,2022-02-26,0.880697731728931,0,0.04520281854928562,0.34261488630415415,0.26884710307869625,-0.24773502364717118,0.006053081452755381,0.0,1.2956805974666512
2153,Tottenham,2022-02-26,0.880697731728931,4,0.04520281854928562,0.0,0.4120070251340593,-0.16165463056607585,0.006053081452755381,0.05238281082503731,1.2346888371239928
2154,Crystal Palace,2022-02-26,0.880697731728931,1,0.04520281854928562,0.34261488630415415,0.36047498352005125,-0.31878028354305343,0.006518703102967334,0.0,1.3167288396623362
2154,Burnley,2022-02-26,0.880697731728931,1,0.04520281854928562,0.0,0.5301620835050833,-0.21674940745851667,0.006518703102967334,0.05238281082503731,1.2982147402527877
2155,West Ham,2022-02-27,0.880697731728931,1,0.07031549552111097,0.34261488630415415,0.5495208168903754,-0.5257737743477013,0.006518703102967334,0.0,1.3238938591998375
2155,Wolves,2022-02-27,0.880697731728931,0,0.04520281854928562,0.0,0.874412045068849,-0.33042046436624234,0.006518703102967334,0.05238281082503731,1.528793644908828
2156,Burnley,2022-03-01,0.880697731728931,0,0.04520281854928562,0.34261488630415415,0.6052199453873978,-0.18345804798461549,0.005587459802543429,0.0,1.6958647937876965
2156,Leicester,2022-03-01,0.880697731728931,2,0.07301993765653832,0.0,0.3051082704183722,-0.36391170134417217,0.005587459802543429,0.05238281082503731,0.95288450908725
2157,Wolves,2022-03-05,0.880697731728931,0,0.06328394596899987,0.34261488630415415,0.6923102002605664,-0.2617658734087424,0.006053081452755381,0.0,1.723193972306664
2157,Crystal Palace,2022-03-05,0.880697731728931,2,0.06711933663378775,0.0,0.43534166948616765,-0.41627805685333474,0.006053081452755381,0.05238281082503731,1.0253165732733442
2158,Norwich,2022-03-05,0.880697731728931,1,0.07031549552111097,0.34261488630415415,0.4512705457766679,-0.055553472438081404,0.006518703102967334,0.0,1.6958638899957499
2158,Brentford,2022-03-05,0.880697731728931,3,0.06711933663378775,0.0,0.09239073498012534,-0.27134372112436317,0.006518703102967334,0.05238281082503731,0.8277655961464855
2159,Liverpool,2022-03-05,0.880697731728931,1,0.07533803091547604,0.34261488630415415,1.1929747465039402,-0.3697317917557666,0.006518703102967334,0.0,2.128412306799702
2159,West Ham,2022-03-05,0.880697731728931,0,0.06328394596899987,0.0,0.6148993120800437,-0.717321814936209,0.006518703102967334,0.05238281082503731,0.9004606887697701
2160,Newcastle,2022-03-05,0.880697731728931,2,0.06711933663378775,0.34261488630415415,0.9673904167631863,-0.25752109478039337,0.006518703102967334,0.0,2.006819979752633
2160,Brighton,2022-03-05,0.880697731728931,1,0.06711933663378775,0.0,0.4282821968719542,-0.581680585895095,0.006518703102967334,0.05238281082503731,0.8533201932675825
2161,Burnley,2022-03-05,0.880697731728931,0,0.05273662164083323,0.34261488630415415,0.6002315133741979,-0.36369047903699886,0.006053081452755381,0.0,1.5186433554638727
2161,Chelsea,2022-03-05,0.880697731728931,4,0.08203474477462948,0.0,0.6048520315440908,-0.3609122152981509,0.006053081452755381,0.05238281082503731,1.265108185027293
2162,Aston Villa,2022-03-05,0.880697731728931,4,0.06711933663378775,0.34261488630415415,0.5163605376210785,-0.4846962177075905,0.006053081452755381,0.0,1.3281493560331161
2162,Southampton,2022-03-05,0.880697731728931,0,0.07031549552111097,0.0,0.8060961418028993,-0.3104815748139269,0.006053081452755381,0.05238281082503731,1.505063686516807
2163,Leicester,2022-03-05,0.880697731728931,1,0.05273662164083323,0.34261488630415415,0.36514094998097113,-0.10639251022961861,0.006053081452755381,0.0,1.5408507608780262
2163,Leeds,2022-03-05,0.880697731728931,0,0.06711933663378775,0.0,0.17694091449370514,-0.21955499872521114,0.006053081452755381,0.05238281082503731,0.9636388764090054
2164,Watford,2022-03-06,0.880697731728931,2,0.07031549552111097,0.34261488630415415,0.31749416665951585,-0.5149044255485411,0.006518703102967334,0.0,1.1027365577681383
2164,Arsenal,2022-03-06,0.880697731728931,3,0.07533803091547604,0.0,0.8563352790227833,-0.19090554307815844,0.006518703102967334,0.05238281082503731,1.6803670125170367
2165,Man City,2022-03-06,0.880697731728931,4,0.07031549552111097,0.34261488630415415,0.91940458611564,-0.49745056758639694,0.006518703102967334,0.0,1.7221008351864064
2165,Man United,2022-03-06,0.880697731728931,1,0.07031549552111097,0.0,0.8273078448302844,-0.5528272650413281,0.006518703102967334,0.007936789518945046,1.2399492996609105
2166,Tottenham,2022-03-07,0.880697731728931,5,0.07301993765653832,0.34261488630415415,0.46110769029317167,-0.14516834359087755,0.006053081452755381,0.0,1.618324983844673
2166,Everton,2022-03-07,0.880697731728931,0,0.07301993765653832,0.0,0.24142883192688772,-0.27725868150306965,0.006053081452755381,0.05238281082503731,0.97632371208708
2167,Norwich,2022-03-10,0.880697731728931,1,0.05859624626759248,0.34261488630415415,0.26815263584269095,-0.43749718898430623,0.006984324753179286,0.0,1.1195486359122417
2167,Chelsea,2022-03-10,0.880697731728931,3,0.05859624626759248,0.0,0.7275996453156155,-0.16123705550876224,0.006984324753179286,0.05238281082503731,1.5650237033815932
2168,Southampton,2022-03-10,0.880697731728931,1,0.05859624626759248,0.34261488630415415,0.8282217004450197,-0.6231878272530963,0.006518703102967334,0.0,1.4934614405955686
2168,Newcastle,2022-03-10,0.880697731728931,2,0.05859624626759248,0.0,1.0364209267882343,-0.4980000583196021,0.006518703102967334,0.05238281082503731,1.5366163603931604
2169,Wolves,2022-03-10,0.880697731728931,4,0.05859624626759248,0.34261488630415415,0.6012592778564253,-0.19771355132540194,0.006518703102967334,0.0,1.6919732939346683
2169,Watford,2022-03-10,0.880697731728931,0,0.05273662164083323,0.0,0.32881653514718595,-0.36153019810615145,0.006518703102967334,0.05238281082503731,0.9596222043388033
2170,Leeds,2022-03-10,0.880697731728931,0,0.05859624626759248,0.34261488630415415,0.08847045724685257,-0.33419715203302824,0.006518703102967334,0.0,1.0427008726174696
2170,Aston Villa,2022-03-10,0.880697731728931,3,0.05859624626759248,0.0,0.5558018094910383,-0.053196255114809306,0.006518703102967334,0.05238281082503731,1.5008010463007573
2171,Man United,2022-03-12,0.880697731728931,3,0.06328394596899987,0.34261488630415415,0.7537928260499983,-0.36871609527076094,0.006984324753179286,0.0,1.6786576195345018
2171,Tottenham,2022-03-12,0.880697731728931,2,0.05859624626759248,0.0,0.6132101117357989,-0.453246843365844,0.006984324753179286,0.06547851353129663,1.1717200846509543
2172,Brighton,2022-03-12,0.880697731728931,0,0.06711933663378775,0.34261488630415415,0.3416931872990481,-0.7421388316668147,0.006518703102967334,0.0,0.8965050134020737
2172,Liverpool,2022-03-12,0.880697731728931,2,0.06711933663378775,0.0,1.2342478175673253,-0.2054561322299387,0.006518703102967334,0.05238281082503731,2.0355102676281103
2173,Brentford,2022-03-12,0.880697731728931,2,0.06711933663378775,0.34261488630415415,0.2162648193074907,-0.3594124722751402,0.006984324753179286,0.0,1.154268626452403
2173,Burnley,2022-03-12,0.880697731728931,0,0.06711933663378775,0.0,0.5977372973675981,-0.13003751600536342,0.006984324753179286,0.05238281082503731,1.4748839853031699
2174,Chelsea,2022-03-13,0.880697731728931,1,0.04520281854928562,0.34261488630415415,0.9165255410644488,-0.6439414479320971,0.006053081452755381,0.0,1.5471526111674776
2174,Newcastle,2022-03-13,0.880697731728931,0,0.04520281854928562,0.0,1.0709361818007581,-0.551096128797702,0.006053081452755381,0.05238281082503731,1.5041764955590653
2175,Everton,2022-03-13,0.880697731728931,0,0.06328394596899987,0.34261488630415415,0.24826650482651488,-0.3341562687325598,0.006053081452755381,0.0,1.2067598815487952
2175,Wolves,2022-03-13,0.880697731728931,1,0.04520281854928562,0.0,0.5557338166543547,-0.14927975663518084,0.006053081452755381,0.05238281082503731,1.390790502575183
2176,Leeds,2022-03-13,0.880697731728931,2,0.04520281854928562,0.34261488630415415,0.044235228623426284,-0.08061852775438112,0.006984324753179286,0.0,1.2391164622045951
2176,Norwich,2022-03-13,0.880697731728931,1,0.04520281854928562,0.0,0.13407631792134547,-0.026598127557404653,0.006984324753179286,0.05238281082503731,1.092745876220374
2177,Southampton,2022-03-13,0.880697731728931,1,0.04520281854928562,0.34261488630415415,0.711732390903009,-0.2011175554490237,0.006984324753179286,0.0,1.7861145967895353
2177,Watford,2022-03-13,0.880697731728931,2,0.04520281854928562,0.0,0.334477719391021,-0.42795639378586586,0.006984324753179286,0.05238281082503731,0.8917890114615883
2178,West Ham,2022-03-13,0.880697731728931,2,0.07031549552111097,0.34261488630415415,0.6475885596748778,-0.39718533053574023,0.006984324753179286,0.0,1.551015667446513
2178,Aston Villa,2022-03-13,0.880697731728931,1,0.04520281854928562,0.0,0.6605571713347322,-0.3893874554505287,0.006984324753179286,0.05238281082503731,1.2564374017406366
2179,Arsenal,2022-03-13,0.880697731728931,2,0.06711933663378775,0.34261488630415415,0.9808933579180328,-0.2887338639886703,0.006518703102967334,0.0,1.9891101516992027
2179,Leicester,2022-03-13,0.880697731728931,0,0.07031549552111097,0.0,0.4801920156709846,-0.5897997470798194,0.006518703102967334,0.05238281082503731,0.9003070097692116
2180,Crystal Palace,2022-03-14,0.880697731728931,0,0.07301993765653832,0.34261488630415415,0.5578097383779399,-0.5831959718796321,0.006984324753179286,0.0,1.2779306469411107
2180,Man City,2022-03-14,0.880697731728931,0,0.07031549552111097,0.0,0.969910648510104,-0.3354044962770167,0.006984324753179286,0.05238281082503731,1.6448865150613459
2181,Arsenal,2022-03-16,0.880697731728931,0,0.04520281854928562,0.34261488630415415,1.1282071232743716,-0.7545473400321175,0.006984324753179286,0.0,1.649159544577804
2181,Liverpool,2022-03-16,0.880697731728931,2,0.05273662164083323,0.0,1.2548843530990177,-0.67837779773862,0.006984324753179286,0.06491886811649923,1.5818441015998406
2182,Brighton,2022-03-16,0.880697731728931,0,0.05273662164083323,0.34261488630415415,0.17084659364952404,-0.41444480215460655,0.006984324753179286,0.0,1.0394353559220153
2182,Tottenham,2022-03-16,0.880697731728931,2,0.05273662164083323,0.0,0.6892613224571124,-0.10272806611496935,0.006984324753179286,0.05238281082503731,1.5793347452901236
2183,Everton,2022-03-17,0.880697731728931,1,0.05273662164083323,0.34261488630415415,0.25168534127632847,-0.5776226734318554,0.006518703102967334,0.0,0.9566306106213589
2183,Newcastle,2022-03-17,0.880697731728931,0,0.05273662164083323,0.0,0.9606417204439491,-0.15133546315733246,0.006518703102967334,0.05238281082503731,1.8016421245843857
2184,Wolves,2022-03-18,0.880697731728931,2,0.05859624626759248,0.34261488630415415,0.5329710860533194,-0.08999464861844438,0.006984324753179286,0.0,1.731869626488732
2184,Leeds,2022-03-18,0.880697731728931,3,0.05859624626759248,0.0,0.14966970317478417,-0.320469304045764,0.006984324753179286,0.05238281082503731,0.8278615127037603
2185,Aston Villa,2022-03-19,0.880697731728931,0,0.06328394596899987,0.34261488630415415,0.7129348522565793,-0.6459712382282782,0.006518703102967334,0.0,1.3600788811333533
2185,Arsenal,2022-03-19,0.880697731728931,1,0.04520281854928562,0.0,1.0743119170894697,-0.4286794197870963,0.006518703102967334,0.05238281082503731,1.6304345615085947
2186,Leicester,2022-03-20,0.880697731728931,2,0.06711933663378775,0.34261488630415415,0.5377175485159913,-0.2439751226287465,0.006518703102967334,0.0,1.5906930836570852
2186,Brentford,2022-03-20,0.880697731728931,1,0.07031549552111097,0.0,0.4057539503342444,-0.32332329662039994,0.006518703102967334,0.05238281082503731,1.092345394891891
2187,Tottenham,2022-03-20,0.880697731728931,3,0.05273662164083323,0.34261488630415415,0.7272869278177693,-0.39921528729790984,0.006518703102967334,0.0,1.6106395832967453
2187,West Ham,2022-03-20,0.880697731728931,1,0.06711933663378775,0.0,0.663933183472295,-0.4373091555965294,0.006518703102967334,0.05238281082503731,1.233342610166489
2188,Man United,2022-04-02,0.880697731728931,1,0.08859752435659983,0.34261488630415415,0.8020700425685692,-0.3917484028294261,0.007449946403391239,0.0,1.7296817285322195
2188,Leicester,2022-04-02,0.880697731728931,1,0.08065600956833317,0.0,0.6515150408472087,-0.4822753711487288,0.007449946403391239,0.05238281082503731,1.1904261682241726
2189,Wolves,2022-04-02,0.880697731728931,2,0.08326834995921037,0.34261488630415415,0.5215897207528017,-0.4444264644127743,0.007449946403391239,0.0,1.3911941707357143
2189,Aston Villa,2022-04-02,0.880697731728931,1,0.08203474477462948,0.0,0.7391236927175027,-0.31362582170236614,0.007449946403391239,0.05238281082503731,1.4480631047471255
2190,Chelsea,2022-04-02,0.880697731728931,1,0.08789436940138873,0.34261488630415415,1.0960232148475795,-0.27537873099385735,0.006518703102967334,0.0,2.1383701743911634
2190,Brentford,2022-04-02,0.880697731728931,4,0.08065600956833317,0.0,0.45798115289326424,-0.6590259885975612,0.006518703102967334,0.05238281082503731,0.8192104195209717
2191,Leeds,2022-04-02,0.880697731728931,1,0.08326834995921037,0.34261488630415415,0.3299390293135341,-0.36736936657241703,0.007449946403391239,0.0,1.2766005771368036
2191,Southampton,2022-04-02,0.880697731728931,1,0.08789436940138873,0.0,0.6109703731776466,-0.19838849398870625,0.007449946403391239,0.05238281082503731,1.4410067375476887
2192,Brighton,2022-04-02,0.880697731728931,0,0.08538310170420618,0.34261488630415415,0.08542329682476202,-0.04030926387719056,0.007449946403391239,0.0,1.3612596990882542
2192,Norwich,2022-04-02,0.880697731728931,0,0.08789436940138873,0.0,0.06703815896067274,-0.05136403305748467,0.007449946403391239,0.05238281082503731,1.0440989842619361
2193,Liverpool,2022-04-02,0.880697731728931,2,0.08538310170420618,0.34261488630415415,1.265202620864864,-0.20281955751083458,0.006984324753179286,0.0,2.3780631078444996
2193,Watford,2022-04-02,0.880697731728931,0,0.08789436940138873,0.0,0.33730831151293855,-0.7607515942147689,0.006984324753179286,0.05238281082503731,0.604515954006706
2194,Burnley,2022-04-02,0.880697731728931,0,0.08859752435659983,0.34261488630415415,0.46893810050122703,-0.5472499354056228,0.006518703102967334,0.0,1.2401170105882566
2194,Man City,2022-04-02,0.880697731728931,2,0.08713007053702881,0.0,0.910128953798622,-0.28196701592389284,0.006518703102967334,0.05238281082503731,1.6548912540686938
2195,West Ham,2022-04-03,0.880697731728931,2,0.08203474477462948,0.34261488630415415,0.6295881324166466,-0.15236331641840828,0.007449946403391239,0.0,1.790022125209344
2195,Everton,2022-04-03,0.880697731728931,1,0.08538310170420618,0.0,0.25339475950123524,-0.3785640082750197,0.007449946403391239,0.05238281082503731,0.9007443418877812
2196,Tottenham,2022-04-03,0.880697731728931,5,0.08203474477462948,0.34261488630415415,0.8738518193611686,-0.5188980912351538,0.006984324753179286,0.0,1.6672854156869088
2196,Newcastle,2022-04-03,0.880697731728931,1,0.08538310170420618,0.0,0.8629771268111877,-0.5254369171572328,0.006984324753179286,0.05238281082503731,1.3629881786653084
2197,Crystal Palace,2022-04-04,0.880697731728931,3,0.08859752435659983,0.34261488630415415,0.619043772823826,-0.6297679584731073,0.007449946403391239,0.0,1.308635903143795
2197,Arsenal,2022-04-04,0.880697731728931,0,0.08437859462533318,0.0,1.047364313997019,-0.3722238077111538,0.007449946403391239,0.05238281082503731,1.7000495898685575
2198,Burnley,2022-04-06,0.880697731728931,3,0.05273662164083323,0.34261488630415415,0.2769864132049705,-0.15287724304894618,0.006984324753179286,0.0,1.4071427345831222
2198,Everton,2022-04-06,0.880697731728931,2,0.04520281854928562,0.0,0.25424946861368863,-0.1665487029085271,0.006984324753179286,0.05238281082503731,1.0729684515615947
2199,Newcastle,2022-04-08,0.880697731728931,1,0.05859624626759248,0.34261488630415415,0.686592741131736,-0.3868996653704092,0.006984324753179286,0.0,1.588586264815184
2199,Wolves,2022-04-08,0.880697731728931,0,0.06328394596899987,0.0,0.6434511269656139,-0.41284021529706105,0.006984324753179286,0.05238281082503731,1.2339597249447003
2200,Aston Villa,2022-04-09,0.880697731728931,0,0.06711933663378775,0.34261488630415415,0.6246660240848934,-0.5695007979375846,0.006984324753179286,0.0,1.3525815055673611
2200,Tottenham,2022-04-09,0.880697731728931,4,0.06328394596899987,0.0,0.9471342651328684,-0.37560440188587124,0.006984324753179286,0.05238281082503731,1.5748786765231446
2201,Southampton,2022-04-09,0.880697731728931,0,0.06711933663378775,0.34261488630415415,0.4755546384062513,-0.6362953336577488,0.007449946403391239,0.0,1.1371412058187667
2201,Chelsea,2022-04-09,0.880697731728931,6,0.06711933663378775,0.0,1.0582199628760738,-0.2859454630725312,0.007449946403391239,0.05238281082503731,1.7799243253946897
2202,Watford,2022-04-09,0.880697731728931,0,0.06711933663378775,0.34261488630415415,0.33872360757389725,-0.2781506116204179,0.006984324753179286,0.0,1.3579892753735316
2202,Leeds,2022-04-09,0.880697731728931,3,0.06711933663378775,0.0,0.4625910553372661,-0.20367055854174,0.006984324753179286,0.05238281082503731,1.2661047007364614
2203,Arsenal,2022-04-09,0.880697731728931,1,0.05859624626759248,0.34261488630415415,0.9063384235877225,-0.05124721147532302,0.007449946403391239,0.0,2.1444500228164682
2203,Brighton,2022-04-09,0.880697731728931,2,0.06711933663378775,0.0,0.08522901136673802,-0.5449707337557798,0.007449946403391239,0.05238281082503731,0.5479081032021055
2204,Everton,2022-04-09,0.880697731728931,1,0.04520281854928562,0.34261488630415415,0.25467682316991536,-0.44565924514700983,0.006984324753179286,0.0,1.0845173393584557
2204,Man United,2022-04-09,0.880697731728931,0,0.06711933663378775,0.0,0.7411739249191406,-0.15313420636421515,0.006984324753179286,0.05238281082503731,1.5952239224958609
2205,Brentford,2022-04-10,0.880697731728931,2,0.07031549552111097,0.34261488630415415,0.6116468430358452,-0.41936875865673595,0.007449946403391239,0.0,1.4933561443366965
2205,West Ham,2022-04-10,0.880697731728931,0,0.06711933663378775,0.0,0.6974503327975363,-0.3677761200161548,0.007449946403391239,0.05238281082503731,1.337324038372529
2206,Leicester,2022-04-10,0.880697731728931,2,0.07031549552111097,0.34261488630415415,0.7509311499671744,-0.4673290482679644,0.006984324753179286,0.0,1.5842145400065855
2206,Crystal Palace,2022-04-10,0.880697731728931,1,0.06328394596899987,0.0,0.77721287890984,-0.45152615088051984,0.006984324753179286,0.05238281082503731,1.3290355413054677
2207,Norwich,2022-04-10,0.880697731728931,2,0.07031549552111097,0.34261488630415415,0.07603644243469337,-0.1599699362940056,0.007449946403391239,0.0,1.217144566098275
2207,Burnley,2022-04-10,0.880697731728931,0,0.05273662164083323,0.0,0.2660452954655563,-0.045719826885175965,0.007449946403391239,0.05238281082503731,1.213592579178573
2208,Man City,2022-04-10,0.880697731728931,2,0.07031549552111097,0.34261488630415415,0.8802381064428811,-0.7638537213060947,0.006984324753179286,0.0,1.416996823444162
2208,Liverpool,2022-04-10,0.880697731728931,2,0.07031549552111097,0.0,1.270361754747787,-0.5292769171686184,0.006984324753179286,0.03097908167072099,1.7300614712531108
2209,Tottenham,2022-04-16,0.880697731728931,0,0.06711933663378775,0.34261488630415415,0.9837754880187183,-0.12788438552398423,0.007449946403391239,0.0,2.1537730035649982
2209,Brighton,2022-04-16,0.880697731728931,1,0.06711933663378775,0.0,0.21268395750079702,-0.5915327383277604,0.007449946403391239,0.05238281082503731,0.6288010447641839
2210,Man United,2022-04-16,0.880697731728931,3,0.06711933663378775,0.34261488630415415,0.5831737772313553,-0.1251206932289107,0.007915568053603191,0.0,1.7564006067229208
2210,Norwich,2022-04-16,0.880697731728931,2,0.06328394596899987,0.0,0.2080876730347747,-0.35065559730640833,0.007915568053603191,0.05238281082503731,0.8617121323049377
2211,Southampton,2022-04-16,0.880697731728931,1,0.06711933663378775,0.34261488630415415,0.28029468215748266,-0.42587653655737395,0.007915568053603191,0.0,1.1527656683205847
2211,Arsenal,2022-04-16,0.880697731728931,0,0.06711933663378775,0.0,0.7082733895200033,-0.1685379264828463,0.007915568053603191,0.05238281082503731,1.547850910278516
2212,Watford,2022-04-16,0.880697731728931,1,0.06711933663378775,0.34261488630415415,0.29691389265001966,-0.4906703993670456,0.007449946403391239,0.0,1.1041253943532383
2212,Brentford,2022-04-16,0.880697731728931,2,0.06328394596899987,0.0,0.8160317769702067,-0.17853086411061203,0.007449946403391239,0.05238281082503731,1.6413153477859541
2213,West Ham,2022-04-17,0.880697731728931,1,0.06711933663378775,0.34261488630415415,0.6038293441249102,-0.15668055298674485,0.007915568053603191,0.0,1.7454963138586415
2213,Burnley,2022-04-17,0.880697731728931,1,0.06711933663378775,0.0,0.2605747365958492,-0.36307554900785205,0.007915568053603191,0.05238281082503731,0.9056146348293563
2214,Newcastle,2022-04-17,0.880697731728931,2,0.07301993765653832,0.34261488630415415,0.59840054829201,-0.4814150249060667,0.007449946403391239,0.0,1.420768025478958
2214,Leicester,2022-04-17,0.880697731728931,1,0.06711933663378775,0.0,0.8006392045271572,-0.3598112773280146,0.007449946403391239,0.05238281082503731,1.44847775279029
2215,Liverpool,2022-04-19,0.880697731728931,4,0.07301993765653832,0.34261488630415415,1.1879065957805346,-0.3542841632792689,0.007449946403391239,0.0,2.13740493459428
2215,Man United,2022-04-19,0.880697731728931,0,0.04520281854928562,0.0,0.5892084292961767,-0.7142743949585962,0.007449946403391239,0.03097908167072099,0.8392636126899092
2216,Chelsea,2022-04-20,0.880697731728931,2,0.07734704507322207,0.34261488630415415,1.039318336890321,-0.28963385311842904,0.006984324753179286,0.0,2.057328471631378
2216,Arsenal,2022-04-20,0.880697731728931,4,0.05273662164083323,0.0,0.48168878362307266,-0.6249300061878426,0.006984324753179286,0.009354073361613804,0.8065315289197875
2217,Everton,2022-04-20,0.880697731728931,1,0.07734704507322207,0.34261488630415415,0.3824425893110997,-0.41966387707909814,0.007449946403391239,0.0,1.2708883217417
2217,Leicester,2022-04-20,0.880697731728931,1,0.04520281854928562,0.0,0.6979411429440776,-0.22995827286159165,0.007449946403391239,0.05238281082503731,1.4537161775891312
2218,Newcastle,2022-04-20,0.880697731728931,1,0.04520281854928562,0.34261488630415415,0.554304451872147,-0.43818608370662765,0.007915568053603191,0.0,1.3925493728014935
2218,Crystal Palace,2022-04-20,0.880697731728931,0,0.07533803091547604,0.0,0.7287453430897761,-0.3332968083434914,0.007915568053603191,0.05238281082503731,1.4117826762693322
2219,Man City,2022-04-20,0.880697731728931,3,0.07533803091547604,0.34261488630415415,0.9078100457193676,-0.24289855738805685,0.007449946403391239,0.0,1.9710120836832632
2219,Brighton,2022-04-20,0.880697731728931,0,0.05273662164083323,0.0,0.40396351943089753,-0.5458556029966967,0.007449946403391239,0.05238281082503731,0.8513750270323935
2220,Burnley,2022-04-21,0.880697731728931,2,0.05273662164083323,0.34261488630415415,0.30035682011535264,-0.1865297430277459,0.007449946403391239,0.0,1.3973262631649164
2220,Southampton,2022-04-21,0.880697731728931,0,0.05859624626759248,0.0,0.3102167928961694,-0.18060105627969517,0.007449946403391239,0.05238281082503731,1.1287424718414263
2221,Brentford,2022-04-23,0.880697731728931,0,0.06711933663378775,0.34261488630415415,0.9182242439373874,-0.6025487085228485,0.007915568053603191,0.0,1.6140230581350152
2221,Tottenham,2022-04-23,0.880697731728931,0,0.06711933663378775,0.0,1.0020960994616432,-0.552117539042491,0.007915568053603191,0.05238281082503731,1.4580940076605113
2222,Norwich,2022-04-23,0.880697731728931,0,0.06711933663378775,0.34261488630415415,0.27411328833481535,-0.3967351586909718,0.007915568053603191,0.0,1.1757256523643198
2222,Newcastle,2022-04-23,0.880697731728931,3,0.04520281854928562,0.0,0.6598084925252866,-0.1648211264007781,0.007915568053603191,0.05238281082503731,1.4811862952813655
2223,Man City,2022-04-23,0.880697731728931,5,0.04520281854928562,0.34261488630415415,0.9215960153576109,-0.16596101689504805,0.007915568053603191,0.0,2.0320660030985374
2223,Watford,2022-04-23,0.880697731728931,1,0.06711933663378775,0.0,0.27600903518808084,-0.5541449459107358,0.007915568053603191,0.05238281082503731,0.7299795365187042
2224,Leicester,2022-04-23,0.880697731728931,0,0.04520281854928562,0.34261488630415415,0.6891094751068948,-0.2644977857826777,0.007449946403391239,0.0,1.7005770723099791
2224,Aston Villa,2022-04-23,0.880697731728931,0,0.08203474477462948,0.0,0.4398851009055177,-0.41435349811219446,0.007449946403391239,0.05238281082503731,1.0480968365253123
2225,Arsenal,2022-04-23,0.880697731728931,3,0.04520281854928562,0.34261488630415415,0.49594856953767835,-0.35609844626569925,0.007915568053603191,0.0,1.416281127907953
2225,Man United,2022-04-23,0.880697731728931,1,0.05273662164083323,0.0,0.5922257553285875,-0.2982080962386986,0.007915568053603191,0.06520223288348526,1.3005698133967414
2226,Brighton,2022-04-24,0.880697731728931,2,0.05273662164083323,0.34261488630415415,0.4996033003959478,-0.19552565130019567,0.007915568053603191,0.0,1.5880424568232736
2226,Southampton,2022-04-24,0.880697731728931,2,0.04520281854928562,0.0,0.3251778482655127,-0.3004056433200932,0.007915568053603191,0.05238281082503731,1.0109711341022765
2227,Burnley,2022-04-24,0.880697731728931,1,0.04520281854928562,0.34261488630415415,0.44779995073817536,-0.4235365872044307,0.007915568053603191,0.0,1.3006943681697185
2227,Wolves,2022-04-24,0.880697731728931,0,0.08437859462533318,0.0,0.70438183007202,-0.26925689276591236,0.007915568053603191,0.05238281082503731,1.4604996425390122
2228,Chelsea,2022-04-24,0.880697731728931,1,0.05273662164083323,0.34261488630415415,0.9023154350343735,-0.36049413912999084,0.007449946403391239,0.0,1.8253204819816926
2228,West Ham,2022-04-24,0.880697731728931,0,0.06711933663378775,0.0,0.5995362127429542,-0.5425517576131474,0.007449946403391239,0.05238281082503731,1.064634280720954
2229,Liverpool,2022-04-24,0.880697731728931,2,0.05859624626759248,0.34261488630415415,1.1466790162969083,-0.2939355010568606,0.007915568053603191,0.0,2.142567947594329
2229,Everton,2022-04-24,0.880697731728931,0,0.05273662164083323,0.0,0.4888428353360489,-0.6894847317848469,0.007915568053603191,0.05238281082503731,0.7930908357996065
2230,Crystal Palace,2022-04-25,0.880697731728931,0,0.05859624626759248,0.34261488630415415,0.6619942122253871,-0.39472725527601576,0.007915568053603191,0.0,1.5570913893036522
2230,Leeds,2022-04-25,0.880697731728931,0,0.08437859462533318,0.0,0.6564691572122031,-0.3980494064793786,0.007915568053603191,0.05238281082503731,1.283794455965729
2231,Man United,2022-04-28,0.880697731728931,1,0.05859624626759248,0.34261488630415415,0.4661823294817217,-0.5013626333257999,0.008381189703815144,0.0,1.2551097501604147
2231,Chelsea,2022-04-28,0.880697731728931,1,0.05273662164083323,0.0,0.8338139841063998,-0.28031000291917235,0.008381189703815144,0.06574797243471761,1.5610674966955245
2232,Leeds,2022-04-30,0.880697731728931,0,0.05859624626759248,0.34261488630415415,0.7959255711040286,-0.5582896173677554,0.007915568053603191,0.0,1.527460386090554
2232,Man City,2022-04-30,0.880697731728931,4,0.06711933663378775,0.0,0.9284890001767325,-0.47858077205039534,0.007915568053603191,0.05238281082503731,1.4580236753676963
2233,Wolves,2022-04-30,0.880697731728931,0,0.06328394596899987,0.34261488630415415,0.607295092762152,-0.35472438123269207,0.007915568053603191,0.0,1.5470828435851478
2233,Brighton,2022-04-30,0.880697731728931,3,0.06328394596899987,0.0,0.58994055383283,-0.36515946328169946,0.007915568053603191,0.05238281082503731,1.2290611471277018
2234,Watford,2022-04-30,0.880697731728931,1,0.06711933663378775,0.34261488630415415,0.26555660645711143,-0.390280395848763,0.007915568053603191,0.0,1.1736237333288244
2234,Burnley,2022-04-30,0.880697731728931,2,0.06328394596899987,0.0,0.6490736049126578,-0.15967609328726606,0.007915568053603191,0.05238281082503731,1.493677568201963
2235,Aston Villa,2022-04-30,0.880697731728931,2,0.06711933663378775,0.34261488630415415,0.2624599134071159,-0.18467134298671176,0.007449946403391239,0.0,1.3756704714906685
2235,Norwich,2022-04-30,0.880697731728931,0,0.06711933663378775,0.0,0.3071260959848357,-0.1578140878379195,0.007449946403391239,0.05238281082503731,1.1569618337380634
2236,Newcastle,2022-04-30,0.880697731728931,0,0.06711933663378775,0.34261488630415415,0.8401126017149273,-0.6770899001979723,0.008381189703815144,0.0,1.461835845887643
2236,Liverpool,2022-04-30,0.880697731728931,1,0.06328394596899987,0.0,1.1260652265550952,-0.505149918704454,0.008381189703815144,0.05238281082503731,1.625660986077424
2237,Southampton,2022-04-30,0.880697731728931,1,0.06328394596899987,0.34261488630415415,0.37517573890454137,-0.3268506779725927,0.008381189703815144,0.0,1.3433028146378485
2237,Crystal Palace,2022-04-30,0.880697731728931,2,0.05859624626759248,0.0,0.5435839208844786,-0.22558880038300125,0.008381189703815144,0.05238281082503731,1.318053099026853
2238,West Ham,2022-05-01,0.880697731728931,1,0.06711933663378775,0.34261488630415415,0.4698375581889051,-0.3024952177988334,0.008381189703815144,0.0,1.4661554847607599
2238,Arsenal,2022-05-01,0.880697731728931,2,0.07031549552111097,0.0,0.5030784624949812,-0.2825078493513181,0.008381189703815144,0.05238281082503731,1.2323478409225572
2239,Everton,2022-05-01,0.880697731728931,1,0.06711933663378775,0.34261488630415415,0.4144908694854525,-0.4296376812889647,0.007915568053603191,0.0,1.283200710916964
2239,Chelsea,2022-05-01,0.880697731728931,0,0.04520281854928562,0.0,0.714528532733699,-0.24922853031475303,0.007915568053603191,0.05238281082503731,1.4514989315758031
2240,Tottenham,2022-05-01,0.880697731728931,3,0.07031549552111097,0.34261488630415415,0.9262216792743917,-0.3605679187355813,0.007915568053603191,0.0,1.8671974421466095
2240,Leicester,2022-05-01,0.880697731728931,1,0.07031549552111097,0.0,0.5996589152795895,-0.5569263037272311,0.007915568053603191,0.05238281082503731,1.0540442176810407
2241,Man United,2022-05-02,0.880697731728931,3,0.05273662164083323,0.34261488630415415,0.40316061655828883,-0.5317107189870522,0.008846811354027095,0.0,1.1563459485991823
2241,Brentford,2022-05-02,0.880697731728931,0,0.07301993765653832,0.0,0.8842857515122637,-0.24241578124590887,0.008846811354027095,0.05238281082503731,1.6568172618308885
2242,Brighton,2022-05-07,0.880697731728931,4,0.06711933663378775,0.34261488630415415,0.720143906459985,-0.3001642552490192,0.008381189703815144,0.0,1.718792795581654
2242,Man United,2022-05-07,0.880697731728931,0,0.05859624626759248,0.0,0.4992018489596435,-0.43301414008215283,0.008381189703815144,0.05238281082503731,1.0662456874028665
2243,Liverpool,2022-05-07,0.880697731728931,1,0.06711933663378775,0.34261488630415415,1.1157583316841886,-0.5341151013294224,0.008381189703815144,0.0,1.8804563747254541
2243,Tottenham,2022-05-07,0.880697731728931,1,0.06328394596899987,0.0,0.888284469180766,-0.670892484404535,0.008381189703815144,0.06520223288348526,1.2349570850614624
2244,Crystal Palace,2022-05-07,0.880697731728931,1,0.06711933663378775,0.34261488630415415,0.5694135011227383,-0.07983804664363303,0.008381189703815144,0.0,1.7883885988497934
2244,Watford,2022-05-07,0.880697731728931,0,0.06711933663378775,0.0,0.13277830322855572,-0.3423817036123611,0.008381189703815144,0.05238281082503731,0.7989776685077657
2245,Burnley,2022-05-07,0.880697731728931,1,0.06711933663378775,0.34261488630415415,0.749710431999899,-0.18116782370528248,0.008381189703815144,0.0,1.8673557526653044
2245,Aston Villa,2022-05-07,0.880697731728931,3,0.06711933663378775,0.0,0.30129940852098597,-0.4507921473901883,0.008381189703815144,0.05238281082503731,0.8590883300223687
2246,Chelsea,2022-05-07,0.880697731728931,2,0.06328394596899987,0.34261488630415415,0.6548858070473486,-0.25927531648059177,0.007915568053603191,0.0,1.690122622622445
2246,Wolves,2022-05-07,0.880697731728931,2,0.06711933663378775,0.0,0.43119963524414706,-0.3937752052705471,0.007915568053603191,0.05238281082503731,1.0455398772149591
2247,Brentford,2022-05-07,0.880697731728931,3,0.05859624626759248,0.34261488630415415,0.867316505299702,-0.21505517997782334,0.008381189703815144,0.0,1.9425513793263713
2247,Southampton,2022-05-07,0.880697731728931,0,0.06711933663378775,0.0,0.35765732126969874,-0.521507308959333,0.008381189703815144,0.05238281082503731,0.844731081201937
2248,Arsenal,2022-05-08,0.880697731728931,2,0.06711933663378775,0.34261488630415415,0.6341954978367037,-0.4438119455978431,0.008381189703815144,0.0,1.4891966966095487
2248,Leeds,2022-05-08,0.880697731728931,1,0.07031549552111097,0.0,0.7381016891868702,-0.38133436341864285,0.008381189703815144,0.05238281082503731,1.3685445535471217
2249,Leicester,2022-05-08,0.880697731728931,1,0.06711933663378775,0.34261488630415415,0.5124162724115797,-0.3035706297834413,0.007915568053603191,0.0,1.5071931653486146
2249,Everton,2022-05-08,0.880697731728931,2,0.06711933663378775,0.0,0.5048669754232252,-0.30810993410069404,0.007915568053603191,0.05238281082503731,1.2048724885638902
2250,Norwich,2022-05-08,0.880697731728931,0,0.07031549552111097,0.34261488630415415,0.3236324998098459,-0.24351470446198178,0.008381189703815144,0.0,1.3821270986058751
2250,West Ham,2022-05-08,0.880697731728931,4,0.06711933663378775,0.0,0.4049882309118806,-0.1945964512796786,0.008381189703815144,0.05238281082503731,1.2189728485237732
2251,Man City,2022-05-08,0.880697731728931,5,0.07031549552111097,0.34261488630415415,1.0169702184950073,-0.5593572987111952,0.008381189703815144,0.0,1.7596222230418233
2251,Newcastle,2022-05-08,0.880697731728931,0,0.07031549552111097,0.0,0.9302646563097478,-0.6114923429894266,0.008381189703815144,0.05238281082503731,1.3305495410992154
2252,Aston Villa,2022-05-10,0.880697731728931,1,0.04520281854928562,0.34261488630415415,0.448271244940992,-0.616663386614655,0.007915568053603191,0.0,1.1080388629623108
2252,Liverpool,2022-05-10,0.880697731728931,2,0.04520281854928562,0.0,1.0255701583400214,-0.269540276478706,0.007915568053603191,0.05238281082503731,1.7422288110181723
2253,Leeds,2022-05-11,0.880697731728931,0,0.04520281854928562,0.34261488630415415,0.5816376593652202,-0.32471357736817696,0.008381189703815144,0.0,1.5338207082832291
2253,Chelsea,2022-05-11,0.880697731728931,3,0.05273662164083323,0.0,0.5400297182954593,-0.34973194753182496,0.008381189703815144,0.05238281082503731,1.1844961246622507
2254,Leicester,2022-05-11,0.880697731728931,3,0.04520281854928562,0.34261488630415415,0.3412428621145039,-0.17399381047958135,0.008381189703815144,0.0,1.4441456779211084
2254,Norwich,2022-05-11,0.880697731728931,0,0.04520281854928562,0.0,0.28936833876799395,-0.2051853569435084,0.008381189703815144,0.05238281082503731,1.0708475326315543
2255,Watford,2022-05-11,0.880697731728931,0,0.05273662164083323,0.34261488630415415,0.06638915161427786,-0.4074372643575274,0.008381189703815144,0.0,0.943382316634484
2255,Everton,2022-05-11,0.880697731728931,0,0.04520281854928562,0.0,0.6776071172551826,-0.039919023321816516,0.008381189703815144,0.05238281082503731,1.624352644740435
2256,Wolves,2022-05-11,0.880697731728931,1,0.05273662164083323,0.34261488630415415,0.3856692694395015,-0.6380937058002621,0.008381189703815144,0.0,1.0320059930169727
2256,Man City,2022-05-11,0.880697731728931,5,0.04520281854928562,0.0,1.0612108276541448,-0.2318984380266186,0.008381189703815144,0.05238281082503731,1.8159769404345951
2257,Tottenham,2022-05-12,0.880697731728931,3,0.05859624626759248,0.34261488630415415,0.784281138225239,-0.4974495210682896,0.008381189703815144,0.0,1.5771216711614424
2257,Arsenal,2022-05-12,0.880697731728931,0,0.05273662164083323,0.0,0.827306104370636,-0.47157911023735666,0.008381189703815144,0.007936789518945046,1.3054793267258038
2258,Wolves,2022-05-15,0.880697731728931,1,0.05273662164083323,0.34261488630415415,0.23535199767410778,-0.08699690523979067,0.008846811354027095,0.0,1.4332511434622628
2258,Norwich,2022-05-15,0.880697731728931,1,0.05273662164083323,0.0,0.14468416938399697,-0.14151441395988998,0.008846811354027095,0.05238281082503731,0.9978337309729355
2259,West Ham,2022-05-15,0.880697731728931,2,0.06711933663378775,0.34261488630415415,0.37256356727336826,-0.7025247770988413,0.008846811354027095,0.0,0.969317556195427
2259,Man City,2022-05-15,0.880697731728931,2,0.05273662164083323,0.0,1.1683658581424274,-0.2240181320173136,0.008846811354027095,0.05238281082503731,1.9390117016739425
2260,Watford,2022-05-15,0.880697731728931,1,0.05273662164083323,0.34261488630415415,0.07571193876149594,-0.2304186532046576,0.008846811354027095,0.0,1.1301893365847842
2260,Leicester,2022-05-15,0.880697731728931,5,0.05273662164083323,0.0,0.38320824582903695,-0.04552470660748894,0.008846811354027095,0.05238281082503731,1.3323475147703767
2261,Everton,2022-05-15,0.880697731728931,2,0.05273662164083323,0.34261488630415415,0.6789424622624474,-0.5164056039454733,0.008381189703815144,0.0,1.4469672876947077
2261,Brentford,2022-05-15,0.880697731728931,3,0.07031549552111097,0.0,0.858831882193421,-0.4082401917514092,0.008381189703815144,0.05238281082503731,1.462368918220906
2262,Aston Villa,2022-05-15,0.880697731728931,1,0.05859624626759248,0.34261488630415415,0.5217571631509951,-0.35014721643224533,0.008381189703815144,0.0,1.4619000007232426
2262,Crystal Palace,2022-05-15,0.880697731728931,1,0.07031549552111097,0.0,0.5823282912418681,-0.31372650286541776,0.008381189703815144,0.05238281082503731,1.2803790161553446
2263,Tottenham,2022-05-15,0.880697731728931,1,0.04520281854928562,0.34261488630415415,0.7322794727474756,-0.48104802316090095,0.008846811354027095,0.0,1.5285936975229726
2263,Burnley,2022-05-15,0.880697731728931,0,0.07031549552111097,0.0,0.8000288455435195,-0.4403111146913238,0.008846811354027095,0.05238281082503731,1.371960580281302
2264,Leeds,2022-05-15,0.880697731728931,1,0.05273662164083323,0.34261488630415415,0.46088828150003813,-0.47215901950688327,0.008846811354027095,0.0,1.2736253130211006
2264,Brighton,2022-05-15,0.880697731728931,1,0.07031549552111097,0.0,0.7852455827735626,-0.2771267535522352,0.008846811354027095,0.05238281082503731,1.5203616786504337
2265,Newcastle,2022-05-16,0.880697731728931,2,0.07031549552111097,0.34261488630415415,0.847788594744087,-0.555507099893113,0.008846811354027095,0.0,1.5947564197591975
2265,Arsenal,2022-05-16,0.880697731728931,0,0.05273662164083323,0.0,0.923861407637602,-0.5097654038748238,0.008846811354027095,0.05238281082503731,1.4087599793116066
2266,Southampton,2022-05-17,0.880697731728931,1,0.07533803091547604,0.34261488630415415,0.34889811245227736,-0.6406792276128764,0.008846811354027095,0.0,1.0157163451419895
2266,Liverpool,2022-05-17,0.880697731728931,2,0.06711933663378775,0.0,1.0655107975766518,-0.2097883697752344,0.008846811354027095,0.05238281082503731,1.8647691183432002
2267,Everton,2022-05-19,0.880697731728931,3,0.05273662164083323,0.34261488630415415,0.6370927718117227,-0.3795951677887681,0.008846811354027095,0.0,1.5423936550509003
2267,Crystal Palace,2022-05-19,0.880697731728931,2,0.05273662164083323,0.0,0.6313030492557902,-0.38307646050176936,0.008846811354027095,0.05238281082503731,1.2428905643028492
2268,Aston Villa,2022-05-19,0.880697731728931,1,0.05273662164083323,0.34261488630415415,0.6010174852103536,-0.4706107660996766,0.008846811354027095,0.0,1.4153027701386227
2268,Burnley,2022-05-19,0.880697731728931,1,0.05273662164083323,0.0,0.7826706893609728,-0.36138481100535436,0.008846811354027095,0.05238281082503731,1.4159498539044468
2269,Chelsea,2022-05-19,0.880697731728931,1,0.07031549552111097,0.34261488630415415,0.6101537627825857,-0.29416569122839353,0.008381189703815144,0.0,1.6179973748122032
2269,Leicester,2022-05-19,0.880697731728931,1,0.05273662164083323,0.0,0.4892256635950175,-0.36687834825673393,0.008381189703815144,0.05238281082503731,1.1165456692369
2270,Norwich,2022-05-22,0.880697731728931,0,0.06711933663378775,0.34261488630415415,0.11485944764635549,-0.5013727017580494,0.008846811354027095,0.0,0.9127655119092063
2270,Tottenham,2022-05-22,0.880697731728931,5,0.06711933663378775,0.0,0.8338307288716649,-0.06906364756647601,0.008846811354027095,0.05238281082503731,1.773813771846972
2271,Man City,2022-05-22,0.880697731728931,3,0.06711933663378775,0.34261488630415415,1.136908647477855,-0.38521396507532263,0.008846811354027095,0.0,2.0509734484234325
2271,Aston Villa,2022-05-22,0.880697731728931,2,0.04520281854928562,0.0,0.6406476462400328,-0.6836099228549695,0.008846811354027095,0.05238281082503731,0.9441678958423442
2272,Liverpool,2022-05-22,0.880697731728931,3,0.05859624626759248,0.34261488630415415,1.085481117194967,-0.12188759687310635,0.008846811354027095,0.0,2.2543491959765656
2272,Wolves,2022-05-22,0.880697731728931,1,0.06711933663378775,0.0,0.2027107247457679,-0.652687148111987,0.008846811354027095,0.05238281082503731,0.5590702671755641
2273,Leicester,2022-05-22,0.880697731728931,4,0.04520281854928562,0.34261488630415415,0.5422343724780078,-0.1304593798341979,0.008846811354027095,0.0,1.6891372405802079
2273,Southampton,2022-05-22,0.880697731728931,1,0.05859624626759248,0.0,0.2169664191804957,-0.32603921024026156,0.008846811354027095,0.05238281082503731,0.8914508091158219
2274,Crystal Palace,2022-05-22,0.880697731728931,1,0.04520281854928562,0.34261488630415415,0.6557904282627511,-0.2523429074108323,0.008846811354027095,0.0,1.6808097687883166
2274,Man United,2022-05-22,0.880697731728931,0,0.08326834995921037,0.0,0.41967037629724974,-0.3943191434670295,0.008846811354027095,0.05238281082503731,1.050546936697426
2275,Brighton,2022-05-22,0.880697731728931,3,0.06711933663378775,0.34261488630415415,0.7327616950216373,-0.2398350407415602,0.008846811354027095,0.0,1.7922054203009772
2275,West Ham,2022-05-22,0.880697731728931,1,0.06711933663378775,0.0,0.39886859840846917,-0.44060106932608706,0.008846811354027095,0.05238281082503731,0.9673142196241652
2276,Burnley,2022-05-22,0.880697731728931,1,0.04520281854928562,0.34261488630415415,0.6889568853609854,-0.484969456456638,0.008846811354027095,0.0,1.481349676840745
2276,Newcastle,2022-05-22,0.880697731728931,2,0.06328394596899987,0.0,0.8065505639612566,-0.41426174767590307,0.008846811354027095,0.05238281082503731,1.3975001161623488
2277,Brentford,2022-05-22,0.880697731728931,1,0.06711933663378775,0.34261488630415415,0.8545895706402806,-0.18969376666927895,0.008846811354027095,0.0,1.964174569991902
2277,Leeds,2022-05-22,0.880697731728931,2,0.06711933663378775,0.0,0.3154788666587331,-0.5138547514385434,0.008846811354027095,0.05238281082503731,0.8106708057619728
2278,Arsenal,2022-05-22,0.880697731728931,5,0.06328394596899987,0.34261488630415415,0.8445869704080141,-0.4471901797166915,0.008846811354027095,0.0,1.6928401660474344
2278,Everton,2022-05-22,0.880697731728931,1,0.04520281854928562,0.0,0.7437200154494314,-0.5078403044657827,0.008846811354027095,0.05238281082503731,1.2230098834409298
2279,Chelsea,2022-05-22,0.880697731728931,2,0.04520281854928562,0.34261488630415415,0.5601810591174349,-0.048327548250325154,0.008846811354027095,0.0,1.7892157588035076
2279,Watford,2022-05-22,0.880697731728931,1,0.06711933663378775,0.0,0.08037333233510498,-0.33683034380785104,0.008846811354027095,0.05238281082503731,0.7525896790690371
2280,Crystal Palace,2022-08-05,0.880697731728931,0,0.08859752435659983,0.34261488630415415,0.7530688436749456,-0.4840069067521174,0.0004656216502119524,0.0,1.5814377009627254
2280,Arsenal,2022-08-05,0.880697731728931,2,0.08859752435659983,0.0,0.80494975179322,-0.45281152119932155,0.0004656216502119524,0.05238281082503731,1.3742819191546785
2281,Everton,2022-08-06,0.880697731728931,0,0.08859752435659983,0.34261488630415415,0.6694815484052148,-0.37293673147657097,0.0004656216502119524,0.0,1.6089205809685407
2281,Chelsea,2022-08-06,0.880697731728931,1,0.08859752435659983,0.0,0.6202294331935735,-0.40255145448441054,0.0004656216502119524,0.05238281082503731,1.2398216672699431
2282,Tottenham,2022-08-06,0.880697731728931,4,0.08859752435659983,0.34261488630415415,0.9696410828424735,-0.09079488486367962,0.0004656216502119524,0.0,2.191221962018691
2282,Southampton,2022-08-06,0.880697731728931,1,0.08859752435659983,0.0,0.15100057254460486,-0.5830338851845736,0.0004656216502119524,0.05238281082503731,0.5901103759208113
2283,Newcastle,2022-08-06,0.880697731728931,2,0.08859752435659983,0.34261488630415415,0.7859315485698414,-0.0,0.0004656216502119524,0.0,2.0983073126097382
2283,Nott'm Forest,2022-08-06,0.880697731728931,0,0.08203474477462948,0.0,0.0,-0.4725714827475451,0.0004656216502119524,0.05238281082503731,0.5430094262312646
2284,Leeds,2022-08-06,0.880697731728931,2,0.08859752435659983,0.34261488630415415,0.3278088851467945,-0.11207418832971454,0.0004656216502119524,0.0,1.528110460856977
2284,Wolves,2022-08-06,0.880697731728931,1,0.08859752435659983,0.0,0.18639008828159798,-0.1971076631209622,0.0004656216502119524,0.05238281082503731,1.0114261137214158
2285,Bournemouth,2022-08-06,0.880697731728931,2,0.08859752435659983,0.34261488630415415,0.4511052512952191,-0.3204329572705647,0.0004656216502119524,0.0,1.4430480580645515
2285,Aston Villa,2022-08-06,0.880697731728931,0,0.08859752435659983,0.0,0.5329106378918015,-0.27124433147862315,0.0004656216502119524,0.05238281082503731,1.2838099949739583
2286,Fulham,2022-08-06,0.880697731728931,2,0.08859752435659983,0.34261488630415415,0.1098600424902019,-0.6586911083615423,0.0004656216502119524,0.0,0.7635446981685565
2286,Liverpool,2022-08-06,0.880697731728931,2,0.08859752435659983,0.0,1.0954662770041246,-0.06605756349745194,0.0004656216502119524,0.05238281082503731,2.0515524020674527
2287,Leicester,2022-08-07,0.880697731728931,2,0.08859752435659983,0.34261488630415415,0.696290815782574,-0.4358837403453365,0.0004656216502119524,0.0,1.5727828394771346
2287,Brentford,2022-08-07,0.880697731728931,2,0.08859752435659983,0.0,0.7249163260006394,-0.41867155458593763,0.0004656216502119524,0.05238281082503731,1.3283884599754816
2288,Man United,2022-08-07,0.880697731728931,1,0.08859752435659983,0.34261488630415415,0.37990463996605295,-0.501517679075431,0.0004656216502119524,0.0,1.1907627249305188
2288,Brighton,2022-08-07,0.880697731728931,2,0.08859752435659983,0.0,0.8340718400087457,-0.2284322334917389,0.0004656216502119524,0.05238281082503731,1.6277832950777869
2289,West Ham,2022-08-07,0.880697731728931,0,0.08859752435659983,0.34261488630415415,0.3695037510216626,-0.6741524957330336,0.0004656216502119524,0.0,1.007727019328526
2289,Man City,2022-08-07,0.880697731728931,2,0.08859752435659983,0.0,1.1211800421455684,-0.22217830015710283,0.0004656216502119524,0.05238281082503731,1.9211454305492455
2290,Brentford,2022-08-13,0.880697731728931,4,0.06328394596899987,0.34261488630415415,0.6600797036808187,-0.21647689653219218,0.0004656216502119524,0.0,1.7306649928009232
2290,Man United,2022-08-13,0.880697731728931,0,0.06328394596899987,0.0,0.36002177180045447,-0.39689823479873304,0.0004656216502119524,0.05238281082503731,0.9599536471749015
2291,Wolves,2022-08-13,0.880697731728931,0,0.06711933663378775,0.34261488630415415,0.17822977004951301,-0.08415917164188733,0.0004656216502119524,0.0,1.3849681747247107
2291,Fulham,2022-08-13,0.880697731728931,0,0.06711933663378775,0.0,0.13996474715381496,-0.10716748405801864,0.0004656216502119524,0.05238281082503731,1.0334627639337644
2292,Southampton,2022-08-13,0.880697731728931,2,0.06711933663378775,0.34261488630415415,0.07550028627230243,-0.2775101961865458,0.0004656216502119524,0.0,1.0888876664028415
2292,Leeds,2022-08-13,0.880697731728931,2,0.06711933663378775,0.0,0.46152598325389627,-0.04539744243183981,0.0004656216502119524,0.05238281082503731,1.4167940416600244
2293,Man City,2022-08-13,0.880697731728931,4,0.06328394596899987,0.34261488630415415,1.1133157394794253,-0.3657089202585377,0.0004656216502119524,0.0,2.0346690048731846
2293,Bournemouth,2022-08-13,0.880697731728931,0,0.06711933663378775,0.0,0.6082088922368226,-0.6694237821720657,0.0004656216502119524,0.05238281082503731,0.9394506109027247
2294,Brighton,2022-08-13,0.880697731728931,0,0.06328394596899987,0.34261488630415415,0.9697616384110139,-0.46637249589299873,0.0004656216502119524,0.0,1.790451328170312
2294,Newcastle,2022-08-13,0.880697731728931,0,0.06711933663378775,0.0,0.7756220408741337,-0.5831063738432644,0.0004656216502119524,0.05238281082503731,1.1931811678688373
2295,Arsenal,2022-08-13,0.880697731728931,4,0.07031549552111097,0.34261488630415415,0.785131142485823,-0.49055292170535636,0.0004656216502119524,0.0,1.5886719559848748
2295,Leicester,2022-08-13,0.880697731728931,2,0.06328394596899987,0.0,0.8158364003892141,-0.47209020789528483,0.0004656216502119524,0.05238281082503731,1.3405763026671091
2296,Aston Villa,2022-08-13,0.880697731728931,2,0.06711933663378775,0.34261488630415415,0.3514900448546147,-0.303536507028528,0.0004656216502119524,0.0,1.3388511141431716
2296,Everton,2022-08-13,0.880697731728931,1,0.06711933663378775,0.0,0.5048102260200354,-0.2113468685284437,0.0004656216502119524,0.05238281082503731,1.2941288583295598
2297,Nott'm Forest,2022-08-14,0.880697731728931,1,0.07031549552111097,0.34261488630415415,0.0,-0.21334992986487414,0.0004656216502119524,0.0,1.0807438053395337
2297,West Ham,2022-08-14,0.880697731728931,0,0.06711933663378775,0.0,0.35482132732825933,-0.0,0.0004656216502119524,0.05238281082503731,1.3554868281662273
2298,Chelsea,2022-08-14,0.880697731728931,2,0.07031549552111097,0.34261488630415415,0.7778057090947138,-0.6238644768978356,0.0004656216502119524,0.0,1.448034967401286
2298,Tottenham,2022-08-14,0.880697731728931,2,0.07031549552111097,0.0,1.0375462598278777,-0.46768551015067295,0.0004656216502119524,0.00865181560173289,1.5299914141791915
2299,Liverpool,2022-08-15,0.880697731728931,1,0.07301993765653832,0.34261488630415415,1.0154241309999894,-0.40536212522572557,0.0004656216502119524,0.0,1.906860183114099
2299,Crystal Palace,2022-08-15,0.880697731728931,1,0.07533803091547604,0.0,0.6741559625179718,-0.6105626985931587,0.0004656216502119524,0.05238281082503731,1.0724774590444694
2300,Bournemouth,2022-08-20,0.880697731728931,0,0.06711933663378775,0.34261488630415415,0.5592086238445533,-0.46613185846686855,0.0009312433004239048,0.0,1.3844399633449815
2300,Arsenal,2022-08-20,0.880697731728931,3,0.06711933663378775,0.0,0.7752218378321246,-0.33624562980875294,0.0009312433004239048,0.05238281082503731,1.4401073305115515
2301,Leicester,2022-08-20,0.880697731728931,1,0.06711933663378775,0.34261488630415415,0.7480571038294631,-0.048263916162500586,0.0009312433004239048,0.0,1.9911563856342593
2301,Southampton,2022-08-20,0.880697731728931,2,0.06711933663378775,0.0,0.08026750609050821,-0.44979802042532363,0.0009312433004239048,0.05238281082503731,0.6316006081533646
2302,Fulham,2022-08-20,0.880697731728931,3,0.06711933663378775,0.34261488630415415,0.1975344624399785,-0.4541010668651733,0.0009312433004239048,0.0,1.034796593542102
2302,Brentford,2022-08-20,0.880697731728931,2,0.06711933663378775,0.0,0.7552134813839794,-0.1187751706606857,0.0009312433004239048,0.05238281082503731,1.6375694332114734
2303,Everton,2022-08-20,0.880697731728931,1,0.06711933663378775,0.34261488630415415,0.37995720187308873,-0.07669558483974204,0.0009312433004239048,0.0,1.5946248150006435
2303,Nott'm Forest,2022-08-20,0.880697731728931,1,0.06328394596899987,0.0,0.127552088863071,-0.22846383835400605,0.0009312433004239048,0.05238281082503731,0.896383982332457
2304,Crystal Palace,2022-08-20,0.880697731728931,3,0.05859624626759248,0.34261488630415415,0.549664796030771,-0.23349940899712526,0.0009312433004239048,0.0,1.5990054946347474
2304,Aston Villa,2022-08-20,0.880697731728931,1,0.06711933663378775,0.0,0.38833183719909237,-0.3305070373457662,0.0009312433004239048,0.05238281082503731,1.058955922341506
2305,Tottenham,2022-08-20,0.880697731728931,1,0.06328394596899987,0.34261488630415415,1.07149884832058,-0.10471413192217069,0.0009312433004239048,0.0,2.2543125237009183
2305,Wolves,2022-08-20,0.880697731728931,0,0.06711933663378775,0.0,0.1741496109334705,-0.6442797727544667,0.0009312433004239048,0.05238281082503731,0.5310009606671838
2306,Leeds,2022-08-21,0.880697731728931,3,0.07031549552111097,0.34261488630415415,0.5709018952618042,-0.515059899487724,0.0009312433004239048,0.0,1.3504013526287
2306,Chelsea,2022-08-21,0.880697731728931,0,0.06711933663378775,0.0,0.856593847045284,-0.34327665766591836,0.0009312433004239048,0.05238281082503731,1.5144483118675454
2307,West Ham,2022-08-21,0.880697731728931,0,0.06711933663378775,0.34261488630415415,0.34748011548155766,-0.5727703313340197,0.0009312433004239048,0.0,1.066072982114835
2307,Brighton,2022-08-21,0.880697731728931,2,0.07031549552111097,0.0,0.9525718117034341,-0.20893574471875978,0.0009312433004239048,0.05238281082503731,1.7479633483601773
2308,Newcastle,2022-08-21,0.880697731728931,3,0.07031549552111097,0.34261488630415415,0.812984649980637,-0.6670594253915817,0.0009312433004239048,0.0,1.440484581443675
2308,Man City,2022-08-21,0.880697731728931,3,0.07031549552111097,0.0,1.1093835881463538,-0.4888381974123062,0.0009312433004239048,0.05238281082503731,1.6248726721095506
2309,Man United,2022-08-22,0.880697731728931,2,0.07301993765653832,0.34261488630415415,0.30756297476329825,-0.5864984937089669,0.0009312433004239048,0.0,1.0183282800443787
2309,Liverpool,2022-08-22,0.880697731728931,1,0.06711933663378775,0.0,0.9754030579979218,-0.18493403310583814,0.0009312433004239048,0.03097908167072099,1.770196418225947
2310,Arsenal,2022-08-27,0.880697731728931,2,0.06711933663378775,0.34261488630415415,0.8978192743683464,-0.21277875500982696,0.0009312433004239048,0.0,1.9764037173258162
2310,Fulham,2022-08-27,0.880697731728931,1,0.06711933663378775,0.0,0.35387140894613134,-0.5398482685924024,0.0009312433004239048,0.05238281082503731,0.815154262841909
2311,Man City,2022-08-27,0.880697731728931,4,0.06328394596899987,0.34261488630415415,1.022382786571104,-0.34420988329894786,0.0009312433004239048,0.0,1.9657007105746649
2311,Crystal Palace,2022-08-27,0.880697731728931,2,0.06711933663378775,0.0,0.5724539386958846,-0.6147468571081783,0.0009312433004239048,0.05238281082503731,0.958838204075886
2312,Liverpool,2022-08-27,0.880697731728931,9,0.05859624626759248,0.34261488630415415,0.8278404326338169,-0.32151398458386055,0.0009312433004239048,0.0,1.7891665556510579
2312,Bournemouth,2022-08-27,0.880697731728931,0,0.06711933663378775,0.0,0.5347084896484187,-0.4977708064271289,0.0009312433004239048,0.05238281082503731,1.0380688057094698
2313,Brighton,2022-08-27,0.880697731728931,1,0.06328394596899987,0.34261488630415415,0.943976898349644,-0.45285547324534664,0.0009312433004239048,0.0,1.7786492324068062
2313,Leeds,2022-08-27,0.880697731728931,0,0.06328394596899987,0.0,0.7531419401288291,-0.5676023100793973,0.0009312433004239048,0.05238281082503731,1.1828353618728238
2314,Brentford,2022-08-27,0.880697731728931,1,0.06711933663378775,0.34261488630415415,0.6752282813724888,-0.21649269896332576,0.0009312433004239048,0.0,1.7500987803764598
2314,Everton,2022-08-27,0.880697731728931,1,0.06711933663378775,0.0,0.3600480527539724,-0.4060068980586514,0.0009312433004239048,0.05238281082503731,0.955172277183501
2315,Southampton,2022-08-27,0.880697731728931,0,0.06711933663378775,0.34261488630415415,0.21020320486268212,-0.16916260139266112,0.0009312433004239048,0.0,1.3324038014373178
2315,Man United,2022-08-27,0.880697731728931,1,0.05859624626759248,0.0,0.28133357624472016,-0.12639273786757302,0.0009312433004239048,0.05238281082503731,1.1475488704991317
2316,Chelsea,2022-08-27,0.880697731728931,2,0.06328394596899987,0.34261488630415415,0.768435827157498,-0.3527249849455652,0.0009312433004239048,0.0,1.7032386495144414
2316,Leicester,2022-08-27,0.880697731728931,1,0.06711933663378775,0.0,0.5866153666865166,-0.46205150931650746,0.0009312433004239048,0.05238281082503731,1.125694979858189
2317,Nott'm Forest,2022-08-28,0.880697731728931,0,0.07031549552111097,0.34261488630415415,0.23384549624896353,-0.6544874206827822,0.0009312433004239048,0.0,0.8739174324208013
2317,Tottenham,2022-08-28,0.880697731728931,2,0.07031549552111097,0.0,1.088475142566931,-0.14060857220619374,0.0009312433004239048,0.05238281082503731,1.9521938517362403
2318,Aston Villa,2022-08-28,0.880697731728931,0,0.07031549552111097,0.34261488630415415,0.36423537041697424,-0.13003306730596056,0.0009312433004239048,0.0,1.5287616599656335
2318,West Ham,2022-08-28,0.880697731728931,1,0.06711933663378775,0.0,0.21625742069513584,-0.21901048428488534,0.0009312433004239048,0.05238281082503731,0.9983780588984303
2319,Wolves,2022-08-28,0.880697731728931,1,0.07031549552111097,0.34261488630415415,0.1721095313754493,-0.5256362431185406,0.0009312433004239048,0.0,0.9410326451115286
2319,Newcastle,2022-08-28,0.880697731728931,1,0.06711933663378775,0.0,0.8741833174882455,-0.10348745585424672,0.0009312433004239048,0.05238281082503731,1.7718269841221785
2320,Fulham,2022-08-30,0.880697731728931,2,0.04520281854928562,0.34261488630415415,0.3895225192448507,-0.6161486893452475,0.0013968649506358572,0.0,1.04328613143261
2320,Brighton,2022-08-30,0.880697731728931,1,0.04520281854928562,0.0,1.024714167581463,-0.2342153522378169,0.0013968649506358572,0.05238281082503731,1.7701790413975358
2321,Southampton,2022-08-30,0.880697731728931,2,0.04520281854928562,0.34261488630415415,0.2751710542487691,-0.4866777041240606,0.0013968649506358572,0.0,1.0584056516577152
2321,Chelsea,2022-08-30,0.880697731728931,1,0.04520281854928562,0.0,0.8093915431223192,-0.16545714872010922,0.0013968649506358572,0.05238281082503731,1.6236146204560997
2322,Crystal Palace,2022-08-30,0.880697731728931,1,0.04520281854928562,0.34261488630415415,0.5838485100284414,-0.3308294237622291,0.0013968649506358572,0.0,1.522931387799219
2322,Brentford,2022-08-30,0.880697731728931,1,0.04520281854928562,0.0,0.5502009554580294,-0.3510613062755387,0.0013968649506358572,0.05238281082503731,1.1788198752363805
2323,Leeds,2022-08-30,0.880697731728931,1,0.04520281854928562,0.34261488630415415,0.8017445996079846,-0.15937673937482424,0.0013968649506358572,0.0,1.912280161766167
2323,Everton,2022-08-30,0.880697731728931,1,0.04520281854928562,0.0,0.2650587522857002,-0.4820796860884801,0.0013968649506358572,0.05238281082503731,0.7626592922511098
2324,West Ham,2022-08-31,0.880697731728931,1,0.04520281854928562,0.34261488630415415,0.23568079921063895,-0.65959124464694,0.0013968649506358572,0.0,0.8460018560967055
2324,Tottenham,2022-08-31,0.880697731728931,1,0.04520281854928562,0.0,1.0969632896901067,-0.14171211849272233,0.0013968649506358572,0.05238281082503731,1.9349313972512743
2325,Liverpool,2022-08-31,0.880697731728931,2,0.05273662164083323,0.34261488630415415,0.7540591199517646,-0.4929048760784964,0.0013968649506358572,0.0,1.5386003484978228
2325,Newcastle,2022-08-31,0.880697731728931,1,0.04520281854928562,0.0,0.8197479253333358,-0.4534069627862099,0.0013968649506358572,0.05238281082503731,1.3460211886010158
2326,Man City,2022-08-31,0.880697731728931,6,0.05273662164083323,0.34261488630415415,1.063917111692193,-0.1725650658894196,0.0013968649506358572,0.0,2.1687981504273277
2326,Nott'm Forest,2022-08-31,0.880697731728931,0,0.04520281854928562,0.0,0.2869921999419098,-0.639720962859638,0.0013968649506358572,0.05238281082503731,0.6269514631361615
2327,Arsenal,2022-08-31,0.880697731728931,2,0.05273662164083323,0.34261488630415415,1.0866700814995283,-0.1862008269821847,0.0013968649506358572,0.0,2.1779153591418976
2327,Aston Villa,2022-08-31,0.880697731728931,1,0.04520281854928562,0.0,0.3096697740715581,-0.6534020584949114,0.0013968649506358572,0.05238281082503731,0.6359479416305364
2328,Bournemouth,2022-08-31,0.880697731728931,0,0.05273662164083323,0.34261488630415415,0.5224584225503514,-0.10287411782028472,0.0013968649506358572,0.0,1.6970304093546211
2328,Wolves,2022-08-31,0.880697731728931,0,0.04520281854928562,0.0,0.17108949159643866,-0.3141481619714143,0.0013968649506358572,0.05238281082503731,0.8366215556789139
2329,Leicester,2022-09-01,0.880697731728931,0,0.05859624626759248,0.34261488630415415,0.46337713516068635,-0.23797247037581468,0.0013968649506358572,0.0,1.5087103940361855
2329,Man United,2022-09-01,0.880697731728931,1,0.05859624626759248,0.0,0.3957709658485022,-0.2786232722591054,0.0013968649506358572,0.05238281082503731,1.1102213473615936
2330,Everton,2022-09-03,0.880697731728931,0,0.05273662164083323,0.34261488630415415,0.26008146500592116,-0.4312250409657504,0.0013968649506358572,0.0,1.1063025286647252
2330,Liverpool,2022-09-03,0.880697731728931,0,0.04520281854928562,0.0,0.7171684636107383,-0.15638395452715417,0.0013968649506358572,0.05238281082503731,1.540464735137474
2331,Brentford,2022-09-03,0.880697731728931,5,0.05273662164083323,0.34261488630415415,0.5302046554551567,-0.4455614026168855,0.0013968649506358572,0.0,1.3620893574628257
2331,Leeds,2022-09-03,0.880697731728931,2,0.05273662164083323,0.0,0.7410112034388483,-0.31880588156059864,0.0013968649506358572,0.05238281082503731,1.4094193510236872
2332,Chelsea,2022-09-03,0.880697731728931,2,0.05273662164083323,0.34261488630415415,0.7023173122416586,-0.1731168390326839,0.0013968649506358572,0.0,1.8066465778335292
2332,West Ham,2022-09-03,0.880697731728931,1,0.04520281854928562,0.0,0.2879098514227475,-0.42229521668809505,0.0013968649506358572,0.05238281082503731,0.8452948607885421
2333,Newcastle,2022-09-03,0.880697731728931,0,0.04520281854928562,0.34261488630415415,0.66497814039281,-0.30335662787067275,0.0013968649506358572,0.0,1.631533814055144
2333,Crystal Palace,2022-09-03,0.880697731728931,0,0.05273662164083323,0.0,0.5045110697860057,-0.3998436077187323,0.0013968649506358572,0.05238281082503731,1.0918814912127108
2334,Nott'm Forest,2022-09-03,0.880697731728931,2,0.04520281854928562,0.34261488630415415,0.3135655517883829,-0.2593348607720299,0.0013968649506358572,0.0,1.3241429925493597
2334,Bournemouth,2022-09-03,0.880697731728931,3,0.04520281854928562,0.0,0.4312986630926037,-0.18854331273103253,0.0013968649506358572,0.05238281082503731,1.2224355764154609
2335,Tottenham,2022-09-03,0.880697731728931,2,0.04520281854928562,0.34261488630415415,1.0161726373429805,-0.3216292356915539,0.0013968649506358572,0.0,1.9644557031844332
2335,Fulham,2022-09-03,0.880697731728931,1,0.05273662164083323,0.0,0.5349001632572814,-0.6110127667358575,0.0013968649506358572,0.05238281082503731,0.9111014256668613
2336,Wolves,2022-09-03,0.880697731728931,1,0.04520281854928562,0.34261488630415415,0.21309683466129034,-0.2616849389861194,0.0013968649506358572,0.0,1.2213241972081776
2336,Southampton,2022-09-03,0.880697731728931,0,0.05273662164083323,0.0,0.43520706780488355,-0.1281326437498844,0.0013968649506358572,0.05238281082503731,1.2942884532004366
2337,Aston Villa,2022-09-03,0.880697731728931,1,0.04520281854928562,0.34261488630415415,0.2823869758988501,-0.6522080157353678,0.0013968649506358572,0.0,0.900091261696489
2337,Man City,2022-09-03,0.880697731728931,1,0.04520281854928562,0.0,1.0846842742527376,-0.1697959983308344,0.0013968649506358572,0.05238281082503731,1.8945685019757932
2338,Man United,2022-09-04,0.880697731728931,3,0.04520281854928562,0.34261488630415415,0.5805417495134642,-0.710178953446166,0.0013968649506358572,0.0,1.1402750976003049
2338,Arsenal,2022-09-04,0.880697731728931,1,0.05273662164083323,0.0,1.1810954850651192,-0.34907298970713346,0.0013968649506358572,0.06520223288348526,1.832055946561871
2339,Brighton,2022-09-04,0.880697731728931,5,0.05859624626759248,0.34261488630415415,0.9375307133343016,-0.16487683107613335,0.0013968649506358572,0.0,2.055959611509482
2339,Leicester,2022-09-04,0.880697731728931,2,0.04520281854928562,0.0,0.27420593053470016,-0.5637262941384306,0.0013968649506358572,0.05238281082503731,0.6901598624501593
2340,Aston Villa,2022-09-16,0.880697731728931,1,0.08065600956833317,0.34261488630415415,0.31126293976685304,-0.30979883411912446,0.0018624866008478097,0.0,1.3072952198499945
2340,Southampton,2022-09-16,0.880697731728931,0,0.08065600956833317,0.0,0.5152250745829409,-0.1871587789517399,0.0018624866008478097,0.05238281082503731,1.3436653343543503
2341,Nott'm Forest,2022-09-16,0.880697731728931,2,0.08065600956833317,0.34261488630415415,0.3268522277116195,-0.33977098247184173,0.0018624866008478097,0.0,1.2929123594420437
2341,Fulham,2022-09-16,0.880697731728931,3,0.08065600956833317,0.0,0.5650716223091398,-0.196532436151839,0.0018624866008478097,0.05238281082503731,1.38413822488045
2342,Wolves,2022-09-17,0.880697731728931,0,0.08203474477462948,0.34261488630415415,0.36165259505678726,-0.6073211522800714,0.0018624866008478097,0.0,1.0615412921852783
2342,Man City,2022-09-17,0.880697731728931,3,0.08203474477462948,0.0,1.010033129624296,-0.2174574915544263,0.0018624866008478097,0.05238281082503731,1.809553411999315
2343,Newcastle,2022-09-17,0.880697731728931,1,0.08203474477462948,0.34261488630415415,0.502558522013833,-0.23192821017233767,0.0018624866008478097,0.0,1.5778401612500577
2343,Bournemouth,2022-09-17,0.880697731728931,1,0.08203474477462948,0.0,0.3857187833637299,-0.30218258364568884,0.0018624866008478097,0.05238281082503731,1.1005139736474865
2344,Tottenham,2022-09-17,0.880697731728931,6,0.08203474477462948,0.34261488630415415,0.9757773111694173,-0.08243841553806668,0.0018624866008478097,0.0,2.200548745039913
2344,Leicester,2022-09-17,0.880697731728931,2,0.08065600956833317,0.0,0.13710296526735008,-0.5867235277803163,0.0018624866008478097,0.05238281082503731,0.5659784762101829
2345,Brentford,2022-09-18,0.880697731728931,0,0.08326834995921037,0.34261488630415415,0.6052412313624345,-0.6618718160820511,0.0018624866008478097,0.0,1.2518128698735267
2345,Arsenal,2022-09-18,0.880697731728931,3,0.08203474477462948,0.0,1.1007560979848439,-0.36392450035294477,0.0018624866008478097,0.05238281082503731,1.7538093715613448
2346,Everton,2022-09-18,0.880697731728931,1,0.08326834995921037,0.34261488630415415,0.3001101843203886,-0.18881919930266466,0.0018624866008478097,0.0,1.4197344396108673
2346,West Ham,2022-09-18,0.880697731728931,0,0.08326834995921037,0.0,0.3140243775288018,-0.18045275704989983,0.0018624866008478097,0.05238281082503731,1.1517829995929283
2347,Southampton,2022-10-01,0.880697731728931,1,0.08326834995921037,0.34261488630415415,0.5127167150176124,-0.2691827431510147,0.0018624866008478097,0.0,1.551977426459741
2347,Everton,2022-10-01,0.880697731728931,2,0.08065600956833317,0.0,0.44767663284069337,-0.3082905867390463,0.0018624866008478097,0.05238281082503731,1.1549850848247964
2348,West Ham,2022-10-01,0.880697731728931,2,0.08065600956833317,0.34261488630415415,0.3270816405818289,-0.23655472051011656,0.0018624866008478097,0.0,1.3963580342739783
2348,Wolves,2022-10-01,0.880697731728931,0,0.08203474477462948,0.0,0.39341311230017867,-0.19667037943765506,0.0018624866008478097,0.05238281082503731,1.2137205067919692
2349,Liverpool,2022-10-01,0.880697731728931,3,0.08859752435659983,0.34261488630415415,0.6987231354402252,-0.537515096535022,0.0018624866008478097,0.0,1.4749806678957362
2349,Brighton,2022-10-01,0.880697731728931,3,0.08859752435659983,0.0,0.8939389862107209,-0.42013408005552066,0.0018624866008478097,0.05238281082503731,1.4973454596666163
2350,Arsenal,2022-10-01,0.880697731728931,3,0.08065600956833317,0.34261488630415415,1.060586404444706,-0.625709298195707,0.0018624866008478097,0.0,1.7407082204512652
2350,Tottenham,2022-10-01,0.880697731728931,1,0.08203474477462948,0.0,1.0406143739913498,-0.6377182473999937,0.0018624866008478097,0.007936789518945046,1.3754278792147092
2351,Crystal Palace,2022-10-01,0.880697731728931,1,0.08859752435659983,0.34261488630415415,0.5073597126191449,-0.3901039729701123,0.0018624866008478097,0.0,1.4310283686395655
2351,Chelsea,2022-10-01,0.880697731728931,2,0.08859752435659983,0.0,0.6487801968013284,-0.30506948361482045,0.0018624866008478097,0.05238281082503731,1.367251266697924
2352,Bournemouth,2022-10-01,0.880697731728931,0,0.08203474477462948,0.34261488630415415,0.40544620645365,-0.3097882249093758,0.0018624866008478097,0.0,1.4028678309528366
2352,Brentford,2022-10-01,0.880697731728931,0,0.08065600956833317,0.0,0.5152074304530022,-0.24379007981907225,0.0018624866008478097,0.05238281082503731,1.2870163893570792
2353,Fulham,2022-10-01,0.880697731728931,1,0.08326834995921037,0.34261488630415415,0.6651920777437829,-0.2533520716091672,0.0018624866008478097,0.0,1.720283460727759
2353,Newcastle,2022-10-01,0.880697731728931,4,0.08203474477462948,0.0,0.4213487128243445,-0.399972245755147,0.0018624866008478097,0.05238281082503731,1.038354240998643
2354,Man City,2022-10-02,0.880697731728931,6,0.08326834995921037,0.34261488630415415,0.9727075573100749,-0.4813188342125349,0.0018624866008478097,0.0,1.7998321776906832
2354,Man United,2022-10-02,0.880697731728931,3,0.08859752435659983,0.0,0.8004792302090161,-0.5848777205524232,0.0018624866008478097,0.007936789518945046,1.1946960418619166
2355,Leeds,2022-10-02,0.880697731728931,0,0.08859752435659983,0.34261488630415415,0.5830924164912091,-0.1958401692621927,0.0018624866008478097,0.0,1.7010248762195495
2355,Aston Villa,2022-10-02,0.880697731728931,0,0.08437859462533318,0.0,0.3257009217008546,-0.35060667604134615,0.0018624866008478097,0.05238281082503731,0.9944158694396575
2356,Leicester,2022-10-03,0.880697731728931,4,0.08437859462533318,0.34261488630415415,0.06855148263367504,-0.12383141302250017,0.0018624866008478097,0.0,1.2542737688704408
2356,Nott'm Forest,2022-10-03,0.880697731728931,0,0.08538310170420618,0.0,0.20594347681016675,-0.04121920776903334,0.0018624866008478097,0.05238281082503731,1.1850503999001556
2357,Bournemouth,2022-10-08,0.880697731728931,2,0.06711933663378775,0.34261488630415415,0.45782728095296704,-0.09730518872425872,0.002328108251059762,0.0,1.6532821551466412
2357,Leicester,2022-10-08,0.880697731728931,1,0.05859624626759248,0.0,0.16182783017990854,-0.2752862095890202,0.002328108251059762,0.05238281082503731,0.8805465176635088
2358,Chelsea,2022-10-08,0.880697731728931,3,0.06711933663378775,0.34261488630415415,0.7070463649898772,-0.24610333498796166,0.0018624866008478097,0.0,1.7532374712696364
2358,Wolves,2022-10-08,0.880697731728931,0,0.06711933663378775,0.0,0.40929337092187434,-0.4251387410042823,0.0018624866008478097,0.05238281082503731,0.9862169957061959
2359,Man City,2022-10-08,0.880697731728931,4,0.06328394596899987,0.34261488630415415,1.0390794970616786,-0.23084087820926522,0.002328108251059762,0.0,2.097163291105558
2359,Southampton,2022-10-08,0.880697731728931,0,0.06711933663378775,0.0,0.38391044637187727,-0.6247863945817604,0.002328108251059762,0.05238281082503731,0.7616520392289325
2360,Newcastle,2022-10-08,0.880697731728931,5,0.06711933663378775,0.34261488630415415,0.4657785341383143,-0.308285282134172,0.002328108251059762,0.0,1.450253314922075
2360,Brentford,2022-10-08,0.880697731728931,1,0.06711933663378775,0.0,0.5127078929526432,-0.28006720548406766,0.002328108251059762,0.05238281082503731,1.2351686749073914
2361,Brighton,2022-10-08,0.880697731728931,0,0.06711933663378775,0.34261488630415415,0.8721431226489305,-0.5685065985636604,0.0018624866008478097,0.0,1.595930965352991
2361,Tottenham,2022-10-08,0.880697731728931,1,0.06711933663378775,0.0,0.945480816539245,-0.5244094977333178,0.0018624866008478097,0.05238281082503731,1.423133684594531
2362,Everton,2022-10-09,0.880697731728931,1,0.07031549552111097,0.34261488630415415,0.6064945830095597,-0.5474417564652356,0.002328108251059762,0.0,1.3550090483495798
2362,Man United,2022-10-09,0.880697731728931,2,0.06711933663378775,0.0,0.9104479705567922,-0.3646781260947335,0.002328108251059762,0.05238281082503731,1.5482978319008747
2363,Crystal Palace,2022-10-09,0.880697731728931,2,0.07031549552111097,0.34261488630415415,0.46626667108135744,-0.30312931275357646,0.002328108251059762,0.0,1.4590935801330367
2363,Leeds,2022-10-09,0.880697731728931,1,0.06711933663378775,0.0,0.5041330230173896,-0.28036071654031364,0.002328108251059762,0.05238281082503731,1.2263002939158918
2364,West Ham,2022-10-09,0.880697731728931,3,0.07031549552111097,0.34261488630415415,0.4611623609714135,-0.3533772925570576,0.002328108251059762,0.0,1.4037412902196118
2364,Fulham,2022-10-09,0.880697731728931,1,0.07031549552111097,0.0,0.5877002165980335,-0.2772915543448923,0.002328108251059762,0.05238281082503731,1.31613280857928
2365,Arsenal,2022-10-09,0.880697731728931,3,0.07031549552111097,0.34261488630415415,1.040501557674637,-0.41458859960040584,0.002328108251059762,0.0,1.9218691798794871
2365,Liverpool,2022-10-09,0.880697731728931,2,0.07031549552111097,0.0,0.6895004713549687,-0.6256414630589651,0.002328108251059762,0.06491886811649923,1.0821192119136045
2366,Nott'm Forest,2022-10-10,0.880697731728931,1,0.06711933663378775,0.34261488630415415,0.10297173840508338,-0.22574605936399975,0.002328108251059762,0.0,1.1699857419590165
2366,Aston Villa,2022-10-10,0.880697731728931,1,0.07031549552111097,0.0,0.3754372756222123,-0.061915706511250085,0.002328108251059762,0.05238281082503731,1.3192457154371011
2367,Brentford,2022-10-14,0.880697731728931,2,0.06328394596899987,0.34261488630415415,0.46894076124810663,-0.4411611134927237,0.002328108251059762,0.0,1.3167043200085276
2367,Brighton,2022-10-14,0.880697731728931,0,0.06328394596899987,0.0,0.7336931020049643,-0.2819686157999894,0.002328108251059762,0.05238281082503731,1.4504170829790028
2368,Leicester,2022-10-15,0.880697731728931,0,0.06711933663378775,0.34261488630415415,0.20846600395302528,-0.2680063330030602,0.002328108251059762,0.0,1.2332197338678978
2368,Crystal Palace,2022-10-15,0.880697731728931,0,0.06328394596899987,0.0,0.44572015031246376,-0.1253481792018714,0.002328108251059762,0.05238281082503731,1.3190645678846202
2369,Fulham,2022-10-15,0.880697731728931,2,0.06328394596899987,0.34261488630415415,0.5489542860251588,-0.36772985931373625,0.002328108251059762,0.0,1.4701490989645671
2369,Bournemouth,2022-10-15,0.880697731728931,2,0.06711933663378775,0.0,0.6115699070656966,-0.3300798159580129,0.002328108251059762,0.05238281082503731,1.2840180785464994
2370,Wolves,2022-10-15,0.880697731728931,1,0.06711933663378775,0.34261488630415415,0.37471613727836517,-0.056523048202205724,0.002328108251059762,0.0,1.6109531519940923
2370,Nott'm Forest,2022-10-15,0.880697731728931,0,0.05859624626759248,0.0,0.0940032321568987,-0.22531244728030356,0.002328108251059762,0.05238281082503731,0.8626956819492156
2371,Tottenham,2022-10-15,0.880697731728931,2,0.06711933663378775,0.34261488630415415,0.8979140378131926,-0.38686062262001214,0.002328108251059762,0.0,1.8038134781111133
2371,Everton,2022-10-15,0.880697731728931,0,0.06328394596899987,0.0,0.6433861951396359,-0.539905248747637,0.002328108251059762,0.05238281082503731,1.1021735431660267
2372,Aston Villa,2022-10-16,0.880697731728931,0,0.06328394596899987,0.34261488630415415,0.44282281553724817,-0.5193517098611093,0.002328108251059762,0.0,1.2123957779292835
2372,Chelsea,2022-10-16,0.880697731728931,2,0.07031549552111097,0.0,0.8637315379472227,-0.266264199361484,0.002328108251059762,0.05238281082503731,1.6031914849118776
2373,Leeds,2022-10-16,0.880697731728931,0,0.06711933663378775,0.34261488630415415,0.3371012374174088,-0.6196030708884507,0.002328108251059762,0.0,1.010258229446891
2373,Arsenal,2022-10-16,0.880697731728931,1,0.06711933663378775,0.0,1.0304591342896026,-0.2026950462699496,0.002328108251059762,0.05238281082503731,1.8302920754584688
2374,Man United,2022-10-16,0.880697731728931,0,0.06711933663378775,0.34261488630415415,0.9654323407306801,-0.3445551623146793,0.0018624866008478097,0.0,1.9131716196837216
2374,Newcastle,2022-10-16,0.880697731728931,0,0.07031549552111097,0.0,0.5730281707040132,-0.580503217591586,0.0018624866008478097,0.05238281082503731,0.9977834777883541
2375,Southampton,2022-10-16,0.880697731728931,1,0.07031549552111097,0.34261488630415415,0.3195073120490096,-0.31760214179851093,0.002328108251059762,0.0,1.2978613920557547
2375,West Ham,2022-10-16,0.880697731728931,1,0.06711933663378775,0.0,0.5282027211662058,-0.19211602394437466,0.002328108251059762,0.05238281082503731,1.3386146846606468
2376,Liverpool,2022-10-16,0.880697731728931,1,0.06711933663378775,0.34261488630415415,0.6848891393123404,-0.644740731596429,0.002328108251059762,0.0,1.3329084706338443
2376,Man City,2022-10-16,0.880697731728931,0,0.07031549552111097,0.0,1.0722654669374803,-0.41181585937284837,0.002328108251059762,0.03097908167072099,1.6447700247364545
2377,Crystal Palace,2022-10-18,0.880697731728931,2,0.04520281854928562,0.34261488630415415,0.47796425288237393,-0.2660473933196359,0.0027937299012717144,0.0,1.4832260260463805
2377,Wolves,2022-10-18,0.880697731728931,1,0.04520281854928562,0.0,0.44246224636532466,-0.28739433618101423,0.0027937299012717144,0.05238281082503731,1.1361450011888359
2378,Brighton,2022-10-18,0.880697731728931,0,0.05273662164083323,0.34261488630415415,0.5369160028199101,-0.05382671904768355,0.002328108251059762,0.0,1.761466631697205
2378,Nott'm Forest,2022-10-18,0.880697731728931,0,0.04520281854928562,0.0,0.08951897903280635,-0.32284133653268454,0.002328108251059762,0.05238281082503731,0.7472891118544354
2379,Bournemouth,2022-10-19,0.880697731728931,0,0.05273662164083323,0.34261488630415415,0.6884412201220614,-0.121623206918768,0.0027937299012717144,0.0,1.8456609827784838
2379,Southampton,2022-10-19,0.880697731728931,1,0.04520281854928562,0.0,0.20227101897886182,-0.4139516841760943,0.0027937299012717144,0.05238281082503731,0.7693964258072931
2380,Brentford,2022-10-19,0.880697731728931,0,0.05859624626759248,0.34261488630415415,0.5320919213045523,-0.5664581942895228,0.0027937299012717144,0.0,1.250336321216979
2380,Chelsea,2022-10-19,0.880697731728931,0,0.04520281854928562,0.0,0.9420741244258953,-0.31994067252605946,0.0027937299012717144,0.05238281082503731,1.6032105429043615
2381,Liverpool,2022-10-19,0.880697731728931,1,0.04520281854928562,0.34261488630415415,0.6825834732910263,-0.3377574355253202,0.0027937299012717144,0.0,1.6161352042493486
2381,West Ham,2022-10-19,0.880697731728931,0,0.04520281854928562,0.0,0.5617229012636019,-0.41042948925906964,0.0027937299012717144,0.05238281082503731,1.1323705030090578
2382,Newcastle,2022-10-19,0.880697731728931,1,0.04520281854928562,0.34261488630415415,0.6691703519412197,-0.37238667593607083,0.0027937299012717144,0.0,1.5680928424887914
2382,Everton,2022-10-19,0.880697731728931,0,0.05273662164083323,0.0,0.619314638250317,-0.40236433567656577,0.0027937299012717144,0.05238281082503731,1.2055611966698243
2383,Man United,2022-10-19,0.880697731728931,2,0.04520281854928562,0.34261488630415415,0.9078897999089101,-0.5767349637327867,0.002328108251059762,0.0,1.601998381009554
2383,Tottenham,2022-10-19,0.880697731728931,0,0.05273662164083323,0.0,0.9591653743588804,-0.5459035582615998,0.002328108251059762,0.06547851353129663,1.4145027912494013
2384,Fulham,2022-10-20,0.880697731728931,3,0.05859624626759248,0.34261488630415415,0.44454659483000747,-0.2865232693602261,0.0027937299012717144,0.0,1.4427259196717308
2384,Aston Villa,2022-10-20,0.880697731728931,0,0.05273662164083323,0.0,0.47651558549476614,-0.26730068776532917,0.0027937299012717144,0.05238281082503731,1.19782579182551
2385,Leicester,2022-10-20,0.880697731728931,2,0.05859624626759248,0.34261488630415415,0.2743024537939407,-0.15247791302813615,0.0027937299012717144,0.0,1.406527134967754
2385,Leeds,2022-10-20,0.880697731728931,0,0.05273662164083323,0.0,0.25358534461741844,-0.16493486938725843,0.0027937299012717144,0.05238281082503731,1.0772613693262332
2386,Chelsea,2022-10-22,0.880697731728931,1,0.04520281854928562,0.34261488630415415,1.0237627806195888,-0.5286037285966068,0.002328108251059762,0.0,1.7660025968564126
2386,Man United,2022-10-22,0.880697731728931,1,0.04520281854928562,0.0,0.8791185294980252,-0.6155766314503103,0.002328108251059762,0.06574797243471761,1.257518529011709
2387,Man City,2022-10-22,0.880697731728931,3,0.06328394596899987,0.34261488630415415,0.9613063630123102,-0.2892466429992457,0.0027937299012717144,0.0,1.9614500139164208
2387,Brighton,2022-10-22,0.880697731728931,1,0.05273662164083323,0.0,0.4810448161817401,-0.5780223152640214,0.0027937299012717144,0.05238281082503731,0.891633395013792
2388,Everton,2022-10-22,0.880697731728931,3,0.04520281854928562,0.34261488630415415,0.5647614968513005,-0.34821872766315254,0.0027937299012717144,0.0,1.4878519356717905
2388,Crystal Palace,2022-10-22,0.880697731728931,0,0.05273662164083323,0.0,0.579121030076043,-0.3395845076475195,0.0027937299012717144,0.05238281082503731,1.2281474165245967
2389,Nott'm Forest,2022-10-22,0.880697731728931,1,0.05273662164083323,0.34261488630415415,0.12979421542511718,-0.40973630420218027,0.0027937299012717144,0.0,0.9989008807981272
2389,Liverpool,2022-10-22,0.880697731728931,0,0.04520281854928562,0.0,0.6814306402803691,-0.07804374941700314,0.0027937299012717144,0.05238281082503731,1.5844639818678914
2390,Aston Villa,2022-10-23,0.880697731728931,4,0.04520281854928562,0.34261488630415415,0.4508446075191681,-0.2877963109959331,0.0027937299012717144,0.0,1.4343574630068774
2390,Brentford,2022-10-23,0.880697731728931,0,0.05273662164083323,0.0,0.4786327754240612,-0.27108760941301646,0.0027937299012717144,0.05238281082503731,1.1961560601071177
2391,Leeds,2022-10-23,0.880697731728931,2,0.04520281854928562,0.34261488630415415,0.1693100352630662,-0.31260670850872935,0.0027937299012717144,0.0,1.1280124932379794
2391,Fulham,2022-10-23,0.880697731728931,3,0.04520281854928562,0.0,0.5198948380955027,-0.10180415146064876,0.0027937299012717144,0.05238281082503731,1.3991677776393796
2392,Southampton,2022-10-23,0.880697731728931,1,0.05273662164083323,0.34261488630415415,0.2712049613068589,-0.6165838748031935,0.0027937299012717144,0.0,0.9334640560788556
2392,Arsenal,2022-10-23,0.880697731728931,1,0.06711933663378775,0.0,1.0254379225970853,-0.16307238324570672,0.0027937299012717144,0.05238281082503731,1.8653591484404064
2393,Wolves,2022-10-23,0.880697731728931,0,0.05859624626759248,0.34261488630415415,0.34878321204573337,-0.261423799319694,0.0027937299012717144,0.0,1.372062006927989
2393,Leicester,2022-10-23,0.880697731728931,4,0.04520281854928562,0.0,0.4347727675774694,-0.20971928149955998,0.0027937299012717144,0.05238281082503731,1.206130577082435
2394,Tottenham,2022-10-23,0.880697731728931,1,0.05273662164083323,0.34261488630415415,0.8622389537686532,-0.48239931225067034,0.0027937299012717144,0.0,1.658682611093173
2394,Newcastle,2022-10-23,0.880697731728931,2,0.05273662164083323,0.0,0.8022761684685369,-0.5184542363856195,0.0027937299012717144,0.05238281082503731,1.2724328261789906
2395,West Ham,2022-10-24,0.880697731728931,2,0.05859624626759248,0.34261488630415415,0.5784829913123,-0.3603670117675312,0.0027937299012717144,0.0,1.5028185737467181
2395,Bournemouth,2022-10-24,0.880697731728931,0,0.05859624626759248,0.0,0.5993247877871727,-0.34783508238872485,0.0027937299012717144,0.05238281082503731,1.2459602241212802
2396,Liverpool,2022-10-29,0.880697731728931,1,0.06711933663378775,0.34261488630415415,0.6383368608206836,-0.07646727067690506,0.003259351551483667,0.0,1.855560896362135
2396,Leeds,2022-10-29,0.880697731728931,2,0.06328394596899987,0.0,0.12717238058589012,-0.3838245167271549,0.003259351551483667,0.05238281082503731,0.7429717039331871
2397,Fulham,2022-10-29,0.880697731728931,0,0.06328394596899987,0.34261488630415415,0.5575689597282504,-0.32318342350324386,0.003259351551483667,0.0,1.5242414517785752
2397,Everton,2022-10-29,0.880697731728931,0,0.06711933663378775,0.0,0.5374849261517923,-0.33525971888042944,0.003259351551483667,0.05238281082503731,1.2056844380106024
2398,Newcastle,2022-10-29,0.880697731728931,4,0.06328394596899987,0.34261488630415415,0.9538638026409094,-0.26336977943941164,0.003259351551483667,0.0,1.9803499387550663
2398,Aston Villa,2022-10-29,0.880697731728931,0,0.06328394596899987,0.0,0.4380091185313691,-0.573547190430884,0.003259351551483667,0.05238281082503731,0.8640857681749369
2399,Crystal Palace,2022-10-29,0.880697731728931,1,0.06711933663378775,0.34261488630415415,0.5871820557185206,-0.20936216635575677,0.003259351551483667,0.0,1.6715111955811204
2399,Southampton,2022-10-29,0.880697731728931,0,0.06328394596899987,0.0,0.3481892954252145,-0.35306572845764106,0.003259351551483667,0.05238281082503731,0.9947474070420251
2400,Bournemouth,2022-10-29,0.880697731728931,2,0.05859624626759248,0.34261488630415415,0.5122492086653714,-0.4126182878722938,0.003259351551483667,0.0,1.384799136645239
2400,Tottenham,2022-10-29,0.880697731728931,3,0.06328394596899987,0.0,0.6862236546104686,-0.30800948061666905,0.003259351551483667,0.05238281082503731,1.3778380140682513
2401,Brentford,2022-10-29,0.880697731728931,1,0.06328394596899987,0.34261488630415415,0.45190320248381566,-0.18155522558952203,0.003259351551483667,0.0,1.560203892447862
2401,Wolves,2022-10-29,0.880697731728931,1,0.06328394596899987,0.0,0.3019436948859377,-0.27172413023087,0.003259351551483667,0.05238281082503731,1.0298434047295197
2402,Leicester,2022-10-29,0.880697731728931,0,0.06328394596899987,0.34261488630415415,0.6425600133323047,-0.5957934969909788,0.003259351551483667,0.0,1.3366224318948943
2402,Man City,2022-10-29,0.880697731728931,1,0.06711933663378775,0.0,0.9908615369584391,-0.3863638491256538,0.003259351551483667,0.05238281082503731,1.607956918572025
2403,Brighton,2022-10-29,0.880697731728931,4,0.06711933663378775,0.34261488630415415,0.3255571339995841,-0.5890054601375426,0.0027937299012717144,0.0,1.0297773584301864
2403,Chelsea,2022-10-29,0.880697731728931,1,0.06711933663378775,0.0,0.9795723828077214,-0.19575371139278422,0.0027937299012717144,0.05238281082503731,1.7868122805039648
2404,Man United,2022-10-30,0.880697731728931,1,0.07031549552111097,0.34261488630415415,0.7796981683838686,-0.42956949066016925,0.0027937299012717144,0.0,1.6465505211791671
2404,West Ham,2022-10-30,0.880697731728931,0,0.06328394596899987,0.0,0.7144151251997201,-0.46882342387094883,0.0027937299012717144,0.05238281082503731,1.244749919753011
2405,Arsenal,2022-10-30,0.880697731728931,5,0.06711933663378775,0.34261488630415415,1.0654446797051838,-0.16684784944140496,0.0027937299012717144,0.0,2.1918225148319235
2405,Nott'm Forest,2022-10-30,0.880697731728931,0,0.07031549552111097,0.0,0.2774839224843436,-0.6406394717071456,0.0027937299012717144,0.05238281082503731,0.6430342187535488
2406,Nott'm Forest,2022-11-05,0.880697731728931,2,0.06328394596899987,0.34261488630415415,0.35132877601395684,-0.26368803984833844,0.003259351551483667,0.0,1.3774966517191867
2406,Brentford,2022-11-05,0.880697731728931,2,0.06711933663378775,0.0,0.43853841601369287,-0.2112498994536059,0.003259351551483667,0.05238281082503731,1.2307477472993267
2407,Everton,2022-11-05,0.880697731728931,0,0.06711933663378775,0.34261488630415415,0.43881191489332416,-0.3721382891888917,0.003259351551483667,0.0,1.360364931922789
2407,Leicester,2022-11-05,0.880697731728931,2,0.06711933663378775,0.0,0.6189015473466514,-0.26385249153794466,0.003259351551483667,0.05238281082503731,1.3585082865479463
2408,Leeds,2022-11-05,0.880697731728931,4,0.06711933663378775,0.34261488630415415,0.19113827915601608,-0.25626552009465725,0.003259351551483667,0.0,1.2285640652797154
2408,Bournemouth,2022-11-05,0.880697731728931,3,0.06711933663378775,0.0,0.42619405615011374,-0.11492922017819457,0.003259351551483667,0.05238281082503731,1.3147240667111586
2409,Man City,2022-11-05,0.880697731728931,2,0.06711933663378775,0.34261488630415415,1.0056391239315037,-0.37215141901286014,0.003259351551483667,0.0,1.9271790111370002
2409,Fulham,2022-11-05,0.880697731728931,1,0.06711933663378775,0.0,0.6189233834989812,-0.6046790878544576,0.003259351551483667,0.05238281082503731,1.0177035263837633
2410,Wolves,2022-11-05,0.880697731728931,2,0.06711933663378775,0.34261488630415415,0.3210412992603969,-0.20013763548271482,0.003259351551483667,0.0,1.4145949699960385
2410,Brighton,2022-11-05,0.880697731728931,3,0.06711933663378775,0.0,0.33284801881722004,-0.19303839258108374,0.003259351551483667,0.05238281082503731,1.143268856975376
2411,Chelsea,2022-11-06,0.880697731728931,0,0.07031549552111097,0.34261488630415415,0.8299250950387167,-0.6526672701591217,0.0027937299012717144,0.0,1.4736796683350628
2411,Arsenal,2022-11-06,0.880697731728931,1,0.06711933663378775,0.0,1.085448058259233,-0.4990242896414167,0.0027937299012717144,0.009354073361613804,1.5463886402434204
2412,Aston Villa,2022-11-06,0.880697731728931,3,0.07031549552111097,0.34261488630415415,0.38907401108311257,-0.5156288563478619,0.003259351551483667,0.0,1.1703326198409303
2412,Man United,2022-11-06,0.880697731728931,1,0.06711933663378775,0.0,0.8575400766898613,-0.23394566950602855,0.003259351551483667,0.05238281082503731,1.6270536379230724
2413,Southampton,2022-11-06,0.880697731728931,1,0.07031549552111097,0.34261488630415415,0.3866814624843923,-0.6191211295209909,0.003259351551483667,0.0,1.064447798069081
2413,Newcastle,2022-11-06,0.880697731728931,4,0.07031549552111097,0.0,1.029657619727096,-0.2325070579107818,0.003259351551483667,0.05238281082503731,1.8038059514428768
2414,West Ham,2022-11-06,0.880697731728931,1,0.06711933663378775,0.34261488630415415,0.654829103280359,-0.4321848136946273,0.003259351551483667,0.0,1.5163355958040883
2414,Crystal Palace,2022-11-06,0.880697731728931,2,0.07031549552111097,0.0,0.7187646574028302,-0.3937411099561494,0.003259351551483667,0.05238281082503731,1.3316789370732436
2415,Tottenham,2022-11-06,0.880697731728931,1,0.07031549552111097,0.34261488630415415,0.7257680938944473,-0.3453034280430615,0.003259351551483667,0.0,1.6773521309570656
2415,Liverpool,2022-11-06,0.880697731728931,2,0.07031549552111097,0.0,0.5742726081364838,-0.436395898455373,0.003259351551483667,0.06520223288348526,1.1573515213661216
2416,Wolves,2022-11-12,0.880697731728931,0,0.06711933663378775,0.34261488630415415,0.33059010144762646,-0.6586811693851097,0.0037249732016956193,0.0,0.9660658599310854
2416,Arsenal,2022-11-12,0.880697731728931,2,0.06328394596899987,0.0,1.0954497475362577,-0.1987799760768646,0.0037249732016956193,0.05238281082503731,1.8967592331840568
2417,Newcastle,2022-11-12,0.880697731728931,1,0.06328394596899987,0.34261488630415415,1.067554528270189,-0.37733811955361174,0.0037249732016956193,0.0,1.9805379459203578
2417,Chelsea,2022-11-12,0.880697731728931,0,0.06328394596899987,0.0,0.6275493622911433,-0.6419080990660443,0.0037249732016956193,0.05238281082503731,0.9857307249497627
2418,West Ham,2022-11-12,0.880697731728931,0,0.06328394596899987,0.34261488630415415,0.49748400345760757,-0.4417210940602527,0.0037249732016956193,0.0,1.3460844466011352
2418,Leicester,2022-11-12,0.880697731728931,2,0.06711933663378775,0.0,0.7346244032168958,-0.2991313347643974,0.0037249732016956193,0.05238281082503731,1.43941792084195
2419,Tottenham,2022-11-12,0.880697731728931,4,0.06328394596899987,0.34261488630415415,0.6179882246733657,-0.21085577976858136,0.0037249732016956193,0.0,1.6974539821085648
2419,Leeds,2022-11-12,0.880697731728931,3,0.06711933663378775,0.0,0.3506733173041501,-0.3715891189071706,0.0037249732016956193,0.05238281082503731,0.9830090507864311
2420,Nott'm Forest,2022-11-12,0.880697731728931,1,0.06711933663378775,0.34261488630415415,0.38825120277876346,-0.47174435631312045,0.0037249732016956193,0.0,1.2106637743342115
2420,Crystal Palace,2022-11-12,0.880697731728931,0,0.06328394596899987,0.0,0.7845559582449853,-0.23345092445970636,0.0037249732016956193,0.05238281082503731,1.5511944955099426
2421,Liverpool,2022-11-12,0.880697731728931,3,0.06328394596899987,0.34261488630415415,0.669792570657455,-0.2440795036882943,0.0037249732016956193,0.0,1.716034604172941
2421,Southampton,2022-11-12,0.880697731728931,1,0.06328394596899987,0.0,0.4059275460139812,-0.4027384685407569,0.0037249732016956193,0.05238281082503731,1.003278539197888
2422,Bournemouth,2022-11-12,0.880697731728931,3,0.06711933663378775,0.34261488630415415,0.25561439102941386,-0.23418702555529505,0.0037249732016956193,0.0,1.3155842933426871
2422,Everton,2022-11-12,0.880697731728931,0,0.06711933663378775,0.0,0.38947540926409013,-0.1536979549939093,0.0037249732016956193,0.05238281082503731,1.2397023066596324
2423,Man City,2022-11-12,0.880697731728931,1,0.06711933663378775,0.34261488630415415,1.0130279174180359,-0.2852351896036533,0.0037249732016956193,0.0,2.0219496556829513
2423,Brentford,2022-11-12,0.880697731728931,2,0.06711933663378775,0.0,0.4743733857329885,-0.609121883286197,0.0037249732016956193,0.05238281082503731,0.8691763548362432
2424,Brighton,2022-11-13,0.880697731728931,1,0.07031549552111097,0.34261488630415415,0.4640455500891091,-0.27036400443249836,0.003259351551483667,0.0,1.4905690107622904
2424,Aston Villa,2022-11-13,0.880697731728931,2,0.06711933663378775,0.0,0.4496411832676983,-0.2790251823674222,0.003259351551483667,0.05238281082503731,1.1740752316395158
2425,Fulham,2022-11-13,0.880697731728931,1,0.07031549552111097,0.34261488630415415,0.6496005953843467,-0.46233598774657636,0.0037249732016956193,0.0,1.484617694393662
2425,Man United,2022-11-13,0.880697731728931,2,0.06711933663378775,0.0,0.7689089419797867,-0.39059726907907555,0.0037249732016956193,0.05238281082503731,1.3822365252901627
2426,Arsenal,2022-12-26,0.880697731728931,3,0.08859752435659983,0.34261488630415415,1.1004505921747698,-0.22626125222194077,0.003259351551483667,0.0,2.189358833893998
2426,West Ham,2022-12-26,0.880697731728931,1,0.08859752435659983,0.0,0.3762940905918748,-0.6616881189981036,0.003259351551483667,0.05238281082503731,0.7395433900558229
2427,Aston Villa,2022-12-26,0.880697731728931,1,0.08859752435659983,0.34261488630415415,0.6074768582230622,-0.4314559887896046,0.0037249732016956193,0.0,1.491655985024838
2427,Liverpool,2022-12-26,0.880697731728931,3,0.08859752435659983,0.0,0.7175525519179405,-0.3652687567354753,0.0037249732016956193,0.05238281082503731,1.377686835294729
2428,Southampton,2022-12-26,0.880697731728931,1,0.08859752435659983,0.34261488630415415,0.3730332248244186,-0.3184689558097759,0.0037249732016956193,0.0,1.3701993846060232
2428,Brighton,2022-12-26,0.880697731728931,3,0.08859752435659983,0.0,0.5296443157250537,-0.22430053163046984,0.0037249732016956193,0.05238281082503731,1.3307468242068474
2429,Leicester,2022-12-26,0.880697731728931,0,0.08859752435659983,0.34261488630415415,0.877520557060732,-0.7044319737317324,0.0037249732016956193,0.0,1.48872369892038
2429,Newcastle,2022-12-26,0.880697731728931,3,0.08859752435659983,0.0,1.1715377084504497,-0.5276428863890945,0.0037249732016956193,0.05238281082503731,1.6692978621736188
2430,Everton,2022-12-26,0.880697731728931,1,0.08859752435659983,0.34261488630415415,0.36480715644947304,-0.12495518298501299,0.0037249732016956193,0.0,1.5554870890558405
2430,Wolves,2022-12-26,0.880697731728931,2,0.08859752435659983,0.0,0.20781241367817024,-0.21935429256397024,0.0037249732016956193,0.05238281082503731,1.0138611612264639
2431,Crystal Palace,2022-12-26,0.880697731728931,0,0.08859752435659983,0.34261488630415415,0.7749342457117057,-0.3742549991656025,0.0037249732016956193,0.0,1.7163143621374837
2431,Fulham,2022-12-26,0.880697731728931,3,0.08859752435659983,0.0,0.6224218383726723,-0.46595893267578636,0.0037249732016956193,0.05238281082503731,1.1818659458091494
2432,Brentford,2022-12-26,0.880697731728931,2,0.08859752435659983,0.34261488630415415,0.49229087059263626,-0.3391857291330694,0.0037249732016956193,0.0,1.4687402570509476
2432,Tottenham,2022-12-26,0.880697731728931,2,0.08859752435659983,0.0,0.5640982900628249,-0.29600876448131075,0.0037249732016956193,0.05238281082503731,1.2934925656937777
2433,Chelsea,2022-12-27,0.880697731728931,2,0.08859752435659983,0.34261488630415415,0.3988094070542857,-0.1535445623366967,0.003259351551483667,0.0,1.5604343386587578
2433,Bournemouth,2022-12-27,0.880697731728931,0,0.08859752435659983,0.0,0.25535928437777794,-0.23979944966996725,0.003259351551483667,0.05238281082503731,1.0404972531698624
2434,Man United,2022-12-27,0.880697731728931,3,0.08859752435659983,0.34261488630415415,0.8096281005334633,-0.32124702180249864,0.003259351551483667,0.0,1.8035505726721335
2434,Nott'm Forest,2022-12-27,0.880697731728931,0,0.08859752435659983,0.0,0.5342645050242377,-0.486819943339095,0.003259351551483667,0.05238281082503731,1.0723819801471945
2435,Leeds,2022-12-28,0.880697731728931,1,0.08859752435659983,0.34261488630415415,0.430440836378217,-0.5346476961623245,0.0037249732016956193,0.0,1.211428255807273
2435,Man City,2022-12-28,0.880697731728931,3,0.08859752435659983,0.0,0.8891702252982309,-0.25881905956377477,0.0037249732016956193,0.05238281082503731,1.6557542058467196
2436,West Ham,2022-12-30,0.880697731728931,0,0.05273662164083323,0.34261488630415415,0.3156991341590084,-0.30139555192013945,0.004190594851907572,0.0,1.294543416764695
2436,Brentford,2022-12-30,0.880697731728931,2,0.05273662164083323,0.0,0.5012496130224602,-0.18982621095071242,0.004190594851907572,0.05238281082503731,1.3014311611184568
2437,Liverpool,2022-12-30,0.880697731728931,2,0.05273662164083323,0.34261488630415415,0.7414325425481832,-0.49390819771377337,0.004190594851907572,0.0,1.5277641793602361
2437,Leicester,2022-12-30,0.880697731728931,1,0.05273662164083323,0.0,0.8214165451195791,-0.4458147489140284,0.004190594851907572,0.05238281082503731,1.3656095552522596
2438,Brighton,2022-12-31,0.880697731728931,2,0.05859624626759248,0.34261488630415415,0.6474784244517399,-0.6631915938046007,0.0037249732016956193,0.0,1.2699206681495125
2438,Arsenal,2022-12-31,0.880697731728931,4,0.05859624626759248,0.0,1.102951014494026,-0.3893212324241141,0.0037249732016956193,0.05238281082503731,1.7090315440931683
2439,Newcastle,2022-12-31,0.880697731728931,0,0.05859624626759248,0.34261488630415415,1.22352929854058,-0.2828006994613715,0.004190594851907572,0.0,2.226828058231794
2439,Leeds,2022-12-31,0.880697731728931,0,0.04520281854928562,0.0,0.47032459591525055,-0.7356939110645764,0.004190594851907572,0.05238281082503731,0.7171046408058356
2440,Man City,2022-12-31,0.880697731728931,1,0.04520281854928562,0.34261488630415415,0.9547934681013995,-0.21193792606830783,0.004190594851907572,0.0,2.0155615734673704
2440,Everton,2022-12-31,0.880697731728931,1,0.05859624626759248,0.0,0.35247303004216457,-0.5741061874401304,0.004190594851907572,0.05238281082503731,0.7742342262755024
2441,Wolves,2022-12-31,0.880697731728931,0,0.05859624626759248,0.34261488630415415,0.27397565865651313,-0.4990619211353543,0.004190594851907572,0.0,1.0610131966737444
2441,Man United,2022-12-31,0.880697731728931,1,0.05273662164083323,0.0,0.8299876798103017,-0.1647383712788292,0.004190594851907572,0.05238281082503731,1.6552570675781817
2442,Bournemouth,2022-12-31,0.880697731728931,0,0.05273662164083323,0.34261488630415415,0.25523173105196,-0.38637063601737726,0.004190594851907572,0.0,1.1491009295604089
2442,Crystal Palace,2022-12-31,0.880697731728931,2,0.05859624626759248,0.0,0.6425713005819949,-0.1534678660080904,0.004190594851907572,0.05238281082503731,1.4849708182473729
2443,Fulham,2022-12-31,0.880697731728931,2,0.05859624626759248,0.34261488630415415,0.6088324598668352,-0.1377154607618156,0.004190594851907572,0.0,1.757216458257605
2443,Southampton,2022-12-31,0.880697731728931,1,0.05859624626759248,0.0,0.22903397536656628,-0.366083864208866,0.004190594851907572,0.05238281082503731,0.8588174948311685
2444,Tottenham,2023-01-01,0.880697731728931,0,0.06328394596899987,0.34261488630415415,0.5796706857119115,-0.4127211328869638,0.004190594851907572,0.0,1.4577367116789401
2444,Aston Villa,2023-01-01,0.880697731728931,2,0.06328394596899987,0.0,0.6863946957007443,-0.34854922919259945,0.004190594851907572,0.05238281082503731,1.3384005498830207
2445,Nott'm Forest,2023-01-01,0.880697731728931,1,0.05859624626759248,0.34261488630415415,0.564753793192618,-0.22216050462130638,0.004190594851907572,0.0,1.6286927477238968
2445,Chelsea,2023-01-01,0.880697731728931,1,0.05859624626759248,0.0,0.3694741553445709,-0.33957987552731406,0.004190594851907572,0.05238281082503731,1.0257616634907252
2446,Brentford,2023-01-02,0.880697731728931,3,0.04520281854928562,0.34261488630415415,0.6332810731004431,-0.5296897138159824,0.004190594851907572,0.0,1.376297390718739
2446,Liverpool,2023-01-02,0.880697731728931,1,0.04520281854928562,0.0,0.8809246267263757,-0.38078453047929584,0.004190594851907572,0.05238281082503731,1.4826140522022413
2447,Leicester,2023-01-03,0.880697731728931,0,0.05273662164083323,0.34261488630415415,0.6658124502859315,-0.36199829673049777,0.004190594851907572,0.0,1.5840539880812599
2447,Fulham,2023-01-03,0.880697731728931,1,0.04520281854928562,0.0,0.6020377706139166,-0.40034526853637076,0.004190594851907572,0.05238281082503731,1.1841664580327074
2448,Man United,2023-01-03,0.880697731728931,3,0.04520281854928562,0.34261488630415415,0.925202195357435,-0.15342951784378722,0.0037249732016956193,0.0,2.044013087297714
2448,Bournemouth,2023-01-03,0.880697731728931,0,0.04520281854928562,0.0,0.255167954389051,-0.5563132999266454,0.0037249732016956193,0.05238281082503731,0.6808629887673551
2449,Arsenal,2023-01-03,0.880697731728931,0,0.04520281854928562,0.34261488630415415,1.189235951562368,-0.700194489837837,0.0037249732016956193,0.0,1.761281871508597
2449,Newcastle,2023-01-03,0.880697731728931,0,0.04520281854928562,0.0,1.164490367676931,-0.7150737211010106,0.0037249732016956193,0.05238281082503731,1.4314249808808697
2450,Everton,2023-01-03,0.880697731728931,1,0.04520281854928562,0.34261488630415415,0.2612712409297963,-0.4247473707312831,0.004190594851907572,0.0,1.1092299016327916
2450,Brighton,2023-01-03,0.880697731728931,4,0.04520281854928562,0.0,0.7063954788150829,-0.15709935292731528,0.004190594851907572,0.05238281082503731,1.5317700818429292
2451,Crystal Palace,2023-01-04,0.880697731728931,0,0.05273662164083323,0.34261488630415415,0.7039419168802105,-0.35323097922236446,0.004190594851907572,0.0,1.630950772183672
2451,Tottenham,2023-01-04,0.880697731728931,4,0.04520281854928562,0.0,0.5874568835364548,-0.4232720725279147,0.004190594851907572,0.05238281082503731,1.1466587669637016
2452,Aston Villa,2023-01-04,0.880697731728931,1,0.04520281854928562,0.34261488630415415,0.7258536144395852,-0.18462996542573734,0.004190594851907572,0.0,1.8139296804481262
2452,Wolves,2023-01-04,0.880697731728931,1,0.05273662164083323,0.0,0.3070572811456846,-0.43644732096270805,0.004190594851907572,0.05238281082503731,0.8606177192296857
2453,Southampton,2023-01-04,0.880697731728931,0,0.05273662164083323,0.34261488630415415,0.11451698768328314,-0.29761591249656044,0.004190594851907572,0.0,1.0971409097125489
2453,Nott'm Forest,2023-01-04,0.880697731728931,1,0.04520281854928562,0.0,0.494963711368094,-0.0688577303809078,0.004190594851907572,0.05238281082503731,1.4085799369423477
2454,Leeds,2023-01-04,0.880697731728931,2,0.05273662164083323,0.34261488630415415,0.5327838386381243,-0.09491310547535621,0.004190594851907572,0.0,1.7181105676885942
2454,West Ham,2023-01-04,0.880697731728931,2,0.05859624626759248,0.0,0.1578495670795042,-0.3203567143567505,0.004190594851907572,0.05238281082503731,0.8333602363962219
2455,Chelsea,2023-01-05,0.880697731728931,0,0.05273662164083323,0.34261488630415415,0.3548065294897135,-0.5427050431858721,0.0037249732016956193,0.0,1.0918756991794554
2455,Man City,2023-01-05,0.880697731728931,1,0.05859624626759248,0.0,0.9025703635942698,-0.2133410320969759,0.0037249732016956193,0.06547851353129663,1.6977267962268092
2456,Fulham,2023-01-12,0.880697731728931,2,0.07301993765653832,0.34261488630415415,0.6836751518961713,-0.2089312958348107,0.004656216502119524,0.0,1.7757326282531039
2456,Chelsea,2023-01-12,0.880697731728931,1,0.06711933663378775,0.0,0.3474727165622848,-0.411085902884475,0.004656216502119524,0.05238281082503731,0.9412429093676854
2457,Aston Villa,2023-01-13,0.880697731728931,2,0.07301993765653832,0.34261488630415415,0.7881004367633626,-0.28800433191127867,0.004656216502119524,0.0,1.801084877043827
2457,Leeds,2023-01-13,0.880697731728931,1,0.07301993765653832,0.0,0.4789787340908472,-0.4738756099471608,0.004656216502119524,0.05238281082503731,1.0158598208563125
2458,Wolves,2023-01-14,0.880697731728931,1,0.07533803091547604,0.34261488630415415,0.3235980923902703,-0.07302174768425879,0.004656216502119524,0.0,1.5538832101566924
2458,West Ham,2023-01-14,0.880697731728931,0,0.07533803091547604,0.0,0.12144214649410912,-0.19457576249919137,0.004656216502119524,0.05238281082503731,0.9399411739664815
2459,Man United,2023-01-14,0.880697731728931,2,0.07734704507322207,0.34261488630415415,0.9728094531310015,-0.5270044710587428,0.004190594851907572,0.0,1.7506552400304733
2459,Man City,2023-01-14,0.880697731728931,1,0.07301993765653832,0.0,0.8764588113407049,-0.5849389893222908,0.004190594851907572,0.007936789518945046,1.257364875774736
2460,Brighton,2023-01-14,0.880697731728931,3,0.07734704507322207,0.34261488630415415,0.7358540059967545,-0.5716271962669593,0.004190594851907572,0.0,1.4690770676880098
2460,Liverpool,2023-01-14,0.880697731728931,0,0.07910493246124985,0.0,0.9506706688154719,-0.4424604398848677,0.004190594851907572,0.05238281082503731,1.5245862987977299
2461,Everton,2023-01-14,0.880697731728931,1,0.07734704507322207,0.34261488630415415,0.17315298341925517,-0.0344288651904539,0.004656216502119524,0.0,1.444039997837228
2461,Southampton,2023-01-14,0.880697731728931,2,0.07533803091547604,0.0,0.05725849384164157,-0.10411487141023833,0.004656216502119524,0.05238281082503731,0.966218412402967
2462,Nott'm Forest,2023-01-14,0.880697731728931,2,0.07533803091547604,0.34261488630415415,0.587620759318903,-0.35356380394766945,0.004656216502119524,0.0,1.5373638208219143
2462,Leicester,2023-01-14,0.880697731728931,0,0.07734704507322207,0.0,0.5880104028691078,-0.3533295158209257,0.004656216502119524,0.05238281082503731,1.249764691177492
2463,Brentford,2023-01-14,0.880697731728931,2,0.07910493246124985,0.34261488630415415,0.7843315290481486,-0.15341034376163565,0.004656216502119524,0.0,1.9379949522829674
2463,Bournemouth,2023-01-14,0.880697731728931,0,0.07734704507322207,0.0,0.25513606605759653,-0.4716094096520354,0.004656216502119524,0.05238281082503731,0.798610460534871
2464,Chelsea,2023-01-15,0.880697731728931,1,0.04520281854928562,0.34261488630415415,0.3438058100985704,-0.36502720594344146,0.004190594851907572,0.0,1.2514846355894074
2464,Crystal Palace,2023-01-15,0.880697731728931,0,0.07734704507322207,0.0,0.6070751361662472,-0.20672642770372807,0.004190594851907572,0.05238281082503731,1.4149668909416169
2465,Newcastle,2023-01-15,0.880697731728931,1,0.07910493246124985,0.34261488630415415,1.0499361763363926,-0.5123252908012057,0.004656216502119524,0.0,1.8446846525316414
2465,Fulham,2023-01-15,0.880697731728931,0,0.04520281854928562,0.0,0.8520459314003698,-0.631314389331306,0.004656216502119524,0.05238281082503731,1.2036711196744372
2466,Tottenham,2023-01-15,0.880697731728931,0,0.07734704507322207,0.34261488630415415,0.5913499824487264,-0.6898843948560541,0.004656216502119524,0.0,1.206781467201099
2466,Arsenal,2023-01-15,0.880697731728931,2,0.07910493246124985,0.0,1.1473436941878252,-0.355571854237247,0.004656216502119524,0.007936789518945046,1.7641675101618237
2467,Crystal Palace,2023-01-18,0.880697731728931,1,0.04520281854928562,0.34261488630415415,0.43108965694619467,-0.6759474188598557,0.004656216502119524,0.0,1.0283138911708294
2467,Man United,2023-01-18,0.880697731728931,1,0.05273662164083323,0.0,1.124165170880856,-0.2592091878114628,0.004656216502119524,0.05238281082503731,1.8554293637663144
2468,Man City,2023-01-19,0.880697731728931,4,0.05859624626759248,0.34261488630415415,0.7358509463508515,-0.3567422917446883,0.004656216502119524,0.0,1.6656737354089606
2468,Tottenham,2023-01-19,0.880697731728931,2,0.05273662164083323,0.0,0.5932965319048622,-0.44245860015543614,0.004656216502119524,0.06520223288348526,1.154130734504795
2469,West Ham,2023-01-21,0.880697731728931,2,0.06711933663378775,0.34261488630415415,0.10323843620141157,-0.07762263065169984,0.004656216502119524,0.0,1.3207039767187043
2469,Everton,2023-01-21,0.880697731728931,0,0.06711933663378775,0.0,0.1290938546639846,-0.062076068788710075,0.004656216502119524,0.05238281082503731,1.07187388156515
2470,Crystal Palace,2023-01-21,0.880697731728931,0,0.04520281854928562,0.34261488630415415,0.38561428029052536,-0.5968743390780405,0.0051218381523314765,0.0,1.062377215947187
2470,Newcastle,2023-01-21,0.880697731728931,0,0.06328394596899987,0.0,0.9926590806661234,-0.23186537369205412,0.0051218381523314765,0.05238281082503731,1.762280033649369
2471,Southampton,2023-01-21,0.880697731728931,0,0.06711933663378775,0.34261488630415415,0.15618133578389182,-0.49258975443938724,0.004656216502119524,0.0,0.9586797525134972
2471,Aston Villa,2023-01-21,0.880697731728931,1,0.07031549552111097,0.0,0.8192238479252514,-0.093910017434969,0.004656216502119524,0.05238281082503731,1.7333660850674812
2472,Bournemouth,2023-01-21,0.880697731728931,1,0.06711933663378775,0.34261488630415415,0.2551201218918693,-0.43231670737626965,0.004656216502119524,0.0,1.1178915856845921
2472,Nott'm Forest,2023-01-21,0.880697731728931,1,0.06711933663378775,0.0,0.7189840092030216,-0.15340075672055986,0.004656216502119524,0.05238281082503731,1.5704393481723373
2473,Liverpool,2023-01-21,0.880697731728931,0,0.06711933663378775,0.34261488630415415,0.857991600996949,-0.28231957847792877,0.004656216502119524,0.0,1.8707601936880125
2473,Chelsea,2023-01-21,0.880697731728931,0,0.06328394596899987,0.0,0.46952444572978425,-0.5159003526527058,0.004656216502119524,0.06520223288348526,0.9674642201606141
2474,Leicester,2023-01-21,0.880697731728931,2,0.06711933663378775,0.34261488630415415,0.4215572902976249,-0.45131697446165997,0.004656216502119524,0.0,1.2653284870049575
2474,Brighton,2023-01-21,0.880697731728931,2,0.06711933663378775,0.0,0.7505832695875904,-0.2534774868135768,0.004656216502119524,0.05238281082503731,1.501961878463889
2475,Leeds,2023-01-22,0.880697731728931,0,0.07301993765653832,0.34261488630415415,0.3245240929541376,-0.5681522391315665,0.004656216502119524,0.0,1.057360626014314
2475,Brentford,2023-01-22,0.880697731728931,0,0.07031549552111097,0.0,0.9448914829307153,-0.19513255584880068,0.004656216502119524,0.05238281082503731,1.7578111816591133
2476,Man City,2023-01-22,0.880697731728931,3,0.04520281854928562,0.34261488630415415,0.7930991027189958,-0.27624424587566043,0.0051218381523314765,0.0,1.7904921315780378
2476,Wolves,2023-01-22,0.880697731728931,0,0.07031549552111097,0.0,0.45942058687563414,-0.4768812495435249,0.0051218381523314765,0.05238281082503731,0.9910572135595199
2477,Arsenal,2023-01-22,0.880697731728931,3,0.06711933663378775,0.34261488630415415,1.1263975655005536,-0.6703212437354767,0.004190594851907572,0.0,1.7506988712838574
2477,Man United,2023-01-22,0.880697731728931,2,0.05273662164083323,0.0,1.114808303847069,-0.677289731733576,0.004190594851907572,0.06520223288348526,1.4403457532186499
2478,Fulham,2023-01-23,0.880697731728931,0,0.07031549552111097,0.34261488630415415,0.936231321152469,-0.28063192565866685,0.0051218381523314765,0.0,1.9543493472003297
2478,Tottenham,2023-01-23,0.880697731728931,1,0.05273662164083323,0.0,0.4667177177698591,-0.562944984759571,0.0051218381523314765,0.05238281082503731,0.8947117353574211
2479,Chelsea,2023-02-03,0.880697731728931,0,0.08065600956833317,0.34261488630415415,0.44734903763667716,-0.5115592468990117,0.004656216502119524,0.0,1.244414634841203
2479,Fulham,2023-02-03,0.880697731728931,0,0.07734704507322207,0.0,0.8507719271654476,-0.2689857639718678,0.004656216502119524,0.05238281082503731,1.5968699673228897
2480,Brentford,2023-02-04,0.880697731728931,3,0.08065600956833317,0.34261488630415415,0.9401367339632848,-0.12365059355722653,0.0051218381523314765,0.0,2.125576606159808
2480,Southampton,2023-02-04,0.880697731728931,0,0.08203474477462948,0.0,0.20564275675501692,-0.5652932639781708,0.0051218381523314765,0.05238281082503731,0.6605866182577752
2481,Newcastle,2023-02-04,0.880697731728931,1,0.08203474477462948,0.34261488630415415,0.8789858069222748,-0.13329881418067777,0.0051218381523314765,0.0,2.056156193701643
2481,West Ham,2023-02-04,0.880697731728931,1,0.08203474477462948,0.0,0.2216886699181338,-0.5285239240582464,0.0051218381523314765,0.05238281082503731,0.7134018713408166
2482,Wolves,2023-02-04,0.880697731728931,3,0.08065600956833317,0.34261488630415415,0.5273318341183161,-0.4369065409524177,0.0051218381523314765,0.0,1.3995157589196479
2482,Liverpool,2023-02-04,0.880697731728931,0,0.08203474477462948,0.0,0.7266173411789736,-0.317078487563895,0.0051218381523314765,0.05238281082503731,1.4297759790960078
2483,Man United,2023-02-04,0.880697731728931,2,0.08065600956833317,0.34261488630415415,0.9825777814671045,-0.24375866157893047,0.004656216502119524,0.0,2.0474439639917117
2483,Crystal Palace,2023-02-04,0.880697731728931,1,0.08203474477462948,0.0,0.4053939549170477,-0.5908125713335451,0.004656216502119524,0.05238281082503731,0.8343528874142198
2484,Aston Villa,2023-02-04,0.880697731728931,2,0.08203474477462948,0.34261488630415415,0.8347855535061959,-0.15230393835336908,0.0051218381523314765,0.0,1.9929508161128728
2484,Leicester,2023-02-04,0.880697731728931,4,0.08203474477462948,0.0,0.2532960081031695,-0.5019468266855005,0.0051218381523314765,0.05238281082503731,0.7715863068985982
2485,Everton,2023-02-04,0.880697731728931,1,0.08203474477462948,0.34261488630415415,0.1070642902863493,-0.6709924001723369,0.0051218381523314765,0.0,0.7465410910740584
2485,Arsenal,2023-02-04,0.880697731728931,0,0.08065600956833317,0.0,1.1159245011569179,-0.0643765102724306,0.0051218381523314765,0.05238281082503731,2.07040638115912
2486,Brighton,2023-02-04,0.880697731728931,1,0.08203474477462948,0.34261488630415415,0.8004652643373652,-0.10226557330686062,0.004656216502119524,0.0,2.0082032703403385
2486,Bournemouth,2023-02-04,0.880697731728931,0,0.08203474477462948,0.0,0.17007742390029162,-0.4813104366966368,0.004656216502119524,0.05238281082503731,0.7085384910343722
2487,Tottenham,2023-02-05,0.880697731728931,1,0.08065600956833317,0.34261488630415415,0.4884630366110716,-0.49409257423756925,0.0051218381523314765,0.0,1.303460928127252
2487,Man City,2023-02-05,0.880697731728931,0,0.08203474477462948,0.0,0.821723180903068,-0.2937071325088175,0.0051218381523314765,0.06520223288348526,1.5610725959336276
2488,Nott'm Forest,2023-02-05,0.880697731728931,1,0.08326834995921037,0.34261488630415415,0.6996309082363669,-0.17426186276414238,0.0051218381523314765,0.0,1.8370718516168516
2488,Leeds,2023-02-05,0.880697731728931,0,0.08203474477462948,0.0,0.28981413534013983,-0.4206799132607803,0.0051218381523314765,0.05238281082503731,0.8893713475602887
2489,Man United,2023-02-08,0.880697731728931,2,0.05273662164083323,0.34261488630415415,0.9164625202771223,-0.16382651622181324,0.0051218381523314765,0.0,2.0338070818815592
2489,Leeds,2023-02-08,0.880697731728931,2,0.04520281854928562,0.0,0.2724591565331409,-0.5510582351325793,0.0051218381523314765,0.05238281082503731,0.7048061206561468
2490,Leicester,2023-02-11,0.880697731728931,4,0.06711933663378775,0.34261488630415415,0.29671745586901277,-0.3769403207736349,0.0051218381523314765,0.0,1.2153309279145825
2490,Tottenham,2023-02-11,0.880697731728931,1,0.06328394596899987,0.0,0.6268877848947488,-0.17841274896300727,0.0051218381523314765,0.05238281082503731,1.4499613626070413
2491,Southampton,2023-02-11,0.880697731728931,1,0.06711933663378775,0.34261488630415415,0.23037346724057947,-0.33749560840801224,0.0051218381523314765,0.0,1.1884316516517717
2491,Wolves,2023-02-11,0.880697731728931,2,0.06711933663378775,0.0,0.561287457739657,-0.13852088161835532,0.0051218381523314765,0.05238281082503731,1.428088293461389
2492,Bournemouth,2023-02-11,0.880697731728931,1,0.06711933663378775,0.34261488630415415,0.12755607490450283,-0.4432183266551879,0.0051218381523314765,0.0,0.9798915410685194
2492,Newcastle,2023-02-11,0.880697731728931,1,0.06711933663378775,0.0,0.7371144441416364,-0.07669798160001098,0.0051218381523314765,0.05238281082503731,1.6657381798817128
2493,Fulham,2023-02-11,0.880697731728931,2,0.07031549552111097,0.34261488630415415,0.7230075042632229,-0.4915571010427776,0.005587459802543429,0.0,1.5306659765771848
2493,Nott'm Forest,2023-02-11,0.880697731728931,0,0.06328394596899987,0.0,0.8175064466161105,-0.4347359880755706,0.005587459802543429,0.05238281082503731,1.3847224068660513
2494,Arsenal,2023-02-11,0.880697731728931,1,0.06711933663378775,0.34261488630415415,0.9831358801220291,-0.6149941662946342,0.004656216502119524,0.0,1.6632298849963871
2494,Brentford,2023-02-11,0.880697731728931,1,0.06711933663378775,0.0,1.0227940853882833,-0.5911481495519753,0.004656216502119524,0.05238281082503731,1.4365020315261836
2495,West Ham,2023-02-11,0.880697731728931,1,0.06711933663378775,0.34261488630415415,0.3234311497308519,-0.2623188567188373,0.0051218381523314765,0.0,1.3566660858312192
2495,Chelsea,2023-02-11,0.880697731728931,1,0.07031549552111097,0.0,0.43626133359012365,-0.19447538182324228,0.0051218381523314765,0.05238281082503731,1.250303827994292
2496,Crystal Palace,2023-02-11,0.880697731728931,1,0.06711933663378775,0.34261488630415415,0.28773170336723786,-0.49630716781412526,0.005587459802543429,0.0,1.0874439500225288
2496,Brighton,2023-02-11,0.880697731728931,1,0.06711933663378775,0.0,0.8254062617122527,-0.1730097206826266,0.005587459802543429,0.05238281082503731,1.6581838800199256
2497,Leeds,2023-02-12,0.880697731728931,0,0.05273662164083323,0.34261488630415415,0.26378166712964146,-0.4800506771389352,0.0051218381523314765,0.0,1.0649020678169563
2497,Man United,2023-02-12,0.880697731728931,2,0.05273662164083323,0.0,0.7983701637734173,-0.15860884295064867,0.0051218381523314765,0.05238281082503731,1.6307003231699015
2498,Man City,2023-02-12,0.880697731728931,3,0.06711933663378775,0.34261488630415415,0.793517857040747,-0.5066253628085571,0.005587459802543429,0.0,1.5829119087016061
2498,Aston Villa,2023-02-12,0.880697731728931,1,0.07031549552111097,0.0,0.842566406296668,-0.47713304163801074,0.005587459802543429,0.05238281082503731,1.37441686253628
2499,Liverpool,2023-02-13,0.880697731728931,2,0.07301993765653832,0.34261488630415415,0.5333781224069148,-0.134449034922538,0.0051218381523314765,0.0,1.7003834813263319
2499,Everton,2023-02-13,0.880697731728931,0,0.07301993765653832,0.0,0.22360159696060267,-0.3207140502625316,0.0051218381523314765,0.05238281082503731,0.9141098650609092
2500,Arsenal,2023-02-15,0.880697731728931,1,0.05273662164083323,0.34261488630415415,0.8317068436958706,-0.4686532753382315,0.0051218381523314765,0.0,1.644224646183889
2500,Man City,2023-02-15,0.880697731728931,3,0.04520281854928562,0.0,0.7794151951095866,-0.5000956343486331,0.0051218381523314765,0.06520223288348526,1.2755441820749867
2501,Newcastle,2023-02-18,0.880697731728931,0,0.06711933663378775,0.34261488630415415,0.6661787627513173,-0.2626178049175885,0.005587459802543429,0.0,1.699580372303145
2501,Liverpool,2023-02-18,0.880697731728931,2,0.05859624626759248,0.0,0.4367585130208854,-0.40056552795365874,0.005587459802543429,0.05238281082503731,1.033457233691331
2502,Wolves,2023-02-18,0.880697731728931,0,0.06711933663378775,0.34261488630415415,0.7058173584133985,-0.08947938069316685,0.005587459802543429,0.0,1.9123573921896482
2502,Bournemouth,2023-02-18,0.880697731728931,1,0.06711933663378775,0.0,0.1488127633609654,-0.42439975366981286,0.005587459802543429,0.05238281082503731,0.730200348681452
2503,Nott'm Forest,2023-02-18,0.880697731728931,1,0.06711933663378775,0.34261488630415415,0.8339268528516253,-0.5411089770280839,0.005587459802543429,0.0,1.5888372902929577
2503,Man City,2023-02-18,0.880697731728931,1,0.04520281854928562,0.0,0.8999159530070774,-0.5014304999871956,0.005587459802543429,0.05238281082503731,1.382356273925679
2504,Everton,2023-02-18,0.880697731728931,1,0.05859624626759248,0.34261488630415415,0.23935288734337234,-0.1304348113684857,0.005587459802543429,0.0,1.3964144000781078
2504,Leeds,2023-02-18,0.880697731728931,0,0.06328394596899987,0.0,0.21692555947353476,-0.14392010230101104,0.005587459802543429,0.05238281082503731,1.074957405498035
2505,Chelsea,2023-02-18,0.880697731728931,0,0.06711933663378775,0.34261488630415415,0.47323484452120385,-0.1459560256489197,0.0051218381523314765,0.0,1.6228326116914886
2505,Southampton,2023-02-18,0.880697731728931,1,0.06711933663378775,0.0,0.24273882248336076,-0.28455059803890276,0.0051218381523314765,0.05238281082503731,0.9635099417845454
2506,Brighton,2023-02-18,0.880697731728931,0,0.06711933663378775,0.34261488630415415,0.8803941233540534,-0.3963243586638501,0.0051218381523314765,0.0,1.779623557509408
2506,Fulham,2023-02-18,0.880697731728931,1,0.06711933663378775,0.0,0.6591252928121105,-0.5293707283194501,0.0051218381523314765,0.05238281082503731,1.1350762818327478
2507,Brentford,2023-02-18,0.880697731728931,1,0.06711933663378775,0.34261488630415415,0.9790880351920688,-0.16320044518105534,0.005587459802543429,0.0,2.11190700448043
2507,Crystal Palace,2023-02-18,0.880697731728931,1,0.06711933663378775,0.0,0.27141794054668994,-0.5887142275597046,0.005587459802543429,0.05238281082503731,0.6884910519772847
2508,Aston Villa,2023-02-18,0.880697731728931,2,0.06328394596899987,0.34261488630415415,0.7189047438288331,-0.4290041818003813,0.005587459802543429,0.0,1.5820845858330799
2508,Arsenal,2023-02-18,0.880697731728931,4,0.04520281854928562,0.0,0.7134749625284343,-0.43226904603034333,0.005587459802543429,0.05238281082503731,1.2650767374038883
2509,Man United,2023-02-19,0.880697731728931,3,0.06711933663378775,0.34261488630415415,0.7393239855215646,-0.2681627391075684,0.005587459802543429,0.0,1.7671806608834126
2509,Leicester,2023-02-19,0.880697731728931,0,0.07031549552111097,0.0,0.4459802686150054,-0.44454689814211307,0.005587459802543429,0.05238281082503731,1.010416868350515
2510,Tottenham,2023-02-19,0.880697731728931,2,0.07031549552111097,0.34261488630415415,0.5685480701735165,-0.25062886059110523,0.005587459802543429,0.0,1.6171347829391505
2510,West Ham,2023-02-19,0.880697731728931,0,0.07031549552111097,0.0,0.416819752591568,-0.34186133006630154,0.005587459802543429,0.05238281082503731,1.083941920402889
2511,Fulham,2023-02-24,0.880697731728931,1,0.06328394596899987,0.34261488630415415,0.6271841870865543,-0.4422866313541326,0.006053081452755381,0.0,1.477547201187262
2511,Wolves,2023-02-24,0.880697731728931,1,0.06328394596899987,0.0,0.7355649457959124,-0.3771185439579898,0.006053081452755381,0.05238281082503731,1.360863971813646
2512,Crystal Palace,2023-02-25,0.880697731728931,0,0.06711933663378775,0.34261488630415415,0.305778422090773,-0.310265267084859,0.006053081452755381,0.0,1.2919981911255425
2512,Liverpool,2023-02-25,0.880697731728931,0,0.06711933663378775,0.0,0.5160007971909417,-0.1838610023768504,0.006053081452755381,0.05238281082503731,1.3383927554546027
2513,Bournemouth,2023-02-25,0.880697731728931,1,0.06711933663378775,0.34261488630415415,0.28699319645226773,-0.5262064379798488,0.005587459802543429,0.0,1.0568061729418352
2513,Man City,2023-02-25,0.880697731728931,4,0.06711933663378775,0.0,0.8751316060471088,-0.17256566507948684,0.005587459802543429,0.05238281082503731,1.7083532799579213
2514,West Ham,2023-02-25,0.880697731728931,4,0.06328394596899987,0.34261488630415415,0.42099669106756904,-0.45523680956624324,0.005587459802543429,0.0,1.2579439053059542
2514,Nott'm Forest,2023-02-25,0.880697731728931,0,0.06711933663378775,0.0,0.7571023300606687,-0.25314040502845603,0.005587459802543429,0.05238281082503731,1.509749264022512
2515,Leeds,2023-02-25,0.880697731728931,1,0.06711933663378775,0.34261488630415415,0.1934975056454814,-0.22636918250394394,0.005587459802543429,0.0,1.2631477376109537
2515,Southampton,2023-02-25,0.880697731728931,0,0.06711933663378775,0.0,0.3764735889678224,-0.11634779557740421,0.005587459802543429,0.05238281082503731,1.2659131323807176
2516,Everton,2023-02-25,0.880697731728931,0,0.06711933663378775,0.34261488630415415,0.3747806213978282,-0.36952569269465574,0.006053081452755381,0.0,1.3017399648228007
2516,Aston Villa,2023-02-25,0.880697731728931,2,0.06711933663378775,0.0,0.6145565496405586,-0.2253512208299896,0.006053081452755381,0.05238281082503731,1.3954582894510803
2517,Leicester,2023-02-25,0.880697731728931,0,0.06328394596899987,0.34261488630415415,0.5206116749880018,-0.3934584555262554,0.005587459802543429,0.0,1.4193372432663744
2517,Arsenal,2023-02-25,0.880697731728931,1,0.06711933663378775,0.0,0.6543590219447162,-0.3130377341798489,0.005587459802543429,0.05238281082503731,1.3471086267551666
2518,Tottenham,2023-02-26,0.880697731728931,2,0.06711933663378775,0.34261488630415415,0.6669303016759713,-0.2956664686989355,0.006053081452755381,0.0,1.6677488690966642
2518,Chelsea,2023-02-26,0.880697731728931,0,0.07031549552111097,0.0,0.49172159998674403,-0.4010174195523769,0.006053081452755381,0.00865181560173289,1.0564223047388972
2519,Arsenal,2023-03-01,0.880697731728931,4,0.05273662164083323,0.34261488630415415,0.6248010516528572,-0.26606678009447887,0.005587459802543429,0.0,1.6403709710348402
2519,Everton,2023-03-01,0.880697731728931,0,0.05273662164083323,0.0,0.4424944884250561,-0.37568559238919247,0.005587459802543429,0.05238281082503731,1.0582135200332086
2520,Liverpool,2023-03-01,0.880697731728931,2,0.05273662164083323,0.34261488630415415,0.598139302230327,-0.40009968030313103,0.005587459802543429,0.0,1.479676321403658
2520,Wolves,2023-03-01,0.880697731728931,0,0.05859624626759248,0.0,0.6654040135784552,-0.35965419311507496,0.005587459802543429,0.05238281082503731,1.3030140690874845
2521,Brighton,2023-03-04,0.880697731728931,4,0.08203474477462948,0.34261488630415415,0.7803359653118828,-0.33109176208687346,0.005587459802543429,0.0,1.7601790258352672
2521,West Ham,2023-03-04,0.880697731728931,0,0.06711933663378775,0.0,0.5506372491686405,-0.4692069237323705,0.005587459802543429,0.05238281082503731,1.0872176644265694
2522,Man City,2023-03-04,0.880697731728931,2,0.06711933663378775,0.34261488630415415,0.8627394325671245,-0.35367393365631344,0.006053081452755381,0.0,1.805550535030439
2522,Newcastle,2023-03-04,0.880697731728931,0,0.08203474477462948,0.0,0.5881935591018006,-0.5187551684557312,0.006053081452755381,0.05238281082503731,1.0906067594274222
2523,Arsenal,2023-03-04,0.880697731728931,3,0.04520281854928562,0.34261488630415415,0.7375741553699986,-0.21410880727264683,0.006053081452755381,0.0,1.7980338661324775
2523,Bournemouth,2023-03-04,0.880697731728931,2,0.06711933663378775,0.0,0.3560834129979189,-0.44349474566040303,0.006053081452755381,0.05238281082503731,0.9188416279780273
2524,Aston Villa,2023-03-04,0.880697731728931,1,0.06711933663378775,0.34261488630415415,0.5623824525464214,-0.19419128097474792,0.006053081452755381,0.0,1.6646762076913018
2524,Crystal Palace,2023-03-04,0.880697731728931,0,0.06711933663378775,0.0,0.3229586628628145,-0.33815401602681194,0.006053081452755381,0.05238281082503731,0.991057607476514
2525,Chelsea,2023-03-04,0.880697731728931,1,0.06328394596899987,0.34261488630415415,0.373412888856443,-0.16043467757502483,0.005587459802543429,0.0,1.5051622350860465
2525,Leeds,2023-03-04,0.880697731728931,0,0.06711933663378775,0.0,0.2668182046401687,-0.22452881918920978,0.005587459802543429,0.05238281082503731,1.0480767244412583
2526,Wolves,2023-03-04,0.880697731728931,1,0.04520281854928562,0.34261488630415415,0.6303235474697266,-0.5072910491351567,0.006053081452755381,0.0,1.3976010163696961
2526,Tottenham,2023-03-04,0.880697731728931,0,0.06328394596899987,0.0,0.8436735062902698,-0.3790062047776303,0.006053081452755381,0.05238281082503731,1.4670848714883629
2527,Southampton,2023-03-04,0.880697731728931,1,0.06711933663378775,0.34261488630415415,0.31578888334698224,-0.33547523171598925,0.005587459802543429,0.0,1.2763330661004093
2527,Leicester,2023-03-04,0.880697731728931,0,0.06711933663378775,0.0,0.5579273781744999,-0.189880176091714,0.005587459802543429,0.05238281082503731,1.3738345410730854
2528,Nott'm Forest,2023-03-05,0.880697731728931,2,0.07031549552111097,0.34261488630415415,0.5911379798021194,-0.2864245597267235,0.006053081452755381,0.0,1.6043946150823474
2528,Everton,2023-03-05,0.880697731728931,2,0.05273662164083323,0.0,0.4763514219386701,-0.35544437951602503,0.006053081452755381,0.05238281082503731,1.1127772880702016
2529,Liverpool,2023-03-05,0.880697731728931,7,0.05273662164083323,0.34261488630415415,0.7242432806587336,-0.47792539853686333,0.006053081452755381,0.0,1.5284202032485439
2529,Man United,2023-03-05,0.880697731728931,0,0.08203474477462948,0.0,0.7948356223043525,-0.4354790460233443,0.006053081452755381,0.03097908167072099,1.359121215908045
2530,Brentford,2023-03-06,0.880697731728931,3,0.08437859462533318,0.34261488630415415,0.8722002841852473,-0.39308083155164036,0.006053081452755381,0.0,1.7928637467447803
2530,Fulham,2023-03-06,0.880697731728931,2,0.07533803091547604,0.0,0.6537309971781332,-0.5244438682990784,0.006053081452755381,0.05238281082503731,1.1437587838012544
2531,Tottenham,2023-03-11,0.880697731728931,3,0.06711933663378775,0.34261488630415415,0.804493019734348,-0.30554816449091593,0.006518703102967334,0.0,1.7958955130132723
2531,Nott'm Forest,2023-03-11,0.880697731728931,1,0.06328394596899987,0.0,0.5081558046728447,-0.4837322790868045,0.006518703102967334,0.05238281082503731,1.0273067172119756
2532,Leicester,2023-03-11,0.880697731728931,1,0.06711933663378775,0.34261488630415415,0.534067866813392,-0.2400903843275083,0.006053081452755381,0.0,1.590462518605512
2532,Chelsea,2023-03-11,0.880697731728931,3,0.06711933663378775,0.0,0.3992932592000065,-0.3211287855374787,0.006053081452755381,0.05238281082503731,1.084417434303039
2533,Crystal Palace,2023-03-11,0.880697731728931,0,0.06711933663378775,0.34261488630415415,0.28903142029447826,-0.5917251185334145,0.006518703102967334,0.0,0.9942569595309042
2533,Man City,2023-03-11,0.880697731728931,1,0.06711933663378775,0.0,0.9840954346902032,-0.173791225327116,0.006518703102967334,0.05238281082503731,1.8170227916538106
2534,Everton,2023-03-11,0.880697731728931,1,0.06328394596899987,0.34261488630415415,0.40824516278676304,-0.4923086886687653,0.006518703102967334,0.0,1.2090517412230501
2534,Brentford,2023-03-11,0.880697731728931,0,0.05859624626759248,0.0,0.8187564086818367,-0.24547305964968447,0.006518703102967334,0.05238281082503731,1.5714788409566807
2535,Bournemouth,2023-03-11,0.880697731728931,1,0.06711933663378775,0.34261488630415415,0.3481111583163875,-0.550087057317221,0.006053081452755381,0.0,1.0945091371187947
2535,Liverpool,2023-03-11,0.880697731728931,0,0.06328394596899987,0.0,0.9148473587360079,-0.20931518342264616,0.006053081452755381,0.05238281082503731,1.707949745289085
2536,Leeds,2023-03-11,0.880697731728931,2,0.06711933663378775,0.34261488630415415,0.3034785541375124,-0.4391250214388307,0.006053081452755381,0.0,1.16083856881831
2536,Brighton,2023-03-11,0.880697731728931,2,0.06711933663378775,0.0,0.7303068862907974,-0.18247811857383514,0.006053081452755381,0.05238281082503731,1.5540817283574735
2537,Fulham,2023-03-12,0.880697731728931,0,0.06328394596899987,0.34261488630415415,0.6670044022239227,-0.5285297121891697,0.006518703102967334,0.0,1.4315899571398052
2537,Arsenal,2023-03-12,0.880697731728931,3,0.07031549552111097,0.0,0.8789954331372833,-0.40106197534846566,0.006518703102967334,0.05238281082503731,1.4878481989668642
2538,Man United,2023-03-12,0.880697731728931,0,0.06711933663378775,0.34261488630415415,0.8225914406957462,-0.2483312577253411,0.006053081452755381,0.0,1.8707452190900333
2538,Southampton,2023-03-12,0.880697731728931,0,0.07031549552111097,0.0,0.41299861939963317,-0.49461464873423844,0.006053081452755381,0.05238281082503731,0.9278330901932293
2539,West Ham,2023-03-12,0.880697731728931,1,0.07031549552111097,0.34261488630415415,0.4879054393561053,-0.32246817769289005,0.006053081452755381,0.0,1.4651184566701665
2539,Aston Villa,2023-03-12,0.880697731728931,1,0.07031549552111097,0.0,0.5362954039993527,-0.2933718557763401,0.006053081452755381,0.05238281082503731,1.252372667750847
2540,Newcastle,2023-03-12,0.880697731728931,2,0.07031549552111097,0.34261488630415415,0.42164886841397137,-0.3684594670148799,0.006053081452755381,0.0,1.3528705964060428
2540,Wolves,2023-03-12,0.880697731728931,1,0.07031549552111097,0.0,0.6127833144153624,-0.2535325516678988,0.006053081452755381,0.05238281082503731,1.368699882275298
2541,Brighton,2023-03-15,0.880697731728931,1,0.05273662164083323,0.34261488630415415,0.7052923467802549,-0.16359119750330003,0.006053081452755381,0.0,1.8238034704036286
2541,Crystal Palace,2023-03-15,0.880697731728931,0,0.05273662164083323,0.0,0.27206779901031014,-0.42408407029206086,0.006053081452755381,0.05238281082503731,0.8398539743658062
2542,Southampton,2023-03-15,0.880697731728931,0,0.04520281854928562,0.34261488630415415,0.5041208503803156,-0.45067590390702805,0.006053081452755381,0.0,1.3280134645084136
2542,Brentford,2023-03-15,0.880697731728931,2,0.05273662164083323,0.0,0.7495171079757743,-0.3031219934887353,0.006053081452755381,0.05238281082503731,1.4382653601345958
2543,Nott'm Forest,2023-03-17,0.880697731728931,1,0.06328394596899987,0.34261488630415415,0.3391126282451364,-0.2545922505668528,0.006518703102967334,0.0,1.377635644783336
2543,Newcastle,2023-03-17,0.880697731728931,2,0.05859624626759248,0.0,0.4234112489787707,-0.2039044721386193,0.006518703102967334,0.05238281082503731,1.2177022687646795
2544,Aston Villa,2023-03-18,0.880697731728931,3,0.06328394596899987,0.34261488630415415,0.5657692426801754,-0.28361395633738784,0.006518703102967334,0.0,1.57527055344784
2544,Bournemouth,2023-03-18,0.880697731728931,0,0.06711933663378775,0.0,0.4716771198386928,-0.3401904534725098,0.006518703102967334,0.05238281082503731,1.1382052486569065
2545,Brentford,2023-03-18,0.880697731728931,1,0.04520281854928562,0.34261488630415415,0.7148974576227433,-0.2372599776084814,0.006518703102967334,0.0,1.7526716196996
2545,Leicester,2023-03-18,0.880697731728931,1,0.06711933663378775,0.0,0.394586022269767,-0.4298595115261595,0.006518703102967334,0.05238281082503731,0.9714450930343309
2546,Southampton,2023-03-18,0.880697731728931,3,0.04520281854928562,0.34261488630415415,0.5496819658706569,-0.4719528940626283,0.006518703102967334,0.0,1.3527632114933668
2546,Tottenham,2023-03-18,0.880697731728931,3,0.06711933663378775,0.0,0.784902776456387,-0.3305173613704324,0.006518703102967334,0.05238281082503731,1.461103997376678
2547,Wolves,2023-03-18,0.880697731728931,2,0.06328394596899987,0.34261488630415415,0.47646110902510924,-0.1934998390732403,0.006518703102967334,0.0,1.5760765370569212
2547,Leeds,2023-03-18,0.880697731728931,4,0.06711933663378775,0.0,0.3218087288861842,-0.2864905132937627,0.006518703102967334,0.05238281082503731,1.0420367978831448
2548,Chelsea,2023-03-18,0.880697731728931,2,0.06711933663378775,0.34261488630415415,0.49726817028050235,-0.301692894450907,0.006053081452755381,0.0,1.4920603119492237
2548,Everton,2023-03-18,0.880697731728931,2,0.06711933663378775,0.0,0.5017441220738806,-0.29900155678981893,0.006053081452755381,0.05238281082503731,1.208995525924573
2549,Arsenal,2023-03-19,0.880697731728931,4,0.06711933663378775,0.34261488630415415,1.0772581608839968,-0.1329259886448114,0.006518703102967334,0.0,2.2412828300090255
2549,Crystal Palace,2023-03-19,0.880697731728931,1,0.05273662164083323,0.0,0.2210686254138691,-0.647742780293295,0.006518703102967334,0.05238281082503731,0.565661712418343
2550,Nott'm Forest,2023-04-01,0.880697731728931,1,0.08326834995921037,0.34261488630415415,0.2545910400312822,-0.24550603643320407,0.006984324753179286,0.0,1.3226502963435531
2550,Wolves,2023-04-01,0.880697731728931,1,0.08203474477462948,0.0,0.40830000632998265,-0.15308262596247102,0.006984324753179286,0.05238281082503731,1.2773169924492884
2551,Crystal Palace,2023-04-01,0.880697731728931,2,0.08065600956833317,0.34261488630415415,0.15305167566129155,-0.14419518375082138,0.006984324753179286,0.0,1.3198094442650679
2551,Leicester,2023-04-01,0.880697731728931,1,0.08203474477462948,0.0,0.23981037408924052,-0.09202818926898639,0.006984324753179286,0.05238281082503731,1.169881796902031
2552,Brighton,2023-04-01,0.880697731728931,3,0.08538310170420618,0.34261488630415415,0.6927850770249835,-0.4194513153357252,0.006518703102967334,0.0,1.588548184529517
2552,Brentford,2023-04-01,0.880697731728931,3,0.08203474477462948,0.0,0.6975876324462277,-0.4165635947186759,0.006518703102967334,0.05238281082503731,1.302658028159117
2553,Chelsea,2023-04-01,0.880697731728931,0,0.08203474477462948,0.34261488630415415,0.5462556258207503,-0.4257471762020617,0.006518703102967334,0.0,1.4323745155293706
2553,Aston Villa,2023-04-01,0.880697731728931,2,0.08203474477462948,0.0,0.7080582508836577,-0.32845714302097423,0.006518703102967334,0.05238281082503731,1.4012350982942487
2554,Arsenal,2023-04-01,0.880697731728931,4,0.08065600956833317,0.34261488630415415,1.1763895247573535,-0.27570628416268494,0.006984324753179286,0.0,2.211636192949266
2554,Leeds,2023-04-01,0.880697731728931,1,0.08203474477462948,0.0,0.4585259051235912,-0.7073493143453577,0.006984324753179286,0.05238281082503731,0.7732762028600104
2555,Man City,2023-04-01,0.880697731728931,4,0.08859752435659983,0.34261488630415415,1.0447734357517426,-0.5306954781244173,0.006518703102967334,0.0,1.8325068031199776
2555,Liverpool,2023-04-01,0.880697731728931,1,0.08859752435659983,0.0,0.882597308911574,-0.6282100935722561,0.006518703102967334,0.03097908167072099,1.261180256198537
2556,Bournemouth,2023-04-01,0.880697731728931,2,0.08203474477462948,0.34261488630415415,0.49094273764548846,-0.3794873523002976,0.006518703102967334,0.0,1.423321451255873
2556,Fulham,2023-04-01,0.880697731728931,1,0.08789436940138873,0.0,0.6311237417924603,-0.295198147848178,0.006518703102967334,0.05238281082503731,1.3634192090026067
2557,West Ham,2023-04-02,0.880697731728931,1,0.08859752435659983,0.34261488630415415,0.4565395344498377,-0.2930846554181196,0.006518703102967334,0.0,1.4818837245243706
2557,Southampton,2023-04-02,0.880697731728931,0,0.08326834995921037,0.0,0.4874277977071135,-0.2745119026210735,0.006518703102967334,0.05238281082503731,1.235783490702186
2558,Newcastle,2023-04-02,0.880697731728931,2,0.08437859462533318,0.34261488630415415,0.5093271651698844,-0.45182888393976467,0.006518703102967334,0.0,1.3717081969915053
2558,Man United,2023-04-02,0.880697731728931,0,0.08859752435659983,0.0,0.7514346239827291,-0.30625248990949117,0.006518703102967334,0.05238281082503731,1.4733789040867735
2559,Everton,2023-04-03,0.880697731728931,1,0.08437859462533318,0.34261488630415415,0.46345887580872536,-0.491628396497121,0.006984324753179286,0.0,1.2865060167232019
2559,Tottenham,2023-04-03,0.880697731728931,1,0.08437859462533318,0.0,0.8176250177717636,-0.2786724219583569,0.006984324753179286,0.05238281082503731,1.5633960577458872
2560,Bournemouth,2023-04-04,0.880697731728931,0,0.04520281854928562,0.34261488630415415,0.5005755465488863,-0.4128033569319834,0.006984324753179286,0.0,1.3632719509524531
2560,Brighton,2023-04-04,0.880697731728931,2,0.04520281854928562,0.0,0.6865314421473477,-0.30099024360357307,0.006984324753179286,0.05238281082503731,1.370808884400208
2561,Leeds,2023-04-04,0.880697731728931,2,0.04520281854928562,0.34261488630415415,0.5268844932422946,-0.1276717028743969,0.006518703102967334,0.0,1.674246930053236
2561,Nott'm Forest,2023-04-04,0.880697731728931,1,0.04520281854928562,0.0,0.21233024592435512,-0.31680950670740726,0.006518703102967334,0.05238281082503731,0.880322803423169
2562,Leicester,2023-04-04,0.880697731728931,1,0.04520281854928562,0.34261488630415415,0.16242254999897726,-0.5452211224065797,0.006518703102967334,0.0,0.8922355672777357
2562,Aston Villa,2023-04-04,0.880697731728931,2,0.04520281854928562,0.0,0.9067548438484698,-0.09766278682199137,0.006518703102967334,0.05238281082503731,1.7938941212326998
2563,Chelsea,2023-04-04,0.880697731728931,0,0.04520281854928562,0.34261488630415415,0.5707493535908742,-0.44430410368827344,0.006984324753179286,0.0,1.401945011238151
2563,Liverpool,2023-04-04,0.880697731728931,0,0.04520281854928562,0.0,0.738920195136286,-0.3431849361365519,0.006984324753179286,0.06520223288348526,1.3938223669146157
2564,Man United,2023-04-05,0.880697731728931,1,0.04520281854928562,0.34261488630415415,0.6733388526718637,-0.414247217240508,0.006518703102967334,0.0,1.534125775116694
2564,Brentford,2023-04-05,0.880697731728931,0,0.05273662164083323,0.0,0.6889327198579698,-0.4048708065959471,0.006518703102967334,0.05238281082503731,1.2763977805597917
2565,West Ham,2023-04-05,0.880697731728931,1,0.04520281854928562,0.34261488630415415,0.5258913079054179,-0.38321299947397175,0.006984324753179286,0.0,1.4181780697669963
2565,Newcastle,2023-04-05,0.880697731728931,5,0.04520281854928562,0.0,0.6373198491741553,-0.31621231593660154,0.006984324753179286,0.05238281082503731,1.306375219093987
2566,Southampton,2023-04-08,0.880697731728931,1,0.06328394596899987,0.34261488630415415,0.4563007136253418,-0.6464525810916769,0.006984324753179286,0.0,1.1034290212889293
2566,Man City,2023-04-08,0.880697731728931,4,0.06711933663378775,0.0,1.0751124362825124,-0.27436830244196325,0.006984324753179286,0.05238281082503731,1.8079283377814843
2567,Wolves,2023-04-08,0.880697731728931,1,0.06711933663378775,0.34261488630415415,0.3742194549824193,-0.3761140276409214,0.006984324753179286,0.0,1.2955217067615503
2567,Chelsea,2023-04-08,0.880697731728931,0,0.05273662164083323,0.0,0.6255135804302931,-0.22501379800292473,0.006984324753179286,0.05238281082503731,1.3933012713753492
2568,Tottenham,2023-04-08,0.880697731728931,2,0.05859624626759248,0.34261488630415415,0.7489514125207378,-0.4876188228783792,0.006984324753179286,0.0,1.550225778696216
2568,Brighton,2023-04-08,0.880697731728931,1,0.05273662164083323,0.0,0.810956713571601,-0.45033575782120594,0.006984324753179286,0.05238281082503731,1.3534224446983758
2569,Leicester,2023-04-08,0.880697731728931,0,0.05273662164083323,0.34261488630415415,0.12372863795384563,-0.30388629148127067,0.006984324753179286,0.0,1.1028759108996729
2569,Bournemouth,2023-04-08,0.880697731728931,1,0.05273662164083323,0.0,0.5053919510005852,-0.07439658835757636,0.006984324753179286,0.05238281082503731,1.4237968515909898
2570,Man United,2023-04-08,0.880697731728931,2,0.04520281854928562,0.34261488630415415,0.6342909670164308,-0.29272738065866255,0.006984324753179286,0.0,1.6170633476933183
2570,Everton,2023-04-08,0.880697731728931,0,0.05859624626759248,0.0,0.48683361563050476,-0.38139176792403834,0.006984324753179286,0.05238281082503731,1.1041029612812063
2571,Brentford,2023-04-08,0.880697731728931,1,0.04520281854928562,0.34261488630415415,0.55705317470077,-0.498388839095954,0.006984324753179286,0.0,1.334164096940366
2571,Newcastle,2023-04-08,0.880697731728931,2,0.04520281854928562,0.0,0.8288682800393616,-0.3349495833531574,0.006984324753179286,0.05238281082503731,1.4791863825426375
2572,Aston Villa,2023-04-08,0.880697731728931,2,0.05273662164083323,0.34261488630415415,1.006103140330876,-0.1149662413303598,0.006984324753179286,0.0,2.174170463427614
2572,Nott'm Forest,2023-04-08,0.880697731728931,0,0.05273662164083323,0.0,0.19119984887089156,-0.6049580955088387,0.006984324753179286,0.05238281082503731,0.5790432423100336
2573,Fulham,2023-04-08,0.880697731728931,0,0.06711933663378775,0.34261488630415415,0.4856313227136582,-0.33706252259436553,0.006984324753179286,0.0,1.445985079539345
2573,West Ham,2023-04-08,0.880697731728931,1,0.04520281854928562,0.0,0.560567194633208,-0.2920044559364715,0.006984324753179286,0.05238281082503731,1.2538304245531697
2574,Leeds,2023-04-09,0.880697731728931,1,0.05859624626759248,0.34261488630415415,0.5610637873016464,-0.12270967947423524,0.006984324753179286,0.0,1.7272472968812682
2574,Crystal Palace,2023-04-09,0.880697731728931,5,0.07031549552111097,0.0,0.2040779266937168,-0.3373611179797684,0.006984324753179286,0.05238281082503731,0.8770971715422069
2575,Liverpool,2023-04-09,0.880697731728931,2,0.05859624626759248,0.34261488630415415,0.6670816382486421,-0.7371525813713891,0.006518703102967334,0.0,1.218356624280898
2575,Arsenal,2023-04-09,0.880697731728931,2,0.07031549552111097,0.0,1.2259552066940318,-0.40110841647020146,0.006518703102967334,0.06491886811649923,1.8472975886933387
2576,Wolves,2023-04-15,0.880697731728931,2,0.06711933663378775,0.34261488630415415,0.4847312681717087,-0.2953007664094821,0.007449946403391239,0.0,1.4873124028324909
2576,Brentford,2023-04-15,0.880697731728931,0,0.06711933663378775,0.0,0.49111340212217,-0.2914632636275271,0.007449946403391239,0.05238281082503731,1.20729996408579
2577,Man City,2023-04-15,0.880697731728931,3,0.06711933663378775,0.34261488630415415,1.1753166624566114,-0.06276348912536886,0.006984324753179286,0.0,2.4099694527512945
2577,Leicester,2023-04-15,0.880697731728931,1,0.06711933663378775,0.0,0.10438168193127982,-0.7067042147445487,0.006984324753179286,0.05238281082503731,0.40486167112766636
2578,Tottenham,2023-04-15,0.880697731728931,2,0.06711933663378775,0.34261488630415415,0.714614609895225,-0.38202990025986144,0.007449946403391239,0.0,1.6304666107056278
2578,Bournemouth,2023-04-15,0.880697731728931,3,0.06711933663378775,0.0,0.6353522420895057,-0.4296894384832484,0.007449946403391239,0.05238281082503731,1.2133126291974046
2579,Aston Villa,2023-04-15,0.880697731728931,3,0.06711933663378775,0.34261488630415415,1.055777288572079,-0.6326723437466872,0.007449946403391239,0.0,1.720986845895656
2579,Newcastle,2023-04-15,0.880697731728931,0,0.06711933663378775,0.0,1.052194584335036,-0.6348265820599681,0.007449946403391239,0.05238281082503731,1.4250178278662151
2580,Everton,2023-04-15,0.880697731728931,1,0.06711933663378775,0.34261488630415415,0.4985209855413944,-0.17156742291481644,0.007449946403391239,0.0,1.624835463696842
2580,Fulham,2023-04-15,0.880697731728931,3,0.06711933663378775,0.0,0.2853330243111861,-0.29975486000881535,0.007449946403391239,0.05238281082503731,0.9932279898935179
2581,Southampton,2023-04-15,0.880697731728931,0,0.06711933663378775,0.34261488630415415,0.3131850827213849,-0.21474600941660169,0.007449946403391239,0.0,1.3963209743750475
2581,Crystal Palace,2023-04-15,0.880697731728931,2,0.06328394596899987,0.0,0.35714314107300044,-0.18831454111414297,0.007449946403391239,0.05238281082503731,1.1726430348852168
2582,Chelsea,2023-04-15,0.880697731728931,1,0.06711933663378775,0.34261488630415415,0.5253436049869316,-0.44833097101183506,0.007449946403391239,0.0,1.3748945350453607
2582,Brighton,2023-04-15,0.880697731728931,2,0.06711933663378775,0.0,0.7456172604206566,-0.3158829885533641,0.007449946403391239,0.05238281082503731,1.4373840974584398
2583,West Ham,2023-04-16,0.880697731728931,2,0.07031549552111097,0.34261488630415415,0.5779051379971031,-0.7009238249912434,0.007449946403391239,0.0,1.1780593729634472
2583,Arsenal,2023-04-16,0.880697731728931,2,0.06711933663378775,0.0,1.165703321753657,-0.34748762592324756,0.007449946403391239,0.05238281082503731,1.825865521421557
2584,Nott'm Forest,2023-04-16,0.880697731728931,0,0.07031549552111097,0.34261488630415415,0.13811728738980278,-0.36965224858808393,0.007449946403391239,0.0,1.069543098759306
2584,Man United,2023-04-16,0.880697731728931,2,0.07031549552111097,0.0,0.6147670241887144,-0.08304831561176058,0.007449946403391239,0.05238281082503731,1.5425646930554242
2585,Leeds,2023-04-17,0.880697731728931,1,0.07031549552111097,0.34261488630415415,0.5781534343313223,-0.32838018296800414,0.007449946403391239,0.0,1.5508513113209053
2585,Liverpool,2023-04-17,0.880697731728931,6,0.07031549552111097,0.0,0.5461276338961061,-0.347636923615949,0.007449946403391239,0.05238281082503731,1.2093366947586275
2586,Arsenal,2023-04-21,0.880697731728931,3,0.05859624626759248,0.34261488630415415,1.0505426533747555,-0.11972246550365218,0.007449946403391239,0.0,2.220178998575172
2586,Southampton,2023-04-21,0.880697731728931,3,0.06328394596899987,0.0,0.19910990431504946,-0.6316790569080092,0.007449946403391239,0.05238281082503731,0.5712452823333997
2587,Fulham,2023-04-22,0.880697731728931,2,0.06711933663378775,0.34261488630415415,0.2702186010186641,-0.3272096314874586,0.007449946403391239,0.0,1.2408908706014696
2587,Leeds,2023-04-22,0.880697731728931,1,0.05859624626759248,0.0,0.5441808948918031,-0.16247929629715027,0.007449946403391239,0.05238281082503731,1.380828333819605
2588,Brentford,2023-04-22,0.880697731728931,1,0.06711933663378775,0.34261488630415415,0.330591426969799,-0.7008912152286944,0.007449946403391239,0.0,0.9275821128113688
2588,Aston Villa,2023-04-22,0.880697731728931,1,0.06711933663378775,0.0,1.1656490886013946,-0.19878077309790243,0.007449946403391239,0.05238281082503731,1.9745181410946397
2589,Crystal Palace,2023-04-22,0.880697731728931,0,0.06711933663378775,0.34261488630415415,0.5612278371257132,-0.2777034047373111,0.007449946403391239,0.0,1.5814063334586665
2589,Everton,2023-04-22,0.880697731728931,0,0.06711933663378775,0.0,0.4618473075424822,-0.33745975922752697,0.007449946403391239,0.05238281082503731,1.1320373739061025
2590,Leicester,2023-04-22,0.880697731728931,2,0.06711933663378775,0.34261488630415415,0.09470820391999693,-0.3246879964398283,0.007449946403391239,0.0,1.0679021085504328
2590,Wolves,2023-04-22,0.880697731728931,1,0.06711933663378775,0.0,0.5399871747663534,-0.05694693950926512,0.007449946403391239,0.05238281082503731,1.4906900608482354
2591,Liverpool,2023-04-22,0.880697731728931,3,0.05859624626759248,0.34261488630415415,0.4856506317198381,-0.06708935275246097,0.006984324753179286,0.0,1.7074544680212342
2591,Nott'm Forest,2023-04-22,0.880697731728931,2,0.06328394596899987,0.0,0.1115760066492584,-0.2920160662169055,0.006984324753179286,0.05238281082503731,0.8229087537085003
2592,Bournemouth,2023-04-23,0.880697731728931,0,0.07031549552111097,0.34261488630415415,0.7003323876339659,-0.3782653725342692,0.007449946403391239,0.0,1.6231450750572842
2592,West Ham,2023-04-23,0.880697731728931,4,0.06711933663378775,0.0,0.6290914726334076,-0.42110170464915686,0.007449946403391239,0.05238281082503731,1.215639593575398
2593,Newcastle,2023-04-23,0.880697731728931,6,0.07031549552111097,0.34261488630415415,1.036305647619802,-0.4193662788142697,0.006984324753179286,0.0,1.9175518071129078
2593,Tottenham,2023-04-23,0.880697731728931,1,0.07031549552111097,0.0,0.6974462085824686,-0.6231185112323118,0.006984324753179286,0.05238281082503731,1.0847080601784151
2594,Wolves,2023-04-25,0.880697731728931,2,0.04520281854928562,0.34261488630415415,0.5676151280636758,-0.42438182907957034,0.007915568053603191,0.0,1.4196643036200796
2594,Crystal Palace,2023-04-25,0.880697731728931,0,0.04520281854928562,0.0,0.7057875481064267,-0.3413003628459789,0.007915568053603191,0.05238281082503731,1.3506861144173048
2595,Aston Villa,2023-04-25,0.880697731728931,1,0.04520281854928562,0.34261488630415415,1.1355502627073384,-0.2346308178280592,0.007915568053603191,0.0,2.177350449515253
2595,Fulham,2023-04-25,0.880697731728931,0,0.04520281854928562,0.0,0.39021347823547403,-0.682793141919896,0.007915568053603191,0.05238281082503731,0.6936192654724351
2596,Leeds,2023-04-25,0.880697731728931,1,0.04520281854928562,0.34261488630415415,0.39964253630897256,-0.10516905459437462,0.007915568053603191,0.0,1.570904486350572
2596,Leicester,2023-04-25,0.880697731728931,1,0.04520281854928562,0.0,0.1749061908230695,-0.24030040058347132,0.007915568053603191,0.05238281082503731,0.9208047193964551
2597,Man City,2023-04-26,0.880697731728931,4,0.07734704507322207,0.34261488630415415,1.2254187755436607,-0.5459262829732306,0.007449946403391239,0.0,1.9876021020801284
2597,Arsenal,2023-04-26,0.880697731728931,1,0.05859624626759248,0.0,0.9079275932765908,-0.7368300315709846,0.007449946403391239,0.06520223288348526,1.1830437189890062
2598,West Ham,2023-04-26,0.880697731728931,1,0.04520281854928562,0.34261488630415415,0.7397193658602739,-0.3505295926810982,0.007915568053603191,0.0,1.6656207778151495
2598,Liverpool,2023-04-26,0.880697731728931,2,0.05273662164083323,0.0,0.5829642194947751,-0.44478463573294147,0.007915568053603191,0.05238281082503731,1.1319123160102382
2599,Nott'm Forest,2023-04-26,0.880697731728931,3,0.05273662164083323,0.34261488630415415,0.0983053662789862,-0.4798174349717244,0.007915568053603191,0.0,0.9024527390347834
2599,Brighton,2023-04-26,0.880697731728931,1,0.07734704507322207,0.0,0.7979822597538985,-0.05910987132281117,0.007915568053603191,0.05238281082503731,1.7572155441118809
2600,Chelsea,2023-04-26,0.880697731728931,0,0.07734704507322207,0.34261488630415415,0.3477065284021798,-0.15052077644211256,0.007915568053603191,0.0,1.5057609831199776
2600,Brentford,2023-04-26,0.880697731728931,2,0.05273662164083323,0.0,0.2503304393936135,-0.2090718841698434,0.007915568053603191,0.05238281082503731,1.0349912874721747
2601,Everton,2023-04-27,0.880697731728931,1,0.05859624626759248,0.34261488630415415,0.3584757426343122,-0.6183415949751241,0.007915568053603191,0.0,1.029958580013469
2601,Newcastle,2023-04-27,0.880697731728931,4,0.05273662164083323,0.0,1.0283611792621852,-0.2155472872083976,0.007915568053603191,0.05238281082503731,1.8065466243021921
2602,Southampton,2023-04-27,0.880697731728931,0,0.06328394596899987,0.34261488630415415,0.18458967806623877,-0.4406376068438046,0.007915568053603191,0.0,1.0384642032781224
2602,Bournemouth,2023-04-27,0.880697731728931,1,0.05273662164083323,0.0,0.732822460406196,-0.11099162264498746,0.007915568053603191,0.05238281082503731,1.6155635700096131
2603,Tottenham,2023-04-27,0.880697731728931,2,0.05273662164083323,0.34261488630415415,0.5613099190630193,-0.4404780737598487,0.007915568053603191,0.0,1.4047966530306921
2603,Man United,2023-04-27,0.880697731728931,2,0.07734704507322207,0.0,0.7325571416379272,-0.33750911414003826,0.007915568053603191,0.06547851353129663,1.4264868858849415
2604,Crystal Palace,2023-04-29,0.880697731728931,4,0.05273662164083323,0.34261488630415415,0.7780674035967834,-0.4013486824925355,0.007915568053603191,0.0,1.6606835288317698
2604,West Ham,2023-04-29,0.880697731728931,3,0.04520281854928562,0.0,0.667481223610636,-0.467842864005592,0.007915568053603191,0.05238281082503731,1.1858372887619009
2605,Brentford,2023-04-29,0.880697731728931,2,0.04520281854928562,0.34261488630415415,0.29523467151423477,-0.10625052050114762,0.007915568053603191,0.0,1.465415155649061
2605,Nott'm Forest,2023-04-29,0.880697731728931,1,0.04520281854928562,0.0,0.17670477200256413,-0.17752116800737902,0.007915568053603191,0.05238281082503731,0.9853825331520422
2606,Brighton,2023-04-29,0.880697731728931,6,0.04520281854928562,0.34261488630415415,0.6966126705574482,-0.42630213088879626,0.006984324753179286,0.0,1.5458103010042021
2606,Wolves,2023-04-29,0.880697731728931,0,0.05273662164083323,0.0,0.7089811935754079,-0.41886508211192697,0.006984324753179286,0.05238281082503731,1.2829176004114617
2607,Fulham,2023-04-30,0.880697731728931,1,0.05859624626759248,0.34261488630415415,0.45021091684387904,-0.7518929399842025,0.007915568053603191,0.0,0.9881424092139575
2607,Man City,2023-04-30,0.880697731728931,2,0.05273662164083323,0.0,1.2504698320871854,-0.2707065785935137,0.007915568053603191,0.05238281082503731,1.9734959857420762
2608,Liverpool,2023-04-30,0.880697731728931,4,0.05273662164083323,0.34261488630415415,0.7591731022453146,-0.29658053180292254,0.007449946403391239,0.0,1.7460917565197016
2608,Tottenham,2023-04-30,0.880697731728931,3,0.04520281854928562,0.0,0.4932417743032947,-0.4564819407529366,0.007449946403391239,0.06520223288348526,1.0353125631154514
2609,Newcastle,2023-04-30,0.880697731728931,3,0.04520281854928562,0.34261488630415415,1.0243889450833765,-0.0810610062690744,0.007449946403391239,0.0,2.219293321800064
2609,Southampton,2023-04-30,0.880697731728931,1,0.04520281854928562,0.0,0.1348122019874764,-0.6159531368465302,0.007449946403391239,0.05238281082503731,0.5045923726475913
2610,Bournemouth,2023-04-30,0.880697731728931,4,0.04520281854928562,0.34261488630415415,0.7490674967923111,-0.22241098007805837,0.007915568053603191,0.0,1.8030875213502269
2610,Leeds,2023-04-30,0.880697731728931,1,0.05859624626759248,0.0,0.36989071997191425,-0.45040555794112846,0.007915568053603191,0.05238281082503731,0.9190775189059498
2611,Man United,2023-04-30,0.880697731728931,1,0.04520281854928562,0.34261488630415415,0.7914522003625336,-0.6737441052654968,0.007449946403391239,0.0,1.3936734780827986
2611,Aston Villa,2023-04-30,0.880697731728931,0,0.05859624626759248,0.0,1.1205008497603102,-0.4758909863457312,0.007449946403391239,0.05238281082503731,1.6437365986395311
2612,Leicester,2023-05-01,0.880697731728931,2,0.06328394596899987,0.34261488630415415,0.2575225472289628,-0.15890403349736018,0.007915568053603191,0.0,1.3931306457872907
2612,Everton,2023-05-01,0.880697731728931,2,0.05273662164083323,0.0,0.2642725972258701,-0.15484530708351002,0.007915568053603191,0.05238281082503731,1.1031600223907647
2613,Arsenal,2023-05-02,0.880697731728931,3,0.06328394596899987,0.34261488630415415,0.7090679743644374,-0.1301011370315024,0.007915568053603191,0.0,1.873478969388623
2613,Chelsea,2023-05-02,0.880697731728931,1,0.06328394596899987,0.0,0.2163706271554469,-0.42635431116609945,0.007915568053603191,0.009354073361613804,0.7512676351024952
2614,Man City,2023-05-03,0.880697731728931,3,0.04520281854928562,0.34261488630415415,1.2629953603589479,-0.3796307058723325,0.007915568053603191,0.0,2.1597956591225898
2614,West Ham,2023-05-03,0.880697731728931,0,0.05273662164083323,0.0,0.6313621524858171,-0.7594243941908114,0.007915568053603191,0.05238281082503731,0.8656704905434103
2615,Liverpool,2023-05-03,0.880697731728931,1,0.04520281854928562,0.34261488630415415,0.9323122695292984,-0.28874445897624096,0.007915568053603191,0.0,1.9199988151890313
2615,Fulham,2023-05-03,0.880697731728931,0,0.04520281854928562,0.0,0.4802096361480816,-0.5605885046820172,0.007915568053603191,0.05238281082503731,0.9058200606229214
2616,Brighton,2023-05-04,0.880697731728931,1,0.05859624626759248,0.34261488630415415,0.7309626018679372,-0.5702930274784144,0.007449946403391239,0.0,1.4500283850935918
2616,Man United,2023-05-04,0.880697731728931,0,0.05273662164083323,0.0,0.9484518185879078,-0.4395192955751896,0.007449946403391239,0.05238281082503731,1.502199633610911
2617,Wolves,2023-05-06,0.880697731728931,1,0.06711933663378775,0.34261488630415415,0.737146863376917,-0.5925240020985553,0.008381189703815144,0.0,1.44343600564905
2617,Aston Villa,2023-05-06,0.880697731728931,0,0.06328394596899987,0.0,0.9854240544237252,-0.44323781996362427,0.008381189703815144,0.05238281082503731,1.5469319126868841
2618,Liverpool,2023-05-06,0.880697731728931,1,0.04520281854928562,0.34261488630415415,1.1039165790800043,-0.26771694862975426,0.008381189703815144,0.0,2.113096256736436
2618,Brentford,2023-05-06,0.880697731728931,0,0.06711933663378775,0.0,0.44523887643761645,-0.6637721765397188,0.008381189703815144,0.05238281082503731,0.7900477687894689
2619,Tottenham,2023-05-06,0.880697731728931,1,0.06328394596899987,0.34261488630415415,0.4166903389690754,-0.4895733814686028,0.008381189703815144,0.0,1.2220947112063727
2619,Crystal Palace,2023-05-06,0.880697731728931,0,0.06711933663378775,0.0,0.8142073313419618,-0.250551045687784,0.008381189703815144,0.05238281082503731,1.5722373545457489
2620,Bournemouth,2023-05-06,0.880697731728931,1,0.06328394596899987,0.34261488630415415,0.8847421038484397,-0.09061576346233187,0.008381189703815144,0.0,2.0891040940920083
2620,Chelsea,2023-05-06,0.880697731728931,3,0.05273662164083323,0.0,0.15070267653208044,-0.5319851183295324,0.008381189703815144,0.05238281082503731,0.6129159121011647
2621,Man City,2023-05-06,0.880697731728931,2,0.04520281854928562,0.34261488630415415,1.269258124494829,-0.13677068498560987,0.008381189703815144,0.0,2.4093840657954053
2621,Leeds,2023-05-06,0.880697731728931,1,0.06328394596899987,0.0,0.22746272294031414,-0.763190121294116,0.008381189703815144,0.05238281082503731,0.4690182798729814
2622,Newcastle,2023-05-07,0.880697731728931,0,0.06711933663378775,0.34261488630415415,1.0224028279939723,-0.3665683252625338,0.007915568053603191,0.0,1.9541820254519144
2622,Arsenal,2023-05-07,0.880697731728931,2,0.05859624626759248,0.0,0.6096381649083608,-0.6147589077822333,0.007915568053603191,0.05238281082503731,0.9944716140012912
2623,West Ham,2023-05-07,0.880697731728931,1,0.05273662164083323,0.34261488630415415,0.4857505280603366,-0.540798463205014,0.008381189703815144,0.0,1.2293824942330562
2623,Man United,2023-05-07,0.880697731728931,0,0.04520281854928562,0.0,0.899399538837524,-0.292076132722489,0.008381189703815144,0.05238281082503731,1.5939879569221038
2624,Fulham,2023-05-08,0.880697731728931,5,0.05859624626759248,0.34261488630415415,0.49520899580018285,-0.20524862827465842,0.008381189703815144,0.0,1.5802504215300173
2624,Leicester,2023-05-08,0.880697731728931,3,0.06711933663378775,0.0,0.3413480883862664,-0.2977633991676046,0.008381189703815144,0.05238281082503731,1.052165758110233
2625,Brighton,2023-05-08,0.880697731728931,1,0.05273662164083323,0.34261488630415415,0.7481375675231816,-0.13058240664184145,0.007915568053603191,0.0,1.9015199686088617
2625,Everton,2023-05-08,0.880697731728931,5,0.06711933663378775,0.0,0.21717102452164908,-0.44984640230682094,0.007915568053603191,0.05238281082503731,0.7754400694561874
2626,Nott'm Forest,2023-05-08,0.880697731728931,4,0.07301993765653832,0.34261488630415415,0.21590447486435307,-0.06609569808111788,0.008381189703815144,0.0,1.4545225221766738
2626,Southampton,2023-05-08,0.880697731728931,3,0.07031549552111097,0.0,0.1099234639480952,-0.12982084509031586,0.008381189703815144,0.05238281082503731,0.9918798466366736
2627,Southampton,2023-05-13,0.880697731728931,0,0.05859624626759248,0.34261488630415415,0.09747909492840462,-0.30227286926328634,0.008381189703815144,0.0,1.085496279669611
2627,Fulham,2023-05-13,0.880697731728931,2,0.05859624626759248,0.0,0.5027086756262334,-0.05861304398713963,0.008381189703815144,0.05238281082503731,1.4441536101644694
2628,Man United,2023-05-13,0.880697731728931,2,0.06328394596899987,0.34261488630415415,0.7473213100992611,-0.4517056645010382,0.007915568053603191,0.0,1.5901277776539107
2628,Wolves,2023-05-13,0.880697731728931,0,0.06711933663378775,0.0,0.7512296982776715,-0.4493555962285718,0.007915568053603191,0.05238281082503731,1.309989549290459
2629,Crystal Palace,2023-05-13,0.880697731728931,2,0.06711933663378775,0.34261488630415415,0.70472520635148,-0.4960793136839923,0.008381189703815144,0.0,1.5074590370381757
2629,Bournemouth,2023-05-13,0.880697731728931,0,0.06711933663378775,0.0,0.8250273185134328,-0.42374305536036616,0.008381189703815144,0.05238281082503731,1.409865332044638
2630,Aston Villa,2023-05-13,0.880697731728931,2,0.06711933663378775,0.34261488630415415,0.7903335678923616,-0.22753630263021474,0.008381189703815144,0.0,1.8616104096328348
2630,Tottenham,2023-05-13,0.880697731728931,1,0.06711933663378775,0.0,0.37841462130196574,-0.47521836567534237,0.008381189703815144,0.05238281082503731,0.9117773245181945
2631,Leeds,2023-05-13,0.880697731728931,2,0.06711933663378775,0.34261488630415415,0.15624872442451407,-0.5374662084103429,0.008381189703815144,0.0,0.9175956603848594
2631,Newcastle,2023-05-13,0.880697731728931,2,0.06328394596899987,0.0,0.8938576805861993,-0.09395053743938561,0.008381189703815144,0.05238281082503731,1.8046528213735968
2632,Chelsea,2023-05-13,0.880697731728931,2,0.06711933663378775,0.34261488630415415,0.20290342712911125,-0.21830159222464202,0.008381189703815144,0.0,1.2834149792751572
2632,Nott'm Forest,2023-05-13,0.880697731728931,2,0.05859624626759248,0.0,0.3630564151583186,-0.12200346657090799,0.008381189703815144,0.05238281082503731,1.2411109271127865
2633,Brentford,2023-05-14,0.880697731728931,2,0.07031549552111097,0.34261488630415415,0.5202409788993073,-0.2994292360407286,0.008381189703815144,0.0,1.5228210461165899
2633,West Ham,2023-05-14,0.880697731728931,0,0.06711933663378775,0.0,0.4979794417563103,-0.3128148389409419,0.008381189703815144,0.05238281082503731,1.1937456717069395
2634,Everton,2023-05-14,0.880697731728931,0,0.06328394596899987,0.34261488630415415,0.32117232703260956,-0.7650729848457682,0.008381189703815144,0.0,0.8510770958927415
2634,Man City,2023-05-14,0.880697731728931,3,0.07031549552111097,0.0,1.2723895065627695,-0.19311717805382414,0.008381189703815144,0.05238281082503731,2.09104955628784
2635,Arsenal,2023-05-14,0.880697731728931,0,0.06711933663378775,0.34261488630415415,0.6449579860890364,-0.4550099556726365,0.008381189703815144,0.0,1.488761174787088
2635,Brighton,2023-05-14,0.880697731728931,3,0.06328394596899987,0.0,0.7567250503508037,-0.38780572220391235,0.008381189703815144,0.05238281082503731,1.3736650063736744
2636,Leicester,2023-05-15,0.880697731728931,0,0.06711933663378775,0.34261488630415415,0.3832608589649182,-0.7153640124685696,0.008381189703815144,0.0,0.9667099908670368
2636,Liverpool,2023-05-15,0.880697731728931,3,0.07301993765653832,0.0,1.1897187338553572,-0.23045028887023258,0.008381189703815144,0.05238281082503731,1.973750114899446
2637,Newcastle,2023-05-18,0.880697731728931,4,0.05859624626759248,0.34261488630415415,0.8721024698366697,-0.4575917323555444,0.008381189703815144,0.0,1.7048007914856182
2637,Brighton,2023-05-18,0.880697731728931,1,0.05273662164083323,0.0,0.761018791764615,-0.5243850536709782,0.008381189703815144,0.05238281082503731,1.2308320919922533
2638,Nott'm Forest,2023-05-20,0.880697731728931,1,0.06711933663378775,0.34261488630415415,0.47914974825965834,-0.37285922572802094,0.008846811354027095,0.0,1.4055692885525373
2638,Arsenal,2023-05-20,0.880697731728931,0,0.06328394596899987,0.0,0.6201005337250173,-0.28810716073838577,0.008846811354027095,0.05238281082503731,1.3372046728636267
2639,Wolves,2023-05-20,0.880697731728931,1,0.06711933663378775,0.34261488630415415,0.6307190268649778,-0.22438456375981547,0.008846811354027095,0.0,1.7056132291260626
2639,Everton,2023-05-20,0.880697731728931,1,0.06328394596899987,0.0,0.3731729782880898,-0.3792440019300032,0.008846811354027095,0.05238281082503731,0.9991402762350817
2640,Liverpool,2023-05-20,0.880697731728931,1,0.05859624626759248,0.34261488630415415,1.2326198112430338,-0.416565547463736,0.008846811354027095,0.0,2.1068099394340027
2640,Aston Villa,2023-05-20,0.880697731728931,1,0.06711933663378775,0.0,0.6927883246266798,-0.741159930432995,0.008846811354027095,0.05238281082503731,0.960675084735468
2641,Bournemouth,2023-05-20,0.880697731728931,0,0.06711933663378775,0.34261488630415415,0.6676178369828585,-0.4036341627403507,0.008846811354027095,0.0,1.5632624402634079
2641,Man United,2023-05-20,0.880697731728931,1,0.06711933663378775,0.0,0.6712821957301296,-0.4014308265214802,0.008846811354027095,0.05238281082503731,1.2788980597504327
2642,Tottenham,2023-05-20,0.880697731728931,1,0.06711933663378775,0.34261488630415415,0.3592767624684109,-0.41205936893627776,0.008846811354027095,0.0,1.2464961595530335
2642,Brentford,2023-05-20,0.880697731728931,3,0.06328394596899987,0.0,0.6852941189932237,-0.2160289311014301,0.008846811354027095,0.05238281082503731,1.4744764877687888
2643,Fulham,2023-05-20,0.880697731728931,2,0.06711933663378775,0.34261488630415415,0.5064585155392587,-0.39082789230624787,0.008846811354027095,0.0,1.414909389253911
2643,Crystal Palace,2023-05-20,0.880697731728931,2,0.06711933663378775,0.0,0.649984143856239,-0.30452760431112724,0.008846811354027095,0.05238281082503731,1.3545032300868949
2644,West Ham,2023-05-21,0.880697731728931,3,0.06711933663378775,0.34261488630415415,0.3765418097412262,-0.09810565861285417,0.008846811354027095,0.0,1.577714917149272
2644,Leeds,2023-05-21,0.880697731728931,1,0.07031549552111097,0.0,0.16315908812097105,-0.22641020286010635,0.008846811354027095,0.05238281082503731,0.948991734689971
2645,Brighton,2023-05-21,0.880697731728931,3,0.04520281854928562,0.34261488630415415,0.7631656624715205,-0.05487171694015049,0.008381189703815144,0.0,1.9851905718175558
2645,Southampton,2023-05-21,0.880697731728931,1,0.07031549552111097,0.0,0.09125691041855931,-0.4588826206969983,0.008381189703815144,0.05238281082503731,0.6441515175004554
2646,Man City,2023-05-21,0.880697731728931,1,0.06711933663378775,0.34261488630415415,1.2739551975967398,-0.16326251307177672,0.008846811354027095,0.0,2.4099714505458634
2646,Chelsea,2023-05-21,0.880697731728931,0,0.07031549552111097,0.0,0.2715211653819837,-0.7660144166215943,0.008846811354027095,0.06547851353129663,0.530845300895755
2647,Newcastle,2023-05-22,0.880697731728931,0,0.05273662164083323,0.34261488630415415,0.8612248644619048,-0.2430511191680197,0.008846811354027095,0.0,1.9030697963218306
2647,Leicester,2023-05-22,0.880697731728931,0,0.06711933663378775,0.0,0.4042172442542441,-0.5178444763012959,0.008846811354027095,0.05238281082503731,0.8954194584947311
2648,Brighton,2023-05-24,0.880697731728931,1,0.04520281854928562,0.34261488630415415,0.7642390978249733,-0.7664851325095073,0.008846811354027095,0.0,1.2751162132518639
2648,Man City,2023-05-24,0.880697731728931,1,0.04520281854928562,0.0,1.274738043113725,-0.4595280648677253,0.008846811354027095,0.05238281082503731,1.8023401507032804
2649,Man United,2023-05-25,0.880697731728931,4,0.05859624626759248,0.34261488630415415,0.7182973644542778,-0.18389203632221107,0.008381189703815144,0.0,1.8246953821365597
2649,Chelsea,2023-05-25,0.880697731728931,1,0.05273662164083323,0.0,0.30583003450841983,-0.43190383588940146,0.008381189703815144,0.06574797243471761,0.8814897141273156
2650,Leicester,2023-05-28,0.880697731728931,2,0.06328394596899987,0.34261488630415415,0.32966071099019306,-0.26659627110953726,0.008846811354027095,0.0,1.3585078152367678
2650,West Ham,2023-05-28,0.880697731728931,1,0.06711933663378775,0.0,0.4433750825967551,-0.19822114442375188,0.008846811354027095,0.05238281082503731,1.2542006287147862
2651,Leeds,2023-05-28,0.880697731728931,1,0.06711933663378775,0.34261488630415415,0.16661426996919954,-0.21027524533703776,0.008846811354027095,0.0,1.2556177906530617
2651,Tottenham,2023-05-28,0.880697731728931,4,0.07031549552111097,0.0,0.34970783305163344,-0.10018321919958845,0.008846811354027095,0.05238281082503731,1.2617674632811513
2652,Everton,2023-05-28,0.880697731728931,1,0.07031549552111097,0.34261488630415415,0.39917330391582995,-0.3541065829402242,0.008846811354027095,0.0,1.3475416458838287
2652,Bournemouth,2023-05-28,0.880697731728931,0,0.07031549552111097,0.0,0.5889130962175713,-0.24001825661281115,0.008846811354027095,0.05238281082503731,1.3611376890338664
2653,Crystal Palace,2023-05-28,0.880697731728931,1,0.07031549552111097,0.34261488630415415,0.6226136126086185,-0.3997055298349997,0.008846811354027095,0.0,1.525383007681842
2653,Nott'm Forest,2023-05-28,0.880697731728931,1,0.07031549552111097,0.0,0.6647485036733992,-0.3743703107791887,0.008846811354027095,0.05238281082503731,1.3026210423233169
2654,Arsenal,2023-05-28,0.880697731728931,5,0.07031549552111097,0.34261488630415415,0.5651544445886506,-0.3685783655910664,0.008846811354027095,0.0,1.4990510039058074
2654,Wolves,2023-05-28,0.880697731728931,0,0.07031549552111097,0.0,0.612981054112988,-0.3398207825434945,0.008846811354027095,0.05238281082503731,1.2854031209985999
2655,Brentford,2023-05-28,0.880697731728931,1,0.07031549552111097,0.34261488630415415,0.8528554149488959,-0.7155901005603026,0.008846811354027095,0.0,1.4397402392968166
2655,Man City,2023-05-28,0.880697731728931,0,0.05273662164083323,0.0,1.1900947399635036,-0.512812023827107,0.008846811354027095,0.05238281082503731,1.671946691685225
2656,Aston Villa,2023-05-28,0.880697731728931,2,0.07031549552111097,0.34261488630415415,0.6440157029938389,-0.4087203970599274,0.008846811354027095,0.0,1.5377702308421348
2656,Brighton,2023-05-28,0.880697731728931,1,0.05273662164083323,0.0,0.6797410895929857,-0.3872391383579327,0.008846811354027095,0.05238281082503731,1.2871659267838818
2657,Man United,2023-05-28,0.880697731728931,2,0.04520281854928562,0.34261488630415415,0.7418049488163521,-0.3312201667816284,0.008846811354027095,0.0,1.6879470299711214
2657,Fulham,2023-05-28,0.880697731728931,1,0.07031549552111097,0.0,0.5508507984501284,-0.4460386724639269,0.008846811354027095,0.05238281082503731,1.1170549754153078
2658,Chelsea,2023-05-28,0.880697731728931,1,0.04520281854928562,0.34261488630415415,0.3229844690716379,-0.4634437977232934,0.008846811354027095,0.0,1.1369029192847422
2658,Newcastle,2023-05-28,0.880697731728931,1,0.06328394596899987,0.0,0.7707513358658085,-0.19420679794742826,0.008846811354027095,0.05238281082503731,1.5817558377953753
2659,Southampton,2023-05-28,0.880697731728931,4,0.06711933663378775,0.34261488630415415,0.045628455209279654,-0.7029274995220464,0.008846811354027095,0.0,0.6419797217081333
2659,Liverpool,2023-05-28,0.880697731728931,4,0.07031549552111097,0.0,1.1690356240281579,-0.027435858470075247,0.008846811354027095,0.05238281082503731,2.153842614987189
