HomeTeam,AwayTeam,Date,season,FTHG,FTAG,FTR,rest_days_home,rest_days_away,travel_km,form_home,form_away,season_stage,sat_rest_home,sat_rest_away,sat_travel,adstock_form_home,adstock_form_away
Bournemouth,Aston Villa,2015-08-08,1516,0,1,A,14,14,150,0,0,1,0.7777777777777778,0.7777777777777778,0.6,0.0,0.0
Chelsea,Swansea,2015-08-08,1516,2,2,D,14,14,150,0,0,1,0.7777777777777778,0.7777777777777778,0.6,0.0,0.0
Everton,Watford,2015-08-08,1516,2,2,D,14,14,150,0,0,1,0.7777777777777778,0.7777777777777778,0.6,0.0,0.0
Leicester,Sunderland,2015-08-08,1516,4,2,H,14,14,150,0,0,1,0.7777777777777778,0.7777777777777778,0.6,0.0,0.0
Man United,Tottenham,2015-08-08,1516,1,0,H,14,14,300,0,0,1,0.7777777777777778,0.7777777777777778,0.75,0.0,0.0
Norwich,Crystal Palace,2015-08-08,1516,1,3,A,14,14,150,0,0,1,0.7777777777777778,0.7777777777777778,0.6,0.0,0.0
Arsenal,West Ham,2015-08-09,1516,0,2,A,14,14,150,0,0,1,0.7777777777777778,0.7777777777777778,0.6,0.0,0.0
Newcastle,Southampton,2015-08-09,1516,2,2,D,14,14,150,0,0,1,0.7777777777777778,0.7777777777777778,0.6,0.0,0.0
Stoke,Liverpool,2015-08-09,1516,0,1,A,14,14,150,0,0,1,0.7777777777777778,0.7777777777777778,0.6,0.0,0.0
West Brom,Man City,2015-08-10,1516,0,3,A,14,14,150,0,0,1,0.7777777777777778,0.7777777777777778,0.6,0.0,0.0
Aston Villa,Man United,2015-08-14,1516,0,1,A,6,6,150,3,3,1,0.6,0.6,0.6,3.0,3.0
West Ham,Leicester,2015-08-15,1516,1,2,A,6,7,150,3,3,1,0.6,0.6363636363636364,0.6,3.0,3.0
Watford,West Brom,2015-08-15,1516,0,0,D,7,5,150,1,0,1,0.6363636363636364,0.5555555555555556,0.6,1.0,0.0
Tottenham,Stoke,2015-08-15,1516,2,2,D,7,6,150,0,0,1,0.6363636363636364,0.6,0.6,0.0,0.0
Southampton,Everton,2015-08-15,1516,0,3,A,6,7,150,1,1,1,0.6,0.6363636363636364,0.6,1.0,1.0
Sunderland,Norwich,2015-08-15,1516,1,3,A,7,7,150,0,0,1,0.6363636363636364,0.6363636363636364,0.6,0.0,0.0
Swansea,Newcastle,2015-08-15,1516,2,0,H,7,6,150,1,1,1,0.6363636363636364,0.6,0.6,1.0,1.0
Crystal Palace,Arsenal,2015-08-16,1516,1,2,A,8,7,150,3,0,1,0.6666666666666666,0.6363636363636364,0.6,3.0,0.0
Man City,Chelsea,2015-08-16,1516,3,0,H,6,8,300,3,1,1,0.6,0.6666666666666666,0.75,3.0,1.0
Liverpool,Bournemouth,2015-08-17,1516,1,0,H,8,9,150,3,0,1,0.6666666666666666,0.6923076923076923,0.6,3.0,0.0
Sunderland,Swansea,2015-08-22,1516,1,1,D,7,7,150,0,4,2,0.6363636363636364,0.6363636363636364,0.6,0.0,4.5
West Ham,Bournemouth,2015-08-22,1516,3,4,A,7,5,150,3,0,2,0.6363636363636364,0.5555555555555556,0.6,4.5,0.0
Norwich,Stoke,2015-08-22,1516,1,1,D,7,7,150,3,1,2,0.6363636363636364,0.6363636363636364,0.6,3.0,1.0
Leicester,Tottenham,2015-08-22,1516,1,1,D,7,7,150,6,1,2,0.6363636363636364,0.6363636363636364,0.6,7.5,1.0
Crystal Palace,Aston Villa,2015-08-22,1516,2,1,H,6,8,150,3,3,2,0.6,0.6666666666666666,0.6,4.5,4.5
Man United,Newcastle,2015-08-22,1516,0,0,D,8,7,150,6,1,2,0.6666666666666666,0.6363636363636364,0.6,7.5,1.5
Everton,Man City,2015-08-23,1516,0,2,A,8,7,150,4,6,2,0.6666666666666666,0.6363636363636364,0.6,4.5,7.5
Watford,Southampton,2015-08-23,1516,0,0,D,8,8,150,2,1,2,0.6666666666666666,0.6666666666666666,0.6,2.5,1.5
West Brom,Chelsea,2015-08-23,1516,2,3,A,8,7,150,1,1,2,0.6666666666666666,0.6363636363636364,0.6,1.0,1.5
Arsenal,Liverpool,2015-08-24,1516,0,0,D,8,7,290,3,6,2,0.6666666666666666,0.6363636363636364,0.7435897435897436,3.0,7.5
Liverpool,West Ham,2015-08-29,1516,0,3,A,5,7,150,7,3,2,0.5555555555555556,0.6363636363636364,0.6,10.75,5.25
Aston Villa,Sunderland,2015-08-29,1516,2,2,D,7,7,150,3,1,2,0.6363636363636364,0.6363636363636364,0.6,5.25,1.0
Bournemouth,Leicester,2015-08-29,1516,1,1,D,7,7,150,3,7,2,0.6363636363636364,0.6363636363636364,0.6,3.0,10.75
Chelsea,Crystal Palace,2015-08-29,1516,1,2,A,6,7,150,4,6,2,0.6,0.6363636363636364,0.6,4.75,8.25
Man City,Watford,2015-08-29,1516,2,0,H,6,6,150,9,3,2,0.6,0.6,0.6,12.75,4.25
Newcastle,Arsenal,2015-08-29,1516,0,1,A,7,5,150,2,4,2,0.6363636363636364,0.5555555555555556,0.6,2.75,5.5
Stoke,West Brom,2015-08-29,1516,0,1,A,7,6,150,2,1,2,0.6363636363636364,0.6,0.6,2.5,1.5
Tottenham,Everton,2015-08-29,1516,0,0,D,7,6,150,2,4,2,0.6363636363636364,0.6,0.6,2.5,6.25
Southampton,Norwich,2015-08-30,1516,3,0,H,7,8,150,2,4,2,0.6363636363636364,0.6666666666666666,0.6,2.75,5.5
Swansea,Man United,2015-08-30,1516,2,1,H,8,8,150,5,7,2,0.6666666666666666,0.6666666666666666,0.6,7.25,10.75
Watford,Swansea,2015-09-12,1516,1,0,H,14,13,150,3,8,3,0.7777777777777778,0.7647058823529411,0.6,5.125,11.625
West Brom,Southampton,2015-09-12,1516,0,0,D,14,13,150,4,5,3,0.7777777777777778,0.7647058823529411,0.6,4.75,6.375
Norwich,Bournemouth,2015-09-12,1516,3,1,H,13,14,150,4,4,3,0.7647058823529411,0.7777777777777778,0.6,6.75,5.5
Crystal Palace,Man City,2015-09-12,1516,0,1,A,14,14,150,9,12,3,0.7777777777777778,0.7777777777777778,0.6,13.125,18.375
Everton,Chelsea,2015-09-12,1516,3,1,H,14,14,150,5,4,3,0.7777777777777778,0.7777777777777778,0.6,8.125,6.375
Arsenal,Stoke,2015-09-12,1516,2,0,H,14,14,150,7,2,3,0.7777777777777778,0.7777777777777778,0.6,9.75,3.25
Man United,Liverpool,2015-09-12,1516,3,1,H,13,14,55,7,7,3,0.7647058823529411,0.7777777777777778,0.3548387096774194,12.375,12.375
Leicester,Aston Villa,2015-09-13,1516,3,2,H,15,15,150,8,4,3,0.7894736842105263,0.7894736842105263,0.6,13.375,6.625
Sunderland,Tottenham,2015-09-13,1516,0,1,A,15,15,150,2,3,3,0.7894736842105263,0.7894736842105263,0.6,2.5,4.25
West Ham,Newcastle,2015-09-14,1516,2,0,H,16,16,150,6,2,3,0.8,0.8,0.6,8.625,3.375
Swansea,Everton,2015-09-19,1516,0,0,D,7,7,150,8,8,3,0.6363636363636364,0.6363636363636364,0.6,13.8125,12.0625
Newcastle,Watford,2015-09-19,1516,1,2,A,5,7,150,2,6,3,0.5555555555555556,0.6363636363636364,0.6,3.6875,8.5625
Stoke,Leicester,2015-09-19,1516,2,2,D,7,6,150,2,11,3,0.6363636363636364,0.6,0.6,3.625,17.6875
Bournemouth,Sunderland,2015-09-19,1516,2,0,H,7,6,150,4,2,3,0.6363636363636364,0.6,0.6,6.75,3.25
Aston Villa,West Brom,2015-09-19,1516,0,1,A,6,7,150,4,5,3,0.6,0.6363636363636364,0.6,7.3125,7.375
Chelsea,Arsenal,2015-09-19,1516,2,0,H,7,7,12,4,10,3,0.6363636363636364,0.6363636363636364,0.10714285714285714,7.1875,14.875
Man City,West Ham,2015-09-19,1516,1,2,A,7,5,150,15,9,3,0.6363636363636364,0.5555555555555556,0.6,24.1875,13.3125
Liverpool,Norwich,2015-09-20,1516,1,1,D,8,8,150,7,7,3,0.6666666666666666,0.6666666666666666,0.6,13.1875,10.375
Southampton,Man United,2015-09-20,1516,2,3,A,8,8,150,6,10,3,0.6666666666666666,0.6666666666666666,0.6,9.1875,16.1875
Tottenham,Crystal Palace,2015-09-20,1516,1,0,H,7,8,150,6,9,3,0.6363636363636364,0.6666666666666666,0.6,8.125,15.5625
Southampton,Swansea,2015-09-26,1516,3,1,H,6,7,150,5,8,4,0.6,0.6363636363636364,0.6,9.59375,14.90625
West Ham,Norwich,2015-09-26,1516,2,2,D,7,6,150,9,8,4,0.6363636363636364,0.6,0.6,15.65625,13.1875
Tottenham,Man City,2015-09-26,1516,4,1,H,6,7,295,9,12,4,0.6,0.6363636363636364,0.7468354430379747,13.0625,24.09375
Stoke,Bournemouth,2015-09-26,1516,2,1,H,7,7,150,3,7,4,0.6363636363636364,0.6363636363636364,0.6,4.8125,10.375
Newcastle,Chelsea,2015-09-26,1516,2,2,D,7,7,150,1,6,4,0.6363636363636364,0.6363636363636364,0.6,2.84375,9.59375
Liverpool,Aston Villa,2015-09-26,1516,3,2,H,6,7,150,5,1,4,0.6,0.6363636363636364,0.6,11.59375,4.65625
Leicester,Arsenal,2015-09-26,1516,2,5,A,7,7,150,9,10,4,0.6363636363636364,0.6363636363636364,0.6,17.84375,17.4375
Man United,Sunderland,2015-09-26,1516,3,0,H,6,7,150,10,2,4,0.6,0.6363636363636364,0.6,18.09375,3.625
Watford,Crystal Palace,2015-09-27,1516,0,1,A,8,7,150,8,6,4,0.6666666666666666,0.6363636363636364,0.6,12.28125,13.78125
West Brom,Everton,2015-09-28,1516,2,3,A,9,9,150,8,8,4,0.6923076923076923,0.6923076923076923,0.6,11.6875,14.03125
Sunderland,West Ham,2015-10-03,1516,2,2,D,7,7,150,2,10,4,0.6363636363636364,0.6363636363636364,0.6,3.8125,17.828125
Norwich,Leicester,2015-10-03,1516,1,2,A,7,7,150,6,6,4,0.6363636363636364,0.6363636363636364,0.6,12.59375,14.921875
Crystal Palace,West Brom,2015-10-03,1516,2,0,H,6,5,150,9,7,4,0.6,0.5555555555555556,0.6,15.890625,12.84375
Man City,Newcastle,2015-10-03,1516,6,1,H,7,7,150,9,2,4,0.6363636363636364,0.6363636363636364,0.6,21.046875,3.421875
Bournemouth,Watford,2015-10-03,1516,1,1,D,7,6,150,7,7,4,0.6363636363636364,0.6,0.6,12.1875,13.140625
Aston Villa,Stoke,2015-10-03,1516,0,1,A,7,7,150,1,5,4,0.6363636363636364,0.6363636363636364,0.6,3.328125,7.40625
Chelsea,Southampton,2015-10-03,1516,1,3,A,7,7,150,7,8,4,0.6363636363636364,0.6363636363636364,0.6,11.796875,12.796875
Arsenal,Man United,2015-10-04,1516,3,0,H,8,8,295,10,10,4,0.6666666666666666,0.6666666666666666,0.7468354430379747,18.71875,19.046875
Everton,Liverpool,2015-10-04,1516,1,1,D,6,8,150,8,5,4,0.6,0.6666666666666666,0.6,15.015625,10.796875
Swansea,Tottenham,2015-10-04,1516,2,2,D,8,8,150,5,11,4,0.6666666666666666,0.6666666666666666,0.6,12.453125,17.53125
Tottenham,Liverpool,2015-10-17,1516,0,0,D,13,13,295,11,5,5,0.7647058823529411,0.7647058823529411,0.7468354430379747,19.765625,10.3984375
West Brom,Sunderland,2015-10-17,1516,1,0,H,14,14,150,7,2,5,0.7777777777777778,0.7777777777777778,0.6,13.421875,3.90625
Watford,Arsenal,2015-10-17,1516,0,3,A,14,13,150,7,12,5,0.7777777777777778,0.7647058823529411,0.6,13.5703125,21.359375
Southampton,Leicester,2015-10-17,1516,2,2,D,14,14,150,10,8,5,0.7777777777777778,0.7777777777777778,0.6,16.3984375,15.4609375
Crystal Palace,West Ham,2015-10-17,1516,1,3,A,14,14,150,9,11,5,0.7777777777777778,0.7777777777777778,0.6,16.9453125,19.9140625
Everton,Man United,2015-10-17,1516,0,3,A,13,13,150,9,9,5,0.7647058823529411,0.7647058823529411,0.6,16.5078125,18.5234375
Chelsea,Aston Villa,2015-10-17,1516,2,0,H,14,14,150,4,1,5,0.7777777777777778,0.7777777777777778,0.6,9.8984375,2.6640625
Man City,Bournemouth,2015-10-17,1516,5,1,H,14,14,150,9,5,5,0.7777777777777778,0.7777777777777778,0.6,19.5234375,11.09375
Newcastle,Norwich,2015-10-18,1516,6,2,H,15,15,150,1,5,5,0.7894736842105263,0.7894736842105263,0.6,2.7109375,11.296875
Swansea,Stoke,2015-10-19,1516,0,1,A,15,16,150,5,7,5,0.7894736842105263,0.8,0.6,11.2265625,10.703125
Arsenal,Everton,2015-10-24,1516,2,1,H,7,7,150,12,8,5,0.6363636363636364,0.6363636363636364,0.6,22.6796875,16.25390625
Aston Villa,Swansea,2015-10-24,1516,1,2,A,7,5,150,0,2,5,0.6363636363636364,0.5555555555555556,0.6,1.33203125,7.61328125
Leicester,Crystal Palace,2015-10-24,1516,1,0,H,7,7,150,8,6,5,0.6363636363636364,0.6363636363636364,0.6,15.73046875,14.47265625
Norwich,West Brom,2015-10-24,1516,0,1,A,6,7,150,5,7,5,0.6,0.6363636363636364,0.6,10.6484375,13.7109375
Stoke,Watford,2015-10-24,1516,0,2,A,5,7,150,10,7,5,0.5555555555555556,0.6363636363636364,0.6,15.3515625,13.78515625
West Ham,Chelsea,2015-10-24,1516,2,1,H,7,7,150,11,7,5,0.6363636363636364,0.6363636363636364,0.6,20.95703125,11.94921875
Bournemouth,Tottenham,2015-10-25,1516,1,5,A,8,8,150,4,11,5,0.6666666666666666,0.6666666666666666,0.6,9.546875,20.8828125
Liverpool,Southampton,2015-10-25,1516,1,1,D,8,8,150,6,8,5,0.6666666666666666,0.6666666666666666,0.6,11.19921875,16.19921875
Man United,Man City,2015-10-25,1516,0,0,D,8,8,10,12,9,5,0.6666666666666666,0.6666666666666666,0.09090909090909091,21.26171875,18.76171875
Sunderland,Newcastle,2015-10-25,1516,3,0,H,8,7,150,1,4,5,0.6666666666666666,0.6363636363636364,0.6,2.953125,5.35546875
West Brom,Leicester,2015-10-31,1516,2,3,A,7,7,150,9,8,6,0.6363636363636364,0.6363636363636364,0.6,15.85546875,15.865234375
Newcastle,Stoke,2015-10-31,1516,0,0,D,6,7,150,4,10,6,0.6,0.6363636363636364,0.6,6.677734375,17.67578125
Watford,West Ham,2015-10-31,1516,2,0,H,7,7,150,7,11,6,0.6363636363636364,0.6363636363636364,0.6,13.892578125,21.478515625
Crystal Palace,Man United,2015-10-31,1516,0,0,D,7,6,150,6,10,6,0.6363636363636364,0.6,0.6,13.236328125,20.630859375
Man City,Norwich,2015-10-31,1516,2,1,H,6,7,150,7,2,6,0.6,0.6363636363636364,0.6,16.380859375,7.32421875
Chelsea,Liverpool,2015-10-31,1516,1,3,A,7,6,295,7,7,6,0.6363636363636364,0.6,0.7468354430379747,12.974609375,12.599609375
Swansea,Arsenal,2015-10-31,1516,0,3,A,7,7,150,5,12,6,0.6363636363636364,0.6363636363636364,0.6,8.806640625,23.33984375
Everton,Sunderland,2015-11-01,1516,6,2,H,8,7,150,5,4,6,0.6666666666666666,0.6363636363636364,0.6,13.126953125,5.4765625
Southampton,Bournemouth,2015-11-01,1516,2,0,H,7,7,150,8,4,6,0.6363636363636364,0.6363636363636364,0.6,16.099609375,8.7734375
Tottenham,Aston Villa,2015-11-02,1516,3,1,H,8,9,150,11,0,6,0.6666666666666666,0.6923076923076923,0.6,21.44140625,0.666015625
West Ham,Everton,2015-11-07,1516,1,1,D,7,6,150,8,7,6,0.6363636363636364,0.6,0.6,18.7392578125,13.5634765625
Stoke,Chelsea,2015-11-07,1516,1,0,H,7,7,150,10,4,6,0.6363636363636364,0.6363636363636364,0.6,18.837890625,10.4873046875
Sunderland,Southampton,2015-11-07,1516,0,1,A,6,6,150,4,11,6,0.6,0.6,0.6,6.73828125,19.0498046875
Leicester,Watford,2015-11-07,1516,2,1,H,7,7,150,10,7,6,0.6363636363636364,0.6363636363636364,0.6,17.9326171875,13.9462890625
Bournemouth,Newcastle,2015-11-07,1516,0,1,A,6,7,150,1,5,6,0.6,0.6363636363636364,0.6,5.38671875,8.3388671875
Man United,West Brom,2015-11-07,1516,2,0,H,7,7,150,8,6,6,0.6363636363636364,0.6363636363636364,0.6,18.3154296875,13.927734375
Norwich,Swansea,2015-11-07,1516,1,0,H,7,7,150,1,4,6,0.6363636363636364,0.6363636363636364,0.6,4.662109375,8.4033203125
Arsenal,Tottenham,2015-11-08,1516,1,1,D,8,6,10,15,11,6,0.6666666666666666,0.6,0.09090909090909091,26.669921875,21.720703125
Aston Villa,Man City,2015-11-08,1516,0,0,D,6,8,150,0,10,6,0.6,0.6666666666666666,0.6,0.3330078125,18.1904296875
Liverpool,Crystal Palace,2015-11-08,1516,1,2,A,8,8,150,9,7,6,0.6666666666666666,0.6666666666666666,0.6,15.2998046875,13.6181640625
Southampton,Stoke,2015-11-21,1516,0,1,A,14,14,150,11,10,7,0.7777777777777778,0.7777777777777778,0.6,20.52490234375,19.4189453125
West Brom,Arsenal,2015-11-21,1516,2,1,H,14,13,150,6,13,7,0.7777777777777778,0.7647058823529411,0.6,12.9638671875,26.3349609375
Watford,Man United,2015-11-21,1516,1,2,A,14,14,150,7,8,7,0.7777777777777778,0.7777777777777778,0.6,13.97314453125,17.15771484375
Swansea,Bournemouth,2015-11-21,1516,2,2,D,14,14,150,4,1,7,0.7777777777777778,0.7777777777777778,0.6,8.20166015625,3.693359375
Newcastle,Leicester,2015-11-21,1516,0,3,A,14,14,150,7,13,7,0.7777777777777778,0.7777777777777778,0.6,11.16943359375,21.96630859375
Everton,Aston Villa,2015-11-21,1516,4,0,H,14,13,150,5,1,7,0.7777777777777778,0.7647058823529411,0.6,11.78173828125,1.16650390625
Man City,Liverpool,2015-11-21,1516,1,4,A,13,13,55,11,6,7,0.7647058823529411,0.7647058823529411,0.3548387096774194,20.09521484375,13.64990234375
Chelsea,Norwich,2015-11-21,1516,1,0,H,14,14,150,3,3,7,0.7777777777777778,0.7777777777777778,0.6,8.24365234375,5.3310546875
Tottenham,West Ham,2015-11-22,1516,4,1,H,14,15,150,9,8,7,0.7777777777777778,0.7894736842105263,0.6,19.8603515625,17.36962890625
Crystal Palace,Sunderland,2015-11-23,1516,0,1,A,15,16,150,7,4,7,0.7894736842105263,0.8,0.6,13.80908203125,7.369140625
Sunderland,Stoke,2015-11-28,1516,2,0,H,5,7,150,6,10,7,0.5555555555555556,0.6363636363636364,0.6,9.6845703125,19.70947265625
Leicester,Man United,2015-11-28,1516,1,1,D,7,7,150,13,11,7,0.6363636363636364,0.6363636363636364,0.6,23.983154296875,19.578857421875
Man City,Southampton,2015-11-28,1516,3,1,H,7,7,150,8,8,8,0.6363636363636364,0.6363636363636364,0.6,18.047607421875,18.262451171875
Bournemouth,Everton,2015-11-28,1516,3,3,D,7,7,150,1,7,7,0.6363636363636364,0.6363636363636364,0.6,2.8466796875,12.890869140625
Aston Villa,Watford,2015-11-28,1516,2,3,A,7,7,150,1,6,7,0.6363636363636364,0.6363636363636364,0.6,1.583251953125,12.986572265625
Crystal Palace,Newcastle,2015-11-28,1516,5,1,H,5,7,150,4,7,8,0.5555555555555556,0.6363636363636364,0.6,10.904541015625,12.584716796875
Liverpool,Swansea,2015-11-29,1516,1,0,H,8,8,150,8,4,7,0.6666666666666666,0.6666666666666666,0.6,14.824951171875,8.100830078125
Norwich,Arsenal,2015-11-29,1516,1,1,D,8,8,150,3,10,7,0.6666666666666666,0.6666666666666666,0.6,5.66552734375,23.16748046875
Tottenham,Chelsea,2015-11-29,1516,0,0,D,7,8,11,11,6,8,0.6363636363636364,0.6666666666666666,0.0990990990990991,20.93017578125,10.121826171875
West Ham,West Brom,2015-11-29,1516,1,1,D,7,8,150,7,9,7,0.6363636363636364,0.6666666666666666,0.6,15.684814453125,15.48193359375
Stoke,Man City,2015-12-05,1516,2,0,H,7,7,150,7,8,7,0.6363636363636364,0.6363636363636364,0.6,16.854736328125,17.0238037109375
Watford,Norwich,2015-12-05,1516,2,0,H,7,6,150,9,4,8,0.6363636363636364,0.6,0.6,15.4932861328125,6.832763671875
Swansea,Leicester,2015-12-05,1516,0,3,A,6,7,150,4,13,8,0.6,0.6363636363636364,0.6,8.0504150390625,24.9915771484375
West Brom,Tottenham,2015-12-05,1516,1,1,D,6,6,150,7,11,8,0.6,0.6,0.6,14.740966796875,21.465087890625
Southampton,Aston Villa,2015-12-05,1516,1,1,D,7,7,150,7,1,8,0.6363636363636364,0.6363636363636364,0.6,16.1312255859375,1.7916259765625
Chelsea,Bournemouth,2015-12-05,1516,0,1,A,6,7,150,4,2,8,0.6,0.6363636363636364,0.6,9.0609130859375,3.42333984375
Arsenal,Sunderland,2015-12-05,1516,3,1,H,6,7,150,8,9,7,0.6,0.6363636363636364,0.6,19.583740234375,13.84228515625
Man United,West Ham,2015-12-05,1516,0,0,D,7,6,150,9,5,7,0.6363636363636364,0.6,0.6,18.7894287109375,12.8424072265625
Newcastle,Liverpool,2015-12-06,1516,2,0,H,8,7,150,4,10,8,0.6666666666666666,0.6363636363636364,0.6,10.2923583984375,17.4124755859375
Everton,Crystal Palace,2015-12-07,1516,1,1,D,9,9,150,8,7,8,0.6923076923076923,0.6923076923076923,0.6,14.4454345703125,12.4522705078125
West Ham,Stoke,2015-12-12,1516,0,0,D,7,7,150,3,10,8,0.6363636363636364,0.6363636363636364,0.6,9.42120361328125,18.4273681640625
Sunderland,Watford,2015-12-12,1516,0,1,A,7,7,150,6,9,8,0.6363636363636364,0.6363636363636364,0.6,12.921142578125,16.74664306640625
Norwich,Everton,2015-12-12,1516,1,1,D,7,5,150,4,9,8,0.6363636363636364,0.5555555555555556,0.6,7.4163818359375,16.22271728515625
Crystal Palace,Southampton,2015-12-12,1516,1,0,H,5,7,150,8,7,9,0.5555555555555556,0.6363636363636364,0.6,14.22613525390625,15.06561279296875
Bournemouth,Man United,2015-12-12,1516,2,1,H,7,7,150,5,9,8,0.6363636363636364,0.6363636363636364,0.6,6.711669921875,18.39471435546875
Man City,Swansea,2015-12-12,1516,2,1,H,7,7,150,7,1,9,0.6363636363636364,0.6363636363636364,0.6,15.51190185546875,5.02520751953125
Aston Villa,Arsenal,2015-12-13,1516,0,2,A,8,8,150,2,8,8,0.6666666666666666,0.6666666666666666,0.6,2.89581298828125,17.7918701171875
Liverpool,West Brom,2015-12-13,1516,2,2,D,7,8,150,9,5,8,0.6363636363636364,0.6666666666666666,0.6,17.70623779296875,12.3704833984375
Tottenham,Newcastle,2015-12-13,1516,1,2,A,8,7,150,9,7,9,0.6666666666666666,0.6363636363636364,0.6,19.7325439453125,12.14617919921875
Leicester,Chelsea,2015-12-14,1516,2,1,H,9,9,150,13,4,8,0.6923076923076923,0.6923076923076923,0.6,25.49578857421875,8.53045654296875
Southampton,Tottenham,2015-12-19,1516,0,2,A,7,6,150,4,6,9,0.6363636363636364,0.6,0.6,11.532806396484375,15.86627197265625
West Brom,Bournemouth,2015-12-19,1516,1,2,A,6,7,150,6,8,9,0.6,0.6363636363636364,0.6,12.18524169921875,11.3558349609375
Newcastle,Aston Villa,2015-12-19,1516,1,1,D,6,6,150,9,2,9,0.6,0.6,0.6,15.073089599609375,3.447906494140625
Stoke,Crystal Palace,2015-12-19,1516,1,2,A,7,7,150,10,10,8,0.6363636363636364,0.6363636363636364,0.6,19.21368408203125,17.113067626953125
Everton,Leicester,2015-12-19,1516,2,3,A,7,5,150,7,13,9,0.6363636363636364,0.5555555555555556,0.6,15.111358642578125,25.747894287109375
Man United,Norwich,2015-12-19,1516,1,2,A,7,7,150,8,5,8,0.6363636363636364,0.6363636363636364,0.6,17.197357177734375,8.70819091796875
Chelsea,Sunderland,2015-12-19,1516,3,1,H,5,7,150,4,6,9,0.5555555555555556,0.6363636363636364,0.6,8.265228271484375,12.4605712890625
Swansea,West Ham,2015-12-20,1516,0,0,D,8,8,150,1,4,9,0.6666666666666666,0.6666666666666666,0.6,3.512603759765625,8.710601806640625
Watford,Liverpool,2015-12-20,1516,3,0,H,8,7,150,9,7,9,0.6666666666666666,0.6363636363636364,0.6,17.373321533203125,15.853118896484375
Arsenal,Man City,2015-12-21,1516,2,1,H,8,9,295,8,7,8,0.6666666666666666,0.6923076923076923,0.7468354430379747,16.89593505859375,14.755950927734375
Tottenham,Norwich,2015-12-26,1516,3,0,H,7,7,150,8,5,10,0.6363636363636364,0.6363636363636364,0.6,15.933135986328125,9.354095458984375
Swansea,West Brom,2015-12-26,1516,1,0,H,6,7,150,2,6,10,0.6,0.6363636363636364,0.6,3.7563018798828125,12.092620849609375
Stoke,Man United,2015-12-26,1516,2,0,H,7,7,150,7,5,9,0.6363636363636364,0.6363636363636364,0.6,16.606842041015625,13.598678588867188
Southampton,Arsenal,2015-12-26,1516,4,0,H,7,5,150,1,10,10,0.6363636363636364,0.5555555555555556,0.6,6.7664031982421875,18.447967529296875
Newcastle,Everton,2015-12-26,1516,0,1,A,7,7,150,7,6,10,0.6363636363636364,0.6363636363636364,0.6,14.536544799804688,13.555679321289062
Liverpool,Leicester,2015-12-26,1516,1,0,H,6,7,150,7,13,9,0.6,0.6363636363636364,0.6,14.926559448242188,25.873947143554688
Chelsea,Watford,2015-12-26,1516,2,2,D,7,6,150,7,12,10,0.6363636363636364,0.6,0.6,11.132614135742188,20.686660766601562
Bournemouth,Crystal Palace,2015-12-26,1516,0,0,D,7,7,150,11,10,9,0.6363636363636364,0.6363636363636364,0.6,16.67791748046875,18.556533813476562
Aston Villa,West Ham,2015-12-26,1516,1,1,D,7,6,150,2,4,9,0.6363636363636364,0.6,0.6,3.7239532470703125,8.355300903320312
Man City,Sunderland,2015-12-26,1516,4,1,H,5,7,150,6,6,10,0.5555555555555556,0.6363636363636364,0.6,13.377975463867188,12.23028564453125
West Brom,Newcastle,2015-12-28,1516,1,0,H,2,2,150,3,7,10,0.3333333333333333,0.3333333333333333,0.6,9.046310424804688,14.268272399902344
West Ham,Southampton,2015-12-28,1516,2,1,H,2,2,150,5,4,9,0.3333333333333333,0.3333333333333333,0.6,9.177650451660156,7.383201599121094
Watford,Tottenham,2015-12-28,1516,1,2,A,2,2,150,13,8,10,0.3333333333333333,0.3333333333333333,0.6,23.34333038330078,15.966567993164062
Norwich,Aston Villa,2015-12-28,1516,2,0,H,2,2,150,5,3,9,0.3333333333333333,0.3333333333333333,0.6,9.677047729492188,4.861976623535156
Everton,Stoke,2015-12-28,1516,3,4,A,2,2,150,6,7,10,0.3333333333333333,0.3333333333333333,0.6,12.777839660644531,15.303421020507812
Crystal Palace,Swansea,2015-12-28,1516,0,0,D,2,2,150,11,4,10,0.3333333333333333,0.3333333333333333,0.6,20.27826690673828,5.878150939941406
Arsenal,Bournemouth,2015-12-28,1516,2,0,H,2,2,150,10,11,9,0.3333333333333333,0.3333333333333333,0.6,19.223983764648438,19.338958740234375
Man United,Chelsea,2015-12-28,1516,0,0,D,2,2,305,2,5,9,0.3333333333333333,0.3333333333333333,0.7530864197530864,8.799339294433594,10.566307067871094
Leicester,Man City,2015-12-29,1516,0,0,D,3,3,150,10,9,9,0.42857142857142855,0.42857142857142855,0.6,22.936973571777344,15.688987731933594
Sunderland,Liverpool,2015-12-30,1516,0,1,A,4,4,150,3,7,9,0.5,0.5,0.6,9.115142822265625,14.463279724121094
Sunderland,Aston Villa,2016-01-02,1516,3,1,H,3,5,150,0,3,10,0.42857142857142855,0.5555555555555556,0.6,4.5575714111328125,5.430988311767578
West Ham,Liverpool,2016-01-02,1516,2,0,H,5,3,150,7,7,10,0.5555555555555556,0.42857142857142855,0.6,11.588825225830078,14.231639862060547
West Brom,Stoke,2016-01-02,1516,2,1,H,5,5,150,5,10,11,0.5555555555555556,0.5555555555555556,0.6,9.523155212402344,17.651710510253906
Watford,Man City,2016-01-02,1516,1,2,A,5,4,150,10,7,11,0.5555555555555556,0.5,0.6,21.67166519165039,14.844493865966797
Norwich,Southampton,2016-01-02,1516,1,0,H,5,5,150,7,4,10,0.5555555555555556,0.5555555555555556,0.6,11.838523864746094,7.691600799560547
Man United,Swansea,2016-01-02,1516,2,1,H,5,5,150,2,5,10,0.5555555555555556,0.5555555555555556,0.6,6.399669647216797,7.939075469970703
Leicester,Bournemouth,2016-01-02,1516,0,0,D,4,5,150,10,10,10,0.5,0.5555555555555556,0.6,21.468486785888672,19.669479370117188
Arsenal,Newcastle,2016-01-02,1516,1,0,H,5,5,150,12,7,10,0.5555555555555556,0.5555555555555556,0.6,21.61199188232422,14.134136199951172
Crystal Palace,Chelsea,2016-01-03,1516,0,3,A,6,6,150,9,5,11,0.6,0.6,0.6,19.13913345336914,10.283153533935547
Everton,Tottenham,2016-01-03,1516,1,1,D,6,6,150,5,10,11,0.6,0.6,0.6,11.388919830322266,17.98328399658203
Aston Villa,Crystal Palace,2016-01-12,1516,1,0,H,10,9,150,2,8,10,0.7142857142857143,0.6923076923076923,0.6,4.715494155883789,17.56956672668457
Bournemouth,West Ham,2016-01-12,1516,1,3,A,10,10,150,8,9,10,0.7142857142857143,0.7142857142857143,0.6,17.834739685058594,14.794412612915039
Newcastle,Man United,2016-01-12,1516,3,3,D,10,10,150,4,4,11,0.7142857142857143,0.7142857142857143,0.6,11.067068099975586,7.199834823608398
Swansea,Sunderland,2016-01-13,1516,2,4,A,11,11,150,5,3,11,0.7333333333333333,0.7333333333333333,0.6,8.969537734985352,5.278785705566406
Tottenham,Leicester,2016-01-13,1516,0,1,A,10,11,150,10,8,11,0.7142857142857143,0.7333333333333333,0.6,18.991641998291016,18.734243392944336
Stoke,Norwich,2016-01-13,1516,3,1,H,11,11,150,7,10,10,0.7333333333333333,0.7333333333333333,0.6,15.825855255126953,15.919261932373047
Chelsea,West Brom,2016-01-13,1516,2,2,D,10,11,150,8,7,11,0.7142857142857143,0.7333333333333333,0.6,13.141576766967773,11.761577606201172
Man City,Everton,2016-01-13,1516,0,0,D,11,10,150,10,5,11,0.7333333333333333,0.7142857142857143,0.6,17.4222469329834,10.694459915161133
Liverpool,Arsenal,2016-01-13,1516,3,3,D,11,11,290,7,12,10,0.7333333333333333,0.7333333333333333,0.7435897435897436,14.115819931030273,22.80599594116211
Southampton,Watford,2016-01-13,1516,2,0,H,11,11,150,3,7,11,0.7333333333333333,0.7333333333333333,0.6,6.845800399780273,17.835832595825195
Aston Villa,Leicester,2016-01-16,1516,1,1,D,4,3,150,5,8,11,0.5,0.42857142857142855,0.6,7.3577470779418945,17.367121696472168
Bournemouth,Norwich,2016-01-16,1516,3,0,H,4,3,150,5,9,11,0.5,0.42857142857142855,0.6,13.917369842529297,16.959630966186523
Chelsea,Everton,2016-01-16,1516,3,3,D,3,3,150,9,5,12,0.42857142857142855,0.42857142857142855,0.6,15.570788383483887,10.347229957580566
Man City,Crystal Palace,2016-01-16,1516,4,0,H,3,4,150,8,5,12,0.42857142857142855,0.5,0.6,16.7111234664917,13.784783363342285
Newcastle,West Ham,2016-01-16,1516,2,1,H,4,4,150,2,11,12,0.5,0.5,0.6,7.533534049987793,18.39720630645752
Southampton,West Brom,2016-01-16,1516,3,0,H,3,3,150,6,7,12,0.42857142857142855,0.42857142857142855,0.6,9.422900199890137,12.880788803100586
Tottenham,Sunderland,2016-01-16,1516,4,1,H,3,3,150,10,6,12,0.42857142857142855,0.42857142857142855,0.6,19.495820999145508,8.639392852783203
Liverpool,Man United,2016-01-17,1516,0,1,A,4,5,55,7,5,11,0.5,0.5555555555555556,0.3548387096774194,14.057909965515137,8.5999174118042
Stoke,Arsenal,2016-01-17,1516,0,0,D,4,4,150,9,10,11,0.5,0.5,0.6,16.912927627563477,21.402997970581055
Swansea,Watford,2016-01-18,1516,1,0,H,5,5,150,5,4,12,0.5555555555555556,0.5555555555555556,0.6,9.484768867492676,12.917916297912598
West Ham,Man City,2016-01-23,1516,2,2,D,7,7,150,10,11,11,0.6363636363636364,0.6363636363636364,0.6,19.19860315322876,19.35556173324585
West Brom,Aston Villa,2016-01-23,1516,0,0,D,7,7,150,7,5,12,0.6363636363636364,0.6363636363636364,0.6,13.440394401550293,8.678873538970947
Watford,Newcastle,2016-01-23,1516,2,1,H,5,7,150,1,4,12,0.5555555555555556,0.6363636363636364,0.6,7.458958148956299,7.7667670249938965
Sunderland,Bournemouth,2016-01-23,1516,1,1,D,7,7,150,6,5,11,0.6363636363636364,0.6363636363636364,0.6,10.319696426391602,11.958684921264648
Man United,Southampton,2016-01-23,1516,0,1,A,6,7,150,8,9,11,0.6,0.6363636363636364,0.6,12.2999587059021,13.711450099945068
Leicester,Stoke,2016-01-23,1516,3,0,H,7,6,150,6,10,11,0.6363636363636364,0.6,0.6,14.683560848236084,18.45646381378174
Crystal Palace,Tottenham,2016-01-23,1516,1,3,A,7,7,150,2,10,12,0.6363636363636364,0.6363636363636364,0.6,8.892391681671143,19.747910499572754
Norwich,Liverpool,2016-01-23,1516,4,5,A,7,6,150,6,7,11,0.6363636363636364,0.6,0.6,14.479815483093262,14.028954982757568
Arsenal,Chelsea,2016-01-24,1516,0,1,A,7,8,12,8,7,11,0.6363636363636364,0.6666666666666666,0.10714285714285714,18.701498985290527,14.785394191741943
Everton,Swansea,2016-01-24,1516,1,2,A,8,6,150,6,7,12,0.6666666666666666,0.6,0.6,11.173614978790283,11.742384433746338
West Ham,Aston Villa,2016-02-02,1516,2,0,H,10,10,150,10,5,12,0.7142857142857143,0.7142857142857143,0.6,19.59930157661438,9.339436769485474
West Brom,Swansea,2016-02-02,1516,1,1,D,10,9,150,8,7,13,0.7142857142857143,0.6923076923076923,0.6,14.720197200775146,12.871192216873169
Sunderland,Man City,2016-02-02,1516,0,1,A,10,10,150,7,9,12,0.7142857142857143,0.7142857142857143,0.6,12.1598482131958,18.677780866622925
Norwich,Tottenham,2016-02-02,1516,0,3,A,10,10,150,6,10,12,0.7142857142857143,0.7142857142857143,0.6,13.23990774154663,19.873955249786377
Man United,Stoke,2016-02-02,1516,3,0,H,10,10,150,8,7,12,0.7142857142857143,0.7142857142857143,0.6,14.14997935295105,16.22823190689087
Crystal Palace,Bournemouth,2016-02-02,1516,1,2,A,10,10,150,1,5,13,0.7142857142857143,0.7142857142857143,0.6,5.446195840835571,10.979342460632324
Arsenal,Southampton,2016-02-02,1516,0,0,D,9,10,150,8,9,12,0.6923076923076923,0.7142857142857143,0.6,17.350749492645264,15.855725049972534
Leicester,Liverpool,2016-02-02,1516,2,0,H,10,10,150,9,7,12,0.7142857142857143,0.7142857142857143,0.6,16.341780424118042,14.014477491378784
Everton,Newcastle,2016-02-03,1516,3,0,H,10,11,150,3,4,13,0.7142857142857143,0.7333333333333333,0.6,8.586807489395142,7.883383512496948
Watford,Chelsea,2016-02-03,1516,0,0,D,11,10,150,3,9,13,0.7333333333333333,0.7142857142857143,0.6,6.729479074478149,16.39269709587097
Stoke,Everton,2016-02-06,1516,0,3,A,4,3,150,4,6,12,0.5,0.42857142857142855,0.6,12.114115953445435,10.29340374469757
Swansea,Crystal Palace,2016-02-06,1516,1,1,D,4,4,150,7,0,13,0.5,0.5,0.6,13.435596108436584,2.7230979204177856
Southampton,West Ham,2016-02-06,1516,1,0,H,4,4,150,10,10,13,0.5,0.5,0.6,17.927862524986267,19.79965078830719
Tottenham,Watford,2016-02-06,1516,1,0,H,4,3,150,10,4,13,0.5,0.42857142857142855,0.6,19.93697762489319,7.364739537239075
Man City,Leicester,2016-02-06,1516,1,3,A,4,4,150,11,11,13,0.5,0.5,0.6,20.338890433311462,19.17089021205902
Liverpool,Sunderland,2016-02-06,1516,2,2,D,4,4,150,4,7,12,0.5,0.5,0.6,11.007238745689392,13.0799241065979
Aston Villa,Norwich,2016-02-06,1516,2,0,H,4,4,150,5,3,12,0.5,0.5,0.6,9.669718384742737,9.619953870773315
Newcastle,West Brom,2016-02-06,1516,1,0,H,3,4,150,4,6,13,0.42857142857142855,0.5,0.6,7.941691756248474,13.360098600387573
Bournemouth,Arsenal,2016-02-07,1516,0,2,A,5,5,150,8,6,12,0.5555555555555556,0.5555555555555556,0.6,13.489671230316162,14.675374746322632
Chelsea,Man United,2016-02-07,1516,1,1,D,4,5,305,9,10,13,0.5,0.5555555555555556,0.7530864197530864,17.196348547935486,17.074989676475525
Swansea,Southampton,2016-02-13,1516,0,1,A,7,7,150,8,13,14,0.6363636363636364,0.6363636363636364,0.6,14.717798054218292,21.963931262493134
Sunderland,Man United,2016-02-13,1516,2,1,H,7,6,150,5,8,13,0.6363636363636364,0.6,0.6,11.53996205329895,16.537494838237762
Norwich,West Ham,2016-02-13,1516,2,2,D,7,7,150,0,7,13,0.6363636363636364,0.6363636363636364,0.6,4.809976935386658,16.899825394153595
Crystal Palace,Watford,2016-02-13,1516,1,2,A,7,7,150,1,4,14,0.6363636363636364,0.6363636363636364,0.6,2.361548960208893,7.682369768619537
Chelsea,Newcastle,2016-02-13,1516,5,1,H,6,7,150,7,7,14,0.6,0.6363636363636364,0.6,15.598174273967743,10.970845878124237
Bournemouth,Stoke,2016-02-13,1516,1,3,A,6,7,150,7,4,13,0.6,0.6363636363636364,0.6,13.744835615158081,10.057057976722717
Everton,West Brom,2016-02-13,1516,0,1,A,7,7,150,8,3,14,0.6363636363636364,0.6363636363636364,0.6,13.146701872348785,9.680049300193787
Arsenal,Leicester,2016-02-14,1516,2,1,H,7,8,150,6,13,13,0.6363636363636364,0.6666666666666666,0.6,13.337687373161316,22.58544510602951
Aston Villa,Liverpool,2016-02-14,1516,0,6,A,8,8,150,8,5,13,0.6666666666666666,0.6666666666666666,0.6,12.834859192371368,10.503619372844696
Man City,Tottenham,2016-02-14,1516,1,2,A,8,8,295,8,12,14,0.6666666666666666,0.6666666666666666,0.7468354430379747,18.16944521665573,21.968488812446594
West Ham,Sunderland,2016-02-27,1516,1,0,H,14,14,150,5,5,13,0.7777777777777778,0.7777777777777778,0.6,13.449912697076797,10.769981026649475
Watford,Bournemouth,2016-02-27,1516,0,0,D,14,14,150,7,7,14,0.7777777777777778,0.7777777777777778,0.6,10.841184884309769,13.87241780757904
West Brom,Crystal Palace,2016-02-27,1516,3,2,H,14,14,150,5,1,14,0.7777777777777778,0.7777777777777778,0.6,9.840024650096893,2.1807744801044464
Southampton,Chelsea,2016-02-27,1516,1,2,A,14,14,150,13,9,14,0.7777777777777778,0.7777777777777778,0.6,23.981965631246567,16.79908713698387
Leicester,Norwich,2016-02-27,1516,1,0,H,13,14,150,10,1,13,0.7647058823529411,0.7777777777777778,0.6,21.292722553014755,3.404988467693329
Stoke,Aston Villa,2016-02-27,1516,2,1,H,14,13,150,4,5,13,0.7777777777777778,0.7647058823529411,0.6,9.028528988361359,11.417429596185684
Tottenham,Swansea,2016-02-28,1516,2,1,H,14,15,150,15,8,14,0.7777777777777778,0.7894736842105263,0.6,25.984244406223297,15.358899027109146
Man United,Arsenal,2016-02-28,1516,3,2,H,15,14,295,7,8,13,0.7894736842105263,0.7777777777777778,0.7468354430379747,15.268747419118881,14.668843686580658
Aston Villa,Everton,2016-03-01,1516,1,3,A,3,17,150,4,7,14,0.42857142857142855,0.8095238095238095,0.6,9.708714798092842,13.573350936174393
Bournemouth,Southampton,2016-03-01,1516,2,0,H,3,3,150,5,10,14,0.42857142857142855,0.42857142857142855,0.6,11.93620890378952,21.990982815623283
Leicester,West Brom,2016-03-01,1516,2,2,D,3,3,150,12,8,14,0.42857142857142855,0.42857142857142855,0.6,22.646361276507378,12.920012325048447
Norwich,Chelsea,2016-03-01,1516,1,2,A,3,3,150,1,11,14,0.42857142857142855,0.42857142857142855,0.6,2.7024942338466644,19.399543568491936
Sunderland,Crystal Palace,2016-03-01,1516,2,2,D,3,3,150,5,1,14,0.42857142857142855,0.42857142857142855,0.6,10.384990513324738,2.090387240052223
West Ham,Tottenham,2016-03-02,1516,1,0,H,4,3,150,8,15,14,0.5,0.42857142857142855,0.6,14.724956348538399,27.99212220311165
Stoke,Newcastle,2016-03-02,1516,1,0,H,4,18,150,6,6,14,0.5,0.8181818181818182,0.6,10.51426449418068,11.485422939062119
Liverpool,Man City,2016-03-02,1516,3,0,H,17,17,55,7,7,13,0.8095238095238095,0.8095238095238095,0.3548387096774194,12.251809686422348,16.084722608327866
Arsenal,Swansea,2016-03-02,1516,1,2,A,3,3,150,7,5,14,0.42857142857142855,0.42857142857142855,0.6,14.334421843290329,12.679449513554573
Man United,Watford,2016-03-02,1516,1,0,H,3,4,150,7,8,14,0.42857142857142855,0.5,0.6,14.63437370955944,13.420592442154884
Tottenham,Arsenal,2016-03-05,1516,2,2,D,3,3,10,12,7,15,0.42857142857142855,0.42857142857142855,0.09090909090909091,25.996061101555824,14.167210921645164
Chelsea,Stoke,2016-03-05,1516,1,1,D,4,3,150,11,9,15,0.5,0.42857142857142855,0.6,20.699771784245968,14.25713224709034
Everton,West Ham,2016-03-05,1516,2,3,A,4,3,150,9,10,15,0.5,0.42857142857142855,0.6,15.786675468087196,17.3624781742692
Man City,Aston Villa,2016-03-05,1516,4,0,H,3,4,150,4,3,15,0.42857142857142855,0.5,0.6,12.042361304163933,7.854357399046421
Newcastle,Bournemouth,2016-03-05,1516,1,3,A,3,4,150,3,7,14,0.42857142857142855,0.5,0.6,8.74271146953106,12.96810445189476
Southampton,Sunderland,2016-03-05,1516,1,1,D,4,4,150,7,5,15,0.5,0.5,0.6,17.99549140781164,10.192495256662369
Swansea,Norwich,2016-03-05,1516,1,0,H,3,4,150,5,1,15,0.42857142857142855,0.5,0.6,11.339724756777287,2.351247116923332
Watford,Leicester,2016-03-05,1516,0,1,A,3,4,150,5,10,15,0.42857142857142855,0.5,0.6,11.710296221077442,21.32318063825369
West Brom,Man United,2016-03-06,1516,1,0,H,5,4,150,8,10,15,0.5555555555555556,0.5,0.6,14.460006162524223,17.31718685477972
Crystal Palace,Liverpool,2016-03-06,1516,1,2,A,5,4,150,2,10,15,0.5555555555555556,0.5,0.6,3.0451936200261116,16.125904843211174
Bournemouth,Swansea,2016-03-12,1516,3,2,H,7,7,150,7,7,15,0.6363636363636364,0.6363636363636364,0.6,13.48405222594738,12.669862378388643
Norwich,Man City,2016-03-12,1516,0,0,D,7,7,150,1,6,15,0.6363636363636364,0.6363636363636364,0.6,2.175623558461666,12.021180652081966
Stoke,Southampton,2016-03-12,1516,1,2,A,7,7,150,10,7,15,0.6363636363636364,0.6363636363636364,0.6,17.12856612354517,15.99774570390582
Aston Villa,Tottenham,2016-03-13,1516,0,2,A,8,8,150,3,10,15,0.6666666666666666,0.6666666666666666,0.6,6.9271786995232105,22.998030550777912
Leicester,Newcastle,2016-03-14,1516,1,0,H,9,9,150,10,3,15,0.6923076923076923,0.6923076923076923,0.6,20.661590319126844,7.37135573476553
Swansea,Aston Villa,2016-03-19,1516,1,0,H,7,6,150,6,0,16,0.6363636363636364,0.6,0.6,12.334931189194322,3.4635893497616053
West Brom,Norwich,2016-03-19,1516,0,1,A,13,7,150,10,2,16,0.7647058823529411,0.6363636363636364,0.6,17.23000308126211,3.087811779230833
Watford,Stoke,2016-03-19,1516,1,2,A,14,7,150,4,10,16,0.7777777777777778,0.6363636363636364,0.6,9.855148110538721,18.564283061772585
Everton,Arsenal,2016-03-19,1516,0,2,A,14,14,150,9,7,16,0.7777777777777778,0.7777777777777778,0.6,16.893337734043598,14.083605460822582
Crystal Palace,Leicester,2016-03-19,1516,0,1,A,13,5,150,2,10,16,0.7647058823529411,0.5555555555555556,0.6,3.522596810013056,20.330795159563422
Chelsea,West Ham,2016-03-19,1516,2,2,D,14,14,150,11,10,16,0.7777777777777778,0.7777777777777778,0.6,21.349885892122984,18.6812390871346
Man City,Man United,2016-03-20,1516,0,1,A,8,14,10,4,7,16,0.6666666666666666,0.7777777777777778,0.09090909090909091,10.010590326040983,15.65859342738986
Newcastle,Sunderland,2016-03-20,1516,1,1,D,6,15,150,3,6,15,0.6,0.7894736842105263,0.6,6.685677867382765,11.096247628331184
Southampton,Liverpool,2016-03-20,1516,3,2,H,8,14,150,7,10,16,0.6666666666666666,0.7777777777777778,0.6,14.99887285195291,18.062952421605587
Tottenham,Bournemouth,2016-03-20,1516,3,0,H,7,8,150,10,10,16,0.6363636363636364,0.6666666666666666,0.6,21.499015275388956,16.74202611297369
Sunderland,West Brom,2016-04-02,1516,0,0,D,13,14,150,6,10,15,0.7647058823529411,0.7777777777777778,0.6,11.548123814165592,18.615001540631056
Stoke,Swansea,2016-04-02,1516,2,2,D,14,14,150,10,9,16,0.7777777777777778,0.7777777777777778,0.6,19.282141530886292,15.16746559459716
West Ham,Crystal Palace,2016-04-02,1516,2,2,D,14,14,150,11,1,15,0.7777777777777778,0.7777777777777778,0.6,20.3406195435673,2.761298405006528
Norwich,Newcastle,2016-04-02,1516,3,2,H,14,13,150,4,1,16,0.7777777777777778,0.7647058823529411,0.6,5.5439058896154165,4.342838933691382
Liverpool,Tottenham,2016-04-02,1516,1,1,D,13,13,295,10,10,14,0.7647058823529411,0.7647058823529411,0.7468354430379747,19.031476210802794,20.749507637694478
Bournemouth,Man City,2016-04-02,1516,0,4,A,13,13,150,10,4,16,0.7647058823529411,0.7647058823529411,0.6,18.371013056486845,9.005295163020492
Aston Villa,Chelsea,2016-04-02,1516,0,4,A,14,14,150,0,11,16,0.7777777777777778,0.7777777777777778,0.6,1.7317946748808026,21.674942946061492
Arsenal,Watford,2016-04-02,1516,4,0,H,14,14,150,7,4,15,0.7777777777777778,0.7777777777777778,0.6,14.041802730411291,8.92757405526936
Leicester,Southampton,2016-04-03,1516,1,0,H,15,14,150,13,7,16,0.7894736842105263,0.7777777777777778,0.6,23.16539757978171,14.499436425976455
Man United,Everton,2016-04-03,1516,1,0,H,14,15,150,9,6,15,0.7777777777777778,0.7894736842105263,0.6,16.82929671369493,14.446668867021799
West Ham,Arsenal,2016-04-09,1516,3,3,D,7,7,150,11,7,16,0.6363636363636364,0.6363636363636364,0.6,21.17030977178365,14.020901365205646
Watford,Everton,2016-04-09,1516,1,1,D,7,6,150,1,3,17,0.6363636363636364,0.6,0.6,5.46378702763468,10.2233344335109
Swansea,Chelsea,2016-04-09,1516,1,0,H,7,7,150,10,11,17,0.6363636363636364,0.6363636363636364,0.6,17.58373279729858,21.837471473030746
Southampton,Newcastle,2016-04-09,1516,3,1,H,6,7,150,7,1,17,0.6,0.6363636363636364,0.6,14.249718212988228,3.171419466845691
Man City,West Brom,2016-04-09,1516,2,1,H,7,7,150,7,8,17,0.6363636363636364,0.6363636363636364,0.6,11.502647581510246,17.307500770315528
Crystal Palace,Norwich,2016-04-09,1516,1,0,H,7,7,150,2,7,17,0.6363636363636364,0.6363636363636364,0.6,3.380649202503264,9.771952944807708
Aston Villa,Bournemouth,2016-04-09,1516,1,2,A,7,7,150,0,9,17,0.6363636363636364,0.6363636363636364,0.6,0.8658973374404013,18.185506528243423
Liverpool,Stoke,2016-04-10,1516,4,1,H,8,8,150,10,8,15,0.6666666666666666,0.6666666666666666,0.6,19.515738105401397,17.641070765443146
Sunderland,Leicester,2016-04-10,1516,0,2,A,8,7,150,4,13,16,0.6666666666666666,0.6363636363636364,0.6,9.774061907082796,24.582698789890856
Tottenham,Man United,2016-04-10,1516,3,0,H,8,7,300,8,12,17,0.6666666666666666,0.6363636363636364,0.75,18.37475381884724,20.414648356847465
Crystal Palace,Everton,2016-04-13,1516,0,0,D,4,4,150,5,4,18,0.5,0.5,0.6,6.690324601251632,9.11166721675545
Norwich,Sunderland,2016-04-16,1516,0,3,A,7,6,150,7,4,17,0.6363636363636364,0.6,0.6,11.885976472403854,8.887030953541398
Newcastle,Swansea,2016-04-16,1516,3,0,H,7,7,150,1,10,16,0.6363636363636364,0.6363636363636364,0.6,2.5857097334228456,18.79186639864929
West Brom,Watford,2016-04-16,1516,0,1,A,7,7,150,5,1,17,0.6363636363636364,0.6363636363636364,0.6,13.653750385157764,3.73189351381734
Everton,Southampton,2016-04-16,1516,1,1,D,3,7,150,2,10,17,0.42857142857142855,0.6363636363636364,0.6,6.555833608377725,17.124859106494114
Chelsea,Man City,2016-04-16,1516,0,3,A,7,7,300,8,10,17,0.6363636363636364,0.6363636363636364,0.75,18.918735736515373,15.751323790755123
Man United,Aston Villa,2016-04-16,1516,1,0,H,6,7,150,9,0,16,0.6,0.6363636363636364,0.6,19.207324178423733,0.43294866872020066
Leicester,West Ham,2016-04-17,1516,2,2,D,7,8,150,15,9,17,0.6363636363636364,0.6666666666666666,0.6,27.291349394945428,19.585154885891825
Bournemouth,Liverpool,2016-04-17,1516,1,2,A,8,7,150,9,10,17,0.6666666666666666,0.6363636363636364,0.6,18.09275326412171,19.7578690527007
Arsenal,Crystal Palace,2016-04-17,1516,1,1,D,8,4,150,8,5,16,0.6666666666666666,0.5,0.6,15.010450682602823,8.345162300625816
Stoke,Tottenham,2016-04-18,1516,0,4,A,8,8,150,5,11,17,0.6666666666666666,0.6666666666666666,0.6,13.820535382721573,20.18737690942362
Newcastle,Man City,2016-04-19,1516,1,1,D,3,3,150,4,10,17,0.42857142857142855,0.42857142857142855,0.6,5.292854866711423,17.87566189537756
Liverpool,Everton,2016-04-20,1516,4,0,H,3,4,150,10,3,16,0.42857142857142855,0.5,0.6,19.87893452635035,6.277916804188862
Man United,Crystal Palace,2016-04-20,1516,2,0,H,4,3,150,9,6,17,0.5,0.42857142857142855,0.6,18.603662089211866,10.172581150312908
West Ham,Watford,2016-04-20,1516,3,1,H,3,4,150,7,4,17,0.42857142857142855,0.5,0.6,16.792577442945912,5.86594675690867
Arsenal,West Brom,2016-04-21,1516,2,0,H,4,5,150,9,4,17,0.5,0.5555555555555556,0.6,16.50522534130141,10.826875192578882
Liverpool,Newcastle,2016-04-23,1516,2,2,D,3,4,150,10,5,17,0.42857142857142855,0.5,0.6,19.939467263175175,7.646427433355711
Man City,Stoke,2016-04-23,1516,4,0,H,4,5,150,10,4,18,0.5,0.5555555555555556,0.6,18.93783094768878,10.910267691360787
Aston Villa,Southampton,2016-04-23,1516,2,4,A,7,7,150,0,10,18,0.6363636363636364,0.6363636363636364,0.6,0.21647433436010033,18.562429553247057
Bournemouth,Chelsea,2016-04-23,1516,1,4,A,6,7,150,6,5,18,0.6,0.6363636363636364,0.6,15.046376632060856,14.459367868257686
Leicester,Swansea,2016-04-24,1516,4,0,H,7,8,150,13,7,18,0.6363636363636364,0.6666666666666666,0.6,26.645674697472714,16.395933199324645
Sunderland,Arsenal,2016-04-24,1516,0,0,D,8,3,150,6,11,17,0.6666666666666666,0.42857142857142855,0.6,10.443515476770699,19.252612670650706
Tottenham,West Brom,2016-04-25,1516,1,1,D,7,4,150,13,1,18,0.6363636363636364,0.5,0.6,23.09368845471181,6.413437596289441
West Brom,West Ham,2016-04-30,1516,0,3,A,5,10,150,2,7,18,0.5555555555555556,0.7142857142857143,0.6,5.2067187981447205,15.396288721472956
Arsenal,Norwich,2016-04-30,1516,1,0,H,6,14,150,9,7,18,0.6,0.7777777777777778,0.6,18.626306335325353,12.942988236201927
Everton,Bournemouth,2016-04-30,1516,2,1,H,10,7,150,3,3,18,0.7142857142857143,0.6363636363636364,0.6,6.138958402094431,10.523188316030428
Newcastle,Crystal Palace,2016-04-30,1516,1,0,H,7,10,150,5,6,18,0.6363636363636364,0.7142857142857143,0.6,8.823213716677856,11.086290575156454
Stoke,Sunderland,2016-04-30,1516,1,1,D,7,6,150,4,6,18,0.6363636363636364,0.6,0.6,9.455133845680393,11.22175773838535
Watford,Aston Villa,2016-04-30,1516,3,2,H,10,7,150,4,0,18,0.7142857142857143,0.6363636363636364,0.6,6.932973378454335,0.10823716718005016
Swansea,Liverpool,2016-05-01,1516,3,1,H,7,8,150,7,11,18,0.6363636363636364,0.6666666666666666,0.6,15.197966599662323,20.969733631587587
Man United,Leicester,2016-05-01,1516,1,1,D,11,7,150,12,13,18,0.7333333333333333,0.6363636363636364,0.6,21.301831044605933,26.322837348736357
Southampton,Man City,2016-05-01,1516,4,2,H,8,8,150,10,13,18,0.6666666666666666,0.6666666666666666,0.6,19.28121477662353,22.46891547384439
Chelsea,Tottenham,2016-05-02,1516,2,2,D,9,7,11,7,11,18,0.6923076923076923,0.6363636363636364,0.0990990990990991,14.229683934128843,22.546844227355905
West Ham,Swansea,2016-05-07,1516,1,4,A,7,6,150,9,7,18,0.6363636363636364,0.6,0.6,16.698144360736478,14.598983299831161
Aston Villa,Newcastle,2016-05-07,1516,0,0,D,7,7,150,0,8,19,0.6363636363636364,0.6363636363636364,0.6,0.05411858359002508,12.411606858338928
Bournemouth,West Brom,2016-05-07,1516,1,1,D,7,7,150,3,1,19,0.6363636363636364,0.6363636363636364,0.6,8.261594158015214,3.6033593990723602
Crystal Palace,Stoke,2016-05-07,1516,2,1,H,7,7,150,5,2,19,0.6363636363636364,0.6363636363636364,0.6,10.543145287578227,6.727566922840197
Leicester,Everton,2016-05-07,1516,3,1,H,6,7,150,11,6,19,0.6,0.6363636363636364,0.6,24.16141867436818,9.069479201047216
Norwich,Man United,2016-05-07,1516,0,1,A,7,6,150,6,10,18,0.6363636363636364,0.6,0.6,12.471494118100964,20.650915522302967
Sunderland,Chelsea,2016-05-07,1516,3,2,H,7,5,150,6,7,18,0.6363636363636364,0.5555555555555556,0.6,11.610878869192675,14.114841967064422
Tottenham,Southampton,2016-05-08,1516,1,2,A,6,7,150,9,10,19,0.6,0.6363636363636364,0.6,20.273422113677952,19.640607388311764
Liverpool,Watford,2016-05-08,1516,2,0,H,7,8,150,10,7,18,0.6363636363636364,0.6666666666666666,0.6,20.484866815793794,10.466486689227168
Man City,Arsenal,2016-05-08,1516,2,2,D,7,8,295,10,9,19,0.6363636363636364,0.6666666666666666,0.7468354430379747,21.234457736922195,18.313153167662676
West Ham,Man United,2016-05-10,1516,3,2,H,3,3,150,8,10,19,0.42857142857142855,0.42857142857142855,0.6,16.34907218036824,20.325457761151483
Sunderland,Everton,2016-05-11,1516,3,0,H,4,4,150,8,5,19,0.5,0.5,0.6,13.805439434596337,9.534739600523608
Liverpool,Chelsea,2016-05-11,1516,1,1,D,3,4,295,10,4,19,0.42857142857142855,0.5,0.7468354430379747,20.242433407896897,11.05742098353221
Norwich,Watford,2016-05-11,1516,4,2,H,4,3,150,3,7,19,0.5,0.42857142857142855,0.6,9.235747059050482,12.233243344613584
Watford,Sunderland,2016-05-15,1516,2,2,D,4,4,150,6,11,19,0.5,0.5,0.6,12.116621672306792,17.90271971729817
Swansea,Man City,2016-05-15,1516,1,1,D,8,7,150,9,8,19,0.6666666666666666,0.6363636363636364,0.6,16.29949164991558,18.617228868461098
West Brom,Liverpool,2016-05-15,1516,1,1,D,8,4,150,2,8,19,0.6666666666666666,0.5,0.6,3.80167969953618,18.12121670394845
Stoke,West Ham,2016-05-15,1516,2,1,H,8,5,150,1,10,19,0.6666666666666666,0.5555555555555556,0.6,4.363783461420098,18.17453609018412
Everton,Norwich,2016-05-15,1516,3,0,H,4,4,150,4,3,19,0.5,0.5,0.6,8.767369800261804,7.617873529525241
Newcastle,Tottenham,2016-05-15,1516,5,1,H,8,7,150,9,8,19,0.6666666666666666,0.6363636363636364,0.6,15.205803429169464,18.136711056838976
Arsenal,Aston Villa,2016-05-15,1516,4,0,H,7,8,150,9,1,19,0.6363636363636364,0.6666666666666666,0.6,18.156576583831338,1.0270592917950125
Southampton,Crystal Palace,2016-05-15,1516,4,1,H,7,8,150,13,5,19,0.6363636363636364,0.6666666666666666,0.6,22.820303694155882,10.271572643789113
Chelsea,Leicester,2016-05-15,1516,1,1,D,4,8,150,5,11,19,0.5,0.6666666666666666,0.6,10.528710491766105,23.08070933718409
Man United,Bournemouth,2016-05-17,1516,3,1,H,7,10,150,10,4,19,0.6363636363636364,0.7142857142857143,0.6,20.16272888057574,8.130797079007607
Arsenal,Leicester,2017-08-11,1718,4,3,H,21,21,150,11,9,1,0.84,0.84,0.6,20.07828829191567,20.540354668592045
Brighton,Man City,2017-08-12,1718,0,2,A,14,21,150,0,6,1,0.7777777777777778,0.84,0.6,0.0,15.308614434230549
Chelsea,Burnley,2017-08-12,1718,2,3,A,21,14,150,6,0,1,0.84,0.7777777777777778,0.6,11.264355245883053,0.0
Everton,Stoke,2017-08-12,1718,1,0,H,21,21,150,6,4,1,0.84,0.84,0.6,10.383684900130902,6.181891730710049
Southampton,Swansea,2017-08-12,1718,0,0,D,21,21,150,13,7,1,0.84,0.84,0.6,24.41015184707794,15.14974582495779
Watford,Liverpool,2017-08-12,1718,3,3,D,21,21,150,4,6,1,0.84,0.84,0.6,10.058310836153396,15.060608351974224
West Brom,Bournemouth,2017-08-12,1718,1,0,H,21,21,150,3,1,1,0.84,0.84,0.6,4.90083984976809,5.0653985395038035
Crystal Palace,Huddersfield,2017-08-12,1718,0,3,A,21,14,150,4,0,1,0.84,0.7777777777777778,0.6,9.135786321894557,0.0
Man United,West Ham,2017-08-13,1718,4,0,H,21,21,150,10,9,1,0.84,0.84,0.6,20.08136444028787,18.08726804509206
Newcastle,Tottenham,2017-08-13,1718,0,2,A,21,21,150,9,5,1,0.84,0.84,0.6,16.602901714584732,14.068355528419488
Swansea,Man United,2017-08-19,1718,0,4,A,7,6,150,8,10,1,0.6363636363636364,0.6,0.6,15.574872912478895,20.040682220143935
Southampton,West Ham,2017-08-19,1718,3,2,H,7,6,150,13,6,2,0.6363636363636364,0.6,0.6,25.20507592353897,15.04363402254603
Stoke,Arsenal,2017-08-19,1718,1,0,H,7,8,150,4,11,1,0.6363636363636364,0.6666666666666666,0.6,7.090945865355025,21.039144145957835
Liverpool,Crystal Palace,2017-08-19,1718,1,0,H,7,7,150,6,3,1,0.6363636363636364,0.6363636363636364,0.6,13.530304175987112,7.567893160947278
Burnley,West Brom,2017-08-19,1718,0,1,A,7,7,150,3,6,1,0.6363636363636364,0.6363636363636364,0.6,3.0,8.450419924884045
Bournemouth,Watford,2017-08-19,1718,0,2,A,7,7,150,1,5,1,0.6363636363636364,0.6363636363636364,0.6,3.5326992697519017,10.029155418076698
Leicester,Brighton,2017-08-19,1718,2,0,H,8,7,150,8,0,1,0.6666666666666666,0.6363636363636364,0.6,18.270177334296022,0.0
Huddersfield,Newcastle,2017-08-20,1718,1,0,H,8,7,150,3,8,1,0.6666666666666666,0.6363636363636364,0.6,3.0,16.301450857292366
Tottenham,Chelsea,2017-08-20,1718,1,2,A,7,8,11,5,3,1,0.6363636363636364,0.6666666666666666,0.0990990990990991,12.034177764209744,8.632177622941526
Man City,Everton,2017-08-21,1718,1,1,D,9,9,150,8,9,1,0.6923076923076923,0.6923076923076923,0.6,15.654307217115274,14.191842450065451
Watford,Brighton,2017-08-26,1718,0,0,D,7,7,150,5,0,2,0.6363636363636364,0.6363636363636364,0.6,10.014577709038349,0.0
Newcastle,West Ham,2017-08-26,1718,3,0,H,6,7,150,7,3,2,0.6,0.6363636363636364,0.6,15.150725428646183,10.521817011273015
Man United,Leicester,2017-08-26,1718,2,0,H,7,7,150,12,8,2,0.6363636363636364,0.6363636363636364,0.6,22.020341110071968,17.13508866714801
Crystal Palace,Swansea,2017-08-26,1718,0,2,A,7,7,150,3,8,2,0.6363636363636364,0.6363636363636364,0.6,6.783946580473639,15.787436456239448
Bournemouth,Man City,2017-08-26,1718,1,2,A,7,5,150,1,6,2,0.6363636363636364,0.5555555555555556,0.6,2.766349634875951,13.827153608557637
Huddersfield,Southampton,2017-08-26,1718,0,0,D,6,7,150,6,13,2,0.6,0.6363636363636364,0.6,7.5,25.602537961769485
Chelsea,Everton,2017-08-27,1718,2,0,H,7,6,150,5,7,2,0.6363636363636364,0.6,0.6,9.316088811470763,14.095921225032725
Liverpool,Arsenal,2017-08-27,1718,4,0,H,8,8,290,9,10,2,0.6666666666666666,0.6666666666666666,0.7435897435897436,15.765152087993556,20.519572072978917
Tottenham,Burnley,2017-08-27,1718,1,1,D,7,8,150,4,3,2,0.6363636363636364,0.6666666666666666,0.6,10.017088882104872,4.5
West Brom,Stoke,2017-08-27,1718,1,1,D,8,8,150,8,7,2,0.6666666666666666,0.6666666666666666,0.6,12.225209962442023,10.545472932677512
Southampton,Watford,2017-09-09,1718,0,2,A,14,14,150,11,6,3,0.7777777777777778,0.7777777777777778,0.6,23.801268980884743,11.007288854519174
Stoke,Man United,2017-09-09,1718,2,2,D,13,14,150,7,12,2,0.7647058823529411,0.7777777777777778,0.6,12.272736466338756,23.010170555035984
Man City,Liverpool,2017-09-09,1718,5,0,H,14,13,55,9,9,2,0.7777777777777778,0.7647058823529411,0.3548387096774194,15.913576804278819,16.882576043996778
Everton,Tottenham,2017-09-09,1718,0,3,A,13,13,150,7,4,2,0.7647058823529411,0.7647058823529411,0.6,14.047960612516363,9.008544441052436
Leicester,Chelsea,2017-09-09,1718,1,2,A,14,13,150,7,8,2,0.7777777777777778,0.7647058823529411,0.6,15.567544333574006,12.658044405735382
Brighton,West Brom,2017-09-09,1718,3,1,H,14,13,150,1,9,2,0.7777777777777778,0.7647058823529411,0.6,1.0,15.112604981221011
Arsenal,Bournemouth,2017-09-09,1718,3,0,H,13,14,150,7,1,2,0.7647058823529411,0.7777777777777778,0.6,17.25978603648946,2.3831748174379754
Burnley,Crystal Palace,2017-09-10,1718,1,0,H,14,15,150,4,3,2,0.7777777777777778,0.7894736842105263,0.6,6.25,6.39197329023682
Swansea,Newcastle,2017-09-10,1718,0,1,A,15,15,150,8,7,2,0.7894736842105263,0.7894736842105263,0.6,15.893718228119724,14.575362714323091
West Ham,Huddersfield,2017-09-11,1718,2,0,H,16,16,150,3,7,1,0.8,0.8,0.6,8.260908505636507,10.75
Bournemouth,Brighton,2017-09-15,1718,2,1,H,6,6,150,0,4,3,0.6,0.6,0.6,1.1915874087189877,4.5
West Brom,West Ham,2017-09-16,1718,0,0,D,7,5,150,8,3,3,0.6363636363636364,0.5555555555555556,0.6,15.556302490610506,7.130454252818254
Watford,Man City,2017-09-16,1718,0,6,A,7,7,150,9,11,3,0.6363636363636364,0.6363636363636364,0.6,14.503644427259587,18.95678840213941
Tottenham,Swansea,2017-09-16,1718,0,0,D,7,6,150,7,5,3,0.6363636363636364,0.6,0.6,11.504272220526218,12.946859114059862
Liverpool,Burnley,2017-09-16,1718,1,1,D,7,6,150,8,7,3,0.6363636363636364,0.6,0.6,16.44128802199839,10.125
Huddersfield,Leicester,2017-09-16,1718,1,1,D,5,7,150,7,4,3,0.5555555555555556,0.6363636363636364,0.6,12.375,11.783772166787003
Crystal Palace,Southampton,2017-09-16,1718,0,1,A,6,7,150,0,8,3,0.6,0.6363636363636364,0.6,3.19598664511841,19.90063449044237
Newcastle,Stoke,2017-09-16,1718,2,1,H,6,7,150,9,8,3,0.6,0.6363636363636364,0.6,16.287681357161546,14.136368233169378
Chelsea,Arsenal,2017-09-17,1718,0,0,D,8,8,12,10,9,3,0.6666666666666666,0.6666666666666666,0.10714285714285714,16.32902220286769,17.62989301824473
Man United,Everton,2017-09-17,1718,4,0,H,8,8,150,13,7,3,0.6666666666666666,0.6666666666666666,0.6,24.505085277517992,14.023980306258181
Stoke,Chelsea,2017-09-23,1718,0,4,A,7,6,150,5,10,3,0.6363636363636364,0.6,0.6,12.068184116584689,18.164511101433845
West Ham,Tottenham,2017-09-23,1718,2,3,A,7,7,150,4,8,2,0.6363636363636364,0.6363636363636364,0.6,7.565227126409127,13.752136110263109
Swansea,Watford,2017-09-23,1718,1,2,A,7,7,150,5,8,3,0.6363636363636364,0.6363636363636364,0.6,11.473429557029931,15.251822213629794
Southampton,Man United,2017-09-23,1718,0,1,A,7,6,150,8,13,4,0.6363636363636364,0.6,0.6,17.950317245221186,25.252542638758996
Man City,Crystal Palace,2017-09-23,1718,5,0,H,7,7,150,13,0,3,0.6363636363636364,0.6363636363636364,0.6,22.478394201069705,1.597993322559205
Leicester,Liverpool,2017-09-23,1718,2,3,A,7,7,150,4,8,3,0.6363636363636364,0.6363636363636364,0.6,9.891886083393501,16.220644010999195
Everton,Bournemouth,2017-09-23,1718,2,1,H,6,8,150,4,3,3,0.6,0.6666666666666666,0.6,11.01199015312909,3.595793704359494
Burnley,Huddersfield,2017-09-23,1718,0,0,D,7,7,150,8,8,3,0.6363636363636364,0.6363636363636364,0.6,13.0625,14.1875
Brighton,Newcastle,2017-09-24,1718,1,0,H,9,8,150,4,9,3,0.6923076923076923,0.6666666666666666,0.6,6.25,17.143840678580773
Arsenal,West Brom,2017-09-25,1718,2,0,H,8,9,150,7,8,3,0.6666666666666666,0.6923076923076923,0.6,15.814946509122365,15.778151245305253
West Ham,Swansea,2017-09-30,1718,1,0,H,7,7,150,4,4,3,0.6363636363636364,0.6363636363636364,0.6,7.782613563204563,9.736714778514965
West Brom,Watford,2017-09-30,1718,2,2,D,5,7,150,5,10,4,0.5555555555555556,0.6363636363636364,0.6,12.889075622652626,17.625911106814897
Man United,Crystal Palace,2017-09-30,1718,4,0,H,7,7,150,13,0,4,0.6363636363636364,0.6363636363636364,0.6,25.626271319379498,0.7989966612796024
Stoke,Southampton,2017-09-30,1718,2,1,H,7,7,150,5,7,4,0.6363636363636364,0.6363636363636364,0.6,11.034092058292345,15.975158622610593
Chelsea,Man City,2017-09-30,1718,0,1,A,7,7,300,13,13,4,0.6363636363636364,0.6363636363636364,0.75,22.082255550716923,24.239197100534852
Bournemouth,Leicester,2017-09-30,1718,0,0,D,7,7,150,3,4,4,0.6363636363636364,0.6363636363636364,0.6,4.797896852179747,8.94594304169675
Huddersfield,Tottenham,2017-09-30,1718,0,4,A,7,7,150,6,8,4,0.6363636363636364,0.6363636363636364,0.6,13.09375,14.876068055131555
Arsenal,Brighton,2017-10-01,1718,2,0,H,6,7,150,7,7,4,0.6,0.6363636363636364,0.6,14.907473254561182,10.125
Everton,Burnley,2017-10-01,1718,0,1,A,8,8,150,4,6,4,0.6666666666666666,0.6666666666666666,0.6,9.505995076564545,12.53125
Newcastle,Liverpool,2017-10-01,1718,1,1,D,7,8,150,9,10,4,0.6363636363636364,0.6666666666666666,0.6,17.571920339290386,18.110322005499597
Swansea,Huddersfield,2017-10-14,1718,2,0,H,14,14,150,4,3,4,0.7777777777777778,0.7777777777777778,0.6,8.868357389257483,9.546875
Watford,Arsenal,2017-10-14,1718,2,1,H,14,13,150,8,10,4,0.7777777777777778,0.7647058823529411,0.6,16.81295555340745,17.45373662728059
Tottenham,Bournemouth,2017-10-14,1718,1,0,H,14,14,150,11,4,4,0.7777777777777778,0.7777777777777778,0.6,18.438034027565777,6.3989484260898735
Man City,Stoke,2017-10-14,1718,7,2,H,14,14,150,15,5,4,0.7777777777777778,0.7777777777777778,0.6,27.119598550267426,10.517046029146172
Crystal Palace,Chelsea,2017-10-14,1718,2,1,H,14,14,150,0,10,4,0.7777777777777778,0.7777777777777778,0.6,0.3994983306398012,21.04112777535846
Burnley,West Ham,2017-10-14,1718,1,1,D,13,14,150,9,7,4,0.7647058823529411,0.7777777777777778,0.6,15.265625,10.891306781602282
Liverpool,Man United,2017-10-14,1718,0,0,D,13,14,55,8,13,4,0.7647058823529411,0.7777777777777778,0.3548387096774194,17.0551610027498,25.81313565968975
Brighton,Everton,2017-10-15,1718,1,1,D,14,14,150,7,3,4,0.7777777777777778,0.7777777777777778,0.6,12.0625,7.752997538282273
Southampton,Newcastle,2017-10-15,1718,2,2,D,15,14,150,4,10,5,0.7894736842105263,0.7777777777777778,0.6,11.987579311305296,18.785960169645193
Leicester,West Brom,2017-10-16,1718,1,1,D,16,16,150,2,3,4,0.8,0.8,0.6,6.472971520848375,9.444537811326313
West Ham,Brighton,2017-10-20,1718,0,3,A,6,5,150,8,7,4,0.6,0.5555555555555556,0.6,13.44565339080114,13.03125
Newcastle,Crystal Palace,2017-10-21,1718,1,0,H,6,7,150,8,3,5,0.6,0.6363636363636364,0.6,17.392980084822597,3.1997491653199006
Chelsea,Watford,2017-10-21,1718,4,2,H,7,7,150,7,10,5,0.6363636363636364,0.6363636363636364,0.6,17.52056388767923,18.406477776703724
Huddersfield,Man United,2017-10-21,1718,2,1,H,7,7,150,2,11,5,0.6363636363636364,0.6363636363636364,0.6,6.7734375,23.906567829844874
Man City,Burnley,2017-10-21,1718,3,0,H,7,7,150,15,9,5,0.6363636363636364,0.6363636363636364,0.6,28.559799275133713,16.6328125
Southampton,West Brom,2017-10-21,1718,1,0,H,6,5,150,4,3,6,0.6,0.5555555555555556,0.6,9.993789655652648,7.722268905663157
Stoke,Bournemouth,2017-10-21,1718,1,2,A,7,7,150,4,4,5,0.6363636363636364,0.6363636363636364,0.6,9.258523014573086,7.199474213044937
Swansea,Leicester,2017-10-21,1718,1,2,A,7,5,150,4,3,5,0.6363636363636364,0.5555555555555556,0.6,8.434178694628741,6.236485760424188
Everton,Arsenal,2017-10-22,1718,2,5,A,7,8,150,4,10,5,0.6363636363636364,0.6666666666666666,0.6,7.876498769141136,18.726868313640296
Tottenham,Liverpool,2017-10-22,1718,4,1,H,8,8,295,13,6,5,0.6666666666666666,0.6666666666666666,0.7468354430379747,22.21901701378289,14.5275805013749
Watford,Stoke,2017-10-28,1718,0,1,A,7,7,150,7,3,5,0.6363636363636364,0.6363636363636364,0.6,16.203238888351862,7.629261507286543
Crystal Palace,West Ham,2017-10-28,1718,2,2,D,7,8,150,3,5,5,0.6363636363636364,0.6666666666666666,0.6,4.59987458265995,11.72282669540057
West Brom,Man City,2017-10-28,1718,2,3,A,7,7,150,3,15,5,0.6363636363636364,0.6363636363636364,0.6,6.861134452831578,29.279899637566857
Man United,Tottenham,2017-10-28,1718,1,0,H,7,6,300,10,13,5,0.6363636363636364,0.6,0.75,21.953283914922437,24.109508506891444
Arsenal,Swansea,2017-10-28,1718,2,1,H,6,7,150,10,4,5,0.6,0.6363636363636364,0.6,19.363434156820148,8.21708934731437
Bournemouth,Chelsea,2017-10-28,1718,0,1,A,7,7,150,7,7,5,0.6363636363636364,0.6363636363636364,0.6,10.599737106522468,15.760281943839615
Liverpool,Huddersfield,2017-10-28,1718,3,0,H,6,7,150,6,5,5,0.6,0.6363636363636364,0.6,13.26379025068745,8.38671875
Brighton,Southampton,2017-10-29,1718,1,1,D,9,8,150,7,7,5,0.6923076923076923,0.6666666666666666,0.6,13.515625,11.996894827826324
Leicester,Everton,2017-10-29,1718,2,0,H,8,7,150,6,4,5,0.6666666666666666,0.6363636363636364,0.6,9.118242880212094,7.938249384570568
Burnley,Newcastle,2017-10-30,1718,1,0,H,9,9,150,6,8,5,0.6923076923076923,0.6923076923076923,0.6,14.31640625,16.6964900424113
West Ham,Liverpool,2017-11-04,1718,1,4,A,7,7,150,5,8,5,0.6363636363636364,0.6363636363636364,0.6,10.861413347700285,14.631895125343725
Huddersfield,West Brom,2017-11-04,1718,1,0,H,7,7,150,4,2,6,0.6363636363636364,0.6363636363636364,0.6,8.193359375,5.430567226415789
Newcastle,Bournemouth,2017-11-04,1718,0,1,A,5,7,150,5,4,6,0.5555555555555556,0.6363636363636364,0.6,13.34824502120565,9.299868553261234
Southampton,Burnley,2017-11-04,1718,0,1,A,6,5,150,5,8,7,0.6,0.5555555555555556,0.6,10.998447413913162,15.158203125
Stoke,Leicester,2017-11-04,1718,2,2,D,7,6,150,6,8,6,0.6363636363636364,0.6,0.6,9.814630753643272,12.559121440106047
Swansea,Brighton,2017-11-04,1718,0,1,A,7,6,150,3,8,6,0.6363636363636364,0.6,0.6,7.108544673657185,14.7578125
Everton,Watford,2017-11-05,1718,3,2,H,7,8,150,4,7,6,0.6363636363636364,0.6666666666666666,0.6,7.969124692285284,15.101619444175931
Man City,Arsenal,2017-11-05,1718,3,1,H,8,8,295,15,12,6,0.6666666666666666,0.6666666666666666,0.7468354430379747,29.63994981878343,21.681717078410074
Chelsea,Man United,2017-11-05,1718,1,0,H,8,8,305,9,10,6,0.6666666666666666,0.6666666666666666,0.7530864197530864,16.880140971919808,20.97664195746122
Tottenham,Crystal Palace,2017-11-05,1718,1,0,H,8,8,150,12,4,6,0.6666666666666666,0.6666666666666666,0.6,24.054754253445722,6.299937291329975
Liverpool,Southampton,2017-11-18,1718,3,0,H,14,14,150,8,5,6,0.7777777777777778,0.7777777777777778,0.6,15.315947562671862,10.499223706956581
Man United,Newcastle,2017-11-18,1718,4,1,H,13,14,150,7,5,6,0.7647058823529411,0.7777777777777778,0.6,17.48832097873061,11.674122510602825
Leicester,Man City,2017-11-18,1718,0,2,A,14,13,150,9,15,6,0.7777777777777778,0.7647058823529411,0.6,15.279560720053023,29.819974909391714
West Brom,Chelsea,2017-11-18,1718,0,4,A,14,13,150,2,9,6,0.7777777777777778,0.7647058823529411,0.6,4.715283613207895,17.440070485959904
Burnley,Swansea,2017-11-18,1718,2,0,H,14,14,150,10,3,6,0.7777777777777778,0.7777777777777778,0.6,17.5791015625,6.554272336828593
Bournemouth,Huddersfield,2017-11-18,1718,4,0,H,14,14,150,7,6,6,0.7777777777777778,0.7777777777777778,0.6,11.649934276630617,10.0966796875
Arsenal,Tottenham,2017-11-18,1718,2,0,H,13,13,10,9,12,6,0.7647058823529411,0.7647058823529411,0.09090909090909091,19.840858539205037,24.02737712672286
Crystal Palace,Everton,2017-11-18,1718,2,2,D,13,13,150,4,4,6,0.7647058823529411,0.7647058823529411,0.6,7.149968645664988,7.984562346142642
Watford,West Ham,2017-11-19,1718,2,0,H,14,15,150,4,5,6,0.7777777777777778,0.7894736842105263,0.6,11.550809722087966,10.430706673850143
Brighton,Stoke,2017-11-20,1718,2,2,D,16,16,150,8,7,6,0.8,0.8,0.6,15.37890625,11.907315376821636
West Ham,Leicester,2017-11-24,1718,1,1,D,5,6,150,2,8,6,0.5555555555555556,0.6,0.6,7.215353336925071,15.639780360026512
Tottenham,West Brom,2017-11-25,1718,1,1,D,7,7,150,9,1,7,0.6363636363636364,0.6363636363636364,0.6,21.01368856336143,3.3576418066039473
Swansea,Bournemouth,2017-11-25,1718,0,0,D,7,7,150,3,9,7,0.6363636363636364,0.6363636363636364,0.6,6.277136168414296,14.824967138315309
Newcastle,Watford,2017-11-25,1718,0,3,A,7,6,150,4,6,7,0.6363636363636364,0.6,0.6,9.837061255301412,11.775404861043983
Liverpool,Chelsea,2017-11-25,1718,1,1,D,7,7,295,10,12,7,0.6363636363636364,0.6363636363636364,0.7468354430379747,17.657973781335933,20.720035242979954
Crystal Palace,Stoke,2017-11-25,1718,2,1,H,7,5,150,5,5,7,0.6363636363636364,0.5555555555555556,0.6,8.574984322832494,10.953657688410818
Man United,Brighton,2017-11-25,1718,1,0,H,7,5,150,7,9,7,0.6363636363636364,0.5555555555555556,0.6,15.744160489365305,16.689453125
Southampton,Everton,2017-11-26,1718,4,1,H,8,8,150,5,5,8,0.6666666666666666,0.6666666666666666,0.6,10.24961185347829,8.992281173071321
Burnley,Arsenal,2017-11-26,1718,0,1,A,8,8,150,10,9,7,0.6666666666666666,0.6666666666666666,0.6,18.78955078125,18.92042926960252
Huddersfield,Man City,2017-11-26,1718,1,2,A,8,8,150,6,15,7,0.6666666666666666,0.6666666666666666,0.6,11.04833984375,29.90998745469586
Watford,Man United,2017-11-28,1718,2,4,A,3,3,150,6,9,7,0.42857142857142855,0.42857142857142855,0.6,11.88770243052199,16.872080244682653
West Brom,Newcastle,2017-11-28,1718,2,2,D,3,3,150,1,3,7,0.42857142857142855,0.42857142857142855,0.6,2.6788209033019736,7.918530627650706
Brighton,Crystal Palace,2017-11-28,1718,0,0,D,3,3,150,8,5,7,0.42857142857142855,0.42857142857142855,0.6,16.3447265625,9.287492161416246
Leicester,Tottenham,2017-11-28,1718,2,1,H,4,3,150,8,7,7,0.5,0.42857142857142855,0.6,15.819890180013257,17.506844281680713
Arsenal,Huddersfield,2017-11-29,1718,5,0,H,3,3,150,12,6,7,0.42857142857142855,0.42857142857142855,0.6,21.46021463480126,11.524169921875
Bournemouth,Burnley,2017-11-29,1718,1,2,A,4,3,150,10,9,7,0.5,0.42857142857142855,0.6,17.412483569157654,18.394775390625
Chelsea,Swansea,2017-11-29,1718,1,0,H,4,4,150,13,1,7,0.5,0.5,0.6,23.360017621489977,4.138568084207148
Everton,West Ham,2017-11-29,1718,4,0,H,3,5,150,4,2,7,0.42857142857142855,0.5555555555555556,0.6,8.49614058653566,5.607676668462536
Man City,Southampton,2017-11-29,1718,2,1,H,3,3,150,15,7,7,0.42857142857142855,0.42857142857142855,0.6,29.95499372734793,12.124805926739146
Stoke,Liverpool,2017-11-29,1718,0,3,A,4,4,150,5,10,7,0.5,0.5,0.6,10.476828844205409,18.828986890667966
West Brom,Crystal Palace,2017-12-02,1718,0,0,D,4,4,150,2,6,8,0.5,0.5,0.6,3.339410451650987,10.643746080708123
Watford,Tottenham,2017-12-02,1718,1,1,D,4,4,150,6,4,8,0.5,0.5,0.6,11.943851215260995,12.753422140840357
Stoke,Swansea,2017-12-02,1718,2,1,H,3,3,150,5,1,8,0.42857142857142855,0.42857142857142855,0.6,10.238414422102704,3.069284042103574
Leicester,Burnley,2017-12-02,1718,1,0,H,4,3,150,8,12,8,0.5,0.42857142857142855,0.6,15.909945090006628,21.1973876953125
Chelsea,Newcastle,2017-12-02,1718,3,1,H,3,4,150,13,1,8,0.42857142857142855,0.5,0.6,24.680008810744987,4.9592653138253535
Brighton,Liverpool,2017-12-02,1718,1,5,A,4,3,150,6,13,8,0.5,0.42857142857142855,0.6,14.17236328125,22.41449344533398
Arsenal,Man United,2017-12-02,1718,1,3,A,3,4,295,12,12,8,0.42857142857142855,0.5,0.7468354430379747,22.73010731740063,20.436040122341325
Everton,Huddersfield,2017-12-02,1718,2,0,H,3,3,150,7,3,8,0.42857142857142855,0.42857142857142855,0.6,11.24807029326783,8.7620849609375
Bournemouth,Southampton,2017-12-03,1718,1,1,D,4,4,150,7,4,8,0.5,0.5,0.6,15.706241784578827,10.062402963369573
Man City,West Ham,2017-12-03,1718,2,1,H,4,4,150,15,2,8,0.5,0.5,0.6,29.977496863673963,4.803838334231267
Swansea,West Brom,2017-12-09,1718,1,0,H,7,7,150,1,3,8,0.6363636363636364,0.6363636363636364,0.6,2.534642021051787,4.669705225825494
West Ham,Chelsea,2017-12-09,1718,1,0,H,6,7,150,1,13,7,0.6,0.6363636363636364,0.6,3.4019191671156337,25.340004405372493
Newcastle,Leicester,2017-12-09,1718,2,3,A,7,7,150,1,8,8,0.6363636363636364,0.6363636363636364,0.6,3.4796326569126768,15.954972545003315
Tottenham,Stoke,2017-12-09,1718,5,1,H,7,7,150,5,5,8,0.6363636363636364,0.6363636363636364,0.6,11.376711070420178,10.119207211051352
Crystal Palace,Bournemouth,2017-12-09,1718,2,2,D,7,6,150,6,8,8,0.6363636363636364,0.6,0.6,11.321873040354062,15.853120892289414
Huddersfield,Brighton,2017-12-09,1718,2,0,H,7,7,150,3,5,8,0.6363636363636364,0.6363636363636364,0.6,7.38104248046875,12.086181640625
Burnley,Watford,2017-12-09,1718,1,0,H,7,7,150,9,7,8,0.6363636363636364,0.6363636363636364,0.6,19.59869384765625,12.971925607630498
Liverpool,Everton,2017-12-10,1718,1,1,D,8,8,150,13,10,8,0.6666666666666666,0.6666666666666666,0.6,24.20724672266699,15.624035146633915
Man United,Man City,2017-12-10,1718,1,2,A,8,7,10,12,15,8,0.6666666666666666,0.6363636363636364,0.09090909090909091,22.218020061170662,29.98874843183698
Southampton,Arsenal,2017-12-10,1718,1,1,D,7,8,150,4,9,9,0.6363636363636364,0.6666666666666666,0.6,9.031201481684786,20.365053658700315
Burnley,Stoke,2017-12-12,1718,1,0,H,3,3,150,9,4,9,0.42857142857142855,0.42857142857142855,0.6,18.799346923828125,9.059603605525677
Crystal Palace,Watford,2017-12-12,1718,2,1,H,3,3,150,7,7,9,0.42857142857142855,0.42857142857142855,0.6,12.660936520177032,13.485962803815248
Huddersfield,Chelsea,2017-12-12,1718,1,3,A,3,3,150,3,10,9,0.42857142857142855,0.42857142857142855,0.6,6.690521240234375,22.67000220268625
West Ham,Arsenal,2017-12-13,1718,0,0,D,4,3,150,4,10,8,0.5,0.42857142857142855,0.6,5.700959583557816,20.18252682935016
Tottenham,Brighton,2017-12-13,1718,2,0,H,4,4,150,5,2,9,0.5,0.5,0.6,10.68835553521009,8.0430908203125
Swansea,Man City,2017-12-13,1718,0,4,A,4,3,150,4,15,9,0.5,0.42857142857142855,0.6,5.267321010525894,29.99437421591849
Liverpool,West Brom,2017-12-13,1718,0,0,D,3,4,150,11,3,9,0.42857142857142855,0.5,0.6,23.103623361333497,5.334852612912747
Newcastle,Everton,2017-12-13,1718,0,1,A,4,3,150,1,8,9,0.5,0.42857142857142855,0.6,2.7398163284563384,15.812017573316957
Man United,Bournemouth,2017-12-13,1718,1,0,H,3,4,150,12,6,9,0.42857142857142855,0.5,0.6,23.10901003058533,13.926560446144707
Southampton,Leicester,2017-12-13,1718,1,4,A,3,4,150,5,10,10,0.42857142857142855,0.5,0.6,9.515600740842393,17.977486272501658
Man City,Tottenham,2017-12-16,1718,4,1,H,3,3,295,15,8,9,0.42857142857142855,0.42857142857142855,0.7468354430379747,29.997187107959245,13.344177767605045
Watford,Huddersfield,2017-12-16,1718,1,4,A,4,4,150,4,3,9,0.5,0.5,0.6,10.742981401907624,6.3452606201171875
Leicester,Crystal Palace,2017-12-16,1718,0,3,A,3,4,150,13,9,9,0.42857142857142855,0.5,0.6,21.98874313625083,15.330468260088516
Stoke,West Ham,2017-12-16,1718,0,3,A,4,3,150,3,5,9,0.5,0.42857142857142855,0.6,7.529801802762838,7.850479791778908
Brighton,Burnley,2017-12-16,1718,0,0,D,3,4,150,1,9,9,0.42857142857142855,0.5,0.6,5.02154541015625,18.399673461914062
Arsenal,Newcastle,2017-12-16,1718,1,0,H,3,3,150,8,1,9,0.42857142857142855,0.42857142857142855,0.6,18.09126341467508,2.3699081642281694
Chelsea,Southampton,2017-12-16,1718,1,0,H,4,3,150,10,5,9,0.5,0.42857142857142855,0.6,21.335001101343124,9.757800370421197
Bournemouth,Liverpool,2017-12-17,1718,0,4,A,4,4,150,3,9,9,0.5,0.5,0.6,9.963280223072353,20.55181168066675
West Brom,Man United,2017-12-17,1718,1,2,A,4,4,150,4,12,9,0.5,0.5,0.6,6.667426306456374,23.554505015292666
Everton,Swansea,2017-12-18,1718,3,1,H,5,5,150,10,4,9,0.5555555555555556,0.5555555555555556,0.6,17.90600878665848,6.633660505262947
Arsenal,Liverpool,2017-12-22,1718,3,3,D,6,5,290,8,11,10,0.6,0.5555555555555556,0.7435897435897436,17.04563170733754,21.275905840333373
West Ham,Newcastle,2017-12-23,1718,2,3,A,7,7,150,7,1,9,0.6363636363636364,0.6363636363636364,0.6,10.925239895889455,2.1849540821140847
Swansea,Crystal Palace,2017-12-23,1718,1,1,D,5,7,150,3,9,10,0.5555555555555556,0.6363636363636364,0.6,6.3168302526314735,16.665234130044258
Stoke,West Brom,2017-12-23,1718,3,1,H,7,6,150,3,3,10,0.6363636363636364,0.6,0.6,6.764900901381419,6.333713153228187
Southampton,Huddersfield,2017-12-23,1718,1,1,D,7,7,150,2,6,11,0.6363636363636364,0.6363636363636364,0.6,6.878900185210599,9.172630310058594
Man City,Bournemouth,2017-12-23,1718,4,0,H,7,6,150,15,2,10,0.6363636363636364,0.6,0.6,29.998593553979624,6.981640111536176
Everton,Chelsea,2017-12-23,1718,0,0,D,5,7,150,13,12,10,0.5555555555555556,0.6363636363636364,0.6,21.953004393329238,22.667500550671562
Burnley,Tottenham,2017-12-23,1718,0,3,A,7,7,150,10,7,10,0.6363636363636364,0.6363636363636364,0.6,19.19983673095703,13.672088883802523
Brighton,Watford,2017-12-23,1718,1,0,H,7,7,150,2,1,10,0.6363636363636364,0.6363636363636364,0.6,4.510772705078125,6.371490700953812
Leicester,Man United,2017-12-23,1718,2,2,D,7,6,150,12,12,10,0.6363636363636364,0.6,0.6,22.994371568125416,23.77725250764633
Watford,Leicester,2017-12-26,1718,2,1,H,3,3,150,1,10,10,0.42857142857142855,0.42857142857142855,0.6,4.185745350476906,21.497185784062708
Bournemouth,West Ham,2017-12-26,1718,3,3,D,3,3,150,2,7,10,0.42857142857142855,0.42857142857142855,0.6,5.490820055768088,12.462619947944727
Chelsea,Brighton,2017-12-26,1718,2,0,H,3,3,150,10,4,10,0.42857142857142855,0.42857142857142855,0.6,21.33375027533578,6.2553863525390625
Huddersfield,Stoke,2017-12-26,1718,1,1,D,3,3,150,7,6,10,0.42857142857142855,0.42857142857142855,0.6,11.586315155029297,9.38245045069071
Liverpool,Swansea,2017-12-26,1718,5,0,H,4,3,150,9,4,10,0.5,0.42857142857142855,0.6,19.637952920166686,7.158415126315736
Man United,Burnley,2017-12-26,1718,2,2,D,3,3,150,10,7,10,0.42857142857142855,0.42857142857142855,0.6,21.888626253823166,16.599918365478516
Tottenham,Southampton,2017-12-26,1718,5,2,H,3,3,150,10,3,10,0.42857142857142855,0.42857142857142855,0.6,16.83604444190126,6.439450092605299
West Brom,Everton,2017-12-26,1718,0,0,D,3,3,150,2,11,10,0.42857142857142855,0.42857142857142855,0.6,5.1668565766140935,21.97650219666462
Newcastle,Man City,2017-12-27,1718,0,1,A,4,4,150,3,15,10,0.5,0.5,0.6,4.092477041057043,29.999296776989812
Crystal Palace,Arsenal,2017-12-28,1718,2,3,A,5,6,150,9,6,10,0.5555555555555556,0.6,0.6,17.332617065022127,14.52281585366877
Bournemouth,Everton,2017-12-30,1718,2,1,H,4,4,150,2,9,11,0.5,0.5,0.6,4.745410027884044,19.98825109833231
Chelsea,Stoke,2017-12-30,1718,5,0,H,4,4,150,10,4,11,0.5,0.5,0.6,20.66687513766789,8.691225225345356
Huddersfield,Burnley,2017-12-30,1718,0,0,D,4,4,150,8,8,11,0.5,0.5,0.6,13.793157577514648,16.299959182739258
Liverpool,Leicester,2017-12-30,1718,2,1,H,4,4,150,9,7,11,0.5,0.5,0.6,18.81897646008334,17.748592892031354
Man United,Southampton,2017-12-30,1718,0,0,D,4,4,150,8,2,11,0.5,0.5,0.6,18.94431312691158,5.219725046302649
Newcastle,Brighton,2017-12-30,1718,0,0,D,3,4,150,3,4,11,0.42857142857142855,0.5,0.6,5.046238520528521,7.127693176269531
Watford,Swansea,2017-12-30,1718,1,2,A,4,4,150,3,4,11,0.5,0.5,0.6,5.092872675238453,7.579207563157868
West Brom,Arsenal,2017-12-31,1718,1,1,D,5,3,150,2,9,11,0.5555555555555556,0.42857142857142855,0.6,4.583428288307047,16.261407926834387
Crystal Palace,Man City,2017-12-31,1718,0,0,D,3,4,150,8,15,11,0.42857142857142855,0.5,0.6,16.666308532511064,29.999648388494904
Brighton,Bournemouth,2018-01-01,1718,2,2,D,2,2,150,5,4,11,0.3333333333333333,0.3333333333333333,0.6,8.563846588134766,6.3727050139420225
Burnley,Liverpool,2018-01-01,1718,1,2,A,2,2,150,6,11,11,0.3333333333333333,0.3333333333333333,0.6,14.149979591369629,20.40948823004167
Everton,Man United,2018-01-01,1718,0,2,A,2,2,150,8,9,11,0.3333333333333333,0.3333333333333333,0.6,17.994125549166156,18.47215656345579
Leicester,Huddersfield,2018-01-01,1718,3,0,H,2,2,150,4,6,11,0.3333333333333333,0.3333333333333333,0.6,12.874296446015677,12.896578788757324
Stoke,Newcastle,2018-01-01,1718,0,1,A,2,2,150,4,4,11,0.3333333333333333,0.3333333333333333,0.6,8.345612612672678,6.523119260264261
West Ham,West Brom,2018-01-02,1718,2,1,H,7,2,150,8,3,10,0.6363636363636364,0.3333333333333333,0.6,14.231309973972364,5.291714144153524
Man City,Watford,2018-01-02,1718,3,1,H,2,3,150,13,3,11,0.3333333333333333,0.42857142857142855,0.6,27.999824194247452,5.546436337619227
Southampton,Crystal Palace,2018-01-02,1718,1,2,A,3,2,150,2,8,12,0.42857142857142855,0.3333333333333333,0.6,4.609862523151325,16.333154266255534
Swansea,Tottenham,2018-01-02,1718,0,2,A,3,7,150,4,12,11,0.42857142857142855,0.6363636363636364,0.6,7.7896037815789345,20.418022220950633
Arsenal,Chelsea,2018-01-03,1718,2,2,D,3,4,12,9,13,11,0.42857142857142855,0.5,0.10714285714285714,17.130703963417194,23.333437568833943
Tottenham,West Ham,2018-01-04,1718,1,1,D,2,2,150,12,8,11,0.3333333333333333,0.3333333333333333,0.6,22.209011110475316,15.115654986986183
Chelsea,Leicester,2018-01-13,1718,0,0,D,10,12,150,11,4,12,0.7142857142857143,0.75,0.6,22.66671878441697,10.437148223007839
Crystal Palace,Burnley,2018-01-13,1718,1,0,H,11,12,150,8,3,12,0.7333333333333333,0.75,0.6,16.166577133127767,10.074989795684814
Huddersfield,West Ham,2018-01-13,1718,1,4,A,12,9,150,6,8,12,0.75,0.6923076923076923,0.6,12.448289394378662,15.557827493493091
Newcastle,Swansea,2018-01-13,1718,1,1,D,12,11,150,7,4,12,0.75,0.7333333333333333,0.6,10.26155963013213,7.894801890789467
Tottenham,Everton,2018-01-13,1718,4,0,H,9,12,150,10,5,12,0.6923076923076923,0.75,0.6,21.104505555237658,13.997062774583078
Watford,Southampton,2018-01-13,1718,2,2,D,11,11,150,3,2,12,0.7333333333333333,0.7333333333333333,0.6,5.773218168809613,4.304931261575662
West Brom,Brighton,2018-01-13,1718,2,0,H,11,12,150,2,6,12,0.7333333333333333,0.75,0.6,4.645857072076762,10.281923294067383
Bournemouth,Arsenal,2018-01-14,1718,2,1,H,13,11,150,5,9,12,0.7647058823529411,0.7333333333333333,0.6,8.186352506971012,17.565351981708595
Liverpool,Man City,2018-01-14,1718,4,3,H,13,12,55,13,13,12,0.7647058823529411,0.75,0.3548387096774194,23.204744115020837,26.999912097123726
Man United,Stoke,2018-01-15,1718,3,0,H,14,14,150,9,4,12,0.7777777777777778,0.7777777777777778,0.6,18.236078281727895,8.172806306336339
West Ham,Bournemouth,2018-01-20,1718,1,1,D,7,6,150,8,8,11,0.6363636363636364,0.6,0.6,15.778913746746547,12.093176253485506
Stoke,Huddersfield,2018-01-20,1718,2,0,H,5,7,150,4,3,12,0.5555555555555556,0.6363636363636364,0.6,8.08640315316817,9.224144697189331
Man City,Newcastle,2018-01-20,1718,3,1,H,6,7,150,10,8,12,0.6,0.6363636363636364,0.6,23.499956048561863,13.130779815066065
Leicester,Watford,2018-01-20,1718,2,0,H,7,7,150,5,4,12,0.6363636363636364,0.6363636363636364,0.6,10.21857411150392,6.886609084404807
Arsenal,Crystal Palace,2018-01-20,1718,4,1,H,6,7,150,6,8,12,0.6,0.6363636363636364,0.6,14.782675990854298,16.083288566563883
Burnley,Man United,2018-01-20,1718,0,1,A,7,5,150,2,9,12,0.6363636363636364,0.5555555555555556,0.6,7.037494897842407,18.11803914086395
Brighton,Chelsea,2018-01-20,1718,0,4,A,7,7,150,5,9,12,0.6363636363636364,0.6363636363636364,0.6,10.140961647033691,20.333359392208486
Everton,West Brom,2018-01-20,1718,1,1,D,7,7,150,2,5,12,0.6363636363636364,0.6363636363636364,0.6,8.99853138729154,7.322928536038381
Southampton,Tottenham,2018-01-21,1718,1,1,D,8,8,150,3,13,13,0.6666666666666666,0.6666666666666666,0.6,5.152465630787831,23.55225277761883
Swansea,Liverpool,2018-01-22,1718,1,0,H,9,8,150,5,13,12,0.6923076923076923,0.6666666666666666,0.6,8.947400945394733,24.60237205751042
West Ham,Crystal Palace,2018-01-30,1718,1,1,D,10,10,150,9,7,12,0.7142857142857143,0.7142857142857143,0.6,16.889456873373273,15.041644283281942
Huddersfield,Liverpool,2018-01-30,1718,0,3,A,10,8,150,2,12,13,0.7142857142857143,0.6666666666666666,0.6,6.6120723485946655,24.30118602875521
Swansea,Arsenal,2018-01-30,1718,3,1,H,8,10,150,7,8,13,0.6666666666666666,0.7142857142857143,0.6,11.473700472697367,15.391337995427149
Chelsea,Bournemouth,2018-01-31,1718,0,3,A,11,11,150,11,9,13,0.7333333333333333,0.7333333333333333,0.6,21.166679696104243,15.046588126742753
Everton,Leicester,2018-01-31,1718,2,1,H,11,11,150,2,7,13,0.7333333333333333,0.7333333333333333,0.6,6.49926569364577,12.10928705575196
Man City,West Brom,2018-01-31,1718,3,0,H,11,11,150,10,6,13,0.7333333333333333,0.7333333333333333,0.6,21.74997802428093,9.661464268019191
Newcastle,Burnley,2018-01-31,1718,1,1,D,11,11,150,5,2,13,0.7333333333333333,0.7333333333333333,0.6,11.565389907533032,5.518747448921204
Southampton,Brighton,2018-01-31,1718,1,1,D,10,11,150,3,2,14,0.7142857142857143,0.7333333333333333,0.6,5.576232815393915,7.070480823516846
Stoke,Watford,2018-01-31,1718,0,0,D,11,11,150,4,4,13,0.7333333333333333,0.7333333333333333,0.6,8.043201576584085,7.443304542202403
Tottenham,Man United,2018-01-31,1718,2,0,H,10,11,300,11,11,13,0.7142857142857143,0.7333333333333333,0.75,22.776126388809416,20.059019570431975
West Brom,Southampton,2018-02-03,1718,2,3,A,3,3,150,5,4,13,0.42857142857142855,0.42857142857142855,0.6,9.830732134009596,6.788116407696958
Man United,Huddersfield,2018-02-03,1718,2,0,H,3,4,150,10,1,13,0.42857142857142855,0.5,0.6,20.029509785215986,4.306036174297333
Leicester,Swansea,2018-02-03,1718,1,1,D,3,4,150,7,10,13,0.42857142857142855,0.5,0.6,13.05464352787598,15.736850236348683
Brighton,West Ham,2018-02-03,1718,3,1,H,3,4,150,3,9,13,0.42857142857142855,0.5,0.6,6.535240411758423,17.44472843668664
Bournemouth,Stoke,2018-02-03,1718,2,1,H,3,3,150,11,4,13,0.42857142857142855,0.42857142857142855,0.6,18.523294063371377,8.021600788292043
Arsenal,Everton,2018-02-03,1718,5,1,H,4,3,150,5,4,13,0.5,0.42857142857142855,0.6,12.695668997713575,7.249632846822885
Burnley,Man City,2018-02-03,1718,1,1,D,3,3,150,2,10,13,0.42857142857142855,0.42857142857142855,0.6,4.759373724460602,20.874989012140468
Crystal Palace,Newcastle,2018-02-04,1718,1,1,D,5,4,150,8,6,13,0.5555555555555556,0.5,0.6,15.52082214164097,11.782694953766516
Liverpool,Tottenham,2018-02-04,1718,2,2,D,5,4,295,12,11,13,0.5555555555555556,0.5,0.7468354430379747,24.150593014377606,22.388063194404708
Watford,Chelsea,2018-02-05,1718,4,1,H,5,5,150,2,8,13,0.5555555555555556,0.5555555555555556,0.6,5.721652271101202,18.58333984805212
Tottenham,Arsenal,2018-02-10,1718,1,0,H,6,7,10,9,7,14,0.6,0.6363636363636364,0.09090909090909091,20.194031597202354,13.347834498856788
West Ham,Watford,2018-02-10,1718,2,0,H,7,5,150,6,5,13,0.6363636363636364,0.5555555555555556,0.6,14.72236421834332,7.860826135550601
Stoke,Brighton,2018-02-10,1718,1,1,D,7,7,150,4,5,14,0.6363636363636364,0.6363636363636364,0.6,8.01080039414602,8.267620205879211
Everton,Crystal Palace,2018-02-10,1718,3,1,H,7,6,150,4,8,14,0.6363636363636364,0.6,0.6,7.624816423411442,15.760411070820485
Man City,Leicester,2018-02-10,1718,5,1,H,7,7,150,10,8,14,0.6363636363636364,0.6363636363636364,0.6,20.437494506070234,14.52732176393799
Swansea,Burnley,2018-02-10,1718,1,0,H,7,7,150,8,2,14,0.6363636363636364,0.6363636363636364,0.6,15.868425118174342,4.379686862230301
Huddersfield,Bournemouth,2018-02-11,1718,4,1,H,8,8,150,0,11,14,0.6666666666666666,0.6666666666666666,0.6,2.1530180871486664,20.26164703168569
Newcastle,Man United,2018-02-11,1718,1,0,H,7,8,150,6,12,14,0.6363636363636364,0.6666666666666666,0.6,11.891347476883258,22.014754892607993
Southampton,Liverpool,2018-02-11,1718,0,2,A,8,7,150,6,10,15,0.6666666666666666,0.6363636363636364,0.6,9.394058203848479,22.075296507188803
Chelsea,West Brom,2018-02-12,1718,3,0,H,7,9,150,5,4,14,0.6363636363636364,0.6923076923076923,0.6,14.29166992402606,8.915366067004797
Bournemouth,Newcastle,2018-02-24,1718,2,2,D,13,13,150,10,6,14,0.7647058823529411,0.7647058823529411,0.6,20.130823515842845,11.945673738441629
Brighton,Swansea,2018-02-24,1718,4,1,H,14,14,150,5,11,14,0.7777777777777778,0.7777777777777778,0.6,9.133810102939606,18.93421255908717
Burnley,Southampton,2018-02-24,1718,1,1,D,14,13,150,2,6,14,0.7777777777777778,0.7647058823529411,0.6,4.1898434311151505,10.69702910192424
Leicester,Stoke,2018-02-24,1718,1,1,D,14,14,150,5,5,14,0.7777777777777778,0.7777777777777778,0.6,12.263660881968995,9.00540019707301
Liverpool,West Ham,2018-02-24,1718,4,1,H,13,14,150,10,8,14,0.7647058823529411,0.7777777777777778,0.6,21.0376482535944,15.36118210917166
Watford,Everton,2018-02-24,1718,1,0,H,14,14,150,5,7,14,0.7777777777777778,0.7777777777777778,0.6,8.930413067775302,10.812408211705721
West Brom,Huddersfield,2018-02-24,1718,1,2,A,12,13,150,4,3,14,0.75,0.7647058823529411,0.6,8.457683033502398,4.076509043574333
Man United,Chelsea,2018-02-25,1718,2,1,H,14,13,305,9,7,14,0.7777777777777778,0.7647058823529411,0.7530864197530864,20.007377446303998,14.14583496201303
Crystal Palace,Tottenham,2018-02-25,1718,0,1,A,15,15,150,5,11,14,0.7894736842105263,0.7894736842105263,0.6,12.880205535410242,21.097015798601177
Arsenal,Man City,2018-03-01,1718,0,3,A,19,19,295,6,10,14,0.8260869565217391,0.8260869565217391,0.7468354430379747,12.673917249428394,20.21874725303512
Swansea,West Ham,2018-03-03,1718,4,1,H,7,7,150,10,5,15,0.6363636363636364,0.6363636363636364,0.6,19.467106279543586,12.680591054585829
Watford,West Brom,2018-03-03,1718,1,0,H,7,7,150,7,1,15,0.6363636363636364,0.6363636363636364,0.6,11.46520653388765,5.228841516751199
Southampton,Stoke,2018-03-03,1718,0,0,D,7,7,150,6,6,16,0.6363636363636364,0.6363636363636364,0.6,11.34851455096212,10.502700098536504
Tottenham,Huddersfield,2018-03-03,1718,2,0,H,6,7,150,11,6,15,0.6,0.6363636363636364,0.6,21.54850789930059,8.038254521787167
Leicester,Bournemouth,2018-03-03,1718,1,1,D,7,7,150,5,8,15,0.6363636363636364,0.6363636363636364,0.6,11.131830440984498,18.065411757921424
Burnley,Everton,2018-03-03,1718,2,1,H,7,7,150,3,7,15,0.6363636363636364,0.6363636363636364,0.6,5.094921715557575,12.406204105852861
Liverpool,Newcastle,2018-03-03,1718,2,0,H,7,7,150,10,6,15,0.6363636363636364,0.6363636363636364,0.6,20.5188241267972,11.972836869220814
Brighton,Arsenal,2018-03-04,1718,2,1,H,8,3,150,8,6,15,0.6666666666666666,0.42857142857142855,0.6,12.566905051469803,12.336958624714196
Man City,Chelsea,2018-03-04,1718,1,0,H,3,7,300,13,6,15,0.42857142857142855,0.6363636363636364,0.75,23.10937362651756,13.072917481006515
Crystal Palace,Man United,2018-03-05,1718,2,3,A,8,8,150,2,9,15,0.6666666666666666,0.6666666666666666,0.6,8.44010276770512,19.003688723152
Chelsea,Crystal Palace,2018-03-10,1718,2,1,H,6,5,150,3,2,15,0.6,0.5555555555555556,0.6,9.536458740503257,6.22005138385256
Everton,Brighton,2018-03-10,1718,2,0,H,7,6,150,6,11,15,0.6363636363636364,0.6,0.6,12.20310205292643,17.2834525257349
Huddersfield,Swansea,2018-03-10,1718,0,0,D,7,7,150,6,10,15,0.6363636363636364,0.6363636363636364,0.6,10.019127260893583,19.733553139771793
Man United,Liverpool,2018-03-10,1718,2,1,H,5,7,55,9,13,15,0.5555555555555556,0.6363636363636364,0.3548387096774194,18.501844361575998,23.2594120633986
Newcastle,Southampton,2018-03-10,1718,3,0,H,7,7,150,6,6,15,0.6363636363636364,0.6363636363636364,0.6,11.986418434610407,11.674257275481061
West Brom,Leicester,2018-03-10,1718,1,4,A,7,7,150,0,3,15,0.6363636363636364,0.6363636363636364,0.6,2.6144207583755996,8.565915220492249
West Ham,Burnley,2018-03-10,1718,0,3,A,7,7,150,4,6,14,0.6363636363636364,0.6363636363636364,0.6,10.340295527292914,8.547460857778788
Bournemouth,Tottenham,2018-03-11,1718,1,4,A,8,8,150,8,13,15,0.6666666666666666,0.6666666666666666,0.6,17.032705878960712,23.774253949650294
Arsenal,Watford,2018-03-11,1718,3,0,H,7,8,150,3,10,15,0.6363636363636364,0.6666666666666666,0.6,9.168479312357098,15.732603266943826
Stoke,Man City,2018-03-12,1718,0,2,A,9,8,150,4,13,15,0.6923076923076923,0.6666666666666666,0.6,9.251350049268252,24.55468681325878
Bournemouth,West Brom,2018-03-17,1718,2,1,H,6,7,150,5,0,16,0.6,0.6363636363636364,0.6,13.516352939480356,1.3072103791877998
Huddersfield,Crystal Palace,2018-03-17,1718,0,2,A,7,7,150,7,1,16,0.6363636363636364,0.6363636363636364,0.6,12.009563630446792,4.11002569192628
Liverpool,Watford,2018-03-17,1718,5,0,H,7,6,150,10,9,16,0.6363636363636364,0.6,0.6,21.6297060316993,16.866301633471913
Stoke,Everton,2018-03-17,1718,1,2,A,5,7,150,3,6,16,0.5555555555555556,0.6363636363636364,0.6,7.625675024634126,12.101551026463216
West Ham,Southampton,2018-03-31,1718,3,0,H,21,21,150,3,5,15,0.84,0.84,0.6,8.170147763646458,10.83712863774053
West Brom,Burnley,2018-03-31,1718,1,2,A,14,21,150,0,8,16,0.7777777777777778,0.84,0.6,0.6536051895938999,12.273730428889394
Watford,Bournemouth,2018-03-31,1718,2,2,D,14,14,150,6,5,16,0.7777777777777778,0.7777777777777778,0.6,14.433150816735957,11.758176469740178
Newcastle,Huddersfield,2018-03-31,1718,1,0,H,21,14,150,8,7,16,0.84,0.7777777777777778,0.6,13.993209217305203,13.004781815223396
Everton,Man City,2018-03-31,1718,1,3,A,14,19,150,9,13,16,0.7777777777777778,0.8260869565217391,0.6,15.050775513231608,25.27734340662939
Crystal Palace,Liverpool,2018-03-31,1718,1,2,A,14,14,150,3,12,16,0.7777777777777778,0.7777777777777778,0.6,5.05501284596314,22.81485301584965
Brighton,Leicester,2018-03-31,1718,0,2,A,21,21,150,10,6,16,0.84,0.84,0.6,18.64172626286745,10.282957610246125
Man United,Swansea,2018-03-31,1718,2,0,H,21,21,150,12,8,16,0.84,0.84,0.6,21.250922180788,17.866776569885896
Arsenal,Stoke,2018-04-01,1718,3,0,H,21,15,150,6,3,16,0.84,0.7894736842105263,0.6,10.58423965617855,6.8128375123170635
Chelsea,Tottenham,2018-04-01,1718,1,3,A,21,21,11,6,13,16,0.84,0.84,0.0990990990990991,10.768229370251628,24.887126974825147
Leicester,Newcastle,2018-04-07,1718,1,2,A,7,7,150,8,10,16,0.6363636363636364,0.6363636363636364,0.6,13.141478805123063,16.996604608652603
Bournemouth,Crystal Palace,2018-04-07,1718,2,2,D,7,7,150,6,3,17,0.6363636363636364,0.6363636363636364,0.6,11.879088234870089,5.5275064229815705
Brighton,Huddersfield,2018-04-07,1718,1,1,D,7,7,150,7,4,17,0.6363636363636364,0.6363636363636364,0.6,16.320863131433725,10.502390907611698
Everton,Liverpool,2018-04-07,1718,0,0,D,7,7,150,6,12,17,0.6363636363636364,0.6363636363636364,0.6,13.525387756615803,23.407426507924825
Man City,Man United,2018-04-07,1718,2,3,A,7,7,10,15,12,16,0.6363636363636364,0.6363636363636364,0.09090909090909091,27.638671703314696,22.625461090393998
Stoke,Tottenham,2018-04-07,1718,1,2,A,6,6,150,2,15,17,0.6,0.6,0.6,5.406418756158532,27.443563487412575
Watford,Burnley,2018-04-07,1718,1,2,A,7,7,150,7,10,17,0.6363636363636364,0.6363636363636364,0.6,14.216575408367978,16.136865214444697
West Brom,Swansea,2018-04-07,1718,1,1,D,7,7,150,0,7,17,0.6363636363636364,0.6363636363636364,0.6,0.32680259479694995,15.933388284942948
Arsenal,Southampton,2018-04-08,1718,3,2,H,7,8,150,6,2,17,0.6363636363636364,0.6666666666666666,0.6,11.292119828089275,7.418564318870265
Chelsea,West Ham,2018-04-08,1718,1,1,D,7,8,150,6,6,17,0.6363636363636364,0.6666666666666666,0.6,11.384114685125814,10.085073881823229
Swansea,Everton,2018-04-14,1718,1,1,D,7,7,150,5,7,16,0.6363636363636364,0.6363636363636364,0.6,12.966694142471475,13.762693878307902
Tottenham,Man City,2018-04-14,1718,1,3,A,7,7,295,15,12,16,0.6363636363636364,0.6363636363636364,0.7468354430379747,28.721781743706288,25.81933585165735
Southampton,Chelsea,2018-04-14,1718,2,3,A,6,6,150,2,4,17,0.6,0.6,0.6,5.709282159435133,9.692057342562908
Huddersfield,Watford,2018-04-14,1718,1,0,H,7,7,150,2,4,17,0.6363636363636364,0.6363636363636364,0.6,7.251195453805849,11.10828770418399
Crystal Palace,Brighton,2018-04-14,1718,3,2,H,7,7,150,4,7,17,0.6363636363636364,0.6363636363636364,0.6,6.763753211490785,15.160431565716863
Burnley,Leicester,2018-04-14,1718,2,1,H,7,7,150,13,8,16,0.6363636363636364,0.6363636363636364,0.6,21.06843260722235,14.570739402561532
Liverpool,Bournemouth,2018-04-14,1718,3,0,H,7,7,150,10,6,17,0.6363636363636364,0.6363636363636364,0.6,21.703713253962412,11.939544117435045
Man United,West Brom,2018-04-15,1718,0,1,A,8,8,150,15,1,17,0.6666666666666666,0.6666666666666666,0.6,26.312730545197,1.163401297398475
Newcastle,Arsenal,2018-04-15,1718,2,1,H,8,7,150,10,9,17,0.6666666666666666,0.6363636363636364,0.6,18.4983023043263,14.646059914044638
West Ham,Stoke,2018-04-16,1718,1,1,D,8,9,150,4,1,16,0.6666666666666666,0.6923076923076923,0.6,9.042536940911614,3.703209378079266
Brighton,Tottenham,2018-04-17,1718,1,1,D,3,3,150,4,12,18,0.42857142857142855,0.42857142857142855,0.6,11.580215782858431,26.360890871853144
Bournemouth,Man United,2018-04-18,1718,0,2,A,4,3,150,5,12,18,0.5,0.42857142857142855,0.6,10.969772058717522,25.1563652725985
Leicester,Southampton,2018-04-19,1718,0,0,D,5,5,150,7,1,17,0.5555555555555556,0.5555555555555556,0.6,14.285369701280766,3.8546410797175663
Burnley,Chelsea,2018-04-19,1718,1,2,A,5,5,150,15,7,17,0.5555555555555556,0.5555555555555556,0.6,25.534216303611174,11.846028671281454
Watford,Crystal Palace,2018-04-21,1718,0,0,D,7,7,150,1,7,18,0.6363636363636364,0.6363636363636364,0.6,6.554143852091995,10.381876605745394
West Brom,Liverpool,2018-04-21,1718,2,2,D,6,7,150,4,10,18,0.6,0.6363636363636364,0.6,4.581700648699238,20.851856626981206
Arsenal,West Ham,2018-04-22,1718,4,1,H,7,6,150,9,5,18,0.6363636363636364,0.6,0.6,16.32302995702232,9.521268470455807
Man City,Swansea,2018-04-22,1718,5,0,H,8,8,150,12,6,17,0.6666666666666666,0.6666666666666666,0.6,24.909667925828675,12.483347071235738
Stoke,Burnley,2018-04-22,1718,1,1,D,6,3,150,1,12,18,0.6,0.42857142857142855,0.6,2.851604689039633,24.767108151805587
Everton,Newcastle,2018-04-23,1718,1,0,H,9,8,150,8,12,18,0.6923076923076923,0.6666666666666666,0.6,14.88134693915395,21.24915115216315
Southampton,Bournemouth,2018-04-28,1718,2,1,H,9,10,150,1,5,18,0.6923076923076923,0.7142857142857143,0.6,2.9273205398587834,10.484886029358762
Huddersfield,Everton,2018-04-28,1718,0,2,A,14,5,150,5,8,18,0.7777777777777778,0.5555555555555556,0.6,8.625597726902924,15.440673469576975
Swansea,Chelsea,2018-04-28,1718,0,1,A,6,9,150,3,10,17,0.6,0.6923076923076923,0.6,9.241673535617869,15.923014335640726
Newcastle,West Brom,2018-04-28,1718,0,1,A,5,7,150,12,5,18,0.5555555555555556,0.6363636363636364,0.6,22.624575576081575,7.290850324349619
Crystal Palace,Leicester,2018-04-28,1718,5,0,H,7,9,150,8,7,18,0.6363636363636364,0.6923076923076923,0.6,13.190938302872697,14.142684850640382
Burnley,Brighton,2018-04-28,1718,0,0,D,6,11,150,10,2,18,0.6,0.7333333333333333,0.6,22.383554075902794,7.790107891429216
Liverpool,Stoke,2018-04-28,1718,0,0,D,7,6,150,11,2,18,0.6363636363636364,0.6,0.6,21.4259283134906,3.4258023445198162
Man United,Arsenal,2018-04-29,1718,2,1,H,11,7,295,12,12,18,0.7333333333333333,0.6363636363636364,0.7468354430379747,24.57818263629925,20.16151497851116
West Ham,Man City,2018-04-29,1718,1,4,A,7,7,150,5,12,17,0.6363636363636364,0.6363636363636364,0.6,9.760634235227904,24.454833962914336
Tottenham,Watford,2018-04-30,1718,2,0,H,13,9,150,10,2,17,0.7647058823529411,0.6923076923076923,0.6,23.180445435926572,5.2770719260459975
Brighton,Man United,2018-05-04,1718,1,0,H,6,5,150,3,12,19,0.6,0.5555555555555556,0.6,6.895053945714608,24.289091318149623
Bournemouth,Swansea,2018-05-05,1718,1,0,H,7,7,150,2,2,19,0.6363636363636364,0.6363636363636364,0.6,7.242443014679381,6.620836767808934
Everton,Southampton,2018-05-05,1718,1,1,D,7,7,150,8,4,19,0.6363636363636364,0.6363636363636364,0.6,15.720336734788487,5.463660269929392
Leicester,West Ham,2018-05-05,1718,0,2,A,7,6,150,4,5,18,0.6363636363636364,0.6,0.6,11.071342425320191,9.880317117613952
Stoke,Crystal Palace,2018-05-05,1718,1,2,A,7,7,150,3,8,19,0.6363636363636364,0.6363636363636364,0.6,4.712901172259908,14.595469151436347
Watford,Newcastle,2018-05-05,1718,2,1,H,5,7,150,2,9,19,0.5555555555555556,0.6363636363636364,0.6,4.638535963022999,20.312287788040788
West Brom,Tottenham,2018-05-05,1718,1,0,H,7,5,150,8,10,19,0.6363636363636364,0.5555555555555556,0.6,11.64542516217481,21.590222717963286
Chelsea,Liverpool,2018-05-06,1718,1,0,H,8,8,295,10,9,18,0.6666666666666666,0.6666666666666666,0.7468354430379747,17.961507167820365,19.7129641567453
Arsenal,Burnley,2018-05-06,1718,5,0,H,7,8,150,9,8,19,0.6363636363636364,0.6666666666666666,0.6,19.080757489255582,19.191777037951397
Man City,Huddersfield,2018-05-06,1718,0,0,D,7,8,150,12,4,18,0.6363636363636364,0.6666666666666666,0.6,24.227416981457168,8.312798863451462
Swansea,Southampton,2018-05-08,1718,0,1,A,3,3,150,2,5,18,0.42857142857142855,0.42857142857142855,0.6,5.310418383904468,7.731830134964696
Man City,Brighton,2018-05-09,1718,3,1,H,3,5,150,10,6,19,0.42857142857142855,0.5555555555555556,0.6,22.113708490728584,9.447526972857304
Tottenham,Newcastle,2018-05-09,1718,1,0,H,4,4,150,7,6,18,0.5,0.5,0.6,17.795111358981643,16.156143894020396
Chelsea,Huddersfield,2018-05-09,1718,1,1,D,3,3,150,13,5,19,0.42857142857142855,0.42857142857142855,0.6,21.980753583910182,9.156399431725731
Leicester,Arsenal,2018-05-09,1718,3,1,H,4,3,150,1,9,19,0.5,0.42857142857142855,0.6,6.5356712126600955,18.54037874462779
West Ham,Man United,2018-05-10,1718,0,0,D,5,6,150,5,9,18,0.5555555555555556,0.6,0.6,9.940158558806976,21.14454565907481
Burnley,Bournemouth,2018-05-13,1718,1,2,A,7,8,150,5,4,19,0.6363636363636364,0.6666666666666666,0.6,14.595888518975698,7.6212215073396905
Crystal Palace,West Brom,2018-05-13,1718,2,0,H,8,8,150,11,11,19,0.6666666666666666,0.6666666666666666,0.6,18.297734575718174,16.822712581087405
Huddersfield,Arsenal,2018-05-13,1718,0,1,A,4,4,150,6,6,19,0.5,0.5,0.6,10.578199715862866,15.270189372313896
Liverpool,Brighton,2018-05-13,1718,4,0,H,7,4,150,6,5,19,0.6363636363636364,0.5,0.6,15.85648207837265,9.723763486428652
Man United,Watford,2018-05-13,1718,1,0,H,3,8,150,7,4,19,0.42857142857142855,0.6666666666666666,0.6,17.572272829537404,6.3192679815115
Newcastle,Chelsea,2018-05-13,1718,3,0,H,4,4,150,3,13,19,0.5,0.5,0.6,11.078071947010198,23.990376791955093
Southampton,Man City,2018-05-13,1718,0,1,A,5,4,150,8,13,19,0.5555555555555556,0.5,0.6,11.865915067482348,24.056854245364292
Swansea,Stoke,2018-05-13,1718,1,2,A,5,8,150,1,3,19,0.5555555555555556,0.6666666666666666,0.6,3.655209191952234,5.356450586129954
Tottenham,Leicester,2018-05-13,1718,5,4,H,4,4,150,7,4,19,0.5,0.5,0.6,15.897555679490821,7.267835606330047
West Ham,Everton,2018-05-13,1718,3,1,H,3,8,150,5,9,19,0.42857142857142855,0.6666666666666666,0.6,9.970079279403489,16.860168367394245
Man United,Leicester,2018-08-10,1819,2,1,H,21,21,150,10,4,1,0.84,0.84,0.6,18.786136414768702,7.633917803165024
Watford,Brighton,2018-08-11,1819,2,0,H,21,21,150,4,5,1,0.84,0.84,0.6,7.15963399075575,9.861881743214326
Newcastle,Tottenham,2018-08-11,1819,1,2,A,21,21,150,3,10,1,0.84,0.84,0.6,8.539035973505099,17.94877783974541
Wolves,Everton,2018-08-11,1819,2,2,D,14,21,150,0,8,1,0.7777777777777778,0.84,0.6,0.0,16.430084183697122
Fulham,Crystal Palace,2018-08-11,1819,0,2,A,14,21,150,0,13,1,0.7777777777777778,0.84,0.6,0.0,22.148867287859087
Bournemouth,Cardiff,2018-08-11,1819,2,0,H,21,14,150,6,0,1,0.84,0.7777777777777778,0.6,9.810610753669845,0.0
Huddersfield,Chelsea,2018-08-11,1819,0,3,A,21,21,150,5,10,1,0.84,0.84,0.6,10.289099857931433,21.995188395977546
Arsenal,Man City,2018-08-12,1819,0,2,A,21,21,295,9,13,1,0.84,0.84,0.7468354430379747,16.635094686156947,25.028427122682146
Liverpool,West Ham,2018-08-12,1819,4,0,H,21,21,150,8,7,1,0.84,0.84,0.6,15.928241039186325,11.985039639701744
Southampton,Burnley,2018-08-12,1819,0,0,D,21,21,150,8,2,1,0.84,0.84,0.6,13.932957533741174,9.29794425948785
Tottenham,Fulham,2018-08-18,1819,3,1,H,7,7,150,12,0,1,0.6363636363636364,0.6363636363636364,0.6,20.974388919872705,0.0
Leicester,Wolves,2018-08-18,1819,2,0,H,8,7,150,3,1,1,0.6666666666666666,0.6363636363636364,0.6,6.816958901582511,1.0
West Ham,Bournemouth,2018-08-18,1819,1,2,A,6,7,150,7,9,1,0.6,0.6363636363636364,0.6,12.992519819850873,13.905305376834923
Chelsea,Arsenal,2018-08-18,1819,3,2,H,7,6,12,10,6,1,0.6363636363636364,0.6,0.10714285714285714,20.997594197988775,14.317547343078473
Cardiff,Newcastle,2018-08-18,1819,0,0,D,7,7,150,0,3,1,0.6363636363636364,0.6363636363636364,0.6,0.0,7.2695179867525495
Everton,Southampton,2018-08-18,1819,2,1,H,7,6,150,8,8,1,0.6363636363636364,0.6,0.6,16.21504209184856,14.966478766870587
Brighton,Man United,2018-08-19,1819,3,2,H,8,9,150,4,10,1,0.6666666666666666,0.6923076923076923,0.6,8.930940871607163,19.393068207384353
Burnley,Watford,2018-08-19,1819,1,3,A,7,8,150,3,7,1,0.6363636363636364,0.6666666666666666,0.6,7.648972129743925,10.579816995377875
Man City,Huddersfield,2018-08-19,1819,6,1,H,7,8,150,13,2,1,0.6363636363636364,0.6666666666666666,0.6,25.514213561341073,7.144549928965716
Crystal Palace,Liverpool,2018-08-20,1819,0,2,A,9,8,150,13,8,1,0.6923076923076923,0.6666666666666666,0.6,24.074433643929545,15.964120519593163
Wolves,Man City,2018-08-25,1819,1,1,D,7,6,150,1,13,2,0.6363636363636364,0.6,0.6,1.5,25.757106780670536
Arsenal,West Ham,2018-08-25,1819,3,1,H,7,7,150,6,7,2,0.6363636363636364,0.6363636363636364,0.6,13.158773671539237,13.496259909925437
Bournemouth,Everton,2018-08-25,1819,2,2,D,7,7,150,12,8,2,0.6363636363636364,0.6363636363636364,0.6,18.952652688417462,16.10752104592428
Huddersfield,Cardiff,2018-08-25,1819,0,0,D,6,7,150,2,1,2,0.6,0.6363636363636364,0.6,5.572274964482858,1.0
Liverpool,Brighton,2018-08-25,1819,1,0,H,5,6,150,10,6,2,0.5555555555555556,0.6,0.6,17.982060259796583,10.465470435803581
Southampton,Leicester,2018-08-25,1819,1,2,A,7,7,150,5,6,2,0.6363636363636364,0.6363636363636364,0.6,12.483239383435293,9.408479450791255
Newcastle,Chelsea,2018-08-26,1819,1,2,A,8,8,150,4,10,2,0.6666666666666666,0.6666666666666666,0.6,7.634758993376275,20.498797098994388
Watford,Crystal Palace,2018-08-26,1819,2,1,H,7,6,150,9,12,2,0.6363636363636364,0.6,0.6,14.289908497688938,24.037216821964773
Fulham,Burnley,2018-08-26,1819,4,2,H,8,7,150,0,2,2,0.6666666666666666,0.6363636363636364,0.6,0.0,5.824486064871962
Man United,Tottenham,2018-08-27,1819,0,3,A,8,9,300,7,12,2,0.6666666666666666,0.6923076923076923,0.75,16.696534103692176,22.487194459936354
Brighton,Fulham,2018-09-01,1819,2,2,D,7,6,150,3,3,2,0.6363636363636364,0.6,0.6,8.23273521790179,3.0
Chelsea,Bournemouth,2018-09-01,1819,2,0,H,6,7,150,10,13,2,0.6,0.6363636363636364,0.6,20.249398549497194,22.47632634420873
Crystal Palace,Southampton,2018-09-01,1819,0,2,A,6,7,150,9,4,2,0.6,0.6363636363636364,0.6,21.018608410982388,10.241619691717647
Everton,Huddersfield,2018-09-01,1819,1,1,D,7,7,150,6,2,2,0.6363636363636364,0.6363636363636364,0.6,14.05376052296214,4.786137482241429
Leicester,Liverpool,2018-09-01,1819,1,2,A,7,7,150,9,12,2,0.6363636363636364,0.6363636363636364,0.6,13.704239725395627,20.99103012989829
Man City,Newcastle,2018-09-01,1819,2,1,H,7,6,150,13,4,2,0.6363636363636364,0.6,0.6,25.87855339033527,7.817379496688138
West Ham,Wolves,2018-09-01,1819,0,1,A,7,7,150,4,2,2,0.6363636363636364,0.6363636363636364,0.6,10.748129954962717,2.75
Watford,Tottenham,2018-09-02,1819,2,1,H,7,6,150,12,15,3,0.6363636363636364,0.6,0.6,19.14495424884447,26.243597229968177
Burnley,Man United,2018-09-02,1819,0,2,A,7,6,150,1,7,2,0.6363636363636364,0.6,0.6,3.912243032435981,15.348267051846088
Cardiff,Arsenal,2018-09-02,1819,2,3,A,8,8,150,2,6,2,0.6666666666666666,0.6666666666666666,0.6,2.5,12.579386835769618
Watford,Man United,2018-09-15,1819,1,2,A,13,13,150,12,9,4,0.7647058823529411,0.7647058823529411,0.6,21.572477124422235,16.674133525923043
Bournemouth,Leicester,2018-09-15,1819,4,2,H,14,14,150,10,6,3,0.7777777777777778,0.7777777777777778,0.6,21.238163172104365,12.852119862697814
Chelsea,Cardiff,2018-09-15,1819,4,1,H,14,13,150,12,2,3,0.7777777777777778,0.7647058823529411,0.6,22.124699274748597,3.25
Huddersfield,Crystal Palace,2018-09-15,1819,0,1,A,14,14,150,2,6,3,0.7777777777777778,0.7777777777777778,0.6,4.3930687411207145,16.509304205491194
Man City,Fulham,2018-09-15,1819,3,0,H,14,14,150,13,4,3,0.7777777777777778,0.7777777777777778,0.6,25.939276695167635,5.5
Newcastle,Arsenal,2018-09-15,1819,1,2,A,14,13,150,4,9,3,0.7777777777777778,0.7647058823529411,0.6,7.908689748344068,15.28969341788481
Tottenham,Liverpool,2018-09-15,1819,1,2,A,13,14,295,12,15,2,0.7647058823529411,0.7777777777777778,0.7468354430379747,25.121798614984087,25.495515064949146
Wolves,Burnley,2018-09-16,1819,1,0,H,15,14,150,5,1,3,0.7894736842105263,0.7777777777777778,0.6,6.375,2.9561215162179906
Everton,West Ham,2018-09-16,1819,1,3,A,15,15,150,6,3,3,0.7894736842105263,0.7894736842105263,0.6,13.02688026148107,8.374064977481359
Southampton,Brighton,2018-09-17,1819,2,2,D,16,16,150,4,4,3,0.8,0.8,0.6,9.120809845858822,8.116367608950895
Brighton,Tottenham,2018-09-22,1819,1,2,A,5,7,150,5,9,3,0.5555555555555556,0.6363636363636364,0.6,9.058183804475448,21.560899307492043
Burnley,Bournemouth,2018-09-22,1819,4,0,H,6,7,150,1,10,3,0.6,0.6363636363636364,0.6,2.4780607581089953,20.619081586052182
Cardiff,Man City,2018-09-22,1819,0,5,A,7,7,150,2,13,3,0.6363636363636364,0.6363636363636364,0.6,3.625,25.969638347583818
Crystal Palace,Newcastle,2018-09-22,1819,0,0,D,7,7,150,6,1,3,0.6363636363636364,0.6363636363636364,0.6,14.254652102745597,4.954344874172034
Fulham,Watford,2018-09-22,1819,1,1,D,7,7,150,4,12,3,0.6363636363636364,0.6363636363636364,0.6,6.75,22.786238562211118
Leicester,Huddersfield,2018-09-22,1819,3,1,H,7,7,150,6,2,3,0.6363636363636364,0.6363636363636364,0.6,12.426059931348906,4.196534370560357
Liverpool,Southampton,2018-09-22,1819,3,0,H,7,5,150,15,5,3,0.6363636363636364,0.5555555555555556,0.6,27.747757532474573,9.560404922929411
Man United,Wolves,2018-09-22,1819,1,1,D,7,6,150,9,8,3,0.6363636363636364,0.6,0.6,17.33706676296152,11.1875
West Ham,Chelsea,2018-09-23,1819,0,0,D,7,8,150,3,15,3,0.6363636363636364,0.6666666666666666,0.6,7.187032488740679,26.062349637374297
Arsenal,Everton,2018-09-23,1819,2,0,H,8,7,150,9,6,3,0.6666666666666666,0.6363636363636364,0.6,16.644846708942403,12.513440130740534
Arsenal,Watford,2018-09-29,1819,2,0,H,6,7,150,12,10,4,0.6,0.6363636363636364,0.6,20.3224233544712,21.39311928110556
Chelsea,Liverpool,2018-09-29,1819,1,1,D,6,7,295,13,15,4,0.6,0.6363636363636364,0.7468354430379747,26.03117481868715,28.873878766237286
Everton,Fulham,2018-09-29,1819,3,0,H,6,7,150,5,5,4,0.6,0.6363636363636364,0.6,11.256720065370267,8.375
Huddersfield,Tottenham,2018-09-29,1819,0,2,A,7,7,150,2,9,4,0.6363636363636364,0.6363636363636364,0.6,4.098267185280179,19.78044965374602
Man City,Brighton,2018-09-29,1819,2,0,H,7,7,150,13,5,4,0.6363636363636364,0.6363636363636364,0.6,25.98481917379191,9.529091902237724
Newcastle,Leicester,2018-09-29,1819,0,2,A,7,7,150,2,9,4,0.6363636363636364,0.6363636363636364,0.6,4.477172437086017,15.213029965674453
West Ham,Man United,2018-09-29,1819,3,1,H,6,7,150,4,7,4,0.6,0.6363636363636364,0.6,7.59351624437034,15.66853338148076
Wolves,Southampton,2018-09-29,1819,2,0,H,7,7,150,8,4,4,0.6363636363636364,0.6363636363636364,0.6,13.59375,8.780202461464706
Cardiff,Burnley,2018-09-30,1819,1,2,A,8,8,150,2,3,4,0.6666666666666666,0.6666666666666666,0.6,3.8125,4.239030379054498
Bournemouth,Crystal Palace,2018-10-01,1819,2,1,H,9,9,150,7,4,4,0.6923076923076923,0.6923076923076923,0.6,17.30954079302609,11.127326051372798
Brighton,West Ham,2018-10-05,1819,1,0,H,6,6,150,2,7,4,0.6,0.6,0.6,6.764545951118862,10.796758122185171
Burnley,Huddersfield,2018-10-06,1819,1,1,D,6,7,150,6,2,4,0.6,0.6363636363636364,0.6,8.119515189527249,4.049133592640089
Watford,Bournemouth,2018-10-06,1819,0,4,A,7,5,150,7,7,5,0.6363636363636364,0.5555555555555556,0.6,17.696559640552778,15.654770396513046
Tottenham,Cardiff,2018-10-06,1819,1,0,H,7,6,150,9,1,3,0.6363636363636364,0.6,0.6,18.89022482687301,2.90625
Crystal Palace,Wolves,2018-10-06,1819,0,1,A,5,7,150,4,11,4,0.5555555555555556,0.6363636363636364,0.6,9.563663025686399,17.796875
Leicester,Everton,2018-10-06,1819,1,2,A,7,7,150,9,5,4,0.6363636363636364,0.6363636363636364,0.6,16.606514982837226,10.628360032685134
Man United,Newcastle,2018-10-06,1819,3,2,H,7,7,150,7,1,4,0.6363636363636364,0.6363636363636364,0.6,14.83426669074038,3.2385862185430083
Fulham,Arsenal,2018-10-07,1819,1,5,A,8,8,150,5,15,4,0.6666666666666666,0.6666666666666666,0.6,9.1875,25.1612116772356
Liverpool,Man City,2018-10-07,1819,0,0,D,8,8,55,13,13,4,0.6666666666666666,0.6666666666666666,0.3548387096774194,27.43693938311864,25.992409586895953
Southampton,Chelsea,2018-10-07,1819,0,3,A,8,8,150,4,11,4,0.6666666666666666,0.6666666666666666,0.6,8.390101230732352,24.015587409343574
Wolves,Watford,2018-10-20,1819,0,2,A,14,14,150,13,4,5,0.7777777777777778,0.7777777777777778,0.6,21.8984375,12.848279820276389
West Ham,Tottenham,2018-10-20,1819,0,1,A,15,14,150,7,9,5,0.7894736842105263,0.7777777777777778,0.6,12.398379061092585,18.445112413436505
Newcastle,Brighton,2018-10-20,1819,0,1,A,14,15,150,1,5,5,0.7777777777777778,0.7894736842105263,0.6,2.619293109271504,8.382272975559431
Man City,Burnley,2018-10-20,1819,5,0,H,13,14,150,13,7,5,0.7647058823529411,0.7777777777777778,0.6,25.996204793447976,11.059757594763624
Huddersfield,Liverpool,2018-10-20,1819,0,1,A,14,13,150,2,11,5,0.7777777777777778,0.7647058823529411,0.6,4.024566796320045,24.71846969155932
Chelsea,Man United,2018-10-20,1819,2,2,D,13,14,305,11,10,5,0.7647058823529411,0.7777777777777778,0.7530864197530864,23.007793704671787,17.41713334537019
Cardiff,Fulham,2018-10-20,1819,4,2,H,14,13,150,0,2,5,0.7777777777777778,0.7647058823529411,0.6,1.453125,6.59375
Bournemouth,Southampton,2018-10-20,1819,0,0,D,14,13,150,9,4,5,0.7777777777777778,0.7647058823529411,0.6,16.827385198256522,8.195050615366176
Everton,Crystal Palace,2018-10-21,1819,2,0,H,15,15,150,7,4,5,0.7894736842105263,0.7894736842105263,0.6,12.314180016342567,8.7818315128432
Arsenal,Leicester,2018-10-22,1819,3,1,H,15,16,150,15,6,5,0.7894736842105263,0.8,0.6,27.5806058386178,14.303257491418613
Watford,Huddersfield,2018-10-27,1819,3,0,H,7,7,150,4,1,6,0.6363636363636364,0.6363636363636364,0.6,10.424139910138194,3.0122833981600223
Southampton,Newcastle,2018-10-27,1819,0,0,D,7,7,150,2,1,5,0.6363636363636364,0.6363636363636364,0.6,6.097525307683088,2.3096465546357523
Liverpool,Cardiff,2018-10-27,1819,4,1,H,7,7,150,11,3,5,0.6363636363636364,0.6363636363636364,0.6,23.35923484577966,3.7265625
Fulham,Bournemouth,2018-10-27,1819,0,3,A,7,7,150,1,10,5,0.6363636363636364,0.6363636363636364,0.6,4.296875,18.41369259912826
Brighton,Wolves,2018-10-27,1819,1,0,H,7,7,150,7,10,5,0.6363636363636364,0.6363636363636364,0.6,11.191136487779715,20.94921875
Leicester,West Ham,2018-10-27,1819,1,1,D,5,7,150,6,7,5,0.5555555555555556,0.6363636363636364,0.6,13.151628745709306,13.199189530546292
Burnley,Chelsea,2018-10-28,1819,0,4,A,8,8,150,7,9,5,0.6666666666666666,0.6666666666666666,0.6,12.529878797381812,20.50389685233589
Crystal Palace,Arsenal,2018-10-28,1819,2,2,D,7,6,150,4,15,5,0.6363636363636364,0.6,0.6,8.390915756421599,28.7903029193089
Man United,Everton,2018-10-28,1819,2,1,H,8,7,150,8,9,5,0.6666666666666666,0.6363636363636364,0.6,16.708566672685095,15.157090008171284
Tottenham,Man City,2018-10-29,1819,0,1,A,9,9,295,12,13,4,0.6923076923076923,0.6923076923076923,0.7468354430379747,21.222556206718252,25.998102396723986
Cardiff,Leicester,2018-11-03,1819,0,1,A,7,7,150,3,7,6,0.6363636363636364,0.6363636363636364,0.6,4.86328125,13.575814372854653
Wolves,Tottenham,2018-11-03,1819,2,3,A,7,5,150,7,12,6,0.6363636363636364,0.5555555555555556,0.6,17.474609375,22.611278103359126
West Ham,Burnley,2018-11-03,1819,4,2,H,7,6,150,5,7,6,0.6363636363636364,0.6,0.6,11.599594765273146,13.264939398690906
Newcastle,Watford,2018-11-03,1819,1,0,H,7,7,150,2,7,6,0.6363636363636364,0.6363636363636364,0.6,3.154823277317876,12.212069955069097
Bournemouth,Man United,2018-11-03,1819,1,2,A,7,6,150,10,8,6,0.6363636363636364,0.6,0.6,19.20684629956413,16.354283336342547
Arsenal,Liverpool,2018-11-03,1819,1,1,D,6,7,290,13,11,6,0.6,0.6363636363636364,0.7435897435897436,27.39515145965445,22.67961742288983
Everton,Brighton,2018-11-03,1819,3,1,H,6,7,150,9,9,6,0.6,0.6363636363636364,0.6,16.57854500408564,14.595568243889858
Man City,Southampton,2018-11-04,1819,6,1,H,6,8,150,13,2,6,0.6,0.6666666666666666,0.6,25.999051198361993,5.048762653841544
Chelsea,Crystal Palace,2018-11-04,1819,3,1,H,7,7,150,9,2,6,0.6363636363636364,0.6363636363636364,0.6,19.251948426167946,6.195457878210799
Huddersfield,Fulham,2018-11-05,1819,1,0,H,9,9,150,1,1,6,0.6923076923076923,0.6923076923076923,0.6,2.506141699080011,3.1484375
Southampton,Watford,2018-11-10,1819,1,1,D,6,7,150,2,6,6,0.6,0.6363636363636364,0.6,4.524381326920772,12.106034977534549
Newcastle,Bournemouth,2018-11-10,1819,2,1,H,7,7,150,4,10,7,0.6363636363636364,0.6363636363636364,0.6,5.577411638658938,19.603423149782067
Leicester,Burnley,2018-11-10,1819,0,0,D,7,7,150,7,4,6,0.6363636363636364,0.6363636363636364,0.6,13.787907186427326,10.632469699345453
Crystal Palace,Tottenham,2018-11-10,1819,0,1,A,6,7,150,1,12,6,0.6,0.6363636363636364,0.6,4.0977289391054,23.305639051679563
Cardiff,Brighton,2018-11-10,1819,2,1,H,7,7,150,3,9,7,0.6363636363636364,0.6363636363636364,0.6,5.431640625,16.29778412194493
Huddersfield,West Ham,2018-11-10,1819,1,1,D,5,7,150,4,7,7,0.5555555555555556,0.6363636363636364,0.6,5.253070849540006,12.799797382636573
Arsenal,Wolves,2018-11-11,1819,1,1,D,8,8,150,11,6,7,0.6666666666666666,0.6666666666666666,0.6,24.697575729827225,14.7373046875
Chelsea,Everton,2018-11-11,1819,0,0,D,7,8,150,11,12,7,0.6363636363636364,0.6666666666666666,0.6,20.62597421308397,20.28927250204282
Liverpool,Fulham,2018-11-11,1819,2,0,H,8,6,150,9,0,6,0.6666666666666666,0.6,0.6,20.339808711444917,1.57421875
Man City,Man United,2018-11-11,1819,3,1,H,7,8,10,13,10,7,0.6363636363636364,0.6666666666666666,0.09090909090909091,25.999525599181,18.177141668171274
Man United,Crystal Palace,2018-11-24,1819,0,0,D,13,14,150,10,1,6,0.7647058823529411,0.7777777777777778,0.6,19.088570834085637,3.0488644695527
West Ham,Man City,2018-11-24,1819,0,4,A,14,13,150,5,13,7,0.7777777777777778,0.7647058823529411,0.6,11.399898691318286,25.9997627995905
Watford,Liverpool,2018-11-24,1819,0,3,A,14,13,150,7,11,7,0.7777777777777778,0.7647058823529411,0.6,13.053017488767274,21.16990435572246
Tottenham,Chelsea,2018-11-24,1819,3,1,H,14,13,11,12,11,5,0.7777777777777778,0.7647058823529411,0.0990990990990991,23.65281952583978,21.312987106541986
Everton,Cardiff,2018-11-24,1819,1,0,H,13,14,150,10,6,7,0.7647058823529411,0.7777777777777778,0.6,20.14463625102141,8.7158203125
Brighton,Leicester,2018-11-24,1819,1,1,D,14,14,150,9,5,6,0.7777777777777778,0.7777777777777778,0.6,17.148892060972464,11.893953593213663
Fulham,Southampton,2018-11-24,1819,3,2,H,13,14,150,0,3,6,0.7647058823529411,0.7777777777777778,0.6,0.787109375,5.262190663460386
Bournemouth,Arsenal,2018-11-25,1819,1,2,A,15,14,150,7,9,7,0.7894736842105263,0.7777777777777778,0.6,16.801711574891034,21.34878786491361
Wolves,Huddersfield,2018-11-25,1819,0,2,A,14,15,150,4,5,7,0.7777777777777778,0.7894736842105263,0.6,11.36865234375,7.626535424770003
Burnley,Newcastle,2018-11-26,1819,1,2,A,16,16,150,2,7,6,0.8,0.8,0.6,7.3162348496727265,9.788705819329468
Cardiff,Wolves,2018-11-30,1819,2,1,H,6,5,150,6,1,8,0.6,0.5555555555555556,0.6,10.35791015625,6.684326171875
Huddersfield,Brighton,2018-12-01,1819,1,2,A,6,7,150,7,7,8,0.6,0.6363636363636364,0.6,10.813267712385002,15.574446030486232
Southampton,Man United,2018-12-01,1819,2,2,D,7,7,150,3,8,7,0.6363636363636364,0.6363636363636364,0.6,5.631095331730193,17.54428541704282
Newcastle,West Ham,2018-12-01,1819,0,3,A,5,7,150,10,5,8,0.5555555555555556,0.6363636363636364,0.6,14.894352909664734,10.699949345659142
Crystal Palace,Burnley,2018-12-01,1819,2,0,H,7,5,150,2,1,7,0.6363636363636364,0.5555555555555556,0.6,3.52443223477635,4.658117424836363
Leicester,Watford,2018-12-01,1819,2,0,H,7,7,150,6,7,7,0.6363636363636364,0.6363636363636364,0.6,11.946976796606831,13.526508744383637
Man City,Bournemouth,2018-12-01,1819,3,1,H,7,6,150,15,4,8,0.6363636363636364,0.6,0.6,27.99988139979525,12.400855787445517
Arsenal,Tottenham,2018-12-02,1819,4,2,H,7,8,10,9,12,8,0.6363636363636364,0.6666666666666666,0.09090909090909091,19.674393932456805,23.82640976291989
Chelsea,Fulham,2018-12-02,1819,2,0,H,8,8,150,8,3,8,0.6666666666666666,0.6666666666666666,0.6,18.65649355327099,3.3935546875
Liverpool,Everton,2018-12-02,1819,1,0,H,8,8,150,13,10,7,0.6666666666666666,0.6666666666666666,0.6,23.58495217786123,20.072318125510705
Bournemouth,Huddersfield,2018-12-04,1819,2,1,H,3,3,150,3,7,8,0.42857142857142855,0.42857142857142855,0.6,9.200427893722757,12.406633856192501
Brighton,Crystal Palace,2018-12-04,1819,3,1,H,3,3,150,7,5,7,0.42857142857142855,0.42857142857142855,0.6,14.787223015243116,6.762216117388175
Watford,Man City,2018-12-04,1819,1,2,A,3,3,150,4,15,8,0.42857142857142855,0.42857142857142855,0.6,10.763254372191819,28.999940699897625
West Ham,Cardiff,2018-12-04,1819,3,1,H,3,4,150,8,6,8,0.42857142857142855,0.5,0.6,13.349974672829571,11.178955078125
Tottenham,Southampton,2018-12-05,1819,3,1,H,3,4,150,9,3,6,0.42857142857142855,0.5,0.6,20.913204881459947,5.815547665865097
Burnley,Liverpool,2018-12-05,1819,1,3,A,4,3,150,1,13,7,0.5,0.42857142857142855,0.6,3.3290587124181816,24.792476088930613
Everton,Newcastle,2018-12-05,1819,1,1,D,3,4,150,7,10,8,0.42857142857142855,0.5,0.6,17.036159062755353,17.447176454832366
Fulham,Leicester,2018-12-05,1819,1,1,D,3,4,150,3,9,7,0.42857142857142855,0.5,0.6,4.69677734375,14.973488398303417
Man United,Arsenal,2018-12-05,1819,2,2,D,4,3,295,8,9,7,0.5,0.42857142857142855,0.7468354430379747,16.772142708521407,18.837196966228404
Wolves,Chelsea,2018-12-05,1819,2,1,H,5,3,150,1,10,8,0.5555555555555556,0.42857142857142855,0.6,4.3421630859375,19.328246776635496
Leicester,Tottenham,2018-12-08,1819,0,2,A,3,3,150,9,12,8,0.42857142857142855,0.42857142857142855,0.6,16.48674419915171,22.456602440729974
West Ham,Crystal Palace,2018-12-08,1819,3,2,H,4,4,150,10,4,9,0.5,0.5,0.6,16.674987336414787,7.381108058694087
Cardiff,Southampton,2018-12-08,1819,1,0,H,4,3,150,6,2,9,0.5,0.42857142857142855,0.6,11.5894775390625,4.907773832932548
Man United,Fulham,2018-12-08,1819,4,1,H,3,3,150,6,4,8,0.42857142857142855,0.42857142857142855,0.6,14.386071354260704,6.348388671875
Chelsea,Man City,2018-12-08,1819,2,0,H,3,4,300,7,15,9,0.42857142857142855,0.5,0.75,16.664123388317748,29.49997034994881
Bournemouth,Liverpool,2018-12-08,1819,0,4,A,4,3,150,3,13,9,0.5,0.42857142857142855,0.6,7.600213946861379,25.396238044465306
Arsenal,Huddersfield,2018-12-08,1819,1,0,H,3,4,150,9,7,9,0.42857142857142855,0.5,0.6,18.418598483114202,13.20331692809625
Burnley,Brighton,2018-12-08,1819,1,0,H,3,4,150,1,7,8,0.42857142857142855,0.5,0.6,2.6645293562090906,14.393611507621557
Newcastle,Wolves,2018-12-09,1819,1,2,A,4,4,150,10,4,9,0.5,0.5,0.6,18.723588227416183,6.17108154296875
Everton,Watford,2018-12-10,1819,2,2,D,5,6,150,8,1,9,0.5555555555555556,0.6,0.6,16.518079531377676,6.381627186095909
Wolves,Bournemouth,2018-12-15,1819,2,0,H,6,7,150,7,3,9,0.6,0.6363636363636364,0.6,10.085540771484375,6.800106973430689
Watford,Cardiff,2018-12-15,1819,3,2,H,5,7,150,2,9,9,0.5555555555555556,0.6363636363636364,0.6,5.190813593047954,14.79473876953125
Man City,Everton,2018-12-15,1819,3,1,H,7,5,150,12,6,9,0.6363636363636364,0.5555555555555556,0.6,26.749985174974405,14.259039765688838
Tottenham,Burnley,2018-12-15,1819,1,0,H,7,7,150,12,4,7,0.6363636363636364,0.6363636363636364,0.6,23.228301220364987,5.332264678104545
Fulham,West Ham,2018-12-15,1819,0,2,A,7,7,150,4,10,8,0.6363636363636364,0.6363636363636364,0.6,7.1741943359375,18.337493668207394
Crystal Palace,Leicester,2018-12-15,1819,1,0,H,7,7,150,4,6,8,0.6363636363636364,0.6363636363636364,0.6,7.690554029347044,14.243372099575854
Huddersfield,Newcastle,2018-12-15,1819,0,1,A,7,6,150,4,7,9,0.6363636363636364,0.6,0.6,10.601658464048125,16.361794113708093
Brighton,Chelsea,2018-12-16,1819,1,2,A,8,8,150,7,7,8,0.6666666666666666,0.6666666666666666,0.6,14.196805753810779,15.332061694158874
Liverpool,Man United,2018-12-16,1819,3,1,H,8,8,55,15,6,8,0.6666666666666666,0.6666666666666666,0.3548387096774194,27.698119022232653,13.193035677130352
Southampton,Arsenal,2018-12-16,1819,3,2,H,8,8,150,2,11,8,0.6666666666666666,0.6666666666666666,0.6,4.453886916466274,20.2092992415571
Wolves,Liverpool,2018-12-21,1819,0,2,A,6,5,150,9,15,10,0.6,0.5555555555555556,0.6,14.042770385742188,28.849059511116327
Man City,Crystal Palace,2018-12-22,1819,2,3,A,7,7,150,12,7,10,0.6363636363636364,0.6363636363636364,0.6,25.374992587487203,10.845277014673522
West Ham,Watford,2018-12-22,1819,0,2,A,7,7,150,12,4,10,0.6363636363636364,0.6363636363636364,0.6,21.168746834103697,6.595406796523977
Newcastle,Fulham,2018-12-22,1819,0,0,D,7,7,150,7,4,10,0.6363636363636364,0.6363636363636364,0.6,15.180897056854047,7.58709716796875
Huddersfield,Southampton,2018-12-22,1819,1,3,A,7,6,150,3,4,10,0.6363636363636364,0.6,0.6,8.300829232024062,6.226943458233137
Bournemouth,Brighton,2018-12-22,1819,2,0,H,7,6,150,3,7,10,0.6363636363636364,0.6,0.6,6.400053486715345,14.09840287690539
Cardiff,Man United,2018-12-22,1819,1,5,A,7,6,150,6,6,10,0.6363636363636364,0.6,0.6,13.397369384765625,12.596517838565177
Arsenal,Burnley,2018-12-22,1819,3,1,H,6,7,150,10,3,10,0.6,0.6363636363636364,0.6,20.104649620778552,5.666132339052273
Chelsea,Leicester,2018-12-22,1819,0,1,A,6,7,150,9,5,10,0.6,0.6363636363636364,0.6,16.666030847079437,12.121686049787927
Everton,Tottenham,2018-12-23,1819,2,6,A,8,8,150,5,12,10,0.6666666666666666,0.6666666666666666,0.6,12.12951988284442,23.61415061018249
Brighton,Arsenal,2018-12-26,1819,1,1,D,4,4,150,6,10,9,0.5,0.5,0.6,13.049201438452695,20.052324810389276
Burnley,Everton,2018-12-26,1819,1,5,A,4,3,150,3,2,9,0.5,0.42857142857142855,0.6,5.833066169526136,8.06475994142221
Crystal Palace,Cardiff,2018-12-26,1819,0,0,D,4,4,150,9,6,9,0.5,0.5,0.6,14.42263850733676,12.698684692382812
Fulham,Wolves,2018-12-26,1819,1,1,D,4,5,150,2,9,9,0.5,0.5555555555555556,0.6,5.793548583984375,16.021385192871094
Leicester,Man City,2018-12-26,1819,2,1,H,4,4,150,7,9,9,0.5,0.5,0.6,13.060843024893963,21.6874962937436
Liverpool,Newcastle,2018-12-26,1819,4,0,H,5,4,150,15,5,9,0.5555555555555556,0.5,0.6,29.42452975555816,12.590448528427023
Man United,Huddersfield,2018-12-26,1819,3,1,H,4,4,150,8,0,9,0.5,0.5,0.6,14.298258919282588,4.150414616012031
Tottenham,Bournemouth,2018-12-26,1819,5,0,H,3,4,150,12,6,8,0.42857142857142855,0.5,0.6,23.807075305091246,9.200026743357672
Watford,Chelsea,2018-12-26,1819,1,2,A,4,4,150,7,9,10,0.5,0.5,0.6,10.297703398261989,17.33301542353972
Southampton,West Ham,2018-12-27,1819,1,2,A,5,5,150,7,12,9,0.5555555555555556,0.5555555555555556,0.6,10.113471729116569,22.58437341705185
Tottenham,Wolves,2018-12-29,1819,1,3,A,3,3,150,15,10,9,0.42857142857142855,0.42857142857142855,0.6,26.903537652545623,18.010692596435547
Liverpool,Arsenal,2018-12-29,1819,5,1,H,3,3,290,15,8,10,0.42857142857142855,0.42857142857142855,0.7435897435897436,29.71226487777908,18.02616240519464
Watford,Newcastle,2018-12-29,1819,1,1,D,3,3,150,7,5,11,0.42857142857142855,0.42857142857142855,0.6,12.148851699130994,11.295224264213513
Fulham,Huddersfield,2018-12-29,1819,1,0,H,3,3,150,3,0,10,0.42857142857142855,0.42857142857142855,0.6,5.8967742919921875,2.0752073080060156
Brighton,Everton,2018-12-29,1819,1,0,H,3,3,150,4,5,10,0.42857142857142855,0.42857142857142855,0.6,10.524600719226347,9.032379970711105
Leicester,Cardiff,2018-12-29,1819,0,1,A,3,3,150,7,4,10,0.42857142857142855,0.42857142857142855,0.6,13.530421512446981,10.349342346191406
Burnley,West Ham,2018-12-30,1819,2,0,H,4,3,150,3,12,10,0.5,0.42857142857142855,0.6,5.916533084763068,23.292186708525925
Crystal Palace,Chelsea,2018-12-30,1819,0,1,A,4,4,150,7,9,10,0.5,0.5,0.6,14.21131925366838,17.66650771176986
Man United,Bournemouth,2018-12-30,1819,4,1,H,4,4,150,10,6,10,0.5,0.5,0.6,17.149129459641294,10.600013371678836
Southampton,Man City,2018-12-30,1819,1,3,A,3,4,150,6,6,10,0.42857142857142855,0.5,0.6,11.056735864558284,16.8437481468718
Cardiff,Tottenham,2019-01-01,1819,0,3,A,3,3,150,7,12,11,0.42857142857142855,0.42857142857142855,0.6,12.174671173095703,25.45176882627281
Everton,Leicester,2019-01-01,1819,0,1,A,3,3,150,4,6,11,0.42857142857142855,0.42857142857142855,0.6,8.516189985355552,12.76521075622349
Arsenal,Fulham,2019-01-01,1819,4,1,H,3,3,150,7,5,11,0.42857142857142855,0.42857142857142855,0.6,16.01308120259732,7.948387145996094
Bournemouth,Watford,2019-01-02,1819,3,3,D,3,4,150,3,8,11,0.42857142857142855,0.5,0.6,8.300006685839417,14.074425849565497
Chelsea,Southampton,2019-01-02,1819,0,0,D,3,3,150,12,6,11,0.42857142857142855,0.42857142857142855,0.6,20.83325385588493,11.528367932279142
Huddersfield,Burnley,2019-01-02,1819,1,2,A,4,3,150,0,6,11,0.5,0.42857142857142855,0.6,1.0376036540030078,8.958266542381534
Newcastle,Man United,2019-01-02,1819,0,2,A,4,3,150,5,12,11,0.5,0.42857142857142855,0.6,10.647612132106756,20.574564729820647
West Ham,Brighton,2019-01-02,1819,2,2,D,3,4,150,9,4,11,0.42857142857142855,0.5,0.6,20.646093354262963,9.262300359613175
Wolves,Crystal Palace,2019-01-02,1819,0,2,A,4,3,150,10,7,11,0.5,0.42857142857142855,0.6,19.005346298217773,14.10565962683419
Man City,Liverpool,2019-01-03,1819,2,1,H,4,5,55,6,15,11,0.5,0.5555555555555556,0.3548387096774194,14.4218740734359,29.85613243888954
Crystal Palace,Watford,2019-01-12,1819,1,2,A,10,10,150,10,8,11,0.7142857142857143,0.7142857142857143,0.6,17.052829813417095,15.037212924782748
West Ham,Arsenal,2019-01-12,1819,1,0,H,10,11,150,7,7,12,0.7142857142857143,0.7333333333333333,0.6,17.32304667713148,15.00654060129866
Chelsea,Newcastle,2019-01-12,1819,2,1,H,10,10,150,10,5,12,0.7142857142857143,0.7142857142857143,0.6,20.416626927942467,10.323806066053379
Leicester,Southampton,2019-01-12,1819,1,2,A,11,10,150,9,7,11,0.7333333333333333,0.7142857142857143,0.6,15.382605378111744,12.764183966139571
Burnley,Fulham,2019-01-12,1819,2,1,H,10,11,150,6,5,11,0.7142857142857143,0.7333333333333333,0.6,10.479133271190767,8.974193572998047
Brighton,Liverpool,2019-01-12,1819,0,1,A,10,9,150,5,12,11,0.7142857142857143,0.6923076923076923,0.6,9.631150179806587,26.92806621944477
Cardiff,Huddersfield,2019-01-12,1819,0,0,D,11,10,150,4,0,12,0.7333333333333333,0.7142857142857143,0.6,10.087335586547852,0.5188018270015039
Everton,Bournemouth,2019-01-13,1819,2,0,H,12,11,150,3,4,12,0.75,0.7333333333333333,0.6,7.258094992677776,8.150003342919709
Tottenham,Man United,2019-01-13,1819,0,1,A,12,11,300,12,12,10,0.75,0.7333333333333333,0.75,24.725884413136406,22.287282364910325
Man City,Wolves,2019-01-14,1819,3,0,H,11,12,150,9,7,12,0.7333333333333333,0.75,0.6,16.21093703671795,16.502673149108887
Wolves,Leicester,2019-01-19,1819,4,3,H,5,7,150,4,9,12,0.5555555555555556,0.6363636363636364,0.6,12.251336574554443,16.691302689055874
Watford,Burnley,2019-01-19,1819,0,0,D,7,7,150,8,9,12,0.6363636363636364,0.6363636363636364,0.6,15.518606462391375,14.239566635595384
Newcastle,Cardiff,2019-01-19,1819,3,0,H,7,7,150,2,5,12,0.6363636363636364,0.6363636363636364,0.6,7.1619030330266895,10.043667793273926
Southampton,Everton,2019-01-19,1819,2,1,H,7,6,150,7,6,11,0.6363636363636364,0.6,0.6,13.382091983069785,9.629047496338888
Liverpool,Crystal Palace,2019-01-19,1819,4,3,H,7,7,150,12,7,11,0.6363636363636364,0.6363636363636364,0.6,25.464033109722386,15.526414906708547
Bournemouth,West Ham,2019-01-19,1819,2,0,H,6,7,150,4,7,12,0.6,0.6363636363636364,0.6,8.075001671459855,15.66152333856574
Arsenal,Chelsea,2019-01-19,1819,2,0,H,7,7,12,7,10,12,0.6363636363636364,0.6363636363636364,0.10714285714285714,14.50327030064933,20.208313463971233
Man United,Brighton,2019-01-19,1819,2,1,H,6,7,150,15,5,11,0.6,0.6363636363636364,0.6,26.143641182455163,9.815575089903295
Fulham,Tottenham,2019-01-20,1819,1,2,A,8,7,150,5,9,11,0.6666666666666666,0.6363636363636364,0.6,9.487096786499023,21.362942206568203
Huddersfield,Man City,2019-01-20,1819,0,3,A,8,6,150,1,9,12,0.6666666666666666,0.6,0.6,1.259400913500752,17.105468518358975
Arsenal,Cardiff,2019-01-29,1819,2,1,H,10,10,150,7,5,13,0.7142857142857143,0.7142857142857143,0.6,14.251635150324665,10.021833896636963
Fulham,Brighton,2019-01-29,1819,4,2,H,9,10,150,4,5,12,0.6923076923076923,0.7142857142857143,0.6,8.743548393249512,9.907787544951647
Huddersfield,Everton,2019-01-29,1819,0,1,A,9,10,150,1,6,13,0.6923076923076923,0.7142857142857143,0.6,1.629700456750376,10.814523748169444
Man United,Burnley,2019-01-29,1819,2,2,D,10,10,150,15,10,12,0.7142857142857143,0.7142857142857143,0.6,28.07182059122758,17.11978331779769
Newcastle,Man City,2019-01-29,1819,2,1,H,10,9,150,4,12,13,0.7142857142857143,0.6923076923076923,0.6,7.580951516513345,20.552734259179488
Wolves,West Ham,2019-01-29,1819,3,0,H,10,10,150,7,7,13,0.7142857142857143,0.7142857142857143,0.6,13.125668287277222,14.83076166928287
Tottenham,Watford,2019-01-30,1819,2,1,H,10,11,150,9,6,11,0.7142857142857143,0.7333333333333333,0.6,19.681471103284103,13.759303231195688
Southampton,Crystal Palace,2019-01-30,1819,1,1,D,11,11,150,7,4,12,0.7333333333333333,0.7333333333333333,0.6,13.691045991534892,11.763207453354273
Liverpool,Leicester,2019-01-30,1819,1,1,D,11,11,150,12,6,12,0.7333333333333333,0.7333333333333333,0.6,24.732016554861193,14.345651344527937
Bournemouth,Chelsea,2019-01-30,1819,4,0,H,11,11,150,4,10,13,0.7333333333333333,0.7333333333333333,0.6,8.037500835729928,20.10415673198562
Brighton,Watford,2019-02-02,1819,0,0,D,4,3,150,4,6,12,0.5,0.42857142857142855,0.6,8.953893772475823,12.879651615597844
Burnley,Southampton,2019-02-02,1819,1,1,D,4,3,150,11,8,12,0.5,0.42857142857142855,0.6,19.559891658898845,14.845522995767446
Cardiff,Bournemouth,2019-02-02,1819,2,0,H,4,3,150,4,7,13,0.5,0.42857142857142855,0.6,9.010916948318481,11.018750417864965
Chelsea,Huddersfield,2019-02-02,1819,5,0,H,3,4,150,7,1,13,0.42857142857142855,0.5,0.6,17.05207836599281,1.814850228375188
Crystal Palace,Fulham,2019-02-02,1819,2,0,H,3,4,150,4,6,12,0.42857142857142855,0.5,0.6,9.881603726677136,10.371774196624756
Everton,Wolves,2019-02-02,1819,1,3,A,4,4,150,6,9,13,0.5,0.5,0.6,11.407261874084721,15.56283414363861
Tottenham,Newcastle,2019-02-02,1819,1,0,H,3,4,150,9,7,12,0.42857142857142855,0.5,0.6,18.84073555164205,10.790475758256672
Leicester,Man United,2019-02-03,1819,0,1,A,4,5,150,4,13,12,0.5,0.5555555555555556,0.6,11.172825672263968,27.03591029561379
Man City,Arsenal,2019-02-03,1819,3,1,H,5,5,295,12,9,13,0.5555555555555556,0.5555555555555556,0.7468354430379747,22.276367129589744,16.125817575162333
West Ham,Liverpool,2019-02-04,1819,1,1,D,6,5,150,4,10,13,0.6,0.5555555555555556,0.6,11.415380834641436,22.366008277430595
Everton,Man City,2019-02-06,1819,0,2,A,4,3,150,6,12,14,0.5,0.42857142857142855,0.6,11.70363093704236,23.138183564794872
Brighton,Burnley,2019-02-09,1819,1,3,A,7,7,150,2,9,13,0.6363636363636364,0.6363636363636364,0.6,6.476946886237911,18.779945829449424
Crystal Palace,West Ham,2019-02-09,1819,1,1,D,7,5,150,7,5,13,0.6363636363636364,0.5555555555555556,0.6,11.940801863338567,10.707690417320718
Fulham,Man United,2019-02-09,1819,0,3,A,7,6,150,3,13,13,0.6363636363636364,0.6,0.6,8.185887098312378,26.517955147806894
Huddersfield,Arsenal,2019-02-09,1819,1,2,A,7,6,150,1,9,14,0.6363636363636364,0.6,0.6,1.907425114187594,17.062908787581165
Liverpool,Bournemouth,2019-02-09,1819,3,0,H,5,7,150,8,7,13,0.5555555555555556,0.6363636363636364,0.6,19.183004138715297,12.509375208932482
Southampton,Cardiff,2019-02-09,1819,1,2,A,7,7,150,9,4,13,0.6363636363636364,0.6363636363636364,0.6,16.422761497883723,8.50545847415924
Watford,Everton,2019-02-09,1819,1,0,H,7,3,150,6,6,13,0.6363636363636364,0.42857142857142855,0.6,12.439825807798922,11.851815468521181
Man City,Chelsea,2019-02-10,1819,6,0,H,4,8,300,12,7,14,0.5,0.6666666666666666,0.75,23.569091782397436,15.526039182996405
Tottenham,Leicester,2019-02-10,1819,3,1,H,8,7,150,12,4,13,0.6666666666666666,0.6363636363636364,0.6,21.420367775821028,9.586412836131984
Wolves,Newcastle,2019-02-11,1819,1,1,D,9,9,150,9,6,14,0.6923076923076923,0.6923076923076923,0.6,16.781417071819305,11.395237879128336
Cardiff,Watford,2019-02-22,1819,1,5,A,13,13,150,7,8,14,0.7647058823529411,0.7647058823529411,0.6,11.25272923707962,14.219912903899461
West Ham,Fulham,2019-02-22,1819,3,1,H,13,13,150,5,3,14,0.7647058823529411,0.7647058823529411,0.6,10.35384520866036,7.092943549156189
Bournemouth,Wolves,2019-02-23,1819,1,1,D,14,12,150,6,10,14,0.7777777777777778,0.75,0.6,12.254687604466241,18.390708535909653
Burnley,Tottenham,2019-02-23,1819,2,1,H,14,13,150,9,12,13,0.7777777777777778,0.7647058823529411,0.6,18.389972914724712,22.710183887910514
Leicester,Crystal Palace,2019-02-23,1819,1,4,A,13,14,150,1,5,13,0.7647058823529411,0.7777777777777778,0.6,5.793206418065992,10.970400931669284
Newcastle,Huddersfield,2019-02-23,1819,2,0,H,12,14,150,7,1,14,0.75,0.7777777777777778,0.6,12.697618939564169,1.953712557093797
Arsenal,Southampton,2019-02-24,1819,2,0,H,15,15,150,9,8,14,0.7894736842105263,0.7894736842105263,0.6,17.531454393790582,16.211380748941863
Man United,Liverpool,2019-02-24,1819,0,0,D,15,15,55,13,11,13,0.7894736842105263,0.7894736842105263,0.3548387096774194,26.258977573903447,20.59150206935765
Newcastle,Burnley,2019-02-26,1819,2,0,H,3,3,150,10,9,15,0.42857142857142855,0.42857142857142855,0.6,16.348809469782083,18.194986457362354
Leicester,Brighton,2019-02-26,1819,2,1,H,3,17,150,1,1,14,0.42857142857142855,0.8095238095238095,0.6,3.896603209032996,4.238473443118956
Cardiff,Everton,2019-02-26,1819,0,3,A,4,17,150,6,3,15,0.5,0.8095238095238095,0.6,11.62636461853981,8.92590773426059
Huddersfield,Wolves,2019-02-26,1819,1,0,H,3,3,150,0,11,15,0.42857142857142855,0.42857142857142855,0.6,0.9768562785468985,20.195354267954826
Arsenal,Bournemouth,2019-02-27,1819,5,1,H,3,4,150,12,7,15,0.42857142857142855,0.5,0.6,20.76572719689529,13.12734380223312
Chelsea,Tottenham,2019-02-27,1819,2,0,H,17,4,11,6,12,14,0.8095238095238095,0.5,0.0990990990990991,13.763019591498203,23.35509194395526
Crystal Palace,Man United,2019-02-27,1819,1,3,A,4,3,150,8,11,14,0.5,0.42857142857142855,0.6,13.485200465834641,24.129488786951725
Liverpool,Watford,2019-02-27,1819,5,0,H,3,5,150,9,8,14,0.42857142857142855,0.5555555555555556,0.6,19.295751034678823,15.109956451949731
Man City,West Ham,2019-02-27,1819,1,0,H,17,5,150,12,5,15,0.8095238095238095,0.5555555555555556,0.6,23.784545891198718,10.17692260433018
Southampton,Fulham,2019-02-27,1819,2,0,H,3,5,150,5,3,14,0.42857142857142855,0.5555555555555556,0.6,13.105690374470932,6.5464717745780945
West Ham,Newcastle,2019-03-02,1819,2,0,H,3,4,150,5,10,15,0.42857142857142855,0.5,0.6,10.08846130216509,18.17440473489104
Wolves,Cardiff,2019-03-02,1819,2,0,H,4,4,150,8,6,15,0.5,0.5,0.6,18.097677133977413,11.813182309269905
Tottenham,Arsenal,2019-03-02,1819,1,1,D,3,3,10,9,12,14,0.42857142857142855,0.42857142857142855,0.09090909090909091,20.67754597197763,22.382863598447646
Bournemouth,Man City,2019-03-02,1819,0,1,A,3,3,150,4,12,15,0.42857142857142855,0.42857142857142855,0.6,10.56367190111656,23.89227294559936
Burnley,Crystal Palace,2019-03-02,1819,1,3,A,4,3,150,8,8,14,0.5,0.42857142857142855,0.6,17.097493228681177,14.74260023291732
Brighton,Huddersfield,2019-03-02,1819,1,0,H,4,4,150,1,3,14,0.5,0.5,0.6,3.119236721559478,3.488428139273449
Man United,Southampton,2019-03-02,1819,3,2,H,3,3,150,11,5,14,0.42857142857142855,0.42857142857142855,0.6,23.064744393475863,11.552845187235466
Everton,Liverpool,2019-03-03,1819,0,0,D,5,4,150,6,9,15,0.5555555555555556,0.5,0.6,10.462953867130295,18.64787551733941
Fulham,Chelsea,2019-03-03,1819,1,2,A,4,4,150,3,6,14,0.5,0.5,0.6,6.273235887289047,12.881509795749102
Watford,Leicester,2019-03-03,1819,2,1,H,4,5,150,7,4,14,0.5,0.5555555555555556,0.6,14.554978225974866,5.948301604516498
Southampton,Tottenham,2019-03-09,1819,2,1,H,7,7,150,4,7,15,0.6363636363636364,0.6363636363636364,0.6,9.776422593617733,17.338772985988815
Newcastle,Everton,2019-03-09,1819,3,2,H,7,6,150,7,4,16,0.6363636363636364,0.6,0.6,16.08720236744552,9.231476933565148
Man City,Watford,2019-03-09,1819,3,1,H,7,6,150,15,10,16,0.6363636363636364,0.6,0.6,26.94613647279968,17.277489112987432
Huddersfield,Bournemouth,2019-03-09,1819,0,2,A,7,7,150,3,1,16,0.6363636363636364,0.6363636363636364,0.6,4.744214069636724,6.28183595055828
Crystal Palace,Brighton,2019-03-09,1819,1,2,A,7,7,150,10,4,15,0.6363636363636364,0.6363636363636364,0.6,17.37130011645866,5.559618360779739
Cardiff,West Ham,2019-03-09,1819,2,0,H,7,7,150,6,8,16,0.6363636363636364,0.6363636363636364,0.6,11.906591154634953,13.044230651082545
Leicester,Fulham,2019-03-09,1819,3,1,H,6,6,150,3,0,15,0.6,0.6,0.6,5.974150802258249,3.1366179436445236
Liverpool,Burnley,2019-03-10,1819,4,2,H,7,8,150,9,7,15,0.6363636363636364,0.6666666666666666,0.6,18.323937758669707,15.548746614340589
Arsenal,Man United,2019-03-10,1819,2,0,H,8,8,295,10,13,16,0.6666666666666666,0.6666666666666666,0.7468354430379747,21.19143179922382,24.53237219673793
Chelsea,Wolves,2019-03-10,1819,1,1,D,7,8,150,9,8,15,0.6363636363636364,0.6666666666666666,0.6,15.440754897874552,17.048838566988707
Burnley,Leicester,2019-03-16,1819,1,2,A,6,7,150,6,6,15,0.6,0.6363636363636364,0.6,13.774373307170293,8.987075401129125
West Ham,Huddersfield,2019-03-16,1819,4,3,H,7,7,150,7,3,16,0.6363636363636364,0.6363636363636364,0.6,13.522115325541272,5.372107034818362
Bournemouth,Newcastle,2019-03-16,1819,2,2,D,7,7,150,4,10,16,0.6363636363636364,0.6363636363636364,0.6,7.14091797527914,18.04360118372276
Everton,Chelsea,2019-03-17,1819,2,0,H,8,7,150,4,10,16,0.6666666666666666,0.6363636363636364,0.6,8.615738466782574,17.720377448937278
Fulham,Liverpool,2019-03-17,1819,1,2,A,8,7,150,0,11,15,0.6666666666666666,0.6363636363636364,0.6,1.5683089718222618,20.161968879334854
West Ham,Everton,2019-03-30,1819,0,2,A,14,13,150,9,7,17,0.7777777777777778,0.7647058823529411,0.6,15.761057662770636,11.307869233391287
Leicester,Bournemouth,2019-03-30,1819,2,0,H,14,14,150,9,5,16,0.7777777777777778,0.7777777777777778,0.6,13.493537700564563,8.57045898763957
Fulham,Man City,2019-03-30,1819,0,2,A,13,21,150,0,15,16,0.7647058823529411,0.84,0.6,0.7841544859111309,28.47306823639984
Man United,Watford,2019-03-30,1819,2,1,H,20,21,150,10,9,15,0.8333333333333334,0.84,0.6,22.266186098368966,17.638744556493716
Burnley,Wolves,2019-03-30,1819,2,0,H,14,20,150,3,6,16,0.7777777777777778,0.8333333333333334,0.6,9.887186653585147,14.524419283494353
Brighton,Southampton,2019-03-30,1819,0,1,A,21,21,150,7,6,15,0.84,0.84,0.6,9.779809180389869,10.888211296808866
Crystal Palace,Huddersfield,2019-03-30,1819,2,0,H,21,14,150,7,3,16,0.84,0.7777777777777778,0.6,15.68565005822933,5.6860535174091815
Cardiff,Chelsea,2019-03-31,1819,1,2,A,21,14,150,6,7,17,0.84,0.7777777777777778,0.6,11.953295577317476,15.860188724468639
Liverpool,Tottenham,2019-03-31,1819,2,1,H,14,21,295,11,4,16,0.7777777777777778,0.84,0.7468354430379747,21.080984439667425,12.669386492994407
Arsenal,Newcastle,2019-04-01,1819,2,0,H,21,16,150,13,10,17,0.84,0.8,0.6,23.59571589961191,19.02180059186138
Watford,Fulham,2019-04-02,1819,4,1,H,3,3,150,6,0,15,0.42857142857142855,0.42857142857142855,0.6,14.819372278246858,0.39207724295556545
Wolves,Man United,2019-04-02,1819,2,1,H,3,3,150,5,10,16,0.42857142857142855,0.42857142857142855,0.6,12.262209641747177,21.13309304918448
Man City,Cardiff,2019-04-03,1819,2,0,H,4,3,150,15,3,17,0.5,0.42857142857142855,0.6,29.23653411819992,8.976647788658738
Chelsea,Brighton,2019-04-03,1819,3,0,H,3,4,150,10,6,16,0.42857142857142855,0.5,0.6,17.93009436223432,10.889904590194934
Tottenham,Crystal Palace,2019-04-03,1819,2,0,H,3,4,150,1,9,15,0.42857142857142855,0.5,0.6,7.334693246497204,16.842825029114664
Southampton,Liverpool,2019-04-05,1819,1,3,A,6,5,150,9,13,16,0.6,0.5555555555555556,0.6,14.444105648404433,23.540492219833713
Newcastle,Crystal Palace,2019-04-06,1819,0,1,A,5,3,150,7,6,17,0.5555555555555556,0.42857142857142855,0.6,16.51090029593069,14.421412514557332
Huddersfield,Leicester,2019-04-06,1819,1,4,A,7,7,150,3,12,17,0.6363636363636364,0.6363636363636364,0.6,5.843026758704591,18.74676885028228
Bournemouth,Burnley,2019-04-06,1819,1,3,A,7,7,150,4,3,17,0.6363636363636364,0.6363636363636364,0.6,8.285229493819784,7.943593326792573
Everton,Arsenal,2019-04-07,1819,1,0,H,8,6,150,10,13,17,0.6666666666666666,0.6,0.6,15.653934616695643,24.797857949805955
Chelsea,West Ham,2019-04-08,1819,2,0,H,5,9,150,10,6,17,0.5555555555555556,0.6923076923076923,0.6,18.96504718111716,13.880528831385318
Leicester,Newcastle,2019-04-12,1819,0,1,A,6,6,150,12,4,17,0.6,0.6,0.6,21.37338442514114,12.255450147965345
Brighton,Bournemouth,2019-04-13,1819,0,5,A,10,7,150,6,4,16,0.7142857142857143,0.6363636363636364,0.6,11.444952295097467,8.142614746909892
Burnley,Cardiff,2019-04-13,1819,2,0,H,7,10,150,6,3,17,0.6363636363636364,0.7142857142857143,0.6,9.971796663396287,7.488323894329369
Fulham,Everton,2019-04-13,1819,2,0,H,11,6,150,0,10,17,0.7333333333333333,0.6,0.6,0.19603862147778273,17.82696730834782
Man United,West Ham,2019-04-13,1819,2,1,H,11,5,150,9,6,16,0.7333333333333333,0.5555555555555556,0.6,19.56654652459224,12.94026441569266
Southampton,Wolves,2019-04-13,1819,3,1,H,8,11,150,9,7,17,0.6666666666666666,0.7333333333333333,0.6,16.222052824202216,13.131104820873588
Tottenham,Huddersfield,2019-04-13,1819,4,0,H,10,7,150,4,0,16,0.7142857142857143,0.6363636363636364,0.6,7.667346623248601,2.9215133793522954
Liverpool,Chelsea,2019-04-14,1819,2,0,H,9,6,295,13,10,17,0.6923076923076923,0.6,0.7468354430379747,24.770246109916854,19.48252359055858
Crystal Palace,Man City,2019-04-14,1819,1,3,A,8,11,150,9,15,17,0.6666666666666666,0.7333333333333333,0.6,16.210706257278666,29.61826705909996
Watford,Arsenal,2019-04-15,1819,0,1,A,13,8,150,6,10,16,0.7647058823529411,0.6666666666666666,0.6,13.40968613912343,22.39892897490298
Brighton,Cardiff,2019-04-16,1819,0,2,A,3,3,150,6,3,17,0.42857142857142855,0.42857142857142855,0.6,11.722476147548733,6.7441619471646845
Bournemouth,Fulham,2019-04-20,1819,0,1,A,7,7,150,7,3,18,0.6363636363636364,0.6363636363636364,0.6,11.071307373454946,3.0980193107388914
Huddersfield,Watford,2019-04-20,1819,1,2,A,7,5,150,0,6,18,0.6363636363636364,0.5555555555555556,0.6,1.4607566896761477,12.704843069561715
Man City,Tottenham,2019-04-20,1819,1,0,H,6,7,295,15,7,18,0.6,0.6363636363636364,0.7468354430379747,29.80913352954998,10.8336733116243
Newcastle,Southampton,2019-04-20,1819,3,1,H,8,7,150,7,9,18,0.6666666666666666,0.6363636363636364,0.6,13.127725073982672,17.111026412101108
Wolves,Brighton,2019-04-20,1819,0,0,D,7,4,150,7,3,17,0.6363636363636364,0.5,0.6,13.565552410436794,8.861238073774366
West Ham,Leicester,2019-04-20,1819,2,2,D,7,8,150,3,12,18,0.6363636363636364,0.6666666666666666,0.6,9.47013220784633,22.68669221257057
Everton,Man United,2019-04-21,1819,4,0,H,8,8,150,9,9,18,0.6666666666666666,0.6666666666666666,0.6,17.91348365417391,18.78327326229612
Arsenal,Crystal Palace,2019-04-21,1819,2,3,A,6,7,150,10,6,18,0.6,0.6363636363636364,0.6,21.19946448745149,14.105353128639333
Cardiff,Liverpool,2019-04-21,1819,0,2,A,5,7,150,6,15,18,0.5555555555555556,0.6363636363636364,0.6,9.372080973582342,27.385123054958427
Chelsea,Burnley,2019-04-22,1819,2,2,D,8,9,150,9,9,18,0.6666666666666666,0.6923076923076923,0.6,18.74126179527929,13.985898331698143
Tottenham,Brighton,2019-04-23,1819,1,0,H,3,3,150,6,1,17,0.42857142857142855,0.42857142857142855,0.6,11.416836655812151,5.430619036887183
Watford,Southampton,2019-04-23,1819,1,1,D,3,3,150,6,9,17,0.42857142857142855,0.42857142857142855,0.6,12.352421534780857,17.555513206050556
Man United,Man City,2019-04-24,1819,0,2,A,3,4,10,6,15,17,0.42857142857142855,0.5,0.09090909090909091,15.39163663114806,29.90456676477499
Wolves,Arsenal,2019-04-24,1819,3,1,H,4,3,150,5,9,18,0.5,0.42857142857142855,0.6,11.782776205218397,19.599732243725747
Liverpool,Huddersfield,2019-04-26,1819,5,0,H,5,6,150,15,0,18,0.5555555555555556,0.6,0.6,28.692561527479214,0.7303783448380738
Brighton,Newcastle,2019-04-27,1819,1,1,D,4,7,150,1,7,18,0.5,0.6363636363636364,0.6,3.7153095184435916,13.563862536991337
Crystal Palace,Everton,2019-04-27,1819,0,0,D,6,6,150,9,12,18,0.6,0.6,0.6,16.05267656431967,20.956741827086955
Fulham,Cardiff,2019-04-27,1819,1,0,H,7,6,150,6,3,18,0.6363636363636364,0.6,0.6,7.549009655369446,7.686040486791171
Southampton,Bournemouth,2019-04-27,1819,3,3,D,4,7,150,7,4,18,0.5,0.6363636363636364,0.6,15.777756603025278,9.535653686727473
Tottenham,West Ham,2019-04-27,1819,0,1,A,4,7,150,9,4,18,0.5,0.6363636363636364,0.6,14.708418327906076,8.735066103923165
Watford,Wolves,2019-04-27,1819,1,2,A,4,3,150,7,7,18,0.5,0.42857142857142855,0.6,13.17621076739043,12.891388102609199
Leicester,Arsenal,2019-04-28,1819,3,0,H,8,4,150,10,6,18,0.6666666666666666,0.5,0.6,21.343346106285285,15.799866121862873
Burnley,Man City,2019-04-28,1819,0,1,A,6,4,150,10,15,18,0.6,0.5,0.6,16.992949165849073,29.952283382387495
Man United,Chelsea,2019-04-28,1819,1,1,D,4,6,305,6,10,18,0.5,0.6,0.7530864197530864,13.69581831557403,19.370630897639643
Everton,Burnley,2019-05-03,1819,2,0,H,6,5,150,10,10,19,0.6,0.5555555555555556,0.6,20.47837091354348,18.496474582924535
Wolves,Fulham,2019-05-04,1819,1,0,H,7,7,150,10,9,19,0.6363636363636364,0.6363636363636364,0.6,16.4456940513046,12.774504827684723
West Ham,Southampton,2019-05-04,1819,3,0,H,7,7,150,4,5,19,0.6363636363636364,0.6363636363636364,0.6,8.367533051961583,12.888878301512639
Bournemouth,Tottenham,2019-05-04,1819,1,0,H,7,7,150,4,9,19,0.6363636363636364,0.6363636363636364,0.6,8.767826843363736,16.354209163953037
Cardiff,Crystal Palace,2019-05-04,1819,2,3,A,7,7,150,3,7,19,0.6363636363636364,0.6363636363636364,0.6,6.843020243395586,15.026338282159834
Newcastle,Liverpool,2019-05-04,1819,2,3,A,7,8,150,7,15,19,0.6363636363636364,0.6666666666666666,0.6,13.781931268495669,29.346280763739607
Arsenal,Brighton,2019-05-05,1819,1,1,D,7,8,150,3,2,19,0.6363636363636364,0.6666666666666666,0.6,10.899933060931437,3.857654759221796
Chelsea,Watford,2019-05-05,1819,3,0,H,7,8,150,8,7,19,0.6363636363636364,0.6666666666666666,0.6,17.68531544881982,13.588105383695215
Huddersfield,Man United,2019-05-05,1819,1,1,D,9,7,150,0,4,19,0.6923076923076923,0.6363636363636364,0.6,0.3651891724190369,10.847909157787015
Man City,Leicester,2019-05-06,1819,1,0,H,8,8,150,15,10,19,0.6666666666666666,0.6666666666666666,0.6,29.976141691193746,20.67167305314264
Watford,West Ham,2019-05-12,1819,1,4,A,7,8,150,4,7,19,0.6363636363636364,0.6666666666666666,0.6,10.794052691847607,11.183766525980792
Tottenham,Everton,2019-05-12,1819,2,2,D,8,9,150,6,10,19,0.6666666666666666,0.6923076923076923,0.6,14.177104581976518,20.23918545677174
Southampton,Huddersfield,2019-05-12,1819,1,1,D,8,7,150,5,1,19,0.6666666666666666,0.6363636363636364,0.6,11.44443915075632,1.1825945862095184
Man United,Cardiff,2019-05-12,1819,0,2,A,7,8,150,5,3,19,0.6363636363636364,0.6666666666666666,0.6,10.423954578893508,6.421510121697793
Liverpool,Wolves,2019-05-12,1819,2,0,H,8,8,150,15,10,19,0.6666666666666666,0.6666666666666666,0.6,29.673140381869803,18.2228470256523
Fulham,Newcastle,2019-05-12,1819,0,4,A,8,8,150,9,7,19,0.6666666666666666,0.6666666666666666,0.6,15.387252413842361,13.890965634247834
Crystal Palace,Bournemouth,2019-05-12,1819,5,3,H,8,8,150,10,7,19,0.6666666666666666,0.6666666666666666,0.6,17.513169141079917,11.383913421681868
Burnley,Arsenal,2019-05-12,1819,1,3,A,9,7,150,7,4,19,0.6923076923076923,0.6363636363636364,0.6,16.248237291462267,9.44996653046572
Brighton,Man City,2019-05-12,1819,1,4,A,7,6,150,3,15,19,0.6363636363636364,0.6,0.6,4.9288273796108975,29.988070845596873
Leicester,Chelsea,2019-05-12,1819,0,0,D,6,7,150,7,8,19,0.6,0.6363636363636364,0.6,17.33583652657132,16.84265772440991
Liverpool,Norwich,2019-08-09,1920,4,1,H,21,21,150,15,3,1,0.84,0.84,0.6,29.8365701909349,6.80893676476262
Watford,Brighton,2019-08-10,1920,0,3,A,21,21,150,4,3,1,0.84,0.84,0.6,9.397026345923804,5.464413689805449
Tottenham,Aston Villa,2019-08-10,1920,3,1,H,21,21,150,4,1,1,0.84,0.84,0.6,11.08855229098826,1.5135296458975063
Crystal Palace,Everton,2019-08-10,1920,0,0,D,21,21,150,10,8,1,0.84,0.84,0.6,18.756584570539957,18.119592728385868
West Ham,Man City,2019-08-10,1920,0,5,A,21,21,150,10,15,1,0.84,0.84,0.6,15.591883262990397,29.994035422798436
Bournemouth,Sheffield United,2019-08-10,1920,1,1,D,21,14,150,7,0,1,0.84,0.7777777777777778,0.6,12.691956710840934,0.0
Burnley,Southampton,2019-08-10,1920,3,0,H,21,21,150,4,3,1,0.84,0.84,0.6,12.124118645731134,8.72221957537816
Leicester,Wolves,2019-08-11,1920,0,0,D,21,21,150,5,10,1,0.84,0.84,0.6,13.66791826328566,19.11142351282615
Newcastle,Arsenal,2019-08-11,1920,0,1,A,21,21,150,10,4,1,0.84,0.84,0.6,16.945482817123917,8.72498326523286
Man United,Chelsea,2019-08-11,1920,4,0,H,21,21,305,2,6,1,0.84,0.84,0.7530864197530864,7.211977289446754,14.421328862204955
Arsenal,Burnley,2019-08-17,1920,2,1,H,6,7,150,7,4,1,0.6,0.6363636363636364,0.6,11.362491632616429,10.062059322865567
Aston Villa,Bournemouth,2019-08-17,1920,1,2,A,7,7,150,1,5,1,0.6363636363636364,0.6363636363636364,0.6,1.7567648229487531,11.345978355420467
Brighton,West Ham,2019-08-17,1920,1,1,D,7,7,150,5,10,1,0.6363636363636364,0.6363636363636364,0.6,7.732206844902724,17.795941631495197
Everton,Watford,2019-08-17,1920,1,0,H,7,7,150,9,1,1,0.6363636363636364,0.6363636363636364,0.6,18.059796364192934,5.698513172961902
Norwich,Newcastle,2019-08-17,1920,3,1,H,8,6,150,3,7,1,0.6666666666666666,0.6,0.6,6.40446838238131,15.472741408561959
Southampton,Liverpool,2019-08-17,1920,1,2,A,7,8,150,3,15,1,0.6363636363636364,0.6666666666666666,0.6,7.36110978768908,29.91828509546745
Man City,Tottenham,2019-08-17,1920,2,2,D,7,7,295,15,7,1,0.6363636363636364,0.6363636363636364,0.7468354430379747,29.997017711399216,12.54427614549413
Sheffield United,Crystal Palace,2019-08-18,1920,1,0,H,8,8,150,1,11,1,0.6666666666666666,0.6666666666666666,0.6,1.0,20.37829228526998
Chelsea,Leicester,2019-08-18,1920,1,1,D,7,7,150,6,6,1,0.6363636363636364,0.6363636363636364,0.6,13.210664431102478,12.83395913164283
Wolves,Man United,2019-08-19,1920,1,1,D,8,8,150,10,5,1,0.6666666666666666,0.6666666666666666,0.6,19.555711756413075,8.605988644723377
Aston Villa,Everton,2019-08-23,1920,2,0,H,6,6,150,1,9,2,0.6,0.6,0.6,1.8783824114743766,18.029898182096467
Watford,West Ham,2019-08-24,1920,1,3,A,7,7,150,0,10,2,0.6363636363636364,0.6363636363636364,0.6,2.849256586480951,18.8979708157476
Liverpool,Arsenal,2019-08-24,1920,3,1,H,7,7,290,15,10,2,0.6363636363636364,0.6363636363636364,0.7435897435897436,29.959142547733727,15.681245816308214
Sheffield United,Leicester,2019-08-24,1920,1,2,A,6,6,150,4,6,2,0.6,0.6,0.6,4.5,12.416979565821414
Man United,Crystal Palace,2019-08-24,1920,1,2,A,5,6,150,6,8,2,0.5555555555555556,0.6,0.6,10.302994322361688,18.18914614263499
Brighton,Southampton,2019-08-24,1920,0,2,A,7,7,150,6,2,2,0.6363636363636364,0.6363636363636364,0.6,9.866103422451362,5.6805548938445405
Norwich,Chelsea,2019-08-24,1920,2,3,A,7,6,150,6,6,2,0.6363636363636364,0.6,0.6,9.202234191190655,12.60533221555124
Bournemouth,Man City,2019-08-25,1920,1,3,A,8,8,150,8,13,2,0.6666666666666666,0.6666666666666666,0.6,13.672989177710233,27.99850885569961
Tottenham,Newcastle,2019-08-25,1920,0,1,A,8,8,150,5,4,2,0.6666666666666666,0.6666666666666666,0.6,11.272138072747065,11.73637070428098
Wolves,Burnley,2019-08-25,1920,1,1,D,6,8,150,8,3,2,0.6,0.6666666666666666,0.6,17.777855878206537,8.031029661432783
Burnley,Liverpool,2019-08-31,1920,0,3,A,6,7,150,4,15,2,0.6,0.6363636363636364,0.6,8.015514830716391,29.979571273866863
West Ham,Norwich,2019-08-31,1920,2,0,H,7,7,150,10,6,2,0.6363636363636364,0.6363636363636364,0.6,19.4489854078738,10.601117095595328
Newcastle,Watford,2019-08-31,1920,1,1,D,6,7,150,6,0,2,0.6,0.6363636363636364,0.6,11.86818535214049,1.4246282932404755
Man City,Brighton,2019-08-31,1920,4,0,H,6,7,150,13,5,2,0.6,0.6363636363636364,0.6,26.999254427849806,9.93305171122568
Leicester,Bournemouth,2019-08-31,1920,3,1,H,7,6,150,6,7,2,0.6363636363636364,0.6,0.6,12.208489782910707,13.836494588855118
Crystal Palace,Aston Villa,2019-08-31,1920,1,0,H,7,8,150,10,4,2,0.6363636363636364,0.6666666666666666,0.6,19.094573071317495,4.939191205737188
Chelsea,Sheffield United,2019-08-31,1920,2,2,D,7,7,150,8,4,2,0.6363636363636364,0.6363636363636364,0.6,14.30266610777562,6.25
Southampton,Man United,2019-08-31,1920,1,1,D,7,7,150,4,5,2,0.6363636363636364,0.6363636363636364,0.6,6.84027744692227,10.151497161180844
Everton,Wolves,2019-09-01,1920,3,2,H,9,7,150,8,6,2,0.6923076923076923,0.6363636363636364,0.6,17.014949091048233,14.888927939103269
Arsenal,Tottenham,2019-09-01,1920,2,2,D,8,7,10,10,5,2,0.6666666666666666,0.6363636363636364,0.09090909090909091,17.840622908154106,10.636069036373533
Norwich,Man City,2019-09-14,1920,3,2,H,14,14,150,3,13,3,0.7777777777777778,0.7777777777777778,0.6,8.300558547797664,26.499627213924903
Wolves,Chelsea,2019-09-14,1920,2,5,A,13,14,150,3,6,3,0.7647058823529411,0.7777777777777778,0.6,10.444463969551634,13.15133305388781
Sheffield United,Southampton,2019-09-14,1920,0,1,A,14,14,150,5,5,3,0.7777777777777778,0.7777777777777778,0.6,8.125,8.420138723461136
Tottenham,Crystal Palace,2019-09-14,1920,4,0,H,13,14,150,6,10,3,0.7647058823529411,0.7777777777777778,0.6,11.318034518186767,19.54728653565875
Brighton,Burnley,2019-09-14,1920,1,1,D,14,14,150,4,4,3,0.7777777777777778,0.7777777777777778,0.6,8.96652585561284,8.007757415358196
Liverpool,Newcastle,2019-09-14,1920,3,1,H,14,14,150,15,7,3,0.7777777777777778,0.7777777777777778,0.6,29.989785636933433,12.934092676070245
Man United,Leicester,2019-09-14,1920,1,0,H,14,14,150,5,9,3,0.7777777777777778,0.7777777777777778,0.6,10.075748580590421,15.104244891455354
Bournemouth,Everton,2019-09-15,1920,3,1,H,15,14,150,4,8,3,0.7894736842105263,0.7777777777777778,0.6,10.918247294427559,16.50747454552412
Watford,Arsenal,2019-09-15,1920,2,2,D,15,14,150,1,10,3,0.7894736842105263,0.7777777777777778,0.6,1.7123141466202378,18.92031145407705
Aston Villa,West Ham,2019-09-16,1920,0,0,D,16,16,150,3,10,3,0.8,0.8,0.6,5.469595602868594,19.7244927039369
Southampton,Bournemouth,2019-09-20,1920,1,3,A,6,5,150,7,7,3,0.6,0.5555555555555556,0.6,11.210069361730568,12.45912364721378
Everton,Sheffield United,2019-09-21,1920,0,2,A,6,7,150,7,5,3,0.6,0.6363636363636364,0.6,15.25373727276206,9.0625
Newcastle,Brighton,2019-09-21,1920,0,0,D,7,7,150,4,5,3,0.6363636363636364,0.6363636363636364,0.6,10.467046338035122,9.48326292780642
Man City,Watford,2019-09-21,1920,8,0,H,7,6,150,10,2,3,0.6363636363636364,0.6,0.6,23.24981360696245,2.856157073310119
Burnley,Norwich,2019-09-21,1920,2,0,H,7,7,150,5,6,3,0.6363636363636364,0.6363636363636364,0.6,9.003878707679098,10.150279273898832
Leicester,Tottenham,2019-09-21,1920,2,1,H,7,7,150,8,8,3,0.6363636363636364,0.6363636363636364,0.6,15.552122445727676,13.659017259093384
Crystal Palace,Wolves,2019-09-22,1920,1,1,D,8,8,150,7,3,3,0.6666666666666666,0.6666666666666666,0.6,16.773643267829375,8.222231984775817
West Ham,Man United,2019-09-22,1920,2,0,H,6,8,150,8,8,3,0.6,0.6666666666666666,0.6,17.86224635196845,13.03787429029521
Arsenal,Aston Villa,2019-09-22,1920,3,2,H,7,6,150,8,4,3,0.6363636363636364,0.6,0.6,17.460155727038526,6.734797801434297
Chelsea,Liverpool,2019-09-22,1920,1,2,A,8,8,295,8,15,3,0.6666666666666666,0.6666666666666666,0.7468354430379747,14.575666526943905,29.994892818466717
Wolves,Watford,2019-09-28,1920,2,0,H,6,7,150,3,2,4,0.6,0.6363636363636364,0.6,7.111115992387909,3.4280785366550592
Tottenham,Southampton,2019-09-28,1920,2,1,H,7,8,150,5,7,4,0.6363636363636364,0.6666666666666666,0.6,11.829508629546691,12.605034680865284
Everton,Man City,2019-09-28,1920,1,3,A,7,7,150,6,10,4,0.6363636363636364,0.6363636363636364,0.6,13.62686863638103,21.624906803481224
Crystal Palace,Norwich,2019-09-28,1920,2,0,H,6,7,150,7,6,4,0.6,0.6363636363636364,0.6,15.386821633914687,11.075139636949416
Chelsea,Brighton,2019-09-28,1920,2,0,H,6,7,150,8,3,4,0.6,0.6363636363636364,0.6,15.287833263471953,7.74163146390321
Bournemouth,West Ham,2019-09-28,1920,2,2,D,8,6,150,9,11,4,0.6666666666666666,0.6,0.6,15.22956182360689,19.931123175984226
Aston Villa,Burnley,2019-09-28,1920,2,2,D,6,7,150,4,5,4,0.6,0.6363636363636364,0.6,7.3673989007171485,9.50193935383955
Sheffield United,Liverpool,2019-09-28,1920,0,1,A,7,6,150,7,15,4,0.6363636363636364,0.6,0.6,11.53125,29.99744640923336
Leicester,Newcastle,2019-09-29,1920,5,0,H,8,8,150,10,5,4,0.6666666666666666,0.6666666666666666,0.6,17.776061222863838,10.23352316901756
Man United,Arsenal,2019-09-30,1920,1,1,D,8,8,295,5,8,4,0.6666666666666666,0.6666666666666666,0.7468354430379747,11.518937145147605,16.730077863519263
West Ham,Crystal Palace,2019-10-05,1920,1,2,A,7,7,150,11,10,4,0.6363636363636364,0.6363636363636364,0.6,20.965561587992113,17.693410816957343
Norwich,Aston Villa,2019-10-05,1920,1,5,A,7,7,150,3,5,4,0.6363636363636364,0.6363636363636364,0.6,8.537569818474708,8.683699450358574
Watford,Sheffield United,2019-10-05,1920,0,0,D,7,7,150,2,4,4,0.6363636363636364,0.6363636363636364,0.6,3.7140392683275296,9.765625
Burnley,Everton,2019-10-05,1920,1,0,H,7,7,150,6,3,4,0.6363636363636364,0.6363636363636364,0.6,10.750969676919775,9.813434318190515
Brighton,Tottenham,2019-10-05,1920,3,0,H,7,7,150,2,7,4,0.6363636363636364,0.6363636363636364,0.6,5.870815731951605,12.914754314773345
Liverpool,Leicester,2019-10-05,1920,2,1,H,7,6,150,15,12,4,0.6363636363636364,0.6,0.6,29.99872320461668,20.88803061143192
Arsenal,Bournemouth,2019-10-06,1920,1,0,H,6,8,150,6,7,4,0.6,0.6666666666666666,0.6,14.365038931759631,14.614780911803445
Man City,Wolves,2019-10-06,1920,0,2,A,8,8,150,12,5,4,0.6666666666666666,0.6666666666666666,0.6,22.812453401740612,8.555557996193954
Southampton,Chelsea,2019-10-06,1920,1,4,A,8,8,150,7,10,4,0.6666666666666666,0.6666666666666666,0.6,13.302517340432642,17.643916631735976
Newcastle,Man United,2019-10-06,1920,1,0,H,7,6,150,5,5,4,0.6363636363636364,0.6,0.6,10.11676158450878,10.759468572573802
Tottenham,Watford,2019-10-19,1920,1,1,D,14,14,150,7,3,5,0.7777777777777778,0.7777777777777778,0.6,13.457377157386674,4.857019634163764
Crystal Palace,Man City,2019-10-19,1920,0,2,A,14,13,150,10,9,5,0.7777777777777778,0.7647058823529411,0.6,18.84670540847867,20.406226700870306
Wolves,Southampton,2019-10-19,1920,1,1,D,13,13,150,7,4,5,0.7647058823529411,0.7647058823529411,0.6,11.277778998096977,10.651258670216322
Leicester,Burnley,2019-10-19,1920,2,1,H,14,14,150,9,8,5,0.7777777777777778,0.7777777777777778,0.6,19.444015305715958,13.375484838459887
Chelsea,Newcastle,2019-10-19,1920,1,0,H,13,13,150,10,5,5,0.7647058823529411,0.7647058823529411,0.6,18.821958315867988,10.05838079225439
Bournemouth,Norwich,2019-10-19,1920,0,0,D,13,14,150,7,3,5,0.7647058823529411,0.7777777777777778,0.6,14.307390455901722,7.268784909237354
Aston Villa,Brighton,2019-10-19,1920,2,1,H,14,14,150,5,5,5,0.7777777777777778,0.7777777777777778,0.6,9.341849725179287,7.935407865975803
Everton,West Ham,2019-10-19,1920,2,0,H,14,14,150,3,8,5,0.7777777777777778,0.7777777777777778,0.6,7.906717159095257,18.482780793996056
Man United,Liverpool,2019-10-20,1920,1,1,D,14,15,55,5,15,5,0.7777777777777778,0.7894736842105263,0.3548387096774194,10.3797342862869,29.99936160230834
Sheffield United,Arsenal,2019-10-21,1920,1,0,H,16,15,150,5,9,5,0.8,0.7894736842105263,0.6,9.8828125,16.182519465879814
Southampton,Leicester,2019-10-25,1920,0,9,A,6,6,150,4,9,5,0.6,0.6,0.6,9.325629335108161,18.72200765285798
Burnley,Chelsea,2019-10-26,1920,2,4,A,7,7,150,8,12,5,0.6363636363636364,0.6363636363636364,0.6,14.687742419229943,21.410979157933994
West Ham,Sheffield United,2019-10-26,1920,1,1,D,7,5,150,5,7,5,0.6363636363636364,0.5555555555555556,0.6,14.241390396998028,11.94140625
Watford,Bournemouth,2019-10-26,1920,0,0,D,7,7,150,3,8,5,0.6363636363636364,0.6363636363636364,0.6,5.428509817081882,15.15369522795086
Brighton,Everton,2019-10-26,1920,3,2,H,7,7,150,5,3,5,0.6363636363636364,0.6363636363636364,0.6,8.967703932987902,6.953358579547629
Man City,Aston Villa,2019-10-26,1920,3,0,H,7,7,150,9,8,5,0.6363636363636364,0.6363636363636364,0.6,19.203113350435153,12.670924862589644
Newcastle,Wolves,2019-10-27,1920,1,1,D,8,8,150,4,8,5,0.6666666666666666,0.6666666666666666,0.6,9.029190396127195,13.638889499048489
Arsenal,Crystal Palace,2019-10-27,1920,2,2,D,6,8,150,8,7,5,0.6,0.6666666666666666,0.6,16.091259732939907,16.423352704239335
Liverpool,Tottenham,2019-10-27,1920,2,1,H,7,8,295,13,7,5,0.6363636363636364,0.6666666666666666,0.7468354430379747,27.99968080115417,13.728688578693337
Norwich,Man United,2019-10-27,1920,1,3,A,8,7,150,4,5,5,0.6666666666666666,0.6363636363636364,0.6,7.634392454618677,10.18986714314345
Watford,Chelsea,2019-11-02,1920,1,2,A,7,7,150,3,12,6,0.6363636363636364,0.6363636363636364,0.6,5.714254908540941,22.705489578966997
Sheffield United,Burnley,2019-11-02,1920,3,0,H,7,7,150,8,7,6,0.6363636363636364,0.6363636363636364,0.6,13.970703125,14.34387120961497
Man City,Southampton,2019-11-02,1920,2,1,H,7,8,150,12,1,6,0.6363636363636364,0.6666666666666666,0.6,21.601556675217576,5.6628146675540805
West Ham,Newcastle,2019-11-02,1920,2,3,A,7,6,150,5,5,6,0.6363636363636364,0.6,0.6,12.120695198499014,9.514595198063597
Aston Villa,Liverpool,2019-11-02,1920,1,2,A,7,6,150,7,13,6,0.6363636363636364,0.6,0.6,13.335462431294822,26.999840400577085
Bournemouth,Man United,2019-11-02,1920,1,0,H,7,6,150,6,5,6,0.6363636363636364,0.6,0.6,13.576847613975431,10.094933571571726
Brighton,Norwich,2019-11-02,1920,2,0,H,7,6,150,7,1,6,0.6363636363636364,0.6,0.6,11.483851966493951,4.8171962273093385
Arsenal,Wolves,2019-11-02,1920,1,1,D,6,6,150,8,9,6,0.6,0.6,0.6,16.04562986646995,15.819444749524244
Crystal Palace,Leicester,2019-11-03,1920,0,2,A,7,9,150,8,12,6,0.6363636363636364,0.6923076923076923,0.6,16.211676352119667,21.36100382642899
Everton,Tottenham,2019-11-03,1920,1,1,D,8,7,150,3,4,6,0.6666666666666666,0.6363636363636364,0.6,6.476679289773815,10.864344289346668
Norwich,Watford,2019-11-08,1920,0,2,A,6,6,150,1,3,6,0.6,0.6,0.6,3.4085981136546692,5.85712745427047
Leicester,Arsenal,2019-11-09,1920,2,0,H,6,7,150,12,6,6,0.6,0.6363636363636364,0.6,22.680501913214496,14.022814933234976
Southampton,Everton,2019-11-09,1920,1,2,A,7,6,150,1,4,6,0.6363636363636364,0.6,0.6,3.8314073337770402,7.238339644886907
Tottenham,Sheffield United,2019-11-09,1920,1,1,D,6,7,150,5,8,6,0.6,0.6363636363636364,0.6,10.432172144673334,14.9853515625
Burnley,West Ham,2019-11-09,1920,3,0,H,7,7,150,4,2,6,0.6363636363636364,0.6363636363636364,0.6,11.171935604807485,8.060347599249507
Chelsea,Crystal Palace,2019-11-09,1920,2,0,H,7,6,150,15,7,6,0.6363636363636364,0.6,0.6,26.3527447894835,15.105838176059834
Newcastle,Bournemouth,2019-11-09,1920,2,1,H,7,7,150,7,6,6,0.6363636363636364,0.6363636363636364,0.6,11.757297599031798,12.788423806987716
Man United,Brighton,2019-11-10,1920,3,1,H,8,8,150,5,9,6,0.6666666666666666,0.6666666666666666,0.6,10.047466785785863,14.741925983246976
Wolves,Aston Villa,2019-11-10,1920,2,1,H,8,8,150,9,7,6,0.6666666666666666,0.6666666666666666,0.6,16.909722374762122,13.667731215647411
Liverpool,Man City,2019-11-10,1920,3,1,H,8,8,55,13,12,6,0.6666666666666666,0.6666666666666666,0.3548387096774194,26.499920200288543,22.80077833760879
Man City,Chelsea,2019-11-23,1920,2,1,H,13,14,300,9,15,7,0.7647058823529411,0.7777777777777778,0.75,20.400389168804395,28.176372394741747
Watford,Burnley,2019-11-23,1920,0,3,A,15,14,150,6,6,7,0.7894736842105263,0.7777777777777778,0.6,8.928563727135234,11.585967802403744
Everton,Norwich,2019-11-23,1920,0,2,A,14,15,150,7,1,7,0.7777777777777778,0.7894736842105263,0.6,10.619169822443453,2.7042990568273346
Crystal Palace,Liverpool,2019-11-23,1920,1,2,A,14,13,150,4,13,7,0.7777777777777778,0.7647058823529411,0.6,11.552919088029917,26.24996010014427
Brighton,Leicester,2019-11-23,1920,0,2,A,13,14,150,9,12,7,0.7647058823529411,0.7777777777777778,0.6,16.370962991623486,23.34025095660725
Arsenal,Southampton,2019-11-23,1920,2,2,D,14,14,150,5,1,7,0.7777777777777778,0.7777777777777778,0.6,12.011407466617488,2.91570366688852
West Ham,Tottenham,2019-11-23,1920,2,3,A,14,14,150,1,3,7,0.7777777777777778,0.7777777777777778,0.6,5.0301737996247535,8.216086072336667
Bournemouth,Wolves,2019-11-23,1920,1,2,A,14,13,150,5,9,7,0.7777777777777778,0.7647058823529411,0.6,11.394211903493858,17.454861187381063
Sheffield United,Man United,2019-11-24,1920,3,3,D,15,14,150,9,7,7,0.7894736842105263,0.7777777777777778,0.6,16.49267578125,12.023733392892932
Aston Villa,Newcastle,2019-11-25,1920,2,0,H,15,16,150,6,10,7,0.7894736842105263,0.8,0.6,12.833865607823705,15.878648799515899
Southampton,Watford,2019-11-30,1920,2,1,H,7,7,150,2,5,7,0.6363636363636364,0.6363636363636364,0.6,3.45785183344426,9.464281863567617
Liverpool,Brighton,2019-11-30,1920,2,1,H,7,7,150,13,6,7,0.6363636363636364,0.6363636363636364,0.6,26.124980050072136,14.185481495811743
Tottenham,Bournemouth,2019-11-30,1920,3,2,H,7,7,150,6,5,7,0.6363636363636364,0.6363636363636364,0.6,10.108043036168333,10.697105951746929
Burnley,Crystal Palace,2019-11-30,1920,0,2,A,7,7,150,6,1,7,0.6363636363636364,0.6363636363636364,0.6,11.792983901201872,6.776459544014958
Newcastle,Man City,2019-11-30,1920,2,2,D,5,7,150,7,12,7,0.5555555555555556,0.6363636363636364,0.6,14.93932439975795,22.200194584402198
Chelsea,West Ham,2019-11-30,1920,0,1,A,7,7,150,12,1,7,0.6363636363636364,0.6363636363636364,0.6,26.088186197370874,3.5150868998123768
Norwich,Arsenal,2019-12-01,1920,2,2,D,8,8,150,4,3,7,0.6666666666666666,0.6666666666666666,0.6,5.352149528413667,9.005703733308744
Wolves,Sheffield United,2019-12-01,1920,1,1,D,8,7,150,9,9,7,0.6666666666666666,0.6363636363636364,0.6,17.72743059369053,17.246337890625
Leicester,Everton,2019-12-01,1920,2,1,H,8,8,150,15,7,7,0.6666666666666666,0.6666666666666666,0.6,26.670125478303625,12.309584911221727
Man United,Aston Villa,2019-12-01,1920,2,2,D,7,6,150,8,6,7,0.6363636363636364,0.6,0.6,14.011866696446466,12.416932803911852
Crystal Palace,Bournemouth,2019-12-03,1920,1,0,H,3,3,150,4,4,8,0.42857142857142855,0.42857142857142855,0.6,7.388229772007479,9.348552975873464
Burnley,Man City,2019-12-03,1920,1,4,A,3,3,150,6,10,8,0.42857142857142855,0.42857142857142855,0.6,11.896491950600936,21.1000972922011
Liverpool,Everton,2019-12-04,1920,5,2,H,4,3,150,15,4,8,0.5,0.42857142857142855,0.6,28.06249002503607,10.154792455610863
Southampton,Norwich,2019-12-04,1920,2,1,H,4,3,150,4,4,8,0.5,0.42857142857142855,0.6,5.72892591672213,6.676074764206834
Wolves,West Ham,2019-12-04,1920,2,0,H,3,4,150,9,4,8,0.42857142857142855,0.5,0.6,17.863715296845264,5.757543449906189
Leicester,Watford,2019-12-04,1920,2,0,H,3,4,150,15,4,8,0.42857142857142855,0.5,0.6,28.335062739151812,8.732140931783809
Man United,Tottenham,2019-12-04,1920,2,1,H,3,4,300,8,8,8,0.42857142857142855,0.5,0.75,15.005933348223234,13.054021518084166
Chelsea,Aston Villa,2019-12-04,1920,2,1,H,4,3,150,9,4,8,0.5,0.42857142857142855,0.6,22.044093098685437,10.208466401955926
Sheffield United,Newcastle,2019-12-05,1920,0,2,A,4,5,150,7,8,8,0.5,0.5555555555555556,0.6,15.6231689453125,15.469662199878975
Arsenal,Brighton,2019-12-05,1920,1,2,A,4,5,150,4,6,8,0.5,0.5555555555555556,0.6,8.502851866654371,13.092740747905872
Everton,Chelsea,2019-12-07,1920,3,1,H,3,3,150,4,9,8,0.42857142857142855,0.42857142857142855,0.6,9.077396227805432,20.02204654934272
Bournemouth,Liverpool,2019-12-07,1920,0,3,A,4,3,150,3,15,8,0.5,0.42857142857142855,0.6,7.674276487936732,29.031245012518035
Tottenham,Burnley,2019-12-07,1920,5,0,H,3,4,150,8,6,8,0.42857142857142855,0.5,0.6,14.527010759042083,11.948245975300468
Watford,Crystal Palace,2019-12-07,1920,0,0,D,3,4,150,3,6,8,0.42857142857142855,0.5,0.6,7.366070465891904,9.694114886003739
Man City,Man United,2019-12-07,1920,1,2,A,4,3,10,10,8,8,0.5,0.42857142857142855,0.09090909090909091,20.55004864610055,15.502966674111617
Newcastle,Southampton,2019-12-08,1920,2,1,H,3,4,150,10,7,8,0.42857142857142855,0.5,0.6,17.734831099939488,9.864462958361065
Brighton,Wolves,2019-12-08,1920,2,2,D,3,4,150,6,11,8,0.42857142857142855,0.5,0.6,12.546370373952936,19.931857648422632
Aston Villa,Leicester,2019-12-08,1920,1,4,A,4,4,150,4,15,8,0.5,0.5,0.6,9.104233200977962,29.167531369575904
Norwich,Sheffield United,2019-12-08,1920,1,2,A,4,3,150,4,6,8,0.5,0.42857142857142855,0.6,7.338037382103417,13.81158447265625
West Ham,Arsenal,2019-12-09,1920,1,3,A,5,4,150,3,3,8,0.5555555555555556,0.5,0.6,5.878771724953094,7.2514259333271855
Southampton,West Ham,2019-12-14,1920,0,1,A,6,5,150,7,3,9,0.6,0.5555555555555556,0.6,11.932231479180533,5.939385862476547
Liverpool,Watford,2019-12-14,1920,2,0,H,7,7,150,15,4,9,0.6363636363636364,0.6363636363636364,0.6,29.515622506259017,7.683035232945953
Burnley,Newcastle,2019-12-14,1920,1,0,H,7,6,150,6,10,9,0.6363636363636364,0.6,0.6,11.974122987650233,18.867415549969742
Chelsea,Bournemouth,2019-12-14,1920,0,1,A,7,7,150,6,0,9,0.6363636363636364,0.6363636363636364,0.6,16.01102327467136,3.837138243968366
Leicester,Norwich,2019-12-14,1920,1,1,D,6,6,150,15,4,9,0.6,0.6,0.6,29.583765684787952,7.669018691051709
Sheffield United,Aston Villa,2019-12-14,1920,2,0,H,6,6,150,6,4,9,0.6,0.6,0.6,12.905792236328125,8.552116600488981
Arsenal,Man City,2019-12-15,1920,0,3,A,6,8,295,5,7,9,0.6,0.6666666666666666,0.7468354430379747,8.625712966663592,17.275024323050275
Man United,Everton,2019-12-15,1920,1,1,D,8,8,150,11,6,9,0.6666666666666666,0.6666666666666666,0.6,18.75148333705581,10.538698113902715
Wolves,Tottenham,2019-12-15,1920,1,2,A,7,8,150,11,10,9,0.6363636363636364,0.6666666666666666,0.6,20.965928824211318,17.263505379521042
Crystal Palace,Brighton,2019-12-16,1920,1,1,D,9,8,150,7,4,9,0.6923076923076923,0.6666666666666666,0.6,11.84705744300187,10.273185186976468
Everton,Arsenal,2019-12-21,1920,0,0,D,6,6,150,4,5,9,0.6,0.6,0.6,9.269349056951357,9.312856483331796
Aston Villa,Southampton,2019-12-21,1920,1,3,A,7,7,150,4,7,9,0.6363636363636364,0.6363636363636364,0.6,8.27605830024449,12.966115739590267
Bournemouth,Burnley,2019-12-21,1920,0,1,A,7,7,150,3,6,9,0.6363636363636364,0.6363636363636364,0.6,4.9185691219841825,11.987061493825117
Brighton,Sheffield United,2019-12-21,1920,0,1,A,5,7,150,5,8,9,0.5555555555555556,0.6363636363636364,0.6,10.136592593488235,14.452896118164062
Newcastle,Crystal Palace,2019-12-21,1920,1,0,H,7,5,150,7,8,9,0.6363636363636364,0.5555555555555556,0.6,16.43370777498487,13.923528721500935
Norwich,Wolves,2019-12-21,1920,1,2,A,7,6,150,5,8,9,0.6363636363636364,0.6,0.6,8.834509345525854,18.48296441210566
Man City,Leicester,2019-12-21,1920,3,1,H,6,7,150,10,13,9,0.6,0.6363636363636364,0.6,18.637512161525137,27.791882842393974
Tottenham,Chelsea,2019-12-22,1920,0,2,A,7,8,11,12,3,9,0.6363636363636364,0.6666666666666666,0.0990990990990991,20.63175268976052,11.00551163733568
Watford,Man United,2019-12-22,1920,2,0,H,8,7,150,1,9,9,0.6666666666666666,0.6363636363636364,0.6,4.841517616472976,18.375741668527905
Man United,Newcastle,2019-12-26,1920,4,1,H,4,5,150,8,10,10,0.5,0.5555555555555556,0.6,17.187870834263954,18.216853887492434
Sheffield United,Watford,2019-12-26,1920,1,1,D,5,4,150,10,4,10,0.5555555555555556,0.5,0.6,17.22644805908203,6.420758808236489
Everton,Burnley,2019-12-26,1920,1,0,H,5,5,150,5,6,10,0.5555555555555556,0.5555555555555556,0.6,9.634674528475678,11.993530746912558
Crystal Palace,West Ham,2019-12-26,1920,2,1,H,5,12,150,8,6,10,0.5555555555555556,0.75,0.6,14.961764360750468,8.969692931238274
Leicester,Liverpool,2019-12-26,1920,0,4,A,5,12,150,10,15,10,0.5555555555555556,0.75,0.6,23.895941421196987,29.75781125312951
Bournemouth,Arsenal,2019-12-26,1920,1,1,D,5,5,150,3,5,10,0.5555555555555556,0.5555555555555556,0.6,5.459284560992091,9.656428241665898
Aston Villa,Norwich,2019-12-26,1920,1,0,H,5,5,150,1,2,10,0.5555555555555556,0.5555555555555556,0.6,5.138029150122245,6.417254672762927
Tottenham,Brighton,2019-12-26,1920,2,1,H,4,5,150,9,5,10,0.5,0.5555555555555556,0.6,19.31587634488026,10.068296296744117
Chelsea,Southampton,2019-12-26,1920,0,2,A,4,5,150,6,9,10,0.5,0.5555555555555556,0.6,11.50275581866784,15.483057869795132
Wolves,Man City,2019-12-27,1920,3,2,H,6,6,150,8,10,10,0.6,0.6,0.6,17.24148220605283,19.31875608076257
West Ham,Leicester,2019-12-28,1920,1,2,A,2,2,150,6,7,9,0.3333333333333333,0.3333333333333333,0.6,10.484846465619137,18.947970710598494
Burnley,Man United,2019-12-28,1920,0,2,A,2,2,150,6,10,10,0.3333333333333333,0.3333333333333333,0.6,11.99676537345628,18.593935417131977
Norwich,Tottenham,2019-12-28,1920,2,2,D,2,2,150,1,9,10,0.3333333333333333,0.3333333333333333,0.6,4.208627336381463,18.65793817244013
Brighton,Bournemouth,2019-12-28,1920,2,0,H,2,2,150,5,4,10,0.3333333333333333,0.3333333333333333,0.6,10.034148148372058,6.729642280496046
Southampton,Crystal Palace,2019-12-28,1920,1,1,D,2,2,150,9,8,10,0.3333333333333333,0.3333333333333333,0.6,16.741528934897566,15.480882180375234
Newcastle,Everton,2019-12-28,1920,1,2,A,2,2,150,9,8,10,0.3333333333333333,0.3333333333333333,0.6,18.108426943746217,12.817337264237839
Watford,Aston Villa,2019-12-28,1920,3,0,H,2,2,150,5,3,10,0.3333333333333333,0.3333333333333333,0.6,8.210379404118244,5.569014575061122
Arsenal,Chelsea,2019-12-29,1920,1,2,A,3,3,12,5,6,10,0.42857142857142855,0.42857142857142855,0.10714285714285714,9.82821412083295,11.75137790933392
Liverpool,Wolves,2019-12-29,1920,1,0,H,3,2,150,15,10,10,0.42857142857142855,0.3333333333333333,0.6,29.878905626564755,18.620741103026415
Man City,Sheffield United,2019-12-29,1920,2,0,H,2,3,150,9,10,10,0.3333333333333333,0.42857142857142855,0.6,18.659378040381284,18.613224029541016
Arsenal,Man United,2020-01-01,1920,2,0,H,3,4,295,5,10,11,0.42857142857142855,0.5,0.7468354430379747,9.914107060416475,19.296967708565987
West Ham,Bournemouth,2020-01-01,1920,4,0,H,4,4,150,3,4,10,0.5,0.5,0.6,8.242423232809568,7.364821140248023
Norwich,Crystal Palace,2020-01-01,1920,1,1,D,4,4,150,2,6,11,0.5,0.5,0.6,4.1043136681907315,13.740441090187616
Man City,Everton,2020-01-01,1920,2,1,H,3,4,150,9,11,11,0.42857142857142855,0.5,0.6,18.329689020190642,17.408668632118918
Southampton,Tottenham,2020-01-01,1920,1,0,H,4,4,150,7,10,11,0.5,0.5,0.6,15.370764467448783,19.328969086220063
Newcastle,Leicester,2020-01-01,1920,0,3,A,4,4,150,6,7,11,0.5,0.5,0.6,15.054213471873108,16.47398535529925
Burnley,Aston Villa,2020-01-01,1920,1,2,A,4,4,150,6,3,11,0.5,0.5,0.6,11.998382686728139,5.784507287530561
Brighton,Chelsea,2020-01-01,1920,1,1,D,4,3,150,5,6,11,0.5,0.42857142857142855,0.6,10.017074074186029,11.875688954666959
Watford,Wolves,2020-01-01,1920,2,1,H,4,3,150,8,7,11,0.5,0.42857142857142855,0.6,12.105189702059121,16.31037055151321
Liverpool,Sheffield United,2020-01-02,1920,2,0,H,4,4,150,15,10,11,0.5,0.5,0.6,29.93945281328238,19.306612014770508
Sheffield United,West Ham,2020-01-10,1920,1,0,H,8,9,150,7,6,11,0.6666666666666666,0.6923076923076923,0.6,16.653306007385254,10.121211616404784
Wolves,Newcastle,2020-01-11,1920,1,1,D,10,10,150,6,3,11,0.7142857142857143,0.7142857142857143,0.6,14.155185275756605,10.527106735936554
Tottenham,Liverpool,2020-01-11,1920,0,1,A,10,9,295,7,15,11,0.7142857142857143,0.6923076923076923,0.7468354430379747,16.66448454311003,29.96972640664119
Man United,Norwich,2020-01-11,1920,4,0,H,10,10,150,7,3,11,0.7142857142857143,0.7142857142857143,0.6,16.648483854282993,5.052156834095365
Chelsea,Burnley,2020-01-11,1920,3,0,H,10,10,150,7,6,11,0.7142857142857143,0.7142857142857143,0.6,12.93784447733348,11.99919134336407
Everton,Brighton,2020-01-11,1920,1,0,H,10,10,150,8,5,11,0.7142857142857143,0.7142857142857143,0.6,16.70433431605946,10.008537037093014
Crystal Palace,Arsenal,2020-01-11,1920,1,1,D,10,10,150,6,5,11,0.7142857142857143,0.7142857142857143,0.6,12.870220545093808,9.957053530208238
Leicester,Southampton,2020-01-11,1920,1,2,A,10,10,150,7,10,11,0.7142857142857143,0.7142857142857143,0.6,15.236992677649624,17.68538223372439
Bournemouth,Watford,2020-01-12,1920,0,3,A,11,11,150,4,10,11,0.7333333333333333,0.7333333333333333,0.6,7.682410570124011,16.05259485102956
Aston Villa,Man City,2020-01-12,1920,1,6,A,11,11,150,6,12,11,0.7333333333333333,0.7333333333333333,0.6,8.89225364376528,21.16484451009532
Newcastle,Chelsea,2020-01-18,1920,1,0,H,7,7,150,4,10,12,0.6363636363636364,0.6363636363636364,0.6,9.263553367968278,16.46892223866674
West Ham,Everton,2020-01-18,1920,1,1,D,8,7,150,6,10,11,0.6666666666666666,0.6363636363636364,0.6,11.060605808202393,18.35216715802973
Southampton,Wolves,2020-01-18,1920,2,3,A,7,7,150,13,7,12,0.6363636363636364,0.6363636363636364,0.6,21.842691116862195,14.077592637878302
Norwich,Bournemouth,2020-01-18,1920,1,0,H,7,6,150,2,1,12,0.6363636363636364,0.6,0.6,4.526078417047683,4.8412052850620055
Man City,Crystal Palace,2020-01-18,1920,2,2,D,6,7,150,12,6,12,0.6,0.6363636363636364,0.6,22.58242225504766,12.435110272546904
Arsenal,Sheffield United,2020-01-18,1920,1,1,D,7,8,150,6,7,12,0.6363636363636364,0.6666666666666666,0.6,10.97852676510412,15.326653003692627
Watford,Tottenham,2020-01-18,1920,0,0,D,6,7,150,13,4,12,0.6,0.6363636363636364,0.6,21.02629742551478,12.332242271555016
Brighton,Aston Villa,2020-01-18,1920,1,1,D,7,6,150,4,6,12,0.6363636363636364,0.6,0.6,9.004268518546507,10.44612682188264
Burnley,Leicester,2020-01-19,1920,2,1,H,8,8,150,3,6,12,0.6666666666666666,0.6666666666666666,0.6,8.999595671682034,13.618496338824812
Liverpool,Man United,2020-01-19,1920,2,0,H,8,8,55,15,9,12,0.6666666666666666,0.6666666666666666,0.3548387096774194,29.984863203320593,17.324241927141497
Chelsea,Arsenal,2020-01-21,1920,2,2,D,3,3,12,7,6,12,0.42857142857142855,0.42857142857142855,0.10714285714285714,15.23446111933337,11.48926338255206
Sheffield United,Man City,2020-01-21,1920,0,1,A,3,3,150,5,10,12,0.42857142857142855,0.42857142857142855,0.6,12.663326501846313,21.29121112752383
Everton,Newcastle,2020-01-21,1920,2,2,D,3,3,150,10,4,12,0.42857142857142855,0.42857142857142855,0.6,19.176083579014865,8.631776683984139
Crystal Palace,Southampton,2020-01-21,1920,0,2,A,3,3,150,7,10,12,0.42857142857142855,0.42857142857142855,0.6,13.217555136273452,20.9213455584311
Bournemouth,Brighton,2020-01-21,1920,3,1,H,3,3,150,1,5,12,0.42857142857142855,0.42857142857142855,0.6,3.4206026425310028,9.502134259273253
Aston Villa,Watford,2020-01-21,1920,2,1,H,3,3,150,7,11,12,0.42857142857142855,0.42857142857142855,0.6,12.22306341094132,21.513148712757392
Leicester,West Ham,2020-01-22,1920,4,1,H,3,4,150,6,4,12,0.42857142857142855,0.5,0.6,12.809248169412406,9.530302904101196
Tottenham,Norwich,2020-01-22,1920,2,1,H,4,4,150,5,5,12,0.5,0.5,0.6,11.166121135777509,7.263039208523841
Man United,Burnley,2020-01-22,1920,0,2,A,3,3,150,9,3,12,0.42857142857142855,0.42857142857142855,0.6,17.66212096357075,7.499797835841017
Wolves,Liverpool,2020-01-23,1920,1,2,A,5,4,150,7,15,12,0.5555555555555556,0.5,0.6,14.038796318939152,29.992431601660297
West Ham,Liverpool,2020-01-29,1920,0,2,A,7,6,150,4,15,12,0.6363636363636364,0.6,0.6,8.765151452050599,29.99621580083015
Man United,Wolves,2020-02-01,1920,0,0,D,10,9,150,6,4,13,0.7142857142857143,0.6923076923076923,0.6,14.831060481785375,11.019398159469576
West Ham,Brighton,2020-02-01,1920,3,3,D,3,11,150,4,5,13,0.42857142857142855,0.7333333333333333,0.6,8.3825757260253,9.751067129636628
Watford,Everton,2020-02-01,1920,2,3,A,11,11,150,10,8,13,0.7333333333333333,0.7333333333333333,0.6,20.756574356378696,17.588041789507432
Newcastle,Norwich,2020-02-01,1920,0,0,D,11,10,150,5,5,13,0.7333333333333333,0.7142857142857143,0.6,9.31588834199207,8.631519604261921
Bournemouth,Aston Villa,2020-02-01,1920,2,1,H,11,11,150,3,7,13,0.7333333333333333,0.7333333333333333,0.6,4.710301321265502,13.11153170547066
Crystal Palace,Sheffield United,2020-02-01,1920,0,1,A,11,11,150,4,4,13,0.7333333333333333,0.7333333333333333,0.6,10.608777568136727,10.331663250923157
Leicester,Chelsea,2020-02-01,1920,2,2,D,10,11,150,9,8,13,0.7142857142857143,0.7333333333333333,0.6,15.404624084706203,15.617230559666684
Liverpool,Southampton,2020-02-01,1920,4,0,H,3,11,150,15,10,13,0.42857142857142855,0.7333333333333333,0.6,29.998107900415075,20.46067277921555
Burnley,Arsenal,2020-02-02,1920,0,0,D,11,12,150,6,6,13,0.7333333333333333,0.75,0.6,9.749898917920508,11.74463169127603
Tottenham,Man City,2020-02-02,1920,2,0,H,11,12,295,5,13,13,0.7333333333333333,0.75,0.7468354430379747,10.583060567888754,23.645605563761915
Everton,Crystal Palace,2020-02-08,1920,3,1,H,7,7,150,8,3,13,0.6363636363636364,0.6363636363636364,0.6,16.794020894753714,8.304388784068363
Brighton,Watford,2020-02-08,1920,1,1,D,7,7,150,3,7,13,0.6363636363636364,0.6363636363636364,0.6,7.875533564818314,17.378287178189346
Sheffield United,Bournemouth,2020-02-09,1920,2,1,H,8,8,150,7,6,13,0.6666666666666666,0.6666666666666666,0.6,12.165831625461578,8.35515066063275
Wolves,Leicester,2020-02-14,1920,0,0,D,13,13,150,5,7,13,0.7647058823529411,0.7647058823529411,0.6,10.509699079734787,14.702312042353102
Southampton,Burnley,2020-02-15,1920,1,2,A,14,13,150,9,7,13,0.7777777777777778,0.7647058823529411,0.6,19.230336389607775,11.874949458960254
Norwich,Liverpool,2020-02-15,1920,0,1,A,14,14,150,5,15,13,0.7777777777777778,0.7777777777777778,0.6,9.31575980213096,29.99905395020754
Aston Villa,Tottenham,2020-02-16,1920,2,3,A,15,14,150,7,7,13,0.7894736842105263,0.7777777777777778,0.6,13.55576585273533,12.291530283944377
Arsenal,Newcastle,2020-02-16,1920,4,0,H,14,15,150,7,6,13,0.7777777777777778,0.7894736842105263,0.6,12.872315845638015,10.657944170996036
Chelsea,Man United,2020-02-17,1920,0,2,A,16,16,305,6,4,13,0.8,0.8,0.7530864197530864,13.808615279833342,11.415530240892688
Man City,West Ham,2020-02-19,1920,2,0,H,17,18,150,10,2,13,0.8095238095238095,0.8181818181818182,0.6,21.82280278188096,6.19128786301265
Leicester,Man City,2020-02-22,1920,0,1,A,8,3,150,5,10,14,0.6666666666666666,0.42857142857142855,0.6,12.35115602117655,20.91140139094048
Southampton,Aston Villa,2020-02-22,1920,2,0,H,7,6,150,6,4,14,0.6363636363636364,0.6,0.6,15.615168194803887,10.777882926367665
Sheffield United,Brighton,2020-02-22,1920,1,1,D,13,14,150,10,3,14,0.7647058823529411,0.7777777777777778,0.6,16.08291581273079,6.937766782409157
Burnley,Bournemouth,2020-02-22,1920,3,0,H,7,13,150,10,6,14,0.6363636363636364,0.7647058823529411,0.6,15.937474729480126,10.177575330316376
Chelsea,Tottenham,2020-02-22,1920,2,1,H,5,6,11,5,10,14,0.5555555555555556,0.6,0.0990990990990991,11.90430763991667,16.145765141972188
Crystal Palace,Newcastle,2020-02-22,1920,1,0,H,14,6,150,2,6,14,0.7777777777777778,0.6,0.6,6.152194392034182,11.328972085498018
Man United,Watford,2020-02-23,1920,3,0,H,6,15,150,7,5,14,0.6,0.7894736842105263,0.6,12.707765120446343,13.689143589094673
Wolves,Norwich,2020-02-23,1920,3,0,H,9,8,150,6,4,14,0.6923076923076923,0.6666666666666666,0.6,11.254849539867394,8.657879901065481
Arsenal,Everton,2020-02-23,1920,3,2,H,7,15,150,7,11,14,0.6363636363636364,0.7894736842105263,0.6,13.436157922819007,19.397010447376857
Liverpool,West Ham,2020-02-24,1920,3,2,H,9,5,150,15,2,14,0.6923076923076923,0.5555555555555556,0.6,29.99952697510377,5.095643931506325
Norwich,Leicester,2020-02-28,1920,1,0,H,5,6,150,4,5,14,0.5555555555555556,0.6,0.6,8.32893995053274,11.175578010588275
Watford,Liverpool,2020-02-29,1920,3,0,H,6,5,150,2,15,14,0.6,0.5555555555555556,0.6,8.844571794547337,29.999763487551885
Newcastle,Burnley,2020-02-29,1920,0,0,D,7,7,150,5,13,14,0.6363636363636364,0.6363636363636364,0.6,10.664486042749008,20.968737364740065
West Ham,Southampton,2020-02-29,1920,3,1,H,5,7,150,1,6,14,0.5555555555555556,0.6363636363636364,0.6,3.5478219657531627,13.807584097401943
Bournemouth,Chelsea,2020-02-29,1920,2,2,D,7,7,150,6,5,14,0.6363636363636364,0.6363636363636364,0.6,11.088787665158188,10.952153819958335
Brighton,Crystal Palace,2020-02-29,1920,0,1,A,7,7,150,4,4,14,0.6363636363636364,0.6363636363636364,0.6,7.468883391204578,7.076097196017091
Everton,Man United,2020-03-01,1920,1,1,D,7,7,150,8,7,14,0.6363636363636364,0.6363636363636364,0.6,17.69850522368843,13.353882560223171
Tottenham,Wolves,2020-03-01,1920,2,3,A,8,7,150,10,8,14,0.6666666666666666,0.6363636363636364,0.6,18.072882570986096,13.627424769933697
Burnley,Tottenham,2020-03-07,1920,1,1,D,7,6,150,11,9,15,0.6363636363636364,0.6,0.6,21.484368682370032,18.036441285493048
Southampton,Newcastle,2020-03-07,1920,0,1,A,7,7,150,6,3,15,0.6363636363636364,0.6363636363636364,0.6,12.903792048700971,8.332243021374504
Sheffield United,Norwich,2020-03-07,1920,1,0,H,14,8,150,8,4,15,0.7777777777777778,0.6666666666666666,0.6,16.041457906365395,8.164469975266371
Wolves,Brighton,2020-03-07,1920,0,0,D,6,7,150,8,3,15,0.6,0.6363636363636364,0.6,14.813712384966848,6.734441695602289
Arsenal,West Ham,2020-03-07,1920,1,0,H,13,7,150,9,4,15,0.7647058823529411,0.6363636363636364,0.6,15.718078961409503,5.773910982876581
Liverpool,Bournemouth,2020-03-07,1920,2,1,H,7,7,150,12,7,15,0.6363636363636364,0.6363636363636364,0.6,26.999881743775944,12.544393832579093
Crystal Palace,Watford,2020-03-07,1920,1,0,H,7,7,150,6,4,15,0.6363636363636364,0.6363636363636364,0.6,9.538048598008546,8.422285897273667
Chelsea,Everton,2020-03-08,1920,4,0,H,8,7,150,6,8,15,0.6666666666666666,0.6363636363636364,0.6,11.476076909979167,16.849252611844214
Man United,Man City,2020-03-08,1920,2,0,H,7,15,10,8,10,15,0.6363636363636364,0.7894736842105263,0.09090909090909091,14.676941280111585,20.45570069547024
Leicester,Aston Villa,2020-03-09,1920,4,0,H,10,16,150,5,4,15,0.7142857142857143,0.8,0.6,10.587789005294137,9.388941463183833
Aston Villa,Sheffield United,2020-06-17,1920,0,0,D,21,21,150,3,10,14,0.84,0.84,0.6,7.694470731591917,18.020728953182697
Man City,Arsenal,2020-06-17,1920,3,0,H,21,21,295,9,11,14,0.84,0.84,0.7468354430379747,19.22785034773512,18.85903948070475
Tottenham,Man United,2020-06-19,1920,1,1,D,21,21,300,7,11,15,0.84,0.84,0.75,16.018220642746524,18.338470640055792
Norwich,Southampton,2020-06-19,1920,0,3,A,21,21,150,4,3,15,0.84,0.84,0.6,8.082234987633186,9.451896024350486
Bournemouth,Crystal Palace,2020-06-20,1920,0,2,A,21,21,150,4,9,15,0.84,0.84,0.6,10.272196916289547,13.769024299004272
West Ham,Wolves,2020-06-20,1920,0,2,A,21,21,150,4,9,15,0.84,0.84,0.6,6.8869554914382904,16.406856192483424
Watford,Leicester,2020-06-20,1920,1,1,D,21,21,150,4,5,15,0.84,0.84,0.6,8.211142948636834,10.293894502647069
Brighton,Arsenal,2020-06-20,1920,2,1,H,21,3,150,4,10,15,0.84,0.42857142857142855,0.6,7.3672208478011445,19.429519740352376
Newcastle,Sheffield United,2020-06-21,1920,3,0,H,21,4,150,5,11,15,0.84,0.5,0.6,9.166121510687251,20.01036447659135
Aston Villa,Chelsea,2020-06-21,1920,1,2,A,4,21,150,1,8,15,0.5,0.84,0.6,4.847235365795958,13.738038454989583
Everton,Liverpool,2020-06-21,1920,0,0,D,21,21,150,7,12,15,0.84,0.84,0.6,15.424626305922107,25.499940871887972
Man City,Burnley,2020-06-22,1920,5,0,H,5,21,150,9,9,15,0.5555555555555556,0.84,0.6,18.61392517386756,19.742184341185016
Leicester,Brighton,2020-06-23,1920,0,0,D,3,3,150,5,6,16,0.42857142857142855,0.42857142857142855,0.6,10.146947251323535,9.683610423900571
Tottenham,West Ham,2020-06-23,1920,2,0,H,4,3,150,5,3,16,0.5,0.42857142857142855,0.6,13.009110321373262,6.443477745719145
Norwich,Everton,2020-06-24,1920,0,1,A,5,3,150,3,5,16,0.5555555555555556,0.42857142857142855,0.6,7.041117493816593,12.712313152961054
Liverpool,Crystal Palace,2020-06-24,1920,4,0,H,3,4,150,10,12,16,0.42857142857142855,0.5,0.6,22.749970435943986,18.884512149502136
Wolves,Bournemouth,2020-06-24,1920,1,0,H,4,4,150,11,1,16,0.5,0.5,0.6,19.203428096241712,6.136098458144773
Newcastle,Aston Villa,2020-06-24,1920,1,1,D,3,3,150,7,1,16,0.42857142857142855,0.42857142857142855,0.6,11.583060755343626,3.423617682897979
Man United,Sheffield United,2020-06-24,1920,3,0,H,5,3,150,11,8,16,0.5555555555555556,0.42857142857142855,0.6,20.169235320027894,18.005182238295674
Burnley,Watford,2020-06-25,1920,1,0,H,3,5,150,8,5,16,0.42857142857142855,0.5555555555555556,0.6,17.871092170592508,9.105571474318417
Southampton,Arsenal,2020-06-25,1920,0,2,A,6,5,150,6,9,16,0.6,0.5555555555555556,0.6,10.725948012175243,18.714759870176188
Chelsea,Man City,2020-06-25,1920,2,1,H,4,3,300,10,12,16,0.5,0.42857142857142855,0.75,16.869019227494793,21.30696258693378
Aston Villa,Wolves,2020-06-27,1920,0,1,A,3,3,150,2,13,16,0.42857142857142855,0.42857142857142855,0.6,3.7118088414489896,22.601714048120854
Watford,Southampton,2020-06-28,1920,1,3,A,3,3,150,4,6,16,0.42857142857142855,0.42857142857142855,0.6,8.552785737159208,11.362974006087622
Crystal Palace,Burnley,2020-06-29,1920,0,1,A,5,4,150,12,8,16,0.5555555555555556,0.5,0.6,21.442256074751068,16.935546085296252
Brighton,Man United,2020-06-30,1920,0,3,A,7,6,150,6,11,16,0.6363636363636364,0.6,0.6,10.841805211950286,21.084617660013947
West Ham,Chelsea,2020-07-01,1920,3,2,H,8,6,150,3,13,16,0.6666666666666666,0.6,0.6,6.221738872859572,21.434509613747394
Bournemouth,Newcastle,2020-07-01,1920,1,4,A,7,7,150,1,8,16,0.6363636363636364,0.6363636363636364,0.6,4.068049229072386,13.791530377671812
Arsenal,Norwich,2020-07-01,1920,4,0,H,6,7,150,9,3,16,0.6,0.6363636363636364,0.6,18.357379935088094,6.520558746908296
Everton,Leicester,2020-07-01,1920,2,1,H,7,8,150,5,5,16,0.6363636363636364,0.6666666666666666,0.6,11.356156576480526,10.073473625661768
Sheffield United,Tottenham,2020-07-02,1920,3,1,H,8,9,150,5,5,16,0.6666666666666666,0.6923076923076923,0.6,14.002591119147837,11.504555160686632
Man City,Liverpool,2020-07-02,1920,4,0,H,7,8,55,9,10,16,0.6363636363636364,0.6666666666666666,0.3548387096774194,19.65348129346689,21.374985217971993
Norwich,Brighton,2020-07-04,1920,0,1,A,3,4,150,3,5,17,0.42857142857142855,0.5,0.6,6.260279373454148,10.420902605975144
Leicester,Crystal Palace,2020-07-04,1920,3,0,H,3,5,150,5,9,17,0.42857142857142855,0.5555555555555556,0.6,10.036736812830885,19.721128037375536
Man United,Bournemouth,2020-07-04,1920,5,2,H,4,3,150,11,1,17,0.5,0.42857142857142855,0.6,21.542308830006974,3.034024614536193
Wolves,Arsenal,2020-07-04,1920,0,2,A,7,3,150,13,9,17,0.6363636363636364,0.42857142857142855,0.6,24.300857024060427,18.178689967544045
Chelsea,Watford,2020-07-04,1920,3,0,H,3,6,150,10,4,17,0.42857142857142855,0.6,0.6,20.717254806873697,8.276392868579604
Southampton,Man City,2020-07-05,1920,1,0,H,7,3,150,6,9,17,0.6363636363636364,0.42857142857142855,0.6,11.681487003043811,18.826740646733445
Liverpool,Aston Villa,2020-07-05,1920,2,0,H,3,8,150,7,2,17,0.42857142857142855,0.6666666666666666,0.6,17.687492608986,3.855904420724495
Burnley,Sheffield United,2020-07-05,1920,1,1,D,6,3,150,8,7,17,0.6,0.42857142857142855,0.6,16.467773042648126,14.001295559573919
Newcastle,West Ham,2020-07-05,1920,2,2,D,4,4,150,11,6,17,0.5,0.5,0.6,17.895765188835906,9.110869436429786
Tottenham,Everton,2020-07-06,1920,1,0,H,4,5,150,5,8,17,0.5,0.5555555555555556,0.6,10.752277580343316,13.678078288240263
Crystal Palace,Chelsea,2020-07-07,1920,2,3,A,3,3,150,6,12,17,0.42857142857142855,0.42857142857142855,0.6,15.860564018687768,22.35862740343685
Watford,Norwich,2020-07-07,1920,2,1,H,3,3,150,1,0,17,0.42857142857142855,0.42857142857142855,0.6,5.138196434289802,3.130139686727074
Arsenal,Leicester,2020-07-07,1920,1,1,D,3,3,150,9,8,17,0.42857142857142855,0.42857142857142855,0.6,18.089344983772023,13.018368406415442
Brighton,Liverpool,2020-07-08,1920,1,3,A,4,3,150,8,10,17,0.5,0.42857142857142855,0.6,13.210451302987572,18.843746304493
West Ham,Burnley,2020-07-08,1920,0,1,A,3,3,150,4,8,17,0.42857142857142855,0.42857142857142855,0.6,8.555434718214894,16.233886521324063
Sheffield United,Wolves,2020-07-08,1920,1,0,H,3,4,150,5,10,17,0.42857142857142855,0.5,0.6,12.00064777978696,22.150428512030214
Man City,Newcastle,2020-07-08,1920,5,0,H,3,3,150,9,11,17,0.42857142857142855,0.42857142857142855,0.6,18.41337032336672,19.947882594417955
Bournemouth,Tottenham,2020-07-09,1920,0,0,D,5,3,150,0,8,17,0.5555555555555556,0.42857142857142855,0.6,1.5170123072680965,13.376138790171659
Everton,Southampton,2020-07-09,1920,1,1,D,3,4,150,7,9,17,0.42857142857142855,0.5,0.6,13.839039144120132,14.840743501521906
Aston Villa,Man United,2020-07-09,1920,0,3,A,4,5,150,2,13,17,0.5,0.5555555555555556,0.6,3.9279522103622475,23.771154415003487
Norwich,West Ham,2020-07-11,1920,0,4,A,4,3,150,0,4,18,0.5,0.42857142857142855,0.6,1.565069843363537,8.277717359107447
Watford,Newcastle,2020-07-11,1920,2,1,H,4,3,150,4,8,18,0.5,0.42857142857142855,0.6,6.5690982171449015,17.973941297208977
Liverpool,Burnley,2020-07-11,1920,1,1,D,3,3,150,10,10,18,0.42857142857142855,0.42857142857142855,0.6,19.421873152246498,18.116943260662033
Sheffield United,Chelsea,2020-07-11,1920,3,0,H,3,4,150,7,12,18,0.42857142857142855,0.5,0.6,13.00032388989348,23.179313701718424
Brighton,Man City,2020-07-11,1920,0,5,A,3,3,150,7,9,18,0.42857142857142855,0.42857142857142855,0.6,13.605225651493786,18.20668516168336
Wolves,Everton,2020-07-12,1920,3,0,H,4,3,150,9,8,18,0.5,0.42857142857142855,0.6,20.07521425601511,14.919519572060066
Aston Villa,Crystal Palace,2020-07-12,1920,2,0,H,3,5,150,1,3,18,0.42857142857142855,0.5555555555555556,0.6,2.963976105181124,10.930282009343884
Tottenham,Arsenal,2020-07-12,1920,2,1,H,3,5,10,8,10,18,0.42857142857142855,0.5555555555555556,0.09090909090909091,14.68806939508583,19.04467249188601
Bournemouth,Leicester,2020-07-12,1920,4,1,H,3,5,150,1,6,18,0.42857142857142855,0.5555555555555556,0.6,1.7585061536340483,12.50918420320772
Man United,Southampton,2020-07-13,1920,2,2,D,4,4,150,13,10,18,0.5,0.5,0.6,24.885577207501743,17.420371750760953
Chelsea,Norwich,2020-07-14,1920,1,0,H,3,3,150,9,0,18,0.42857142857142855,0.42857142857142855,0.6,20.589656850859214,0.7825349216817685
Man City,Bournemouth,2020-07-15,1920,2,1,H,4,3,150,9,4,18,0.5,0.42857142857142855,0.6,18.10334258084168,4.879253076817024
Newcastle,Tottenham,2020-07-15,1920,1,3,A,4,3,150,5,10,18,0.5,0.42857142857142855,0.6,13.986970648604489,17.344034697542916
Burnley,Wolves,2020-07-15,1920,1,1,D,4,3,150,11,9,18,0.5,0.42857142857142855,0.6,20.058471630331017,19.037607128007554
Arsenal,Liverpool,2020-07-15,1920,2,1,H,3,4,290,10,10,18,0.42857142857142855,0.5,0.7435897435897436,19.522336245943006,19.71093657612325
Southampton,Brighton,2020-07-16,1920,1,1,D,3,5,150,8,4,18,0.42857142857142855,0.5555555555555556,0.6,16.710185875380475,10.802612825746893
Crystal Palace,Man United,2020-07-16,1920,0,2,A,4,3,150,0,13,18,0.5,0.42857142857142855,0.6,5.465141004671942,25.44278860375087
Everton,Aston Villa,2020-07-16,1920,1,1,D,4,4,150,7,4,18,0.5,0.5,0.6,14.459759786030034,5.481988052590562
Leicester,Sheffield United,2020-07-16,1920,2,0,H,4,5,150,5,10,18,0.5,0.5555555555555556,0.6,11.25459210160386,16.50016194494674
West Ham,Watford,2020-07-17,1920,3,1,H,6,6,150,7,6,18,0.6,0.6,0.6,11.138858679553724,9.28454910857245
Norwich,Burnley,2020-07-18,1920,0,2,A,4,3,150,0,9,19,0.5,0.42857142857142855,0.6,0.39126746084088426,19.029235815165507
Bournemouth,Southampton,2020-07-19,1920,0,2,A,4,3,150,4,9,19,0.5,0.42857142857142855,0.6,6.439626538408512,17.355092937690237
Tottenham,Leicester,2020-07-19,1920,3,0,H,4,3,150,10,7,19,0.5,0.42857142857142855,0.6,18.67201734877146,12.627296050801931
Brighton,Newcastle,2020-07-20,1920,0,0,D,4,5,150,4,4,19,0.5,0.5555555555555556,0.6,9.401306412873446,10.993485324302245
Sheffield United,Everton,2020-07-20,1920,0,1,A,4,4,150,10,5,19,0.5,0.5,0.6,18.25008097247337,12.229879893015017
Wolves,Crystal Palace,2020-07-20,1920,2,0,H,5,4,150,7,0,19,0.5555555555555556,0.5,0.6,16.518803564003775,2.732570502335971
Watford,Man City,2020-07-21,1920,0,4,A,4,6,150,6,12,19,0.5,0.6,0.6,10.642274554286224,21.051671290420842
Aston Villa,Arsenal,2020-07-21,1920,1,0,H,5,6,150,4,10,19,0.5555555555555556,0.6,0.6,6.740994026295281,19.761168122971505
Man United,West Ham,2020-07-22,1920,1,1,D,6,5,150,13,10,19,0.6,0.5555555555555556,0.6,25.721394301875435,15.569429339776862
Liverpool,Chelsea,2020-07-22,1920,5,3,H,7,8,295,7,9,19,0.6363636363636364,0.6666666666666666,0.7468354430379747,16.855468288061623,19.294828425429607
West Ham,Aston Villa,2020-07-26,1920,1,1,D,4,5,150,8,7,19,0.5,0.5555555555555556,0.6,15.78471466988843,10.370497013147641
Southampton,Sheffield United,2020-07-26,1920,3,1,H,7,6,150,9,7,19,0.6363636363636364,0.6,0.6,17.67754646884512,16.125040486236685
Newcastle,Liverpool,2020-07-26,1920,1,3,A,6,4,150,2,10,19,0.6,0.5,0.6,7.496742662151123,18.42773414403081
Leicester,Man United,2020-07-26,1920,0,2,A,7,4,150,7,11,19,0.6363636363636364,0.5,0.6,13.313648025400965,23.860697150937717
Man City,Norwich,2020-07-26,1920,5,0,H,5,8,150,12,0,19,0.5555555555555556,0.6666666666666666,0.6,22.52583564521042,0.19563373042044213
Crystal Palace,Tottenham,2020-07-26,1920,1,1,D,6,7,150,0,13,19,0.6,0.6363636363636364,0.6,1.3662852511679855,22.33600867438573
Everton,Bournemouth,2020-07-26,1920,1,3,A,6,7,150,5,4,19,0.6,0.6363636363636364,0.6,11.114939946507508,7.219813269204256
Chelsea,Wolves,2020-07-26,1920,2,0,H,4,6,150,9,7,19,0.5,0.6,0.6,18.647414212714803,15.259401782001888
Burnley,Brighton,2020-07-26,1920,1,2,A,8,6,150,9,5,19,0.6666666666666666,0.6,0.6,18.514617907582753,9.700653206436723
Arsenal,Watford,2020-07-26,1920,3,2,H,5,5,150,7,6,19,0.5555555555555556,0.5555555555555556,0.6,16.880584061485752,11.321137277143112
Fulham,Arsenal,2020-09-12,2021,0,3,A,21,21,150,9,7,1,0.84,0.84,0.6,16.69362620692118,15.440292030742876
Crystal Palace,Southampton,2020-09-12,2021,1,0,H,21,21,150,1,9,1,0.84,0.84,0.6,1.6831426255839927,17.83877323442256
Liverpool,Leeds,2020-09-12,2021,4,3,H,21,14,150,10,0,1,0.84,0.7777777777777778,0.6,19.213867072015404,0.0
West Ham,Newcastle,2020-09-12,2021,0,2,A,21,21,150,8,1,1,0.84,0.84,0.6,15.892357334944215,4.748371331075561
Tottenham,Everton,2020-09-13,2021,0,1,A,21,21,150,11,5,1,0.84,0.84,0.6,22.168004337192865,10.557469973253754
West Brom,Leicester,2020-09-13,2021,0,3,A,21,21,150,10,4,1,0.84,0.84,0.6,18.4113562905437,10.656824012700483
Brighton,Chelsea,2020-09-14,2021,1,3,A,21,21,150,5,9,1,0.84,0.84,0.6,9.850326603218361,18.323707106357404
Sheffield United,Wolves,2020-09-14,2021,0,2,A,21,21,150,6,7,1,0.84,0.84,0.6,14.062520243118342,14.629700891000944
Everton,West Brom,2020-09-19,2021,5,2,H,6,6,150,7,7,1,0.6,0.6,0.6,12.278734986626876,16.20567814527185
Leeds,Fulham,2020-09-19,2021,4,3,H,7,7,150,0,6,1,0.6363636363636364,0.6363636363636364,0.6,0.0,14.34681310346059
Man United,Crystal Palace,2020-09-19,2021,1,3,A,21,7,150,11,4,1,0.84,0.6363636363636364,0.6,22.93034857546886,4.841571312791997
Arsenal,West Ham,2020-09-19,2021,2,1,H,7,7,150,9,8,1,0.6363636363636364,0.6363636363636364,0.6,16.720146015371437,15.946178667472108
Chelsea,Liverpool,2020-09-20,2021,0,2,A,6,8,295,9,10,1,0.6,0.6666666666666666,0.7468354430379747,18.1618535531787,19.606933536007702
Southampton,Tottenham,2020-09-20,2021,2,5,A,8,7,150,8,10,1,0.6666666666666666,0.6363636363636364,0.6,16.91938661721128,21.084002168596435
Newcastle,Brighton,2020-09-20,2021,0,3,A,8,6,150,4,5,1,0.6666666666666666,0.6,0.6,6.37418566553778,9.925163301609182
Leicester,Burnley,2020-09-20,2021,4,2,H,7,21,150,6,8,1,0.6363636363636364,0.84,0.6,11.328412006350241,17.257308953791377
Wolves,Man City,2020-09-21,2021,1,3,A,7,21,150,10,15,1,0.6363636363636364,0.84,0.6,17.314850445500472,26.26291782260521
Aston Villa,Sheffield United,2020-09-21,2021,1,0,H,21,7,150,8,3,1,0.84,0.6363636363636364,0.6,13.18524850657382,10.031260121559171
Brighton,Man United,2020-09-26,2021,2,3,A,6,7,150,8,8,2,0.6,0.6363636363636364,0.6,12.96258165080459,19.465174287734428
Crystal Palace,Everton,2020-09-26,2021,1,2,A,7,7,150,7,10,2,0.6363636363636364,0.6363636363636364,0.6,9.420785656396,16.139367493313436
West Brom,Chelsea,2020-09-26,2021,3,3,D,7,6,150,6,9,2,0.6363636363636364,0.6,0.6,14.102839072635925,18.08092677658935
Burnley,Southampton,2020-09-26,2021,0,1,A,6,6,150,5,7,1,0.6,0.6,0.6,13.628654476895688,15.45969330860564
West Ham,Wolves,2020-09-27,2021,4,0,H,8,6,150,5,7,2,0.6666666666666666,0.6,0.6,12.973089333736054,15.657425222750236
Sheffield United,Leeds,2020-09-27,2021,0,1,A,6,8,150,0,3,2,0.6,0.6666666666666666,0.6,5.015630060779586,3.0
Tottenham,Newcastle,2020-09-27,2021,1,1,D,7,7,150,10,4,2,0.6363636363636364,0.6363636363636364,0.6,20.542001084298217,7.18709283276889
Man City,Leicester,2020-09-27,2021,2,5,A,6,7,150,15,9,1,0.6,0.6363636363636364,0.6,28.131458911302605,14.66420600317512
Fulham,Aston Villa,2020-09-28,2021,0,3,A,9,7,150,3,11,2,0.6923076923076923,0.6363636363636364,0.6,10.173406551730295,17.59262425328691
Liverpool,Arsenal,2020-09-28,2021,3,1,H,8,9,290,12,12,2,0.6666666666666666,0.6923076923076923,0.7435897435897436,21.80346676800385,20.36007300768572
Chelsea,Crystal Palace,2020-10-03,2021,4,0,H,7,7,150,7,7,2,0.6363636363636364,0.6363636363636364,0.6,16.040463388294675,11.710392828198
Everton,Brighton,2020-10-03,2021,4,2,H,7,7,150,12,7,2,0.6363636363636364,0.6363636363636364,0.6,20.069683746656718,13.481290825402295
Leeds,Man City,2020-10-03,2021,1,1,D,6,6,150,6,12,2,0.6,0.6,0.6,7.5,26.0657294556513
Newcastle,Burnley,2020-10-03,2021,3,1,H,6,7,150,5,4,2,0.6,0.6363636363636364,0.6,8.593546416384445,10.814327238447845
Aston Villa,Liverpool,2020-10-04,2021,7,2,H,6,6,150,11,15,2,0.6,0.6,0.6,19.796312126643457,25.901733384001925
Wolves,Fulham,2020-10-04,2021,1,0,H,7,6,150,6,0,2,0.6363636363636364,0.6,0.6,13.828712611375117,5.086703275865148
Man United,Tottenham,2020-10-04,2021,1,6,A,8,7,300,10,8,2,0.6666666666666666,0.6363636363636364,0.75,19.732587143867214,18.27100054214911
Southampton,West Brom,2020-10-04,2021,2,0,H,8,8,150,9,4,2,0.6666666666666666,0.6666666666666666,0.6,16.72984665430282,11.051419536317962
Arsenal,Sheffield United,2020-10-04,2021,2,1,H,6,7,150,9,0,2,0.6,0.6363636363636364,0.6,19.18003650384286,2.507815030389793
Leicester,West Ham,2020-10-04,2021,0,3,A,7,7,150,9,5,2,0.6363636363636364,0.6363636363636364,0.6,16.332103001587562,11.486544666868028
Everton,Liverpool,2020-10-17,2021,2,2,D,14,13,150,12,12,3,0.7777777777777778,0.7647058823529411,0.6,22.03484187332836,24.950866692000965
Chelsea,Southampton,2020-10-17,2021,3,3,D,14,13,150,10,9,3,0.7777777777777778,0.7647058823529411,0.6,18.020231694147338,17.36492332715141
Man City,Arsenal,2020-10-17,2021,1,0,H,14,13,295,10,12,2,0.7777777777777778,0.7647058823529411,0.7468354430379747,23.03286472782565,21.59001825192143
Newcastle,Man United,2020-10-17,2021,1,4,A,14,13,150,7,7,3,0.7777777777777778,0.7647058823529411,0.6,11.296773208192223,16.866293571933607
Tottenham,West Ham,2020-10-18,2021,3,3,D,14,14,150,8,7,3,0.7777777777777778,0.7777777777777778,0.6,17.135500271074555,12.743272333434014
Leicester,Aston Villa,2020-10-18,2021,0,1,A,14,14,150,9,13,3,0.7777777777777778,0.7777777777777778,0.6,17.16605150079378,22.89815606332173
Sheffield United,Fulham,2020-10-18,2021,1,1,D,14,14,150,0,0,3,0.7777777777777778,0.7777777777777778,0.6,1.2539075151948964,2.543351637932574
Crystal Palace,Brighton,2020-10-18,2021,1,1,D,15,15,150,7,6,3,0.7894736842105263,0.7894736842105263,0.6,12.855196414099,12.740645412701149
West Brom,Burnley,2020-10-19,2021,0,0,D,15,16,150,1,3,3,0.7894736842105263,0.8,0.6,6.525709768158981,8.407163619223923
Leeds,Wolves,2020-10-19,2021,0,1,A,16,15,150,7,6,3,0.8,0.7894736842105263,0.6,10.75,12.914356305687559
Aston Villa,Leeds,2020-10-23,2021,0,3,A,5,4,150,13,7,3,0.5555555555555556,0.5,0.6,24.449078031660864,12.375
West Ham,Man City,2020-10-24,2021,1,1,D,6,7,150,7,10,3,0.6,0.6363636363636364,0.6,13.371636166717007,21.516432363912827
Fulham,Crystal Palace,2020-10-24,2021,1,2,A,6,6,150,1,7,3,0.6,0.6,0.6,2.271675818966287,13.427598207049499
Man United,Chelsea,2020-10-24,2021,0,0,D,7,7,305,9,8,3,0.6363636363636364,0.6363636363636364,0.7530864197530864,17.433146785966805,17.01011584707367
Liverpool,Sheffield United,2020-10-24,2021,2,1,H,7,6,150,10,1,3,0.6363636363636364,0.6,0.6,22.475433346000482,1.6269537575974482
Wolves,Newcastle,2020-10-25,2021,1,1,D,6,8,150,9,7,3,0.6,0.6666666666666666,0.6,15.45717815284378,12.64838660409611
Southampton,Everton,2020-10-25,2021,2,0,H,8,8,150,7,13,3,0.6666666666666666,0.6666666666666666,0.6,15.682461663575705,24.01742093666418
Arsenal,Leicester,2020-10-25,2021,0,1,A,8,7,150,9,9,3,0.6666666666666666,0.6363636363636364,0.6,19.795009125960714,17.583025750396892
Brighton,West Brom,2020-10-26,2021,1,1,D,8,7,150,4,2,3,0.6666666666666666,0.6363636363636364,0.6,10.370322706350574,5.26285488407949
Burnley,Tottenham,2020-10-26,2021,0,1,A,7,8,150,1,8,2,0.6363636363636364,0.6666666666666666,0.6,5.203581809611961,16.567750135537278
Wolves,Crystal Palace,2020-10-30,2021,2,0,H,5,6,150,7,7,4,0.5555555555555556,0.6,0.6,14.72858907642189,13.71379910352475
Sheffield United,Man City,2020-10-31,2021,0,1,A,7,7,150,1,8,4,0.6363636363636364,0.6363636363636364,0.6,1.813476878798724,18.758216181956413
Burnley,Chelsea,2020-10-31,2021,0,3,A,5,7,150,1,6,3,0.5555555555555556,0.6363636363636364,0.6,3.6017909048059806,14.505057923536835
Liverpool,West Ham,2020-10-31,2021,2,1,H,7,7,150,10,8,4,0.6363636363636364,0.6363636363636364,0.6,21.237716673000243,14.685818083358503
Aston Villa,Southampton,2020-11-01,2021,3,4,A,9,7,150,12,10,4,0.6923076923076923,0.6363636363636364,0.6,24.22453901583043,17.841230831787854
Newcastle,Everton,2020-11-01,2021,2,1,H,7,7,150,5,10,4,0.6363636363636364,0.6363636363636364,0.6,11.324193302048055,22.00871046833209
Man United,Arsenal,2020-11-01,2021,0,1,A,8,7,295,7,6,4,0.6666666666666666,0.6363636363636364,0.7468354430379747,15.716573392983403,15.897504562980357
Tottenham,Brighton,2020-11-01,2021,2,1,H,6,6,150,11,5,4,0.6,0.6,0.6,19.28387506776864,10.185161353175287
Fulham,West Brom,2020-11-02,2021,2,0,H,9,7,150,1,3,4,0.6923076923076923,0.6363636363636364,0.6,2.1358379094831434,5.631427442039746
Leeds,Leicester,2020-11-02,2021,1,4,A,10,8,150,10,9,4,0.7142857142857143,0.6666666666666666,0.6,16.1875,17.791512875198446
Brighton,Burnley,2020-11-06,2021,0,0,D,5,6,150,2,1,4,0.5555555555555556,0.6,0.6,7.092580676587644,2.8008954524029903
Southampton,Newcastle,2020-11-06,2021,2,0,H,5,5,150,13,8,4,0.5555555555555556,0.5555555555555556,0.6,21.920615415893927,13.662096651024028
Everton,Man United,2020-11-07,2021,1,3,A,6,6,150,7,7,4,0.6,0.6,0.6,18.004355234166045,14.858286696491701
Crystal Palace,Leeds,2020-11-07,2021,4,1,H,8,5,150,4,7,4,0.6666666666666666,0.5555555555555556,0.6,10.856899551762375,15.09375
Chelsea,Sheffield United,2020-11-07,2021,4,1,H,7,7,150,9,1,4,0.6363636363636364,0.6363636363636364,0.6,16.25252896176842,1.906738439399362
West Ham,Fulham,2020-11-07,2021,1,0,H,7,5,150,8,4,4,0.6363636363636364,0.5555555555555556,0.6,15.342909041679253,5.067918954741572
Man City,Liverpool,2020-11-08,2021,1,1,D,8,8,55,8,10,3,0.6666666666666666,0.6666666666666666,0.3548387096774194,17.379108090978207,20.61885833650012
Arsenal,Aston Villa,2020-11-08,2021,0,3,A,7,7,150,6,9,4,0.6363636363636364,0.6363636363636364,0.6,13.94875228149018,21.112269507915215
West Brom,Tottenham,2020-11-08,2021,0,1,A,6,7,150,3,11,4,0.6,0.6363636363636364,0.6,5.815713721019873,20.64193753388432
Leicester,Wolves,2020-11-08,2021,1,0,H,6,9,150,9,10,4,0.6,0.6923076923076923,0.6,17.895756437599225,17.364294538210945
Newcastle,Chelsea,2020-11-21,2021,0,2,A,15,14,150,7,11,5,0.7894736842105263,0.7777777777777778,0.6,13.831048325512015,19.12626448088421
Aston Villa,Brighton,2020-11-21,2021,1,2,A,13,15,150,9,3,5,0.7647058823529411,0.7894736842105263,0.6,19.556134753957608,6.546290338293822
Tottenham,Man City,2020-11-21,2021,2,0,H,13,13,295,13,9,5,0.7647058823529411,0.7647058823529411,0.7468354430379747,23.32096876694216,17.689554045489103
Man United,West Brom,2020-11-21,2021,1,0,H,14,13,150,7,2,5,0.7777777777777778,0.7647058823529411,0.6,14.429143348245852,4.907856860509936
Leeds,Arsenal,2020-11-22,2021,0,0,D,15,14,150,4,6,5,0.7894736842105263,0.7777777777777778,0.6,11.546875,12.97437614074509
Liverpool,Leicester,2020-11-22,2021,3,0,H,14,14,150,8,9,5,0.7777777777777778,0.7777777777777778,0.6,18.309429168250063,17.947878218799612
Fulham,Everton,2020-11-22,2021,2,3,A,15,15,150,4,4,5,0.7894736842105263,0.7894736842105263,0.6,6.533959477370786,13.002177617083023
Sheffield United,West Ham,2020-11-22,2021,0,1,A,15,15,150,1,8,5,0.7894736842105263,0.7894736842105263,0.6,1.953369219699681,15.671454520839626
Burnley,Crystal Palace,2020-11-23,2021,1,0,H,17,16,150,2,7,4,0.8095238095238095,0.8,0.6,3.400447726201495,12.428449775881187
Wolves,Southampton,2020-11-23,2021,1,1,D,15,17,150,10,13,5,0.7894736842105263,0.8095238095238095,0.6,18.68214726910547,23.960307707946964
Crystal Palace,Newcastle,2020-11-27,2021,0,2,A,4,6,150,7,4,5,0.5,0.6,0.6,13.214224887940594,10.915524162756007
Brighton,Liverpool,2020-11-28,2021,1,1,D,7,6,150,6,11,5,0.6363636363636364,0.6,0.6,9.273145169146911,20.15471458412503
Man City,Burnley,2020-11-28,2021,5,0,H,7,5,150,8,5,4,0.6363636363636364,0.5555555555555556,0.6,16.84477702274455,6.700223863100748
Everton,Leeds,2020-11-28,2021,0,1,A,6,6,150,4,4,5,0.6,0.6,0.6,10.50108880854151,9.7734375
West Brom,Sheffield United,2020-11-28,2021,1,0,H,7,6,150,2,1,5,0.6363636363636364,0.6,0.6,4.453928430254968,1.9766846098498405
Chelsea,Tottenham,2020-11-29,2021,0,0,D,8,8,11,11,13,5,0.6666666666666666,0.6666666666666666,0.0990990990990991,20.563132240442105,24.66048438347108
Southampton,Man United,2020-11-29,2021,2,3,A,6,8,150,11,10,5,0.6,0.6666666666666666,0.6,22.980153853973484,17.214571674122926
Arsenal,Wolves,2020-11-29,2021,1,2,A,7,6,150,4,8,5,0.6363636363636364,0.6,0.6,10.487188070372545,17.341073634552735
West Ham,Aston Villa,2020-11-30,2021,2,1,H,8,9,150,8,6,5,0.6666666666666666,0.6923076923076923,0.6,15.835727260419812,15.778067376978804
Leicester,Fulham,2020-11-30,2021,1,2,A,8,8,150,9,4,5,0.6666666666666666,0.6666666666666666,0.6,17.973939109399808,7.266979738685393
Burnley,Everton,2020-12-05,2021,1,1,D,7,7,150,4,3,5,0.6363636363636364,0.6363636363636364,0.6,7.350111931550374,8.250544404270755
Man City,Fulham,2020-12-05,2021,2,0,H,7,5,150,8,6,5,0.6363636363636364,0.5555555555555556,0.6,16.422388511372276,9.633489869342696
West Ham,Man United,2020-12-05,2021,1,3,A,5,6,150,10,10,6,0.5555555555555556,0.6,0.6,17.917863630209908,18.60728583706146
Chelsea,Leeds,2020-12-05,2021,3,1,H,6,7,150,11,7,6,0.6,0.6363636363636364,0.6,21.28156612022105,11.88671875
Liverpool,Wolves,2020-12-06,2021,4,0,H,8,7,150,11,8,6,0.6666666666666666,0.6363636363636364,0.6,21.077357292062516,16.670536817276368
West Brom,Crystal Palace,2020-12-06,2021,1,5,A,8,9,150,4,6,6,0.6666666666666666,0.6923076923076923,0.6,6.226964215127484,12.607112443970298
Sheffield United,Leicester,2020-12-06,2021,1,2,A,8,6,150,0,9,6,0.6666666666666666,0.6,0.6,0.9883423049249203,17.986969554699904
Tottenham,Arsenal,2020-12-06,2021,2,0,H,7,7,10,13,4,6,0.6363636363636364,0.6363636363636364,0.09090909090909091,25.33024219173554,9.243594035186273
Brighton,Southampton,2020-12-07,2021,1,2,A,9,8,150,6,10,6,0.6923076923076923,0.6666666666666666,0.6,10.636572584573456,21.49007692698674
Leeds,West Ham,2020-12-11,2021,1,2,A,6,6,150,4,9,6,0.6,0.6,0.6,9.943359375,17.958931815104954
Wolves,Aston Villa,2020-12-12,2021,0,1,A,6,12,150,7,3,6,0.6,0.75,0.6,15.335268408638184,10.889033688489402
Newcastle,West Brom,2020-12-12,2021,2,1,H,15,6,150,7,3,6,0.7894736842105263,0.6,0.6,12.457762081378004,6.113482107563742
Man United,Man City,2020-12-12,2021,0,0,D,7,7,10,12,10,6,0.6363636363636364,0.6363636363636364,0.09090909090909091,21.30364291853073,18.211194255686138
Everton,Chelsea,2020-12-12,2021,1,0,H,7,7,150,4,13,6,0.6363636363636364,0.6363636363636364,0.6,8.125272202135378,23.640783060110525
Leicester,Brighton,2020-12-13,2021,3,0,H,7,6,150,9,5,6,0.6363636363636364,0.6,0.6,17.993484777349952,10.318286292286729
Fulham,Liverpool,2020-12-13,2021,1,1,D,8,7,150,6,11,6,0.6666666666666666,0.6363636363636364,0.6,10.816744934671348,21.538678646031258
Arsenal,Burnley,2020-12-13,2021,0,1,A,7,8,150,4,5,6,0.6363636363636364,0.6666666666666666,0.6,8.621797017593137,8.675055965775186
Southampton,Sheffield United,2020-12-13,2021,3,0,H,6,7,150,10,0,6,0.6,0.6363636363636364,0.6,20.745038463493373,0.49417115246246013
Crystal Palace,Tottenham,2020-12-13,2021,1,1,D,7,7,150,6,13,6,0.6363636363636364,0.6363636363636364,0.6,12.303556221985149,25.665121095867768
Wolves,Chelsea,2020-12-15,2021,2,1,H,3,3,150,4,10,7,0.42857142857142855,0.42857142857142855,0.6,11.667634204319093,21.82039153005526
Man City,West Brom,2020-12-15,2021,1,1,D,3,3,150,8,3,6,0.42857142857142855,0.42857142857142855,0.6,17.10559712784307,6.056741053781871
West Ham,Crystal Palace,2020-12-16,2021,1,1,D,5,3,150,12,7,7,0.5555555555555556,0.42857142857142855,0.6,20.979465907552477,13.151778110992574
Fulham,Brighton,2020-12-16,2021,0,0,D,3,3,150,4,5,7,0.42857142857142855,0.42857142857142855,0.6,9.408372467335674,10.159143146143364
Liverpool,Tottenham,2020-12-16,2021,2,1,H,3,3,295,9,11,7,0.42857142857142855,0.42857142857142855,0.7468354430379747,19.76933932301563,23.832560547933884
Leeds,Newcastle,2020-12-16,2021,5,2,H,5,4,150,4,9,7,0.5555555555555556,0.5,0.6,8.9716796875,15.228881040689002
Arsenal,Southampton,2020-12-16,2021,1,1,D,3,3,150,1,10,7,0.42857142857142855,0.42857142857142855,0.6,5.310898508796568,20.372519231746686
Leicester,Everton,2020-12-16,2021,0,2,A,3,4,150,9,7,7,0.42857142857142855,0.5,0.6,17.996742388674974,11.062636101067689
Aston Villa,Burnley,2020-12-17,2021,0,0,D,5,4,150,6,8,6,0.5555555555555556,0.5,0.6,11.444516844244701,12.337527982887593
Sheffield United,Man United,2020-12-17,2021,2,3,A,4,5,150,0,13,7,0.5,0.5555555555555556,0.6,0.24708557623123006,23.651821459265364
Newcastle,Fulham,2020-12-19,2021,1,1,D,3,3,150,6,5,7,0.42857142857142855,0.42857142857142855,0.6,13.614440520344502,9.704186233667837
Crystal Palace,Liverpool,2020-12-19,2021,0,7,A,3,3,150,5,11,7,0.42857142857142855,0.42857142857142855,0.6,11.575889055496287,20.884669661507814
Southampton,Man City,2020-12-19,2021,0,1,A,3,4,150,8,8,7,0.42857142857142855,0.5,0.6,18.186259615873343,16.552798563921534
Everton,Arsenal,2020-12-19,2021,2,1,H,3,3,150,10,2,7,0.42857142857142855,0.42857142857142855,0.6,15.531318050533844,4.655449254398285
Tottenham,Leicester,2020-12-20,2021,0,2,A,4,4,150,8,6,7,0.5,0.5,0.6,19.91628027396694,14.998371194337487
Man United,Leeds,2020-12-20,2021,6,2,H,3,4,150,13,7,7,0.42857142857142855,0.5,0.6,24.82591072963268,11.48583984375
Brighton,Sheffield United,2020-12-20,2021,1,1,D,4,3,150,5,0,7,0.5,0.42857142857142855,0.6,10.079571573071682,0.12354278811561503
West Brom,Aston Villa,2020-12-20,2021,0,3,A,5,3,150,4,7,7,0.5555555555555556,0.42857142857142855,0.6,7.028370526890935,12.722258422122351
Burnley,Wolves,2020-12-21,2021,2,1,H,4,6,150,8,7,6,0.5,0.6,0.6,14.168763991443797,12.833817102159546
Chelsea,West Ham,2020-12-21,2021,3,0,H,6,5,150,7,10,7,0.6,0.5555555555555556,0.6,17.91019576502763,20.48973295377624
Man City,Newcastle,2020-12-26,2021,2,0,H,7,7,150,11,7,7,0.6363636363636364,0.6363636363636364,0.6,19.276399281960767,13.807220260172251
Arsenal,Chelsea,2020-12-26,2021,3,1,H,7,5,12,1,7,8,0.6363636363636364,0.5555555555555556,0.10714285714285714,3.3277246271991423,15.955097882513815
Sheffield United,Everton,2020-12-26,2021,0,1,A,6,7,150,1,10,8,0.6,0.6363636363636364,0.6,1.0617713940578075,17.76565902526692
Aston Villa,Crystal Palace,2020-12-26,2021,3,0,H,6,7,150,7,5,7,0.6,0.6363636363636364,0.6,13.361129211061176,10.787944527748143
Fulham,Southampton,2020-12-26,2021,0,0,D,7,7,150,6,7,8,0.6363636363636364,0.6363636363636364,0.6,10.852093116833919,16.09312980793667
Leicester,Man United,2020-12-26,2021,2,2,D,6,6,150,9,13,8,0.6,0.6,0.6,16.499185597168744,25.41295536481634
Leeds,Burnley,2020-12-27,2021,1,0,H,7,6,150,6,8,8,0.6363636363636364,0.6,0.6,11.742919921875,15.084381995721898
West Ham,Brighton,2020-12-27,2021,2,2,D,6,7,150,7,3,8,0.6,0.6363636363636364,0.6,17.24486647688812,8.039785786535841
Liverpool,West Brom,2020-12-27,2021,1,1,D,8,7,150,11,4,8,0.6666666666666666,0.6363636363636364,0.6,21.442334830753907,7.5141852634454676
Wolves,Tottenham,2020-12-27,2021,1,1,D,6,7,150,6,5,8,0.6,0.6363636363636364,0.6,12.416908551079773,14.95814013698347
Crystal Palace,Leicester,2020-12-28,2021,1,1,D,2,2,150,5,10,8,0.3333333333333333,0.3333333333333333,0.6,10.393972263874073,18.249592798584374
Chelsea,Aston Villa,2020-12-28,2021,1,1,D,2,2,150,6,10,8,0.3333333333333333,0.3333333333333333,0.6,13.977548941256908,16.680564605530588
Man United,Wolves,2020-12-29,2021,1,0,H,3,2,150,11,4,8,0.42857142857142855,0.3333333333333333,0.6,23.70647768240817,10.208454275539886
West Brom,Leeds,2020-12-29,2021,0,5,A,2,2,150,2,6,8,0.3333333333333333,0.3333333333333333,0.6,5.757092631722734,11.8714599609375
Southampton,West Ham,2020-12-29,2021,0,0,D,3,2,150,8,5,8,0.42857142857142855,0.3333333333333333,0.6,16.046564903968335,13.62243323844406
Burnley,Sheffield United,2020-12-29,2021,1,0,H,2,3,150,8,1,7,0.3333333333333333,0.42857142857142855,0.6,15.54219099786095,1.5308856970289038
Brighton,Arsenal,2020-12-29,2021,0,1,A,2,3,150,3,4,8,0.3333333333333333,0.42857142857142855,0.6,7.0198928932679205,5.663862313599571
Newcastle,Liverpool,2020-12-30,2021,0,0,D,4,3,150,7,11,8,0.5,0.42857142857142855,0.6,13.903610130086125,21.721167415376954
Everton,West Ham,2021-01-01,2021,0,1,A,6,3,150,13,6,8,0.6,0.42857142857142855,0.6,21.88282951263346,12.81121661922203
Man United,Aston Villa,2021-01-01,2021,2,1,H,3,4,150,11,11,9,0.42857142857142855,0.5,0.6,22.853238841204085,19.340282302765296
Tottenham,Leeds,2021-01-02,2021,3,0,H,6,4,150,5,9,8,0.6,0.5,0.6,12.479070068491735,14.93572998046875
Crystal Palace,Sheffield United,2021-01-02,2021,2,0,H,5,4,150,3,1,9,0.5555555555555556,0.5,0.6,8.196986131937036,1.7654428485144518
Brighton,Wolves,2021-01-02,2021,3,3,D,4,4,150,3,4,9,0.5,0.5,0.6,6.50994644663396,9.104227137769943
West Brom,Arsenal,2021-01-02,2021,0,4,A,4,4,150,2,7,9,0.5,0.5,0.6,4.878546315861367,9.831931156799786
Chelsea,Man City,2021-01-03,2021,1,3,A,6,8,300,4,11,9,0.6,0.6666666666666666,0.75,10.988774470628453,20.638199640980382
Newcastle,Leicester,2021-01-03,2021,1,2,A,4,6,150,5,8,9,0.5,0.6,0.6,11.951805065043063,17.124796399292187
Southampton,Liverpool,2021-01-04,2021,1,0,H,6,5,150,6,9,9,0.6,0.5555555555555556,0.6,14.023282451984167,19.860583707688477
Sheffield United,Newcastle,2021-01-12,2021,1,0,H,10,9,150,1,2,9,0.7142857142857143,0.6923076923076923,0.6,1.8827214242572259,7.975902532521531
Burnley,Man United,2021-01-12,2021,0,1,A,14,11,150,10,13,8,0.7777777777777778,0.7333333333333333,0.6,17.771095498930475,24.426619420602044
Wolves,Everton,2021-01-12,2021,1,2,A,10,11,150,5,12,9,0.7142857142857143,0.7333333333333333,0.6,9.552113568884971,22.941414756316732
Man City,Brighton,2021-01-13,2021,1,0,H,10,11,150,11,4,8,0.7142857142857143,0.7333333333333333,0.6,21.31909982049019,7.254973223316981
Tottenham,Fulham,2021-01-13,2021,1,1,D,11,18,150,5,4,9,0.7333333333333333,0.8181818181818182,0.6,11.239535034245868,9.42604655841696
Arsenal,Crystal Palace,2021-01-14,2021,0,0,D,12,12,150,10,5,9,0.75,0.75,0.6,14.915965578399893,9.098493065968519
Leicester,Southampton,2021-01-16,2021,2,0,H,13,12,150,8,6,9,0.7647058823529411,0.75,0.6,16.562398199646093,13.011641225992083
Fulham,Chelsea,2021-01-16,2021,0,1,A,3,13,150,5,4,9,0.42857142857142855,0.7647058823529411,0.6,9.71302327920848,9.494387235314226
West Ham,Burnley,2021-01-16,2021,1,0,H,15,4,150,6,7,9,0.7894736842105263,0.5,0.6,12.405608309611015,15.885547749465237
Leeds,Brighton,2021-01-16,2021,0,1,A,14,3,150,9,3,9,0.7777777777777778,0.42857142857142855,0.6,16.467864990234375,6.62748661165849
Wolves,West Brom,2021-01-16,2021,2,3,A,4,14,150,2,2,10,0.5,0.7777777777777778,0.6,6.776056784442486,4.439273157930684
Sheffield United,Tottenham,2021-01-17,2021,1,3,A,5,4,150,4,5,10,0.5555555555555556,0.5,0.6,4.941360712128613,10.619767517122934
Liverpool,Man United,2021-01-17,2021,0,0,D,13,5,55,8,13,9,0.7647058823529411,0.5555555555555556,0.3548387096774194,17.93029185384424,25.213309710301022
Man City,Crystal Palace,2021-01-17,2021,4,0,H,4,3,150,13,5,9,0.5,0.42857142857142855,0.6,23.659549910245097,9.54924653298426
Arsenal,Newcastle,2021-01-18,2021,3,0,H,4,6,150,10,2,10,0.5,0.6,0.6,17.457982789199946,5.987951266260765
West Ham,West Brom,2021-01-19,2021,2,1,H,3,3,150,8,4,10,0.42857142857142855,0.42857142857142855,0.6,14.202804154805508,6.219636578965342
Leicester,Chelsea,2021-01-19,2021,2,0,H,3,3,150,11,7,10,0.42857142857142855,0.42857142857142855,0.6,19.28119909982305,11.747193617657114
Fulham,Man United,2021-01-20,2021,1,2,A,4,3,150,4,11,10,0.5,0.42857142857142855,0.6,8.85651163960424,23.60665485515051
Man City,Aston Villa,2021-01-20,2021,2,0,H,3,19,150,15,8,10,0.42857142857142855,0.8260869565217391,0.6,26.82977495512255,17.670141151382648
Liverpool,Burnley,2021-01-21,2021,0,1,A,4,5,150,6,6,10,0.5,0.5555555555555556,0.6,14.96514592692212,13.94277387473262
Aston Villa,Newcastle,2021-01-23,2021,2,0,H,3,5,150,7,1,8,0.42857142857142855,0.5555555555555556,0.6,15.835070575691324,3.9939756331303826
Crystal Palace,West Ham,2021-01-26,2021,2,3,A,9,7,150,5,11,10,0.6923076923076923,0.6363636363636364,0.6,9.77462326649213,18.101402077402753
Newcastle,Leeds,2021-01-26,2021,1,2,A,3,10,150,1,6,10,0.42857142857142855,0.7142857142857143,0.6,2.9969878165651913,14.233932495117188
Southampton,Arsenal,2021-01-26,2021,1,3,A,10,8,150,5,13,10,0.7142857142857143,0.6666666666666666,0.6,11.505820612996041,21.728991394599973
West Brom,Man City,2021-01-26,2021,0,5,A,7,6,150,4,15,10,0.6363636363636364,0.6,0.6,7.109818289482671,28.414887477561273
Man United,Sheffield United,2021-01-27,2021,1,2,A,7,10,150,13,3,10,0.6363636363636364,0.7142857142857143,0.6,24.803327427575255,5.470680356064307
Brighton,Fulham,2021-01-27,2021,0,0,D,11,7,150,5,3,10,0.7333333333333333,0.6363636363636364,0.6,8.313743305829245,7.42825581980212
Everton,Leicester,2021-01-27,2021,1,1,D,15,8,150,12,11,9,0.7894736842105263,0.6666666666666666,0.6,23.470707378158366,20.640599549911524
Burnley,Aston Villa,2021-01-27,2021,3,2,H,6,4,150,6,7,9,0.6,0.5,0.6,12.97138693736631,14.917535287845663
Chelsea,Wolves,2021-01-27,2021,0,0,D,8,11,150,4,2,10,0.6666666666666666,0.7333333333333333,0.6,9.873596808828557,5.388028392221242
Tottenham,Liverpool,2021-01-28,2021,1,3,A,11,7,295,8,3,10,0.7333333333333333,0.6363636363636364,0.7468354430379747,13.309883758561467,10.48257296346106
Everton,Newcastle,2021-01-30,2021,0,2,A,3,4,150,10,0,10,0.42857142857142855,0.5,0.6,21.735353689079183,1.4984939082825957
Crystal Palace,Wolves,2021-01-30,2021,1,0,H,4,3,150,5,2,11,0.5,0.42857142857142855,0.6,9.887311633246064,4.694014196110621
Man City,Sheffield United,2021-01-30,2021,1,0,H,4,3,150,15,6,11,0.5,0.42857142857142855,0.6,29.207443738780636,8.735340178032153
West Brom,Fulham,2021-01-30,2021,2,2,D,4,3,150,3,3,11,0.5,0.42857142857142855,0.6,6.554909144741336,6.71412790990106
Arsenal,Man United,2021-01-30,2021,0,0,D,4,3,295,13,10,11,0.5,0.42857142857142855,0.7468354430379747,23.864495697299986,22.401663713787627
Southampton,Aston Villa,2021-01-30,2021,0,1,A,4,3,150,5,4,11,0.5,0.42857142857142855,0.6,10.75291030649802,11.458767643922831
Brighton,Tottenham,2021-01-31,2021,1,0,H,4,3,150,5,8,11,0.5,0.42857142857142855,0.6,9.156871652914623,14.654941879280734
West Ham,Liverpool,2021-01-31,2021,1,3,A,5,3,150,13,5,11,0.5555555555555556,0.42857142857142855,0.6,22.050701038701376,10.24128648173053
Chelsea,Burnley,2021-01-31,2021,2,0,H,4,4,150,5,9,11,0.5,0.5,0.6,9.93679840441428,15.485693468683156
Leicester,Leeds,2021-01-31,2021,1,3,A,4,5,150,11,9,11,0.5,0.5555555555555556,0.6,21.320299774955764,16.116966247558594
Sheffield United,West Brom,2021-02-02,2021,2,1,H,3,3,150,6,4,11,0.42857142857142855,0.42857142857142855,0.6,10.367670089016077,7.277454572370668
Wolves,Arsenal,2021-02-02,2021,2,1,H,3,3,150,2,11,11,0.42857142857142855,0.42857142857142855,0.6,4.347007098055311,22.932247848649993
Man United,Southampton,2021-02-02,2021,9,0,H,3,3,150,8,4,11,0.42857142857142855,0.42857142857142855,0.6,19.200831856893814,9.37645515324901
Newcastle,Crystal Palace,2021-02-02,2021,1,2,A,3,3,150,3,7,11,0.42857142857142855,0.42857142857142855,0.6,3.749246954141298,11.943655816623032
Aston Villa,West Ham,2021-02-03,2021,1,3,A,4,3,150,6,12,9,0.5,0.42857142857142855,0.6,11.729383821961417,23.025350519350688
Burnley,Man City,2021-02-03,2021,0,2,A,3,4,150,6,15,10,0.42857142857142855,0.5,0.6,13.742846734341578,29.60372186939032
Fulham,Leicester,2021-02-03,2021,0,2,A,4,3,150,3,10,11,0.5,0.42857142857142855,0.6,6.3570639549505294,20.660149887477882
Leeds,Everton,2021-02-03,2021,1,2,A,3,4,150,9,7,10,0.42857142857142855,0.5,0.6,17.058483123779297,17.86767684453959
Liverpool,Brighton,2021-02-03,2021,0,1,A,3,3,150,7,8,11,0.42857142857142855,0.42857142857142855,0.6,12.120643240865265,12.578435826457312
Tottenham,Chelsea,2021-02-04,2021,0,1,A,4,4,11,7,7,11,0.5,0.5,0.0990990990990991,14.327470939640367,11.96839920220714
Fulham,West Ham,2021-02-06,2021,0,0,D,3,3,150,2,12,12,0.42857142857142855,0.42857142857142855,0.6,5.178531977475265,23.512675259675344
Newcastle,Southampton,2021-02-06,2021,3,2,H,4,4,150,3,3,12,0.5,0.5,0.6,4.874623477070649,7.688227576624505
Man United,Everton,2021-02-06,2021,3,3,D,4,3,150,8,7,12,0.5,0.42857142857142855,0.6,17.600415928446907,15.933838422269796
Aston Villa,Arsenal,2021-02-06,2021,1,0,H,3,4,150,6,8,10,0.42857142857142855,0.5,0.6,11.864691910980708,19.466123924324997
Burnley,Brighton,2021-02-06,2021,1,1,D,3,3,150,6,10,11,0.42857142857142855,0.42857142857142855,0.6,12.871423367170788,16.289217913228654
Sheffield United,Chelsea,2021-02-07,2021,1,2,A,5,3,150,9,10,12,0.5555555555555556,0.42857142857142855,0.6,14.183835044508038,15.984199601103569
Liverpool,Man City,2021-02-07,2021,1,4,A,4,4,55,7,15,12,0.5,0.5,0.3548387096774194,13.060321620432632,29.80186093469516
Wolves,Leicester,2021-02-07,2021,0,0,D,5,4,150,4,10,12,0.5555555555555556,0.5,0.6,6.1735035490276555,20.330074943738943
Tottenham,West Brom,2021-02-07,2021,2,0,H,3,5,150,4,4,12,0.42857142857142855,0.5555555555555556,0.6,11.163735469820184,7.638727286185334
Leeds,Crystal Palace,2021-02-08,2021,2,0,H,5,6,150,6,7,11,0.5555555555555556,0.6,0.6,14.529241561889648,12.971827908311516
Leicester,Liverpool,2021-02-13,2021,3,1,H,6,6,150,8,6,12,0.6,0.6,0.6,18.16503747186947,12.530160810216316
Crystal Palace,Burnley,2021-02-13,2021,0,3,A,5,7,150,6,7,12,0.5555555555555556,0.6363636363636364,0.6,12.485913954155759,13.435711683585394
Man City,Tottenham,2021-02-13,2021,3,0,H,6,6,295,15,6,12,0.6,0.6,0.7468354430379747,29.900930467347578,11.581867734910091
Brighton,Aston Villa,2021-02-13,2021,0,0,D,7,7,150,11,9,12,0.6363636363636364,0.6363636363636364,0.6,19.144608956614327,14.932345955490355
Arsenal,Leeds,2021-02-14,2021,4,2,H,8,6,150,7,9,12,0.6666666666666666,0.6,0.6,16.7330619621625,16.264620780944824
Everton,Fulham,2021-02-14,2021,0,2,A,8,8,150,8,3,11,0.6666666666666666,0.6666666666666666,0.6,15.966919211134897,5.589265988737632
Southampton,Wolves,2021-02-14,2021,1,2,A,8,7,150,0,5,12,0.6666666666666666,0.6363636363636364,0.6,3.8441137883122525,8.086751774513829
West Brom,Man United,2021-02-14,2021,1,1,D,7,8,150,1,8,12,0.6363636363636364,0.6666666666666666,0.6,4.819363643092667,16.800207964223453
West Ham,Sheffield United,2021-02-15,2021,3,0,H,9,8,150,10,6,12,0.6923076923076923,0.6666666666666666,0.6,21.756337629837674,13.091917522254018
Chelsea,Newcastle,2021-02-15,2021,2,0,H,8,9,150,10,6,12,0.6666666666666666,0.6923076923076923,0.6,17.992099800551784,8.437311738535325
Burnley,Fulham,2021-02-17,2021,1,1,D,4,3,150,7,6,12,0.5,0.42857142857142855,0.6,13.717855841792698,8.794632994368817
Everton,Man City,2021-02-17,2021,1,3,A,3,4,150,5,15,12,0.42857142857142855,0.5,0.6,12.983459605567448,29.95046523367379
Wolves,Leeds,2021-02-19,2021,1,0,H,5,5,150,8,9,13,0.5555555555555556,0.5555555555555556,0.6,12.043375887256914,17.132310390472412
Southampton,Chelsea,2021-02-20,2021,1,1,D,6,5,150,0,13,13,0.6,0.5555555555555556,0.6,1.9220568941561262,21.996049900275892
Burnley,West Brom,2021-02-20,2021,0,0,D,3,6,150,5,2,13,0.42857142857142855,0.6,0.6,11.858927920896349,4.409681821546334
Liverpool,Everton,2021-02-20,2021,0,2,A,7,3,150,6,4,13,0.6363636363636364,0.42857142857142855,0.6,12.265080405108158,10.491729802783723
Fulham,Sheffield United,2021-02-20,2021,1,0,H,3,5,150,6,6,13,0.42857142857142855,0.5555555555555556,0.6,10.39731649718441,12.54595876112701
Man United,Newcastle,2021-02-21,2021,3,1,H,7,6,150,6,6,13,0.6363636363636364,0.6,0.6,14.400103982111727,10.218655869267662
Arsenal,Man City,2021-02-21,2021,0,1,A,7,4,295,7,15,13,0.6363636363636364,0.5,0.7468354430379747,15.36653098108125,29.975232616836895
West Ham,Tottenham,2021-02-21,2021,2,1,H,6,8,150,10,3,13,0.6,0.6666666666666666,0.6,20.878168814918837,8.790933867455045
Aston Villa,Leicester,2021-02-21,2021,1,2,A,8,8,150,7,8,11,0.6666666666666666,0.6666666666666666,0.6,14.466172977745178,17.082518735934734
Brighton,Crystal Palace,2021-02-22,2021,1,2,A,9,9,150,9,6,13,0.6923076923076923,0.6923076923076923,0.6,18.572304478307164,12.24295697707788
Leeds,Southampton,2021-02-23,2021,3,0,H,4,3,150,6,1,12,0.5,0.42857142857142855,0.6,14.566155195236206,1.9610284470780632
Man City,West Ham,2021-02-27,2021,2,1,H,6,6,150,15,10,13,0.6,0.6,0.6,29.987616308418445,20.43908440745942
West Brom,Brighton,2021-02-27,2021,1,0,H,7,5,150,3,8,13,0.6363636363636364,0.5555555555555556,0.6,5.204840910773167,17.28615223915358
Leeds,Aston Villa,2021-02-27,2021,0,1,A,4,6,150,6,7,13,0.5,0.6,0.6,13.283077597618103,14.233086488872589
Newcastle,Wolves,2021-02-27,2021,1,1,D,6,8,150,6,10,13,0.6,0.6666666666666666,0.6,11.109327934633832,16.021687943628457
Leicester,Arsenal,2021-02-28,2021,1,3,A,7,7,150,10,4,13,0.6363636363636364,0.6363636363636364,0.6,18.541259367967367,11.683265490540624
Crystal Palace,Fulham,2021-02-28,2021,0,0,D,6,8,150,9,8,13,0.6,0.6666666666666666,0.6,15.12147848853894,13.198658248592205
Tottenham,Burnley,2021-02-28,2021,4,0,H,7,8,150,3,6,13,0.6363636363636364,0.6666666666666666,0.6,7.395466933727523,11.929463960448174
Chelsea,Man United,2021-02-28,2021,0,0,D,8,7,305,13,9,13,0.6666666666666666,0.6363636363636364,0.7530864197530864,23.998024950137946,16.200051991055865
Sheffield United,Liverpool,2021-02-28,2021,0,2,A,8,8,150,3,3,13,0.6666666666666666,0.6666666666666666,0.6,9.272979380563505,9.132540202554079
Everton,Southampton,2021-03-01,2021,1,0,H,9,6,150,7,1,13,0.6923076923076923,0.6,0.6,12.245864901391862,1.9805142235390316
Man City,Wolves,2021-03-02,2021,4,1,H,3,3,150,15,11,14,0.42857142857142855,0.42857142857142855,0.6,29.993808154209223,19.01084397181423
Sheffield United,Aston Villa,2021-03-03,2021,1,0,H,3,4,150,3,7,14,0.42857142857142855,0.5,0.6,7.636489690281753,14.116543244436293
Crystal Palace,Man United,2021-03-03,2021,0,0,D,3,3,150,7,9,14,0.42857142857142855,0.42857142857142855,0.6,14.56073924426947,17.100025995527933
Burnley,Leicester,2021-03-03,2021,1,1,D,3,3,150,6,10,14,0.42857142857142855,0.42857142857142855,0.6,11.964731980224087,19.270629683983685
Liverpool,Chelsea,2021-03-04,2021,0,1,A,4,4,295,3,11,14,0.5,0.5,0.7468354430379747,7.5662701012770395,22.999012475068973
West Brom,Everton,2021-03-04,2021,0,1,A,5,3,150,5,7,14,0.5555555555555556,0.42857142857142855,0.6,7.602420455386584,13.12293245069593
Fulham,Tottenham,2021-03-04,2021,0,1,A,4,4,150,9,6,14,0.5,0.5,0.6,15.599329124296101,9.697733466863761
Burnley,Arsenal,2021-03-06,2021,1,1,D,3,6,150,6,6,15,0.42857142857142855,0.6,0.6,11.982365990112044,11.841632745270312
Sheffield United,Southampton,2021-03-06,2021,0,2,A,3,5,150,3,1,15,0.42857142857142855,0.5555555555555556,0.6,6.818244845140876,1.9902571117695158
Aston Villa,Wolves,2021-03-06,2021,0,0,D,3,4,150,7,8,12,0.42857142857142855,0.5,0.6,14.058271622218147,17.505421985907113
Brighton,Leicester,2021-03-06,2021,1,2,A,7,3,150,5,8,14,0.6363636363636364,0.42857142857142855,0.6,13.64307611957679,17.635314841991843
West Brom,Newcastle,2021-03-07,2021,0,0,D,3,8,150,5,4,15,0.42857142857142855,0.6666666666666666,0.6,8.801210227693293,9.554663967316916
Liverpool,Fulham,2021-03-07,2021,0,1,A,3,3,150,3,8,15,0.42857142857142855,0.42857142857142855,0.6,6.78313505063852,15.79966456214805
Man City,Man United,2021-03-07,2021,0,2,A,5,4,10,15,7,15,0.5555555555555556,0.5,0.09090909090909091,29.99690407710461,15.550012997763966
Tottenham,Crystal Palace,2021-03-07,2021,4,1,H,3,4,150,9,5,14,0.42857142857142855,0.5,0.6,13.84886673343188,12.280369622134735
West Ham,Leeds,2021-03-08,2021,2,0,H,9,9,150,10,6,14,0.6923076923076923,0.6923076923076923,0.6,20.21954220372971,12.641538798809052
Chelsea,Everton,2021-03-08,2021,2,0,H,4,4,150,11,9,14,0.5,0.5,0.6,22.499506237534487,15.561466225347965
Man City,Southampton,2021-03-10,2021,5,2,H,3,4,150,12,4,16,0.42857142857142855,0.5,0.6,26.998452038552305,4.995128555884758
Newcastle,Aston Villa,2021-03-12,2021,1,1,D,5,6,150,5,5,14,0.5555555555555556,0.6,0.6,9.777331983658458,12.029135811109073
Leeds,Chelsea,2021-03-13,2021,0,0,D,5,5,150,3,11,14,0.5555555555555556,0.5555555555555556,0.6,9.320769399404526,22.249753118767245
Crystal Palace,West Brom,2021-03-13,2021,1,0,H,6,6,150,5,6,15,0.6,0.6,0.6,11.140184811067368,10.400605113846646
Everton,Burnley,2021-03-13,2021,1,2,A,5,7,150,9,4,14,0.5555555555555556,0.6363636363636364,0.6,16.780733112673982,9.991182995056022
Fulham,Man City,2021-03-13,2021,0,3,A,6,3,150,8,12,15,0.6,0.42857142857142855,0.6,15.899832281074026,25.49922601927615
Man United,West Ham,2021-03-14,2021,1,0,H,7,6,150,9,10,14,0.6363636363636364,0.6,0.6,16.775006498881982,20.109771101864855
Leicester,Sheffield United,2021-03-14,2021,5,0,H,8,8,150,10,3,14,0.6666666666666666,0.6666666666666666,0.6,18.81765742099592,6.409122422570438
Southampton,Brighton,2021-03-14,2021,1,2,A,4,8,150,4,2,14,0.5,0.6666666666666666,0.6,6.497564277942379,8.821538059788395
Arsenal,Tottenham,2021-03-14,2021,2,1,H,8,7,10,7,9,14,0.6666666666666666,0.6363636363636364,0.09090909090909091,12.920816372635155,15.92443336671594
Wolves,Liverpool,2021-03-15,2021,0,1,A,9,8,150,8,3,14,0.6923076923076923,0.6666666666666666,0.6,16.752710992953556,6.39156752531926
Fulham,Leeds,2021-03-19,2021,1,2,A,6,6,150,7,4,16,0.6,0.6,0.6,14.949916140537013,8.660384699702263
Brighton,Newcastle,2021-03-20,2021,3,0,H,6,8,150,4,3,15,0.6,0.6666666666666666,0.6,8.410769029894198,7.888665991829229
West Ham,Arsenal,2021-03-21,2021,3,3,D,7,7,150,9,10,15,0.6363636363636364,0.6363636363636364,0.6,19.054885550932426,16.46040818631758
Aston Villa,Tottenham,2021-03-21,2021,0,2,A,9,7,150,5,9,13,0.6923076923076923,0.6363636363636364,0.6,11.014567905554536,16.96221668335797
Chelsea,West Brom,2021-04-03,2021,2,5,A,21,21,150,9,5,15,0.84,0.84,0.6,20.124876559383623,10.200302556923322
Leeds,Sheffield United,2021-04-03,2021,2,1,H,15,20,150,7,3,15,0.7894736842105263,0.8333333333333334,0.6,11.330192349851131,6.204561211285219
Leicester,Man City,2021-04-03,2021,0,2,A,20,21,150,10,12,15,0.8333333333333334,0.84,0.6,19.40882871049796,24.749613009638075
Arsenal,Liverpool,2021-04-03,2021,0,3,A,13,19,290,8,6,15,0.7647058823529411,0.8260869565217391,0.7435897435897436,16.23020409315879,9.19578376265963
Southampton,Burnley,2021-04-04,2021,3,2,H,21,21,150,3,6,15,0.84,0.84,0.6,6.2487821389711895,10.995591497528011
Newcastle,Tottenham,2021-04-04,2021,2,2,D,15,14,150,3,12,15,0.7894736842105263,0.7777777777777778,0.6,6.944332995914614,20.481108341678983
Aston Villa,Fulham,2021-04-04,2021,3,1,H,14,16,150,5,4,14,0.7777777777777778,0.8,0.6,10.507283952777268,11.474958070268507
Man United,Brighton,2021-04-04,2021,2,1,H,21,15,150,11,6,15,0.84,0.7894736842105263,0.6,19.38750324944099,10.205384514947099
Everton,Crystal Palace,2021-04-05,2021,1,1,D,21,21,150,9,8,15,0.84,0.84,0.6,17.390366556336993,13.570092405533684
Wolves,West Ham,2021-04-05,2021,2,3,A,21,15,150,5,7,15,0.84,0.7894736842105263,0.6,13.376355496476778,16.527442775466213
Fulham,Wolves,2021-04-09,2021,0,1,A,5,4,150,3,2,17,0.5555555555555556,0.5,0.6,8.737479035134253,8.688177748238388
Liverpool,Aston Villa,2021-04-10,2021,2,1,H,7,6,150,9,5,16,0.6363636363636364,0.6,0.6,13.597891881329815,10.253641976388634
Crystal Palace,Chelsea,2021-04-10,2021,1,4,A,5,7,150,6,8,16,0.5555555555555556,0.6363636363636364,0.6,12.785046202766843,18.06243827969181
Man City,Leeds,2021-04-10,2021,1,2,A,7,7,150,12,7,17,0.6363636363636364,0.6363636363636364,0.6,24.374806504819038,12.665096174925566
Sheffield United,Arsenal,2021-04-11,2021,0,3,A,8,8,150,3,8,16,0.6666666666666666,0.6666666666666666,0.6,6.102280605642609,16.115102046579395
Tottenham,Man United,2021-04-11,2021,1,3,A,7,7,300,10,11,15,0.6363636363636364,0.6363636363636364,0.75,20.24055417083949,20.693751624720495
Burnley,Newcastle,2021-04-11,2021,1,2,A,7,7,150,5,4,16,0.6363636363636364,0.6363636363636364,0.6,10.497795748764005,7.472166497957307
West Ham,Leicester,2021-04-11,2021,3,2,H,6,8,150,7,7,16,0.6,0.6666666666666666,0.6,15.263721387733106,16.70441435524898
West Brom,Southampton,2021-04-12,2021,3,0,H,9,8,150,7,6,16,0.6923076923076923,0.6666666666666666,0.6,12.100151278461661,9.124391069485595
Brighton,Everton,2021-04-12,2021,0,0,D,8,7,150,6,7,16,0.6666666666666666,0.6363636363636364,0.6,11.10269225747355,15.695183278168496
Everton,Tottenham,2021-04-16,2021,2,2,D,4,5,150,5,7,16,0.5,0.5555555555555556,0.6,12.847591639084248,17.120277085419744
Newcastle,West Ham,2021-04-17,2021,3,2,H,6,6,150,6,10,16,0.6,0.6,0.6,9.736083248978654,17.631860693866553
Wolves,Sheffield United,2021-04-17,2021,1,0,H,8,6,150,4,3,16,0.6666666666666666,0.6,0.6,8.344088874119194,6.051140302821304
Arsenal,Fulham,2021-04-18,2021,1,1,D,7,9,150,8,3,16,0.6363636363636364,0.6923076923076923,0.6,16.057551023289697,7.368739517567127
Man United,Burnley,2021-04-18,2021,3,1,H,7,7,150,13,5,16,0.6363636363636364,0.6363636363636364,0.6,23.346875812360246,10.248897874382003
Leeds,Liverpool,2021-04-19,2021,1,1,D,9,9,150,10,9,16,0.6923076923076923,0.6923076923076923,0.6,16.332548087462783,15.798945940664908
Chelsea,Brighton,2021-04-20,2021,0,0,D,10,8,150,10,7,16,0.7142857142857143,0.6666666666666666,0.6,19.031219139845906,12.551346128736775
Tottenham,Southampton,2021-04-21,2021,2,1,H,5,9,150,5,6,16,0.5555555555555556,0.6923076923076923,0.6,13.560138542709872,10.562195534742798
Aston Villa,Man City,2021-04-21,2021,1,2,A,11,11,150,5,9,15,0.7333333333333333,0.7333333333333333,0.6,10.126820988194318,21.187403252409517
Leicester,West Brom,2021-04-22,2021,3,0,H,11,10,150,7,7,16,0.7333333333333333,0.7142857142857143,0.6,15.35220717762449,13.05007563923083
Arsenal,Everton,2021-04-23,2021,0,1,A,5,7,150,8,3,17,0.5555555555555556,0.6363636363636364,0.6,16.02877551164485,9.423795819542125
Liverpool,Newcastle,2021-04-24,2021,1,1,D,5,7,150,10,8,17,0.5555555555555556,0.6363636363636364,0.6,17.899472970332454,12.868041624489326
West Ham,Chelsea,2021-04-24,2021,0,1,A,7,4,150,7,8,17,0.6363636363636364,0.5,0.6,15.815930346933277,17.51560956992295
Sheffield United,Brighton,2021-04-24,2021,1,0,H,7,4,150,0,8,17,0.6363636363636364,0.5,0.6,3.025570151410652,14.275673064368387
Aston Villa,West Brom,2021-04-25,2021,2,2,D,4,3,150,4,7,16,0.5,0.42857142857142855,0.6,9.063410494097159,13.525037819615415
Leeds,Man United,2021-04-25,2021,0,0,D,6,7,150,11,15,17,0.6,0.6363636363636364,0.6,19.16627404373139,26.673437906180123
Wolves,Burnley,2021-04-25,2021,0,4,A,8,7,150,7,4,17,0.6666666666666666,0.6363636363636364,0.6,11.172044437059597,9.124448937191001
Leicester,Crystal Palace,2021-04-26,2021,2,1,H,4,16,150,9,5,17,0.5,0.8,0.6,16.676103588812246,11.392523101383421
Southampton,Leicester,2021-04-30,2021,1,1,D,9,4,150,3,9,16,0.6923076923076923,0.5,0.6,8.2810977673714,17.338051794406123
Crystal Palace,Man City,2021-05-01,2021,0,2,A,5,10,150,4,12,17,0.5555555555555556,0.7142857142857143,0.6,9.69626155069171,22.59370162620476
Brighton,Leeds,2021-05-01,2021,2,0,H,7,6,150,5,11,17,0.6363636363636364,0.6,0.6,12.137836532184194,20.583137021865696
Chelsea,Fulham,2021-05-01,2021,2,0,H,7,13,150,8,1,17,0.6363636363636364,0.7647058823529411,0.6,16.757804784961476,4.684369758783563
Everton,Aston Villa,2021-05-01,2021,1,2,A,8,6,150,6,4,17,0.6666666666666666,0.6,0.6,10.711897909771062,8.53170524704858
Newcastle,Arsenal,2021-05-02,2021,0,2,A,8,9,150,8,5,17,0.6666666666666666,0.6923076923076923,0.6,14.434020812244663,13.014387755822424
Tottenham,Sheffield United,2021-05-02,2021,4,0,H,11,8,150,8,3,17,0.7333333333333333,0.6666666666666666,0.6,14.780069271354936,4.512785075705326
Burnley,West Ham,2021-05-03,2021,1,2,A,8,9,150,6,7,17,0.6666666666666666,0.6923076923076923,0.6,10.5622244685955,14.90796517346664
West Brom,Wolves,2021-05-03,2021,1,1,D,8,8,150,7,6,17,0.6666666666666666,0.6666666666666666,0.6,13.762518909807707,11.586022218529799
Leicester,Newcastle,2021-05-07,2021,2,4,A,7,5,150,7,8,18,0.6363636363636364,0.5555555555555556,0.6,15.669025897203062,15.21701040612233
Leeds,Tottenham,2021-05-08,2021,3,1,H,7,6,150,8,8,18,0.6363636363636364,0.6,0.6,18.291568510932848,15.390034635677468
Sheffield United,Crystal Palace,2021-05-08,2021,0,2,A,6,7,150,3,4,18,0.6,0.6363636363636364,0.6,5.256392537852663,8.848130775345854
Man City,Chelsea,2021-05-08,2021,1,2,A,7,7,300,12,10,18,0.6363636363636364,0.6363636363636364,0.75,23.29685081310238,18.37890239248074
Liverpool,Southampton,2021-05-08,2021,2,0,H,14,8,150,11,4,18,0.7777777777777778,0.6666666666666666,0.6,19.949736485166227,8.1405488836857
Wolves,Brighton,2021-05-09,2021,2,1,H,6,8,150,7,5,18,0.6,0.6666666666666666,0.6,12.7930111092649,11.068918266092098
Aston Villa,Man United,2021-05-09,2021,1,3,A,8,14,150,7,13,17,0.6666666666666666,0.7777777777777778,0.6,11.265852623524289,26.336718953090063
West Ham,Everton,2021-05-09,2021,0,1,A,6,8,150,9,6,18,0.6,0.6666666666666666,0.6,16.453982586733318,11.35594895488553
Arsenal,West Brom,2021-05-09,2021,3,1,H,7,6,150,7,8,18,0.6363636363636364,0.6,0.6,13.507193877911213,14.881259454903853
Fulham,Burnley,2021-05-10,2021,0,2,A,9,7,150,1,3,18,0.6923076923076923,0.6363636363636364,0.6,3.3421848793917817,8.281112234297751
Man United,Leicester,2021-05-11,2021,1,2,A,2,4,150,13,7,17,0.3333333333333333,0.5,0.6,26.16835947654503,14.834512948601532
Southampton,Crystal Palace,2021-05-11,2021,3,1,H,3,3,150,4,4,17,0.42857142857142855,0.42857142857142855,0.6,8.07027444184285,8.424065387672927
Chelsea,Arsenal,2021-05-12,2021,0,1,A,4,3,12,13,10,18,0.5,0.42857142857142855,0.10714285714285714,22.18945119624037,16.753596938955607
Aston Villa,Everton,2021-05-13,2021,0,0,D,4,4,150,4,8,18,0.5,0.5,0.6,9.632926311762144,13.677974477442765
Man United,Liverpool,2021-05-13,2021,2,4,A,2,5,55,10,11,18,0.3333333333333333,0.5555555555555556,0.3548387096774194,23.084179738272518,20.974868242583113
Newcastle,Man City,2021-05-14,2021,3,4,A,7,6,150,10,9,18,0.6363636363636364,0.6,0.6,17.608505203061164,20.64842540655119
Burnley,Leeds,2021-05-15,2021,0,4,A,5,7,150,6,8,18,0.5555555555555556,0.6363636363636364,0.6,10.140556117148876,17.145784255466424
Southampton,Fulham,2021-05-15,2021,3,1,H,4,5,150,4,1,18,0.5,0.5555555555555556,0.6,8.035137220921424,2.671092439695891
Brighton,West Ham,2021-05-15,2021,1,1,D,6,6,150,5,6,18,0.6,0.6,0.6,10.534459133046049,14.226991293366659
Everton,Sheffield United,2021-05-16,2021,0,1,A,3,8,150,8,3,18,0.42857142857142855,0.6666666666666666,0.6,14.838987238721383,5.628196268926331
West Brom,Liverpool,2021-05-16,2021,1,2,A,7,3,150,5,11,18,0.6363636363636364,0.42857142857142855,0.6,12.440629727451928,21.487434121291557
Crystal Palace,Aston Villa,2021-05-16,2021,3,2,H,5,3,150,3,5,18,0.5555555555555556,0.42857142857142855,0.6,7.212032693836464,9.816463155881072
Tottenham,Wolves,2021-05-16,2021,2,0,H,8,7,150,7,10,18,0.6666666666666666,0.6363636363636364,0.6,14.695017317838733,16.396505554632448
Man United,Fulham,2021-05-18,2021,1,1,D,5,3,150,7,1,19,0.5555555555555556,0.42857142857142855,0.6,18.54208986913626,2.3355462198479455
Southampton,Leeds,2021-05-18,2021,0,2,A,3,3,150,7,8,19,0.42857142857142855,0.42857142857142855,0.6,11.017568610460712,16.572892127733212
Brighton,Man City,2021-05-18,2021,3,2,H,3,4,150,5,9,19,0.42857142857142855,0.5,0.6,10.267229566523024,19.324212703275595
Chelsea,Leicester,2021-05-18,2021,2,1,H,6,7,150,10,10,19,0.6,0.6363636363636364,0.6,21.094725598120185,17.417256474300764
West Brom,West Ham,2021-05-19,2021,1,3,A,3,4,150,2,4,19,0.42857142857142855,0.5,0.6,8.220314863725964,11.11349564668333
Burnley,Liverpool,2021-05-19,2021,0,3,A,4,3,150,6,11,19,0.5,0.42857142857142855,0.6,11.070278058574438,21.74371706064578
Crystal Palace,Arsenal,2021-05-19,2021,1,3,A,3,7,150,6,10,19,0.42857142857142855,0.6363636363636364,0.6,9.606016346918231,18.376798469477805
Newcastle,Sheffield United,2021-05-19,2021,1,0,H,5,3,150,7,6,19,0.5555555555555556,0.42857142857142855,0.6,15.804252601530582,8.814098134463165
Everton,Wolves,2021-05-19,2021,1,0,H,3,3,150,7,7,19,0.42857142857142855,0.42857142857142855,0.6,14.419493619360692,15.198252777316224
Tottenham,Aston Villa,2021-05-19,2021,1,2,A,3,3,150,10,5,19,0.42857142857142855,0.42857142857142855,0.6,17.347508658919367,9.908231577940537
Sheffield United,Burnley,2021-05-23,2021,1,0,H,4,4,150,6,6,19,0.5,0.5,0.6,10.407049067231583,11.535139029287219
Arsenal,Brighton,2021-05-23,2021,2,0,H,4,5,150,12,7,19,0.5,0.5555555555555556,0.6,21.188399234738903,12.133614783261512
Aston Villa,Chelsea,2021-05-23,2021,2,1,H,4,5,150,7,12,19,0.5,0.5555555555555556,0.6,11.954115788970268,22.547362799060092
Fulham,Newcastle,2021-05-23,2021,0,2,A,5,4,150,2,7,19,0.5555555555555556,0.5,0.6,3.1677731099239725,14.90212630076529
Leeds,West Brom,2021-05-23,2021,3,1,H,5,4,150,10,2,19,0.5555555555555556,0.5,0.6,18.286446063866606,6.110157431862982
Leicester,Tottenham,2021-05-23,2021,2,4,A,5,4,150,7,9,19,0.5555555555555556,0.5,0.6,15.708628237150382,17.673754329459683
Liverpool,Crystal Palace,2021-05-23,2021,2,0,H,4,4,150,13,6,19,0.5,0.5,0.6,23.87185853032289,10.803008173459116
Man City,Everton,2021-05-23,2021,5,0,H,5,4,150,9,7,19,0.5555555555555556,0.5,0.6,18.662106351637796,14.209746809680347
West Ham,Southampton,2021-05-23,2021,3,0,H,4,5,150,7,7,19,0.5,0.5555555555555556,0.6,12.556747823341665,12.508784305230357
Wolves,Man United,2021-05-23,2021,1,2,A,4,5,150,4,5,19,0.5,0.5555555555555556,0.6,11.599126388658112,14.27104493456813
Brentford,Arsenal,2021-08-13,2122,2,0,H,14,21,150,0,15,1,0.7777777777777778,0.84,0.6,0.0,25.59419961736945
Leicester,Wolves,2021-08-14,2122,1,0,H,21,21,150,4,4,1,0.84,0.84,0.6,11.854314118575191,9.799563194329057
Everton,Southampton,2021-08-14,2122,3,1,H,21,21,150,7,6,1,0.84,0.84,0.6,14.104873404840173,12.254392152615178
Watford,Aston Villa,2021-08-14,2122,3,2,H,21,21,150,6,7,1,0.84,0.84,0.6,11.660568638571556,12.977057894485135
Burnley,Brighton,2021-08-14,2122,1,2,A,21,21,150,3,7,1,0.84,0.84,0.6,8.76756951464361,13.066807391630757
Man United,Leeds,2021-08-14,2122,5,1,H,21,21,150,7,12,1,0.84,0.84,0.6,14.135522467284066,21.143223031933303
Chelsea,Crystal Palace,2021-08-14,2122,3,0,H,21,21,150,9,6,1,0.84,0.84,0.6,20.273681399530048,11.401504086729558
Norwich,Liverpool,2021-08-14,2122,0,3,A,21,21,150,0,15,1,0.84,0.84,0.6,0.09781686521022107,26.935929265161445
Tottenham,Man City,2021-08-15,2122,1,0,H,21,21,295,9,9,1,0.84,0.84,0.7468354430379747,17.83687716472984,18.331053175818898
Newcastle,West Ham,2021-08-15,2122,2,4,A,21,21,150,9,10,1,0.84,0.84,0.6,16.451063150382645,16.278373911670833
Liverpool,Burnley,2021-08-21,2122,2,0,H,7,7,150,15,3,1,0.6363636363636364,0.6363636363636364,0.6,28.467964632580724,7.383784757321805
Aston Villa,Newcastle,2021-08-21,2122,2,0,H,7,6,150,7,9,1,0.6363636363636364,0.6,0.6,13.488528947242568,17.225531575191322
Crystal Palace,Brentford,2021-08-21,2122,0,0,D,7,8,150,3,3,1,0.6363636363636364,0.6666666666666666,0.6,8.70075204336478,3.0
Leeds,Everton,2021-08-21,2122,2,2,D,7,7,150,12,7,1,0.6363636363636364,0.6363636363636364,0.6,22.57161151596665,14.052436702420087
Man City,Norwich,2021-08-21,2122,5,0,H,6,7,150,6,0,1,0.6,0.6363636363636364,0.6,15.165526587909449,0.04890843260511053
Brighton,Watford,2021-08-21,2122,2,0,H,7,7,150,7,6,1,0.6363636363636364,0.6363636363636364,0.6,13.533403695815378,11.830284319285777
Arsenal,Chelsea,2021-08-22,2122,0,2,A,9,8,12,12,9,1,0.6923076923076923,0.6666666666666666,0.10714285714285714,24.797099808684727,19.136840699765024
Southampton,Man United,2021-08-22,2122,1,1,D,8,8,150,6,7,1,0.6666666666666666,0.6666666666666666,0.6,12.12719607630759,14.067761233642033
Wolves,Tottenham,2021-08-22,2122,0,1,A,8,7,150,3,9,1,0.6666666666666666,0.6363636363636364,0.6,7.899781597164528,17.91843858236492
West Ham,Leicester,2021-08-23,2122,4,1,H,8,9,150,10,6,1,0.6666666666666666,0.6923076923076923,0.6,18.139186955835417,11.927157059287595
West Ham,Crystal Palace,2021-08-28,2122,2,2,D,5,7,150,13,4,2,0.5555555555555556,0.6363636363636364,0.6,22.069593477917707,8.35037602168239
Norwich,Leicester,2021-08-28,2122,1,2,A,7,5,150,0,6,2,0.6363636363636364,0.5555555555555556,0.6,0.024454216302555266,11.963578529643797
Newcastle,Southampton,2021-08-28,2122,2,2,D,7,6,150,6,4,2,0.6363636363636364,0.6,0.6,14.612765787595661,10.063598038153795
Aston Villa,Brentford,2021-08-28,2122,1,1,D,7,7,150,9,4,2,0.6363636363636364,0.6363636363636364,0.6,15.744264473621284,5.5
Man City,Arsenal,2021-08-28,2122,5,0,H,7,6,295,9,9,2,0.6363636363636364,0.6,0.7468354430379747,16.582763293954724,21.398549904342364
Liverpool,Chelsea,2021-08-28,2122,1,1,D,7,6,295,15,9,2,0.6363636363636364,0.6,0.7468354430379747,29.233982316290362,18.568420349882512
Brighton,Everton,2021-08-28,2122,0,2,A,7,7,150,10,7,2,0.6363636363636364,0.6363636363636364,0.6,16.76670184790769,14.026218351210044
Wolves,Man United,2021-08-29,2122,0,1,A,7,7,150,0,8,2,0.6363636363636364,0.6363636363636364,0.6,3.949890798582264,15.033880616821016
Tottenham,Watford,2021-08-29,2122,1,0,H,7,8,150,12,3,2,0.6363636363636364,0.6666666666666666,0.6,20.95921929118246,8.915142159642889
Burnley,Leeds,2021-08-29,2122,1,1,D,8,8,150,0,10,2,0.6666666666666666,0.6666666666666666,0.6,3.6918923786609024,21.285805757983326
Southampton,West Ham,2021-09-11,2122,0,0,D,14,14,150,2,13,2,0.7777777777777778,0.7777777777777778,0.6,7.031799019076898,24.034796738958853
Watford,Wolves,2021-09-11,2122,0,2,A,13,13,150,3,0,2,0.7647058823529411,0.7647058823529411,0.6,7.457571079821444,1.974945399291132
Chelsea,Aston Villa,2021-09-11,2122,3,0,H,14,14,150,10,10,2,0.7777777777777778,0.7777777777777778,0.6,19.284210174941258,17.872132236810643
Man United,Newcastle,2021-09-11,2122,4,1,H,13,14,150,11,7,2,0.7647058823529411,0.7777777777777778,0.6,18.516940308410508,14.306382893797831
Crystal Palace,Tottenham,2021-09-11,2122,3,0,H,14,13,150,2,12,2,0.7777777777777778,0.7647058823529411,0.6,6.175188010841195,22.479609645591232
Brentford,Brighton,2021-09-11,2122,0,1,A,14,14,150,5,9,2,0.7777777777777778,0.7777777777777778,0.6,7.75,17.383350923953845
Arsenal,Norwich,2021-09-11,2122,1,0,H,14,14,150,6,0,2,0.7777777777777778,0.7777777777777778,0.6,16.69927495217118,0.012227108151277633
Leicester,Man City,2021-09-11,2122,0,1,A,14,14,150,6,9,2,0.7777777777777778,0.7777777777777778,0.6,11.981789264821899,17.291381646977364
Leeds,Liverpool,2021-09-12,2122,0,3,A,14,15,150,8,13,2,0.7777777777777778,0.7894736842105263,0.6,18.642902878991663,27.616991158145183
Everton,Burnley,2021-09-13,2122,3,1,H,16,15,150,10,1,2,0.8,0.7894736842105263,0.6,17.013109175605024,2.8459461893304514
Newcastle,Leeds,2021-09-17,2122,1,1,D,6,5,150,4,5,3,0.6,0.5555555555555556,0.6,11.153191446898916,14.321451439495831
Aston Villa,Everton,2021-09-18,2122,3,0,H,7,5,150,7,10,3,0.6363636363636364,0.5555555555555556,0.6,15.936066118405321,18.506554587802512
Wolves,Brentford,2021-09-18,2122,0,2,A,7,7,150,3,5,3,0.6363636363636364,0.6363636363636364,0.6,3.987472699645566,8.875
Burnley,Arsenal,2021-09-18,2122,0,1,A,5,7,150,1,6,3,0.5555555555555556,0.6363636363636364,0.6,2.4229730946652257,14.34963747608559
Liverpool,Crystal Palace,2021-09-18,2122,3,0,H,6,7,150,13,5,3,0.6,0.6363636363636364,0.6,26.80849557907259,8.087594005420598
Man City,Southampton,2021-09-18,2122,0,0,D,7,7,150,12,3,3,0.6363636363636364,0.6363636363636364,0.6,20.645690823488682,6.515899509538449
Norwich,Watford,2021-09-18,2122,1,3,A,7,7,150,0,3,3,0.6363636363636364,0.6363636363636364,0.6,0.006113554075638817,6.728785539910723
West Ham,Man United,2021-09-19,2122,1,2,A,8,8,150,11,13,3,0.6666666666666666,0.6666666666666666,0.6,23.017398369479427,22.258470154205256
Tottenham,Chelsea,2021-09-19,2122,0,3,A,8,8,11,12,10,3,0.6666666666666666,0.6666666666666666,0.0990990990990991,23.239804822795616,19.64210508747063
Brighton,Leicester,2021-09-19,2122,2,1,H,8,8,150,9,6,3,0.6666666666666666,0.6666666666666666,0.6,17.69167546197692,11.99089463241095
Brentford,Liverpool,2021-09-25,2122,3,3,D,7,7,150,8,13,3,0.6363636363636364,0.6363636363636364,0.6,12.4375,26.404247789536296
Watford,Newcastle,2021-09-25,2122,1,1,D,7,8,150,6,2,3,0.6363636363636364,0.6666666666666666,0.6,9.364392769955362,7.576595723449458
Leicester,Burnley,2021-09-25,2122,2,2,D,6,7,150,6,1,3,0.6,0.6363636363636364,0.6,11.995447316205475,2.211486547332613
Chelsea,Man City,2021-09-25,2122,0,1,A,6,7,300,13,10,3,0.6,0.6363636363636364,0.75,22.821052543735313,20.32284541174434
Everton,Norwich,2021-09-25,2122,2,0,H,7,7,150,10,0,3,0.6363636363636364,0.6363636363636364,0.6,19.253277293901256,0.0030567770378194083
Man United,Aston Villa,2021-09-25,2122,0,1,A,6,7,150,13,7,3,0.6,0.6363636363636364,0.6,24.129235077102628,14.96803305920266
Leeds,West Ham,2021-09-25,2122,1,2,A,8,6,150,3,8,3,0.6666666666666666,0.6,0.6,10.160725719747916,19.50869918473971
Southampton,Wolves,2021-09-26,2122,0,1,A,8,8,150,4,3,3,0.6666666666666666,0.6666666666666666,0.6,7.257949754769225,4.9937363498227825
Arsenal,Tottenham,2021-09-26,2122,3,1,H,8,7,10,6,9,3,0.6666666666666666,0.6363636363636364,0.09090909090909091,13.174818738042795,20.61990241139781
Crystal Palace,Brighton,2021-09-27,2122,1,1,D,9,8,150,5,12,3,0.6923076923076923,0.6666666666666666,0.6,9.0437970027103,20.84583773098846
Brighton,Arsenal,2021-10-02,2122,0,0,D,5,6,150,10,9,4,0.5555555555555556,0.6,0.6,20.422918865494232,15.587409369021398
Wolves,Newcastle,2021-10-02,2122,2,1,H,6,7,150,6,3,4,0.6,0.6363636363636364,0.6,8.496868174911391,6.788297861724729
Leeds,Watford,2021-10-02,2122,1,0,H,7,7,150,3,4,4,0.6363636363636364,0.6363636363636364,0.6,8.080362859873958,8.682196384977681
Burnley,Norwich,2021-10-02,2122,0,0,D,7,7,150,2,0,4,0.6363636363636364,0.6363636363636364,0.6,3.1057432736663064,0.0015283885189097042
Man United,Everton,2021-10-02,2122,1,1,D,7,7,150,10,10,4,0.6363636363636364,0.6363636363636364,0.6,22.064617538551314,19.626638646950628
Chelsea,Southampton,2021-10-02,2122,3,1,H,7,6,150,10,4,4,0.6363636363636364,0.6,0.6,21.410526271867656,7.628974877384612
Crystal Palace,Leicester,2021-10-03,2122,2,2,D,6,8,150,6,4,4,0.6,0.6666666666666666,0.6,10.52189850135515,9.997723658102737
Tottenham,Aston Villa,2021-10-03,2122,2,1,H,7,8,150,6,10,4,0.6363636363636364,0.6666666666666666,0.6,16.309951205698905,17.48401652960133
West Ham,Brentford,2021-10-03,2122,1,2,A,8,8,150,8,6,4,0.6666666666666666,0.6666666666666666,0.6,17.754349592369856,12.21875
Liverpool,Man City,2021-10-03,2122,2,2,D,8,8,55,11,13,4,0.6666666666666666,0.6666666666666666,0.3548387096774194,24.20212389476815,23.16142270587217
Brentford,Chelsea,2021-10-16,2122,0,1,A,13,14,150,8,10,4,0.7647058823529411,0.7777777777777778,0.6,14.109375,20.705263135933826
Southampton,Leeds,2021-10-16,2122,1,0,H,14,14,150,3,5,4,0.7777777777777778,0.7777777777777778,0.6,6.814487438692306,9.040181429936979
Norwich,Brighton,2021-10-16,2122,0,0,D,14,14,150,1,8,4,0.7777777777777778,0.7777777777777778,0.6,1.000764194259455,18.211459432747116
Aston Villa,Wolves,2021-10-16,2122,2,3,A,13,14,150,7,9,4,0.7647058823529411,0.7777777777777778,0.6,15.742008264800665,13.248434087455696
Leicester,Man United,2021-10-16,2122,4,2,H,13,14,150,5,10,4,0.7647058823529411,0.7777777777777778,0.6,9.998861829051368,21.03230876927566
Watford,Liverpool,2021-10-16,2122,0,5,A,14,13,150,4,9,4,0.7777777777777778,0.7647058823529411,0.6,8.34109819248884,21.101061947384075
Man City,Burnley,2021-10-16,2122,2,0,H,13,14,150,11,3,4,0.7647058823529411,0.7777777777777778,0.6,22.580711352936085,4.552871636833153
Everton,West Ham,2021-10-17,2122,0,1,A,15,14,150,10,5,4,0.7894736842105263,0.7777777777777778,0.6,19.813319323475312,13.877174796184928
Newcastle,Tottenham,2021-10-17,2122,2,3,A,15,14,150,3,6,4,0.7894736842105263,0.7777777777777778,0.6,6.3941489308623645,14.154975602849452
Arsenal,Crystal Palace,2021-10-18,2122,2,2,D,16,15,150,10,6,4,0.8,0.7894736842105263,0.6,17.7937046845107,11.260949250677575
Arsenal,Aston Villa,2021-10-22,2122,3,1,H,4,6,150,11,6,5,0.5,0.6,0.6,19.89685234225535,13.871004132400333
Chelsea,Norwich,2021-10-23,2122,7,0,H,7,7,150,12,2,5,0.6363636363636364,0.6363636363636364,0.6,22.352631567966913,2.5003820971297275
Crystal Palace,Newcastle,2021-10-23,2122,1,1,D,5,6,150,6,2,5,0.5555555555555556,0.6,0.6,11.630474625338788,5.197074465431182
Everton,Watford,2021-10-23,2122,2,5,A,6,7,150,7,4,5,0.6,0.6363636363636364,0.6,16.906659661737656,8.17054909624442
Leeds,Wolves,2021-10-23,2122,1,1,D,7,7,150,4,12,5,0.6363636363636364,0.6363636363636364,0.6,8.52009071496849,18.624217043727846
Southampton,Burnley,2021-10-23,2122,2,2,D,7,7,150,5,2,5,0.6363636363636364,0.6363636363636364,0.6,8.407243719346154,4.2764358184165765
Brighton,Man City,2021-10-23,2122,1,4,A,7,7,150,9,11,5,0.6363636363636364,0.6363636363636364,0.6,18.10572971637356,22.290355676468042
West Ham,Tottenham,2021-10-24,2122,1,0,H,7,7,150,7,6,5,0.6363636363636364,0.6363636363636364,0.6,13.938587398092464,13.077487801424727
Brentford,Leicester,2021-10-24,2122,1,2,A,8,8,150,7,5,5,0.6666666666666666,0.6666666666666666,0.6,14.0546875,9.999430914525684
Man United,Liverpool,2021-10-24,2122,0,5,A,8,8,55,7,11,5,0.6666666666666666,0.6666666666666666,0.3548387096774194,17.51615438463783,21.550530973692037
Newcastle,Chelsea,2021-10-30,2122,0,3,A,7,7,150,3,12,5,0.6363636363636364,0.6363636363636364,0.6,5.598537232715591,23.176315783983455
Watford,Southampton,2021-10-30,2122,0,1,A,7,7,150,7,5,5,0.6363636363636364,0.6363636363636364,0.6,11.08527454812221,9.203621859673078
Man City,Crystal Palace,2021-10-30,2122,0,2,A,7,7,150,11,4,5,0.6363636363636364,0.6363636363636364,0.6,22.14517783823402,9.815237312669394
Tottenham,Man United,2021-10-30,2122,0,3,A,6,6,300,6,4,5,0.6,0.6,0.75,12.538743900712364,12.758077192318915
Burnley,Brentford,2021-10-30,2122,3,1,H,7,6,150,3,7,5,0.6363636363636364,0.6,0.6,5.138217909208288,14.02734375
Liverpool,Brighton,2021-10-30,2122,2,2,D,6,7,150,11,6,5,0.6,0.6363636363636364,0.6,21.775265486846017,15.05286485818678
Leicester,Arsenal,2021-10-30,2122,0,2,A,6,8,150,8,11,5,0.6,0.6666666666666666,0.6,12.999715457262841,20.948426171127675
Norwich,Leeds,2021-10-31,2122,1,2,A,8,8,150,2,5,5,0.6666666666666666,0.6666666666666666,0.6,3.2501910485648637,9.260045357484245
Aston Villa,West Ham,2021-10-31,2122,1,4,A,9,7,150,6,9,5,0.6923076923076923,0.6363636363636364,0.6,12.935502066200167,15.969293699046233
Wolves,Everton,2021-11-01,2122,2,1,H,9,9,150,10,4,5,0.6923076923076923,0.6923076923076923,0.6,19.312108521863923,12.453329830868828
Southampton,Aston Villa,2021-11-05,2122,1,0,H,6,5,150,7,3,6,0.6,0.5555555555555556,0.6,11.601810929836539,9.467751033100082
Brighton,Newcastle,2021-11-06,2122,1,1,D,7,7,150,4,2,6,0.6363636363636364,0.6363636363636364,0.6,11.52643242909339,4.799268616357796
Chelsea,Burnley,2021-11-06,2122,1,1,D,7,7,150,12,6,6,0.6363636363636364,0.6363636363636364,0.6,23.588157891991727,8.569108954604143
Crystal Palace,Wolves,2021-11-06,2122,2,0,H,7,5,150,7,13,6,0.6363636363636364,0.5555555555555556,0.6,11.907618656334698,22.65605426093196
Man United,Man City,2021-11-06,2122,0,2,A,7,7,10,4,10,6,0.6363636363636364,0.6363636363636364,0.09090909090909091,10.379038596159457,21.07258891911701
Brentford,Norwich,2021-11-06,2122,1,2,A,7,6,150,4,2,6,0.6363636363636364,0.6,0.6,11.013671875,3.6250955242824316
Arsenal,Watford,2021-11-07,2122,1,0,H,8,8,150,11,4,6,0.6666666666666666,0.6666666666666666,0.6,21.47421308556384,9.542637274061105
Everton,Tottenham,2021-11-07,2122,0,0,D,6,8,150,4,6,6,0.6,0.6666666666666666,0.6,10.226664915434414,12.269371950356181
Leeds,Leicester,2021-11-07,2122,1,1,D,7,8,150,7,8,6,0.6363636363636364,0.6666666666666666,0.6,11.630022678742122,14.49985772863142
West Ham,Liverpool,2021-11-07,2122,3,2,H,7,8,150,12,9,6,0.6363636363636364,0.6666666666666666,0.6,19.984646849523116,19.88763274342301
Wolves,West Ham,2021-11-20,2122,1,0,H,14,13,150,10,12,6,0.7777777777777778,0.7647058823529411,0.6,21.32802713046598,21.992323424761558
Liverpool,Arsenal,2021-11-20,2122,4,0,H,13,13,290,8,11,6,0.7647058823529411,0.7647058823529411,0.7435897435897436,17.943816371711506,21.73710654278192
Watford,Man United,2021-11-20,2122,4,1,H,13,14,150,3,4,6,0.7647058823529411,0.7777777777777778,0.6,7.771318637030553,9.189519298079729
Norwich,Southampton,2021-11-20,2122,2,1,H,14,15,150,5,10,6,0.7777777777777778,0.7894736842105263,0.6,6.812547762141216,15.80090546491827
Burnley,Crystal Palace,2021-11-20,2122,3,3,D,14,14,150,6,9,6,0.7777777777777778,0.7777777777777778,0.6,10.284554477302072,14.953809328167349
Aston Villa,Brighton,2021-11-20,2122,2,0,H,15,14,150,0,4,6,0.7894736842105263,0.7777777777777778,0.6,4.733875516550041,9.763216214546695
Leicester,Chelsea,2021-11-20,2122,0,3,A,13,14,150,8,13,6,0.7647058823529411,0.7777777777777778,0.6,15.24992886431571,24.794078945995864
Newcastle,Brentford,2021-11-20,2122,3,3,D,14,14,150,2,3,6,0.7777777777777778,0.7777777777777778,0.6,4.399634308178898,8.5068359375
Man City,Everton,2021-11-21,2122,3,0,H,15,14,150,10,2,6,0.7894736842105263,0.7777777777777778,0.6,20.536294459558505,7.113332457717207
Tottenham,Leeds,2021-11-21,2122,2,1,H,14,14,150,7,8,6,0.7777777777777778,0.7777777777777778,0.6,13.13468597517809,13.815011339371061
Norwich,Wolves,2021-11-27,2122,0,0,D,7,7,150,7,10,7,0.6363636363636364,0.6363636363636364,0.6,10.406273881070607,20.66401356523299
Brighton,Leeds,2021-11-27,2122,0,0,D,7,6,150,3,5,7,0.6363636363636364,0.6,0.6,7.8816081072733475,11.90750566968553
Liverpool,Southampton,2021-11-27,2122,4,0,H,7,7,150,10,10,7,0.6363636363636364,0.6363636363636364,0.6,18.971908185855753,17.900452732459136
Crystal Palace,Aston Villa,2021-11-27,2122,1,2,A,7,7,150,9,3,7,0.6363636363636364,0.6363636363636364,0.6,16.476904664083676,5.366937758275021
Arsenal,Newcastle,2021-11-27,2122,2,0,H,7,7,150,10,3,7,0.6363636363636364,0.6363636363636364,0.6,20.868553271390958,5.199817154089449
Brentford,Everton,2021-11-28,2122,1,0,H,8,7,150,1,1,7,0.6666666666666666,0.6363636363636364,0.6,5.25341796875,4.556666228858603
Leicester,Watford,2021-11-28,2122,4,2,H,8,8,150,7,6,7,0.6666666666666666,0.6666666666666666,0.6,14.624964432157855,9.885659318515277
Man City,West Ham,2021-11-28,2122,2,1,H,7,8,150,12,12,7,0.6363636363636364,0.6666666666666666,0.6,22.268147229779252,22.99616171238078
Chelsea,Man United,2021-11-28,2122,1,1,D,8,8,305,13,3,7,0.6666666666666666,0.6666666666666666,0.7530864197530864,25.397039472997932,7.594759649039864
Newcastle,Norwich,2021-11-30,2122,1,1,D,3,3,150,3,7,7,0.42857142857142855,0.42857142857142855,0.6,5.599908577044724,12.203136940535304
Leeds,Crystal Palace,2021-11-30,2122,1,0,H,3,3,150,6,8,7,0.42857142857142855,0.42857142857142855,0.6,11.953752834842765,16.238452332041838
Aston Villa,Man City,2021-12-01,2122,1,2,A,4,3,150,6,12,7,0.5,0.42857142857142855,0.6,8.68346887913751,23.134073614889626
Wolves,Burnley,2021-12-01,2122,0,0,D,4,11,150,8,6,7,0.5,0.7333333333333333,0.6,18.332006782616496,11.142277238651037
Everton,Liverpool,2021-12-01,2122,1,4,A,3,4,150,1,10,7,0.42857142857142855,0.5,0.6,3.2783331144293015,19.485954092927877
Watford,Chelsea,2021-12-01,2122,1,2,A,3,3,150,6,11,7,0.42857142857142855,0.42857142857142855,0.6,10.942829659257638,23.698519736498966
West Ham,Brighton,2021-12-01,2122,1,1,D,3,4,150,9,3,7,0.42857142857142855,0.5,0.6,20.49808085619039,6.940804053636674
Southampton,Leicester,2021-12-01,2122,2,2,D,4,3,150,7,7,7,0.5,0.42857142857142855,0.6,15.950226366229568,14.312482216078926
Tottenham,Brentford,2021-12-02,2122,2,0,H,11,4,150,7,4,7,0.7333333333333333,0.5,0.6,13.567342987589045,6.626708984375
Man United,Arsenal,2021-12-02,2122,3,2,H,4,5,295,4,12,7,0.5,0.5555555555555556,0.7468354430379747,7.797379824519933,22.43427663569548
West Ham,Chelsea,2021-12-04,2122,3,2,H,3,3,150,7,11,8,0.42857142857142855,0.42857142857142855,0.6,17.249040428095196,22.849259868249483
Newcastle,Burnley,2021-12-04,2122,1,0,H,4,3,150,3,7,8,0.5,0.42857142857142855,0.6,5.799954288522362,12.571138619325518
Southampton,Brighton,2021-12-04,2122,1,1,D,3,3,150,7,4,8,0.42857142857142855,0.42857142857142855,0.6,14.975113183114784,7.470402026818337
Wolves,Liverpool,2021-12-04,2122,0,1,A,3,3,150,8,10,8,0.42857142857142855,0.42857142857142855,0.6,17.166003391308248,19.74297704646394
Watford,Man City,2021-12-04,2122,1,3,A,3,3,150,3,12,8,0.42857142857142855,0.42857142857142855,0.6,8.47141482962882,23.567036807444815
Man United,Crystal Palace,2021-12-05,2122,1,0,H,3,5,150,7,7,8,0.42857142857142855,0.5555555555555556,0.6,10.898689912259966,15.119226166020919
Aston Villa,Leicester,2021-12-05,2122,2,1,H,4,4,150,6,5,8,0.5,0.5,0.6,10.341734439568755,12.156241108039463
Leeds,Brentford,2021-12-05,2122,2,2,D,5,3,150,8,4,8,0.5555555555555556,0.42857142857142855,0.6,13.976876417421384,7.3133544921875
Tottenham,Norwich,2021-12-05,2122,3,0,H,3,5,150,7,8,8,0.42857142857142855,0.5555555555555556,0.6,13.783671493794522,14.101568470267651
Everton,Arsenal,2021-12-06,2122,2,1,H,5,4,150,1,9,8,0.5555555555555556,0.5,0.6,2.6391665572146508,20.21713831784774
Brentford,Watford,2021-12-10,2122,2,1,H,5,6,150,5,3,8,0.5555555555555556,0.6,0.6,8.65667724609375,7.23570741481441
Norwich,Man United,2021-12-11,2122,0,1,A,6,6,150,8,7,8,0.6,0.6,0.6,15.050784235133825,12.449344956129984
Man City,Wolves,2021-12-11,2122,1,0,H,7,7,150,15,5,8,0.6363636363636364,0.6363636363636364,0.6,26.783518403722407,13.583001695654124
Arsenal,Southampton,2021-12-11,2122,3,0,H,5,7,150,6,5,8,0.5555555555555556,0.6363636363636364,0.6,16.10856915892387,12.487556591557393
Chelsea,Leeds,2021-12-11,2122,3,2,H,7,6,150,8,6,8,0.6363636363636364,0.6,0.6,19.42462993412474,12.988438208710692
Liverpool,Aston Villa,2021-12-11,2122,1,0,H,7,6,150,12,9,8,0.6363636363636364,0.6,0.6,21.871488523231967,14.170867219784377
Crystal Palace,Everton,2021-12-12,2122,3,1,H,7,6,150,4,4,8,0.6363636363636364,0.6,0.6,11.55961308301046,5.319583278607325
Burnley,West Ham,2021-12-12,2122,0,0,D,8,8,150,6,7,7,0.6666666666666666,0.6666666666666666,0.6,12.285569309662758,15.624520214047598
Leicester,Newcastle,2021-12-12,2122,4,0,H,7,8,150,5,6,8,0.6363636363636364,0.6666666666666666,0.6,11.078120554019732,8.89997714426118
Norwich,Aston Villa,2021-12-14,2122,0,2,A,3,3,150,5,9,9,0.42857142857142855,0.42857142857142855,0.6,12.525392117566913,16.08543360989219
Man City,Leeds,2021-12-14,2122,7,0,H,3,3,150,15,5,9,0.42857142857142855,0.42857142857142855,0.6,28.391759201861205,11.494219104355345
Brighton,Wolves,2021-12-15,2122,0,1,A,11,4,150,4,5,8,0.7333333333333333,0.5,0.6,7.735201013409169,11.791500847827063
Crystal Palace,Southampton,2021-12-15,2122,2,2,D,3,4,150,4,2,9,0.42857142857142855,0.5,0.6,9.77980654150523,8.243778295778696
Arsenal,West Ham,2021-12-15,2122,2,0,H,4,3,150,6,5,9,0.5,0.42857142857142855,0.6,14.054284579461935,12.8122601070238
Chelsea,Everton,2021-12-16,2122,1,1,D,5,4,150,10,3,9,0.5555555555555556,0.5,0.6,19.71231496706237,5.659791639303663
Liverpool,Newcastle,2021-12-16,2122,3,1,H,5,4,150,15,5,9,0.5555555555555556,0.5,0.6,25.935744261615984,9.44998857213059
Leeds,Arsenal,2021-12-18,2122,1,4,A,4,3,150,5,9,9,0.5,0.42857142857142855,0.6,10.747109552177672,16.027142289730968
Tottenham,Liverpool,2021-12-19,2122,2,2,D,14,3,295,10,15,9,0.7777777777777778,0.42857142857142855,0.7468354430379747,16.89183574689726,27.96787213080799
Newcastle,Man City,2021-12-19,2122,0,4,A,3,5,150,4,15,9,0.42857142857142855,0.5555555555555556,0.6,8.724994286065295,29.195879600930603
Wolves,Chelsea,2021-12-19,2122,0,0,D,4,3,150,5,8,9,0.5,0.42857142857142855,0.6,10.895750423913531,17.856157483531184
Aston Villa,Chelsea,2021-12-26,2122,1,3,A,12,7,150,9,8,9,0.75,0.6363636363636364,0.6,17.042716804946096,16.928078741765592
Man City,Leicester,2021-12-26,2122,6,3,H,7,14,150,15,7,10,0.6363636363636364,0.7777777777777778,0.6,29.5979398004653,12.539060277009867
Norwich,Arsenal,2021-12-26,2122,0,5,A,12,8,150,2,9,10,0.75,0.6666666666666666,0.6,8.262696058783456,17.013571144865484
Tottenham,Crystal Palace,2021-12-26,2122,3,0,H,7,11,150,11,4,10,0.6363636363636364,0.7333333333333333,0.6,19.44591787344863,8.889903270752615
West Ham,Southampton,2021-12-26,2122,2,3,A,11,11,150,5,3,9,0.7333333333333333,0.7333333333333333,0.6,11.4061300535119,7.121889147889348
Brighton,Brentford,2021-12-26,2122,2,0,H,11,16,150,3,8,9,0.7333333333333333,0.8,0.6,6.867600506704584,12.328338623046875
Newcastle,Man United,2021-12-27,2122,1,1,D,8,16,150,4,10,10,0.6666666666666666,0.8,0.6,8.362497143032648,16.224672478064992
Leicester,Liverpool,2021-12-28,2122,1,0,H,2,9,150,7,13,9,0.3333333333333333,0.6923076923076923,0.6,13.269530138504933,26.983936065403995
Watford,West Ham,2021-12-28,2122,1,4,A,18,2,150,3,5,9,0.8181818181818182,0.3333333333333333,0.6,6.617853707407205,10.70306502675595
Southampton,Tottenham,2021-12-28,2122,1,1,D,2,2,150,6,13,9,0.3333333333333333,0.3333333333333333,0.6,9.560944573944674,22.722958936724314
Crystal Palace,Norwich,2021-12-28,2122,3,0,H,2,2,150,4,1,10,0.3333333333333333,0.3333333333333333,0.6,8.444951635376308,5.131348029391728
Chelsea,Brighton,2021-12-29,2122,1,1,D,3,3,150,8,6,10,0.42857142857142855,0.42857142857142855,0.6,16.464039370882794,9.433800253352292
Brentford,Man City,2021-12-29,2122,0,1,A,3,3,150,7,15,9,0.42857142857142855,0.42857142857142855,0.6,13.164169311523438,29.79896990023265
Man United,Burnley,2021-12-30,2122,3,1,H,3,18,150,11,4,9,0.42857142857142855,0.8181818181818182,0.6,19.112336239032494,10.14278465483138
Arsenal,Man City,2022-01-01,2122,1,2,A,6,3,295,12,15,10,0.6,0.42857142857142855,0.7468354430379747,20.50678557243274,29.899484950116324
Watford,Tottenham,2022-01-01,2122,0,1,A,4,4,150,0,11,10,0.5,0.5,0.6,3.3089268537036025,22.361479468362155
Crystal Palace,West Ham,2022-01-01,2122,2,3,A,4,4,150,7,7,11,0.5,0.5,0.6,11.222475817688153,12.351532513377975
Chelsea,Liverpool,2022-01-02,2122,2,2,D,4,5,295,9,10,11,0.5,0.5555555555555556,0.7468354430379747,17.232019685441397,23.491968032701998
Leeds,Burnley,2022-01-02,2122,3,1,H,15,3,150,4,3,10,0.7894736842105263,0.42857142857142855,0.6,9.373554776088836,8.07139232741569
Brentford,Aston Villa,2022-01-02,2122,2,1,H,4,7,150,4,6,10,0.5,0.6363636363636364,0.6,10.582084655761719,14.521358402473048
Everton,Brighton,2022-01-02,2122,2,3,A,17,4,150,4,6,9,0.8095238095238095,0.5,0.6,6.829895819651831,10.716900126676146
Man United,Wolves,2022-01-03,2122,0,1,A,4,15,150,13,5,10,0.5,0.7894736842105263,0.6,22.556168119516247,10.447875211956767
Southampton,Brentford,2022-01-11,2122,4,1,H,14,9,150,6,7,10,0.7777777777777778,0.6923076923076923,0.6,10.780472286972337,12.29104232788086
West Ham,Norwich,2022-01-12,2122,2,0,H,11,15,150,7,0,10,0.7333333333333333,0.7894736842105263,0.6,13.175766256688988,2.565674014695864
Brighton,Crystal Palace,2022-01-14,2122,1,1,D,12,13,150,8,7,10,0.75,0.7647058823529411,0.6,13.358450063338072,12.611237908844076
Wolves,Southampton,2022-01-15,2122,3,1,H,12,4,150,7,8,10,0.75,0.5,0.6,12.223937605978383,13.390236143486169
Norwich,Everton,2022-01-15,2122,2,1,H,3,13,150,0,4,11,0.42857142857142855,0.7647058823529411,0.6,1.282837007347932,7.414947909825916
Aston Villa,Man United,2022-01-15,2122,2,2,D,13,12,150,6,10,10,0.7647058823529411,0.75,0.6,13.260679201236524,21.278084059758122
Man City,Chelsea,2022-01-15,2122,1,0,H,14,13,300,15,7,11,0.7777777777777778,0.7647058823529411,0.75,29.949742475058162,15.616009842720699
Newcastle,Watford,2022-01-15,2122,1,1,D,19,14,150,4,0,11,0.8260869565217391,0.7777777777777778,0.6,8.181248571516324,1.6544634268518013
Liverpool,Brentford,2022-01-16,2122,3,0,H,14,5,150,8,6,10,0.7777777777777778,0.5555555555555556,0.6,19.745984016351,12.14552116394043
West Ham,Leeds,2022-01-16,2122,2,3,A,4,14,150,9,4,11,0.5,0.7777777777777778,0.6,15.587883128344494,8.686777388044419
Brighton,Chelsea,2022-01-18,2122,1,1,D,4,3,150,8,6,11,0.5,0.42857142857142855,0.6,14.679225031669036,13.80800492136035
Leicester,Tottenham,2022-01-19,2122,2,3,A,21,18,150,7,11,10,0.84,0.8181818181818182,0.6,13.634765069252467,22.180739734181078
Brentford,Man United,2022-01-19,2122,1,3,A,3,4,150,3,8,11,0.42857142857142855,0.5,0.6,9.072760581970215,18.63904202987906
Watford,Norwich,2022-01-21,2122,0,3,A,6,6,150,1,3,11,0.6,0.6,0.6,1.8272317134259006,3.641418503673966
Southampton,Man City,2022-01-22,2122,1,1,D,7,7,150,8,15,11,0.6363636363636364,0.6363636363636364,0.6,14.695118071743085,29.97487123752908
Leeds,Newcastle,2022-01-22,2122,0,1,A,6,7,150,6,2,11,0.6,0.6363636363636364,0.6,10.34338869402221,6.090624285758162
Man United,West Ham,2022-01-22,2122,1,0,H,3,6,150,8,9,11,0.42857142857142855,0.6,0.6,17.319521014939532,16.793941564172247
Everton,Aston Villa,2022-01-22,2122,0,1,A,7,7,150,4,4,10,0.6363636363636364,0.6363636363636364,0.6,7.707473954912958,10.630339600618262
Brentford,Wolves,2022-01-22,2122,1,2,A,3,7,150,3,10,12,0.42857142857142855,0.6363636363636364,0.6,7.536380290985107,16.111968802989193
Arsenal,Burnley,2022-01-23,2122,0,0,D,21,21,150,12,2,11,0.84,0.84,0.6,22.25339278621637,6.035696163707845
Crystal Palace,Liverpool,2022-01-23,2122,1,3,A,9,7,150,5,8,12,0.6923076923076923,0.6363636363636364,0.6,11.305618954422037,17.8729920081755
Leicester,Brighton,2022-01-23,2122,1,1,D,4,5,150,6,9,11,0.5,0.5555555555555556,0.6,12.817382534626233,16.339612515834517
Chelsea,Tottenham,2022-01-23,2122,2,0,H,5,4,11,6,11,12,0.5555555555555556,0.5,0.0990990990990991,12.904002460680175,22.090369867090537
Burnley,Watford,2022-02-05,2122,0,0,D,13,15,150,2,1,8,0.7647058823529411,0.7894736842105263,0.6,5.017848081853923,1.9136158567129504
Newcastle,Everton,2022-02-08,2122,3,1,H,17,17,150,5,1,12,0.8095238095238095,0.8095238095238095,0.6,8.04531214287908,4.853736977456479
West Ham,Watford,2022-02-08,2122,1,0,H,17,3,150,9,2,12,0.8095238095238095,0.42857142857142855,0.6,17.39697078208612,2.956807928356475
Burnley,Man United,2022-02-08,2122,1,1,D,3,17,150,3,10,9,0.42857142857142855,0.8095238095238095,0.6,5.508924040926962,18.659760507469766
Tottenham,Southampton,2022-02-09,2122,2,3,A,17,18,150,10,8,11,0.8095238095238095,0.8181818181818182,0.6,21.04518493354527,15.347559035871543
Aston Villa,Leeds,2022-02-09,2122,3,3,D,18,18,150,7,6,11,0.8181818181818182,0.8181818181818182,0.6,12.315169800309132,11.171694347011105
Norwich,Crystal Palace,2022-02-09,2122,1,1,D,19,17,150,6,4,12,0.8260869565217391,0.8095238095238095,0.6,7.820709251836983,9.652809477211019
Man City,Brentford,2022-02-09,2122,2,0,H,18,18,150,13,3,12,0.8181818181818182,0.8181818181818182,0.6,27.98743561876454,6.768190145492554
Liverpool,Leicester,2022-02-10,2122,2,0,H,18,18,150,8,7,11,0.8181818181818182,0.8181818181818182,0.6,16.93649600408775,13.408691267313117
Wolves,Arsenal,2022-02-10,2122,0,1,A,19,18,150,13,10,11,0.8260869565217391,0.8181818181818182,0.6,21.055984401494598,21.126696393108183
Man United,Southampton,2022-02-12,2122,1,1,D,4,3,150,8,8,12,0.5,0.42857142857142855,0.6,17.329880253734885,15.67377951793577
Brentford,Crystal Palace,2022-02-12,2122,0,0,D,3,3,150,0,5,13,0.42857142857142855,0.42857142857142855,0.6,3.384095072746277,9.82640473860551
Everton,Leeds,2022-02-12,2122,3,0,H,4,3,150,1,7,11,0.5,0.42857142857142855,0.6,3.4268684887282395,12.585847173505552
Watford,Brighton,2022-02-12,2122,0,2,A,4,20,150,2,7,12,0.5,0.8333333333333334,0.6,3.478403964178238,15.169806257917259
Norwich,Man City,2022-02-12,2122,0,4,A,3,3,150,7,13,13,0.42857142857142855,0.42857142857142855,0.6,10.910354625918492,26.993717809382268
Burnley,Liverpool,2022-02-13,2122,0,1,A,5,3,150,3,10,10,0.5555555555555556,0.42857142857142855,0.6,5.754462020463481,18.468248002043875
Newcastle,Aston Villa,2022-02-13,2122,1,0,H,5,4,150,8,5,13,0.5555555555555556,0.5,0.6,12.02265607143954,11.157584900154566
Tottenham,Wolves,2022-02-13,2122,0,2,A,4,3,150,7,10,12,0.5,0.42857142857142855,0.6,17.522592466772636,20.5279922007473
Leicester,West Ham,2022-02-13,2122,2,2,D,3,5,150,4,9,12,0.42857142857142855,0.5555555555555556,0.6,10.704345633656558,17.69848539104306
Man United,Brighton,2022-02-15,2122,2,0,H,3,3,150,9,9,13,0.42857142857142855,0.42857142857142855,0.6,17.664940126867442,16.58490312895863
Liverpool,Norwich,2022-02-19,2122,3,1,H,6,7,150,13,7,12,0.6,0.6363636363636364,0.6,22.23412400102194,12.455177312959247
Man City,Tottenham,2022-02-19,2122,2,3,A,7,6,295,13,6,13,0.6363636363636364,0.6,0.7468354430379747,26.496858904691134,14.761296233386318
Southampton,Everton,2022-02-19,2122,2,0,H,7,7,150,8,3,12,0.6363636363636364,0.6363636363636364,0.6,15.836889758967885,4.7134342443641195
Crystal Palace,Chelsea,2022-02-19,2122,0,1,A,7,21,150,3,6,13,0.6363636363636364,0.84,0.6,7.913202369302755,12.452001230340088
Aston Villa,Watford,2022-02-19,2122,0,1,A,6,7,150,5,2,12,0.6,0.6363636363636364,0.6,10.578792450077284,3.739201982089119
Arsenal,Brentford,2022-02-19,2122,2,1,H,9,7,150,10,1,12,0.6923076923076923,0.6363636363636364,0.6,20.56334819655409,2.6920475363731384
West Ham,Newcastle,2022-02-19,2122,1,1,D,6,6,150,7,11,13,0.6,0.6,0.6,15.84924269552153,17.01132803571977
Brighton,Burnley,2022-02-19,2122,0,3,A,4,6,150,6,3,12,0.5,0.6,0.6,14.292451564479315,5.877231010231741
Leeds,Man United,2022-02-20,2122,2,4,A,8,5,150,7,11,12,0.6666666666666666,0.5555555555555556,0.6,13.292923586752776,19.83247006343372
Wolves,Leicester,2022-02-20,2122,2,1,H,7,7,150,12,5,12,0.6363636363636364,0.6363636363636364,0.6,22.26399610037365,10.35217281682828
Liverpool,Leeds,2022-02-23,2122,6,0,H,4,3,150,15,4,13,0.5,0.42857142857142855,0.6,26.11706200051097,10.646461793376389
Burnley,Tottenham,2022-02-23,2122,1,0,H,4,4,150,6,6,11,0.5,0.5,0.6,8.93861550511587,13.380648116693159
Watford,Crystal Palace,2022-02-23,2122,1,4,A,4,4,150,4,3,13,0.5,0.5,0.6,5.8696009910445595,6.956601184651378
Arsenal,Wolves,2022-02-24,2122,2,1,H,5,4,150,10,12,13,0.5555555555555556,0.5,0.6,20.281674098277044,23.131998050186823
Southampton,Norwich,2022-02-25,2122,2,0,H,6,6,150,8,7,13,0.6,0.6,0.6,15.918444879483943,13.227588656479623
Brighton,Aston Villa,2022-02-26,2122,0,2,A,7,7,150,5,5,13,0.6363636363636364,0.6363636363636364,0.6,12.146225782239657,10.289396225038642
Man United,Watford,2022-02-26,2122,0,0,D,6,3,150,11,4,14,0.6,0.42857142857142855,0.6,20.91623503171686,6.93480049552228
Everton,Man City,2022-02-26,2122,0,1,A,7,7,150,3,10,12,0.6363636363636364,0.6363636363636364,0.6,5.35671712218206,23.24842945234557
Brentford,Newcastle,2022-02-26,2122,0,2,A,7,7,150,1,11,14,0.6363636363636364,0.6363636363636364,0.6,2.346023768186569,19.505664017859885
Leeds,Tottenham,2022-02-26,2122,0,4,A,3,3,150,1,3,13,0.42857142857142855,0.42857142857142855,0.6,6.3232308966881945,9.69032405834658
Crystal Palace,Burnley,2022-02-26,2122,1,1,D,3,3,150,5,8,14,0.42857142857142855,0.42857142857142855,0.6,8.478300592325688,12.469307752557935
West Ham,Wolves,2022-02-27,2122,1,0,H,8,3,150,5,9,14,0.6666666666666666,0.42857142857142855,0.6,12.924621347760766,20.56599902509341
Burnley,Leicester,2022-03-01,2122,0,2,A,3,9,150,8,2,12,0.42857142857142855,0.6923076923076923,0.6,14.234653876278967,7.17608640841414
Wolves,Crystal Palace,2022-03-05,2122,0,2,A,6,7,150,6,6,13,0.6,0.6363636363636364,0.6,16.282999512546706,10.239150296162844
Norwich,Brentford,2022-03-05,2122,1,3,A,8,7,150,4,1,14,0.6666666666666666,0.6363636363636364,0.6,10.613794328239813,2.1730118840932846
Liverpool,West Ham,2022-03-05,2122,1,0,H,10,6,150,15,8,14,0.7142857142857143,0.6,0.6,28.058531000255485,14.462310673880383
Newcastle,Brighton,2022-03-05,2122,2,1,H,7,7,150,13,4,14,0.6363636363636364,0.6363636363636364,0.6,22.752832008929943,10.073112891119829
Burnley,Chelsea,2022-03-05,2122,0,4,A,4,14,150,7,8,13,0.5,0.7777777777777778,0.6,14.117326938139485,14.226000615170044
Aston Villa,Southampton,2022-03-05,2122,4,0,H,7,8,150,7,11,13,0.6363636363636364,0.6666666666666666,0.6,12.144698112519322,18.95922243974197
Leicester,Leeds,2022-03-05,2122,1,0,H,4,7,150,5,1,13,0.5,0.6363636363636364,0.6,8.58804320420707,4.161615448344097
Watford,Arsenal,2022-03-06,2122,2,3,A,8,10,150,4,10,14,0.6666666666666666,0.7142857142857143,0.6,7.46740024776114,20.140837049138522
Man City,Man United,2022-03-06,2122,4,1,H,8,8,10,10,9,14,0.6666666666666666,0.6666666666666666,0.09090909090909091,21.624214726172784,19.45811751585843
Tottenham,Everton,2022-03-07,2122,5,0,H,9,9,150,6,3,13,0.6923076923076923,0.6923076923076923,0.6,10.84516202917329,5.67835856109103
Norwich,Chelsea,2022-03-10,2122,1,3,A,5,5,150,1,10,15,0.5555555555555556,0.5555555555555556,0.6,6.306897164119906,17.113000307585022
Southampton,Newcastle,2022-03-10,2122,1,2,A,5,5,150,10,13,14,0.5555555555555556,0.5555555555555556,0.6,19.479611219870986,24.37641600446497
Wolves,Watford,2022-03-10,2122,4,0,H,5,4,150,6,4,14,0.5555555555555556,0.5,0.6,14.141499756273353,7.7337001238805705
Leeds,Aston Villa,2022-03-10,2122,0,3,A,5,5,150,0,7,14,0.5555555555555556,0.5555555555555556,0.6,2.0808077241720486,13.072349056259661
Man United,Tottenham,2022-03-12,2122,3,2,H,6,5,300,8,9,15,0.6,0.5555555555555556,0.75,17.729058757929216,14.422581014586644
Brighton,Liverpool,2022-03-12,2122,0,2,A,7,7,150,3,15,14,0.6363636363636364,0.6363636363636364,0.6,8.036556445559913,29.029265500127742
Brentford,Burnley,2022-03-12,2122,2,0,H,7,7,150,4,7,15,0.6363636363636364,0.6363636363636364,0.6,5.086505942046642,14.058663469069742
Chelsea,Newcastle,2022-03-13,2122,1,0,H,3,3,150,13,13,13,0.42857142857142855,0.42857142857142855,0.6,21.556500153792513,25.188208002232486
Everton,Wolves,2022-03-13,2122,0,1,A,6,3,150,3,6,13,0.6,0.42857142857142855,0.6,5.839179280545515,13.070749878136677
Leeds,Norwich,2022-03-13,2122,2,1,H,3,3,150,0,0,15,0.42857142857142855,0.42857142857142855,0.6,1.0404038620860243,3.153448582059953
Southampton,Watford,2022-03-13,2122,1,2,A,3,3,150,7,4,15,0.42857142857142855,0.42857142857142855,0.6,16.739805609935495,7.866850061940285
West Ham,Aston Villa,2022-03-13,2122,2,1,H,8,3,150,8,9,15,0.6666666666666666,0.42857142857142855,0.6,15.23115533694019,15.53617452812983
Arsenal,Leicester,2022-03-13,2122,2,0,H,7,8,150,13,7,14,0.6363636363636364,0.6666666666666666,0.6,23.070418524569263,11.294021602103534
Crystal Palace,Man City,2022-03-14,2122,0,0,D,9,8,150,8,12,15,0.6923076923076923,0.6666666666666666,0.6,13.119575148081422,22.81210736308639
Arsenal,Liverpool,2022-03-16,2122,0,2,A,3,4,290,15,15,15,0.42857142857142855,0.5,0.7435897435897436,26.53520926228463,29.51463275006387
Brighton,Tottenham,2022-03-16,2122,0,2,A,4,4,150,0,9,15,0.5,0.5,0.6,4.018278222779957,16.21129050729332
Everton,Newcastle,2022-03-17,2122,1,0,H,4,4,150,3,10,14,0.5,0.5,0.6,5.919589640272758,22.594104001116243
Wolves,Leeds,2022-03-18,2122,2,3,A,5,5,150,6,3,15,0.5555555555555556,0.5555555555555556,0.6,12.535374939068339,3.520201931043012
Aston Villa,Arsenal,2022-03-19,2122,0,1,A,6,3,150,9,12,14,0.6,0.42857142857142855,0.6,16.768087264064917,25.267604631142316
Leicester,Brentford,2022-03-20,2122,2,1,H,7,8,150,7,7,14,0.6363636363636364,0.6666666666666666,0.6,12.647010801051767,9.543252971023321
Tottenham,West Ham,2022-03-20,2122,3,1,H,4,7,150,9,8,14,0.5,0.6363636363636364,0.6,17.10564525364666,15.615577668470095
Man United,Leicester,2022-04-02,2122,1,1,D,21,13,150,10,9,16,0.84,0.7647058823529411,0.6,18.86452937896461,15.323505400525884
Wolves,Aston Villa,2022-04-02,2122,2,1,H,15,14,150,6,9,16,0.7894736842105263,0.7777777777777778,0.6,12.26768746953417,17.38404363203246
Chelsea,Brentford,2022-04-02,2122,1,4,A,20,13,150,15,6,14,0.8333333333333334,0.7647058823529411,0.6,25.778250076896256,10.77162648551166
Leeds,Southampton,2022-04-02,2122,1,1,D,15,20,150,6,6,16,0.7894736842105263,0.8333333333333334,0.6,7.760100965521506,14.369902804967747
Brighton,Norwich,2022-04-02,2122,0,0,D,17,20,150,0,0,16,0.8095238095238095,0.8333333333333334,0.6,2.0091391113899784,1.5767242910299766
Liverpool,Watford,2022-04-02,2122,2,0,H,17,20,150,15,4,15,0.8095238095238095,0.8333333333333334,0.6,29.757316375031934,7.933425030970143
Burnley,Man City,2022-04-02,2122,0,2,A,21,19,150,4,10,14,0.84,0.8260869565217391,0.6,11.029331734534871,21.406053681543195
West Ham,Everton,2022-04-03,2122,2,1,H,14,17,150,7,3,16,0.7777777777777778,0.8095238095238095,0.6,14.807788834235048,5.959794820136379
Tottenham,Newcastle,2022-04-03,2122,5,1,H,14,17,150,12,9,15,0.7777777777777778,0.8095238095238095,0.6,20.55282262682333,20.29705200055812
Crystal Palace,Arsenal,2022-04-04,2122,3,0,H,21,16,150,8,12,16,0.84,0.8,0.6,14.559787574040712,24.63380231557116
Burnley,Everton,2022-04-06,2122,3,2,H,4,3,150,1,3,15,0.5,0.42857142857142855,0.6,6.514665867267436,5.979897410068189
Newcastle,Wolves,2022-04-08,2122,1,0,H,5,6,150,6,9,15,0.5555555555555556,0.6,0.6,16.148526000279062,15.133843734767085
Aston Villa,Tottenham,2022-04-09,2122,0,4,A,7,6,150,6,12,15,0.6363636363636364,0.6,0.6,14.69202181601623,22.276411313411664
Southampton,Chelsea,2022-04-09,2122,0,6,A,7,7,150,4,12,16,0.6363636363636364,0.6363636363636364,0.6,11.184951402483874,24.889125038448128
Watford,Leeds,2022-04-09,2122,0,3,A,7,7,150,4,7,15,0.6363636363636364,0.6363636363636364,0.6,7.966712515485071,10.880050482760753
Arsenal,Brighton,2022-04-09,2122,1,2,A,5,7,150,9,1,16,0.5555555555555556,0.6363636363636364,0.6,21.31690115778558,2.004569555694989
Everton,Man United,2022-04-09,2122,1,0,H,3,7,150,3,8,15,0.42857142857142855,0.6363636363636364,0.6,5.989948705034095,17.432264689482302
Brentford,West Ham,2022-04-10,2122,2,0,H,8,7,150,9,9,16,0.6666666666666666,0.6363636363636364,0.6,14.38581324275583,16.403894417117524
Leicester,Crystal Palace,2022-04-10,2122,2,1,H,8,6,150,10,11,15,0.6666666666666666,0.6,0.6,17.66175270026294,18.279893787020356
Norwich,Burnley,2022-04-10,2122,2,0,H,8,4,150,1,3,16,0.6666666666666666,0.5,0.6,1.7883621455149883,6.257332933633718
Man City,Liverpool,2022-04-10,2122,2,2,D,8,8,55,10,15,15,0.6666666666666666,0.6666666666666666,0.3548387096774194,20.7030268407716,29.878658187515967
Tottenham,Brighton,2022-04-16,2122,0,1,A,7,7,150,12,4,16,0.6363636363636364,0.6363636363636364,0.6,23.138205656705832,5.002284777847494
Man United,Norwich,2022-04-16,2122,3,2,H,7,6,150,5,4,17,0.6363636363636364,0.6,0.6,13.716132344741151,4.894181072757494
Southampton,Arsenal,2022-04-16,2122,1,0,H,7,7,150,1,6,17,0.6363636363636364,0.6363636363636364,0.6,6.592475701241937,16.65845057889279
Watford,Brentford,2022-04-16,2122,1,2,A,7,6,150,3,12,16,0.6363636363636364,0.6,0.6,6.983356257742535,19.192906621377915
West Ham,Burnley,2022-04-17,2122,1,1,D,7,7,150,6,3,17,0.6363636363636364,0.6363636363636364,0.6,14.201947208558762,6.128666466816859
Newcastle,Leicester,2022-04-17,2122,2,1,H,9,7,150,6,10,16,0.6923076923076923,0.6363636363636364,0.6,14.074263000139531,18.83087635013147
Liverpool,Man United,2022-04-19,2122,4,0,H,9,3,55,13,7,16,0.6923076923076923,0.42857142857142855,0.3548387096774194,27.939329093757983,13.858066172370576
Chelsea,Arsenal,2022-04-20,2122,2,4,A,11,4,12,12,3,15,0.7333333333333333,0.5,0.10714285714285714,24.444562519224064,11.329225289446395
Everton,Leicester,2022-04-20,2122,1,1,D,11,3,150,6,7,16,0.7333333333333333,0.42857142857142855,0.6,8.994974352517048,16.415438175065734
Newcastle,Crystal Palace,2022-04-20,2122,1,0,H,3,10,150,6,8,17,0.42857142857142855,0.7142857142857143,0.6,13.037131500069766,17.139946893510178
Man City,Brighton,2022-04-20,2122,3,0,H,10,4,150,11,7,16,0.7142857142857143,0.5,0.6,21.3515134203858,9.501142388923746
Burnley,Southampton,2022-04-21,2122,2,0,H,4,5,150,4,4,16,0.5,0.5555555555555556,0.6,7.06433323340843,7.296237850620969
Brentford,Tottenham,2022-04-23,2122,0,0,D,7,7,150,12,12,17,0.6363636363636364,0.6363636363636364,0.6,21.596453310688958,23.569102828352918
Norwich,Newcastle,2022-04-23,2122,0,3,A,7,3,150,4,9,17,0.6363636363636364,0.42857142857142855,0.6,6.447090536378747,15.518565750034883
Man City,Watford,2022-04-23,2122,5,1,H,3,7,150,11,3,17,0.42857142857142855,0.6363636363636364,0.6,21.6757567101929,6.491678128871268
Leicester,Aston Villa,2022-04-23,2122,0,0,D,3,14,150,8,3,16,0.42857142857142855,0.7777777777777778,0.6,16.207719087532865,10.346010908008115
Arsenal,Man United,2022-04-23,2122,3,1,H,3,4,295,6,7,17,0.42857142857142855,0.5,0.7468354430379747,11.664612644723197,13.929033086185289
Brighton,Southampton,2022-04-24,2122,2,2,D,4,3,150,7,4,17,0.5,0.42857142857142855,0.6,11.750571194461873,7.648118925310484
Burnley,Wolves,2022-04-24,2122,1,0,H,3,16,150,7,9,17,0.42857142857142855,0.8,0.6,10.532166616704215,16.56692186738354
Chelsea,West Ham,2022-04-24,2122,1,0,H,4,7,150,9,7,16,0.5,0.6363636363636364,0.6,21.222281259612032,14.100973604279382
Liverpool,Everton,2022-04-24,2122,2,0,H,5,4,150,13,7,17,0.5555555555555556,0.5,0.6,26.96966454687899,11.497487176258524
Crystal Palace,Leeds,2022-04-25,2122,0,0,D,5,16,150,7,10,17,0.5555555555555556,0.8,0.6,15.569973446755089,15.440025241380376
Man United,Chelsea,2022-04-28,2122,1,1,D,5,4,305,4,9,18,0.5555555555555556,0.5,0.7530864197530864,10.964516543092644,19.611140629806016
Leeds,Man City,2022-04-30,2122,0,4,A,5,7,150,11,11,17,0.5555555555555556,0.6363636363636364,0.6,18.720012620690188,21.83787835509645
Wolves,Brighton,2022-04-30,2122,0,3,A,6,6,150,6,8,17,0.6,0.6,0.6,14.28346093369177,13.875285597230937
Watford,Burnley,2022-04-30,2122,1,2,A,7,6,150,3,10,17,0.6363636363636364,0.6,0.6,6.245839064435634,15.266083308352108
Aston Villa,Norwich,2022-04-30,2122,2,0,H,7,7,150,1,4,16,0.6363636363636364,0.6363636363636364,0.6,6.173005454004057,7.2235452681893735
Newcastle,Liverpool,2022-04-30,2122,0,1,A,7,6,150,12,13,18,0.6363636363636364,0.6,0.6,19.75928287501744,26.484832273439494
Southampton,Crystal Palace,2022-04-30,2122,1,2,A,6,5,150,5,5,18,0.6,0.5555555555555556,0.6,8.824059462655242,12.784986723377544
West Ham,Arsenal,2022-05-01,2122,1,2,A,7,8,150,4,6,18,0.6363636363636364,0.6666666666666666,0.6,11.050486802139691,11.8323063223616
Everton,Chelsea,2022-05-01,2122,1,0,H,7,3,150,4,7,17,0.6363636363636364,0.42857142857142855,0.6,9.748743588129262,16.805570314903008
Tottenham,Leicester,2022-05-01,2122,3,1,H,8,8,150,10,6,17,0.6666666666666666,0.6666666666666666,0.6,21.78455141417646,14.103859543766433
Man United,Brentford,2022-05-02,2122,3,0,H,4,9,150,4,10,19,0.5,0.6923076923076923,0.6,9.482258271546321,20.79822665534448
Brighton,Man United,2022-05-07,2122,4,0,H,7,5,150,10,7,18,0.6363636363636364,0.5555555555555556,0.6,16.937642798615467,11.74112913577316
Liverpool,Tottenham,2022-05-07,2122,1,1,D,7,6,295,13,10,18,0.6363636363636364,0.6,0.7468354430379747,26.242416136719747,20.89227570708823
Crystal Palace,Watford,2022-05-07,2122,1,0,H,7,7,150,7,0,18,0.6363636363636364,0.6363636363636364,0.6,13.392493361688771,3.122919532217817
Burnley,Aston Villa,2022-05-07,2122,1,3,A,7,7,150,10,4,18,0.6363636363636364,0.6363636363636364,0.6,17.633041654176054,7.086502727002029
Chelsea,Wolves,2022-05-07,2122,2,2,D,6,7,150,7,3,17,0.6,0.6363636363636364,0.6,15.402785157451504,10.141730466845885
Brentford,Southampton,2022-05-07,2122,3,0,H,5,7,150,10,4,18,0.5555555555555556,0.6363636363636364,0.6,20.39911332767224,8.412029731327621
Arsenal,Leeds,2022-05-08,2122,2,1,H,7,8,150,9,8,18,0.6363636363636364,0.6666666666666666,0.6,14.9161531611808,17.360006310345092
Leicester,Everton,2022-05-08,2122,1,2,A,7,7,150,5,7,17,0.6363636363636364,0.6363636363636364,0.6,12.051929771883216,11.874371794064631
Norwich,West Ham,2022-05-08,2122,0,4,A,8,7,150,4,4,18,0.6666666666666666,0.6363636363636364,0.6,7.611772634094686,9.525243401069845
Man City,Newcastle,2022-05-08,2122,5,0,H,8,8,150,13,12,18,0.6666666666666666,0.6666666666666666,0.6,23.918939177548225,21.87964143750872
Aston Villa,Liverpool,2022-05-10,2122,1,2,A,3,3,150,7,11,17,0.42857142857142855,0.42857142857142855,0.6,10.543251363501014,24.121208068359874
Leeds,Chelsea,2022-05-11,2122,0,3,A,3,4,150,5,5,18,0.42857142857142855,0.5,0.6,13.680003155172546,12.701392578725752
Leicester,Norwich,2022-05-11,2122,3,0,H,3,3,150,2,3,18,0.42857142857142855,0.42857142857142855,0.6,8.025964885941608,6.805886317047343
Watford,Everton,2022-05-11,2122,0,0,D,4,3,150,0,10,18,0.5,0.42857142857142855,0.6,1.5614597661089085,15.937185897032315
Wolves,Man City,2022-05-11,2122,1,5,A,4,3,150,4,13,18,0.5,0.42857142857142855,0.6,9.070865233422943,24.959469588774112
Tottenham,Arsenal,2022-05-12,2122,3,0,H,5,4,10,8,12,18,0.5555555555555556,0.5,0.09090909090909091,18.446137853544116,19.4580765805904
Wolves,Norwich,2022-05-15,2122,1,1,D,4,4,150,1,0,19,0.5,0.5,0.6,5.535432616711471,3.4029431585236716
West Ham,Man City,2022-05-15,2122,2,2,D,7,4,150,4,15,19,0.6363636363636364,0.5,0.6,8.762621700534922,27.479734794387056
Watford,Leicester,2022-05-15,2122,1,5,A,4,4,150,1,5,19,0.5,0.5,0.6,1.7807298830544542,9.012982442970804
Everton,Brentford,2022-05-15,2122,2,3,A,4,8,150,8,10,18,0.5,0.6666666666666666,0.6,15.968592948516157,20.19955666383612
Aston Villa,Crystal Palace,2022-05-15,2122,1,1,D,5,8,150,7,7,18,0.5555555555555556,0.6666666666666666,0.6,12.271625681750507,13.696246680844386
Tottenham,Burnley,2022-05-15,2122,1,0,H,3,8,150,8,10,19,0.42857142857142855,0.6666666666666666,0.6,17.223068926772058,18.816520827088027
Leeds,Brighton,2022-05-15,2122,1,1,D,4,8,150,4,10,19,0.5,0.6666666666666666,0.6,10.840001577586273,18.468821399307735
Newcastle,Arsenal,2022-05-16,2122,2,0,H,8,4,150,9,12,19,0.6666666666666666,0.5,0.6,19.939820718754362,21.7290382902952
Southampton,Liverpool,2022-05-17,2122,1,2,A,10,7,150,4,13,19,0.7142857142857143,0.6363636363636364,0.6,8.20601486566381,25.06060403417994
Everton,Crystal Palace,2022-05-19,2122,3,2,H,4,4,150,7,8,19,0.5,0.5,0.6,14.984296474258079,14.848123340422193
Aston Villa,Burnley,2022-05-19,2122,1,1,D,4,4,150,8,9,19,0.5,0.5,0.6,14.135812840875253,18.408260413544014
Chelsea,Leicester,2022-05-19,2122,1,1,D,8,4,150,8,7,18,0.6666666666666666,0.5,0.6,14.350696289362876,11.506491221485401
Norwich,Tottenham,2022-05-22,2122,0,5,A,7,7,150,1,11,19,0.6363636363636364,0.6363636363636364,0.6,2.7014715792618356,19.61153446338603
Man City,Aston Villa,2022-05-22,2122,3,2,H,7,3,150,13,8,19,0.6363636363636364,0.42857142857142855,0.6,26.739867397193528,15.067906420437627
Liverpool,Wolves,2022-05-22,2122,3,1,H,5,7,150,13,2,19,0.5555555555555556,0.6363636363636364,0.6,25.53030201708997,4.767716308355736
Leicester,Southampton,2022-05-22,2122,4,1,H,3,5,150,7,1,19,0.42857142857142855,0.5555555555555556,0.6,12.7532456107427,5.103007432831905
Crystal Palace,Man United,2022-05-22,2122,1,0,H,3,15,150,8,4,19,0.42857142857142855,0.7894736842105263,0.6,15.424061670211096,9.87056456788658
Brighton,West Ham,2022-05-22,2122,3,1,H,7,7,150,8,5,19,0.6363636363636364,0.6363636363636364,0.6,17.234410699653868,9.381310850267461
Burnley,Newcastle,2022-05-22,2122,1,2,A,3,6,150,7,9,19,0.42857142857142855,0.6,0.6,16.204130206772007,18.96991035937718
Brentford,Leeds,2022-05-22,2122,1,2,A,7,7,150,10,2,19,0.6363636363636364,0.6363636363636364,0.6,20.09977833191806,7.4200007887931365
Arsenal,Everton,2022-05-22,2122,5,1,H,6,3,150,9,10,19,0.6,0.42857142857142855,0.6,19.8645191451476,17.49214823712904
Chelsea,Watford,2022-05-22,2122,2,1,H,3,7,150,6,1,19,0.42857142857142855,0.6363636363636364,0.6,13.175348144681438,1.8903649415272272
Crystal Palace,Arsenal,2022-08-05,2223,0,2,A,21,21,150,10,9,1,0.84,0.84,0.6,17.712030835105548,18.9322595725738
Everton,Chelsea,2022-08-06,2223,0,1,A,21,21,150,7,8,1,0.84,0.84,0.6,15.74607411856452,14.587674072340718
Tottenham,Southampton,2022-08-06,2223,4,1,H,21,21,150,13,1,1,0.84,0.84,0.6,22.805767231693014,3.5515037164159526
Newcastle,Nott'm Forest,2022-08-06,2223,2,0,H,21,14,150,9,0,1,0.84,0.7777777777777778,0.6,18.48495517968859,0.0
Leeds,Wolves,2022-08-06,2223,2,1,H,21,21,150,4,2,1,0.84,0.84,0.6,7.710000394396568,4.383858154177868
Bournemouth,Aston Villa,2022-08-06,2223,2,0,H,21,21,150,7,5,1,0.84,0.84,0.6,10.609906634602128,12.533953210218813
Fulham,Liverpool,2022-08-06,2223,2,2,D,21,21,150,1,13,1,0.84,0.84,0.6,2.5838865549619863,25.765151008544983
Leicester,Brentford,2022-08-07,2223,2,2,D,21,21,150,10,7,1,0.84,0.84,0.6,16.37662280537135,17.04988916595903
Man United,Brighton,2022-08-07,2223,1,2,A,21,21,150,4,11,1,0.84,0.84,0.6,8.935282283943291,19.617205349826932
West Ham,Man City,2022-08-07,2223,0,2,A,21,21,150,4,13,1,0.84,0.84,0.6,8.69065542513373,26.369933698596764
Brentford,Man United,2022-08-13,2223,4,0,H,6,6,150,7,4,1,0.6,0.6,0.6,15.524944582979515,8.467641141971646
Wolves,Fulham,2022-08-13,2223,0,0,D,7,7,150,2,2,1,0.6363636363636364,0.6363636363636364,0.6,4.191929077088934,3.291943277480993
Southampton,Leeds,2022-08-13,2223,2,2,D,7,7,150,0,7,1,0.6363636363636364,0.6363636363636364,0.6,1.7757518582079763,10.855000197198283
Man City,Bournemouth,2022-08-13,2223,4,0,H,6,7,150,13,9,1,0.6,0.6363636363636364,0.6,26.184966849298384,14.304953317301063
Brighton,Newcastle,2022-08-13,2223,0,0,D,6,7,150,13,9,1,0.6,0.6363636363636364,0.6,22.808602674913466,18.242477589844295
Arsenal,Leicester,2022-08-13,2223,4,2,H,8,6,150,9,11,1,0.6666666666666666,0.6,0.6,18.4661297862869,19.188311402685677
Aston Villa,Everton,2022-08-13,2223,2,1,H,7,7,150,2,4,1,0.6363636363636364,0.6363636363636364,0.6,8.266976605109406,11.873037059282261
Nott'm Forest,West Ham,2022-08-14,2223,1,0,H,8,7,150,0,4,1,0.6666666666666666,0.6363636363636364,0.6,0.0,8.345327712566865
Chelsea,Tottenham,2022-08-14,2223,2,2,D,8,8,11,11,13,1,0.6666666666666666,0.6666666666666666,0.0990990990990991,18.29383703617036,24.402883615846505
Liverpool,Crystal Palace,2022-08-15,2223,1,1,D,9,10,150,11,7,1,0.6923076923076923,0.7142857142857143,0.6,23.88257550427249,15.856015417552774
Bournemouth,Arsenal,2022-08-20,2223,0,3,A,7,7,150,6,9,2,0.6363636363636364,0.6363636363636364,0.6,13.152476658650532,18.23306489314345
Leicester,Southampton,2022-08-20,2223,1,2,A,7,7,150,8,1,2,0.6363636363636364,0.6363636363636364,0.6,17.59415570134284,1.8878759291039882
Fulham,Brentford,2022-08-20,2223,3,2,H,7,7,150,3,10,2,0.6363636363636364,0.6363636363636364,0.6,4.645971638740496,17.762472291489757
Everton,Nott'm Forest,2022-08-20,2223,1,1,D,7,6,150,3,3,2,0.6363636363636364,0.6,0.6,8.93651852964113,3.0
Crystal Palace,Aston Villa,2022-08-20,2223,3,1,H,5,7,150,5,5,2,0.5555555555555556,0.6363636363636364,0.6,12.928007708776388,9.133488302554703
Tottenham,Wolves,2022-08-20,2223,1,0,H,6,7,150,13,2,2,0.6,0.6363636363636364,0.6,25.201441807923253,4.095964538544467
Leeds,Chelsea,2022-08-21,2223,3,0,H,8,7,150,8,11,2,0.6666666666666666,0.6363636363636364,0.6,13.427500098599142,20.14691851808518
West Ham,Brighton,2022-08-21,2223,0,2,A,7,8,150,4,11,2,0.6363636363636364,0.6666666666666666,0.6,8.172663856283432,22.404301337456733
Newcastle,Man City,2022-08-21,2223,3,3,D,8,8,150,10,13,2,0.6666666666666666,0.6666666666666666,0.6,19.12123879492215,26.092483424649192
Man United,Liverpool,2022-08-22,2223,2,1,H,9,7,55,3,11,2,0.6923076923076923,0.6363636363636364,0.3548387096774194,7.233820570985823,22.941287752136247
Arsenal,Fulham,2022-08-27,2223,2,1,H,7,7,150,12,6,2,0.6363636363636364,0.6363636363636364,0.6,21.116532446571725,8.322985819370249
Man City,Crystal Palace,2022-08-27,2223,4,2,H,6,7,150,11,7,2,0.6,0.6363636363636364,0.6,24.046241712324594,13.464003854388194
Liverpool,Bournemouth,2022-08-27,2223,9,0,H,5,7,150,8,6,2,0.5555555555555556,0.6363636363636364,0.6,19.470643876068124,12.576238329325266
Brighton,Leeds,2022-08-27,2223,1,0,H,6,6,150,11,11,2,0.6,0.6,0.6,22.202150668728365,17.71375004929957
Brentford,Everton,2022-08-27,2223,1,1,D,7,7,150,7,4,2,0.6363636363636364,0.6363636363636364,0.6,15.881236145744879,8.468259264820565
Southampton,Man United,2022-08-27,2223,0,1,A,7,5,150,4,3,2,0.6363636363636364,0.5555555555555556,0.6,4.943937964551994,6.616910285492912
Chelsea,Leicester,2022-08-27,2223,2,1,H,6,7,150,8,5,2,0.6,0.6363636363636364,0.6,18.07345925904259,13.79707785067142
Nott'm Forest,Tottenham,2022-08-28,2223,0,2,A,8,8,150,4,13,2,0.6666666666666666,0.6666666666666666,0.6,5.5,25.600720903961626
Aston Villa,West Ham,2022-08-28,2223,0,1,A,8,7,150,4,1,2,0.6666666666666666,0.6363636363636364,0.6,8.566744151277351,5.086331928141716
Wolves,Newcastle,2022-08-28,2223,1,1,D,8,7,150,2,11,2,0.6666666666666666,0.6363636363636364,0.6,4.047982269272234,20.560619397461075
Fulham,Brighton,2022-08-30,2223,2,1,H,3,3,150,5,13,3,0.42857142857142855,0.42857142857142855,0.6,9.161492909685125,24.101075334364182
Southampton,Chelsea,2022-08-30,2223,2,1,H,3,3,150,4,10,3,0.42857142857142855,0.42857142857142855,0.6,6.471968982275997,19.036729629521297
Crystal Palace,Brentford,2022-08-30,2223,1,1,D,3,3,150,7,5,3,0.42857142857142855,0.42857142857142855,0.6,13.732001927194098,12.94061807287244
Leeds,Everton,2022-08-30,2223,1,1,D,3,3,150,10,2,3,0.42857142857142855,0.42857142857142855,0.6,18.856875024649785,6.234129632410283
West Ham,Tottenham,2022-08-31,2223,1,1,D,3,3,150,3,13,3,0.42857142857142855,0.42857142857142855,0.6,5.543165964070858,25.800360451980815
Liverpool,Newcastle,2022-08-31,2223,2,1,H,4,3,150,8,9,3,0.5,0.42857142857142855,0.6,17.735321938034062,19.280309698730537
Man City,Nott'm Forest,2022-08-31,2223,6,0,H,4,3,150,13,4,3,0.5,0.42857142857142855,0.6,25.023120856162297,6.75
Arsenal,Aston Villa,2022-08-31,2223,2,1,H,4,3,150,15,3,3,0.5,0.42857142857142855,0.6,25.558266223285862,7.283372075638676
Bournemouth,Wolves,2022-08-31,2223,0,0,D,4,3,150,6,2,3,0.5,0.42857142857142855,0.6,12.288119164662632,4.023991134636117
Leicester,Man United,2022-09-01,2223,0,1,A,5,5,150,4,6,3,0.5555555555555556,0.5555555555555556,0.6,10.89853892533571,9.308455142746457
Everton,Liverpool,2022-09-03,2223,0,0,D,4,3,150,3,8,3,0.5,0.42857142857142855,0.6,6.117064816205142,16.86766096901703
Brentford,Leeds,2022-09-03,2223,5,2,H,4,4,150,6,8,3,0.5,0.5,0.6,12.47030903643622,17.42843751232489
Chelsea,West Ham,2022-09-03,2223,2,1,H,4,3,150,7,4,3,0.5,0.42857142857142855,0.6,16.51836481476065,6.771582982035429
Newcastle,Crystal Palace,2022-09-03,2223,0,0,D,3,4,150,6,5,3,0.42857142857142855,0.5,0.6,15.640154849365269,11.866000963597049
Nott'm Forest,Bournemouth,2022-09-03,2223,2,3,A,3,3,150,4,4,3,0.42857142857142855,0.42857142857142855,0.6,7.375,10.144059582331316
Tottenham,Fulham,2022-09-03,2223,2,1,H,3,4,150,11,8,3,0.42857142857142855,0.5,0.6,23.900180225990407,12.580746454842561
Wolves,Southampton,2022-09-03,2223,1,0,H,3,4,150,3,7,3,0.42857142857142855,0.5,0.6,5.011995567318058,10.235984491137998
Aston Villa,Man City,2022-09-03,2223,1,1,D,3,3,150,3,13,3,0.42857142857142855,0.42857142857142855,0.6,6.641686037819338,25.511560428081147
Man United,Arsenal,2022-09-04,2223,3,1,H,3,4,295,9,15,3,0.42857142857142855,0.5,0.7468354430379747,13.654227571373228,27.77913311164293
Brighton,Leicester,2022-09-04,2223,5,2,H,5,3,150,10,1,3,0.5555555555555556,0.42857142857142855,0.6,22.05053766718209,6.449269462667855
Aston Villa,Southampton,2022-09-16,2223,1,0,H,13,13,150,4,7,4,0.7647058823529411,0.7647058823529411,0.6,7.3208430189096685,12.117992245568999
Nott'm Forest,Fulham,2022-09-16,2223,2,3,A,13,13,150,4,7,4,0.7647058823529411,0.7647058823529411,0.6,7.6875,13.29037322742128
Wolves,Man City,2022-09-17,2223,0,3,A,14,14,150,6,11,4,0.7777777777777778,0.7777777777777778,0.6,8.50599778365903,23.755780214040573
Newcastle,Bournemouth,2022-09-17,2223,1,1,D,14,14,150,4,4,4,0.7777777777777778,0.7777777777777778,0.6,11.820077424682633,9.072029791165658
Tottenham,Leicester,2022-09-17,2223,6,2,H,14,13,150,11,0,4,0.7777777777777778,0.7647058823529411,0.6,22.950090112995206,3.2246347313339276
Brentford,Arsenal,2022-09-18,2223,0,3,A,15,14,150,8,12,4,0.7894736842105263,0.7777777777777778,0.6,14.23515451821811,25.889566555821467
Everton,West Ham,2022-09-18,2223,1,0,H,15,15,150,4,4,4,0.7894736842105263,0.7894736842105263,0.6,7.058532408102571,7.385791491017715
Southampton,Everton,2022-10-01,2223,1,2,A,15,13,150,6,7,4,0.7894736842105263,0.7647058823529411,0.6,12.0589961227845,10.529266204051286
West Ham,Wolves,2022-10-01,2223,2,0,H,13,14,150,4,5,4,0.7647058823529411,0.7777777777777778,0.6,7.692895745508857,9.252998891829515
Liverpool,Brighton,2022-10-01,2223,3,3,D,21,21,150,8,10,4,0.84,0.84,0.6,16.433830484508515,21.025268833591046
Arsenal,Tottenham,2022-10-01,2223,3,1,H,13,14,10,12,13,4,0.7647058823529411,0.7777777777777778,0.09090909090909091,24.944783277910734,24.475045056497603
Crystal Palace,Chelsea,2022-10-01,2223,1,2,A,21,21,150,6,7,4,0.84,0.84,0.6,11.933000481798524,15.259182407380324
Bournemouth,Brentford,2022-10-01,2223,0,0,D,14,13,150,5,5,4,0.7777777777777778,0.7647058823529411,0.6,9.536014895582829,12.117577259109055
Fulham,Newcastle,2022-10-01,2223,1,4,A,15,14,150,9,4,4,0.7894736842105263,0.7777777777777778,0.6,15.64518661371064,9.910038712341317
Man City,Man United,2022-10-02,2223,6,3,H,15,21,10,11,12,4,0.7894736842105263,0.84,0.09090909090909091,22.877890107020285,18.827113785686613
Leeds,Aston Villa,2022-10-02,2223,0,0,D,21,16,150,5,4,4,0.84,0.8,0.6,13.714218756162445,7.660421509454834
Leicester,Nott'm Forest,2022-10-03,2223,4,0,H,16,17,150,0,1,4,0.8,0.8095238095238095,0.6,1.6123173656669638,4.84375
Bournemouth,Leicester,2022-10-08,2223,2,1,H,7,5,150,6,3,5,0.6363636363636364,0.5555555555555556,0.6,10.768007447791415,3.806158682833482
Chelsea,Wolves,2022-10-08,2223,3,0,H,7,7,150,9,5,4,0.6363636363636364,0.6363636363636364,0.6,16.62959120369016,9.626499445914757
Man City,Southampton,2022-10-08,2223,4,0,H,6,7,150,13,3,5,0.6,0.6363636363636364,0.6,24.438945053510142,9.02949806139225
Newcastle,Brentford,2022-10-08,2223,5,1,H,7,7,150,6,6,5,0.6363636363636364,0.6363636363636364,0.6,10.95501935617066,12.058788629554527
Brighton,Tottenham,2022-10-08,2223,0,1,A,7,7,150,10,10,4,0.6363636363636364,0.6363636363636364,0.6,20.51263441679552,22.237522528248803
Everton,Man United,2022-10-09,2223,1,2,A,8,7,150,9,12,5,0.6666666666666666,0.6363636363636364,0.6,14.264633102025643,21.413556892843307
Crystal Palace,Leeds,2022-10-09,2223,2,1,H,8,7,150,5,5,5,0.6666666666666666,0.6363636363636364,0.6,10.966500240899261,11.857109378081223
West Ham,Fulham,2022-10-09,2223,3,1,H,8,8,150,7,6,5,0.6666666666666666,0.6666666666666666,0.6,10.846447872754428,13.822593306855321
Arsenal,Liverpool,2022-10-09,2223,3,2,H,8,8,290,12,8,5,0.6666666666666666,0.6666666666666666,0.7435897435897436,24.472391638955365,16.21691524225426
Nott'm Forest,Aston Villa,2022-10-10,2223,1,1,D,7,8,150,0,5,5,0.6363636363636364,0.6666666666666666,0.6,2.421875,8.830210754727418
Brentford,Brighton,2022-10-14,2223,2,0,H,6,6,150,5,7,5,0.6,0.6,0.6,11.029394314777264,17.25631720839776
Leicester,Crystal Palace,2022-10-15,2223,0,0,D,7,6,150,3,5,5,0.6363636363636364,0.6,0.6,4.903079341416741,10.48325012044963
Fulham,Bournemouth,2022-10-15,2223,2,2,D,6,7,150,6,9,5,0.6,0.6363636363636364,0.6,12.91129665342766,14.384003723895708
Wolves,Nott'm Forest,2022-10-15,2223,1,0,H,7,5,150,4,1,5,0.6363636363636364,0.5555555555555556,0.6,8.813249722957378,2.2109375
Tottenham,Everton,2022-10-15,2223,2,0,H,7,6,150,10,8,5,0.6363636363636364,0.6,0.6,21.1187612641244,15.13231655101282
Aston Villa,Chelsea,2022-10-16,2223,0,2,A,6,8,150,6,12,5,0.6,0.6666666666666666,0.6,10.415105377363709,20.31479560184508
Leeds,Arsenal,2022-10-16,2223,0,1,A,7,7,150,2,12,5,0.6363636363636364,0.6363636363636364,0.6,7.928554689040611,24.236195819477683
Man United,Newcastle,2022-10-16,2223,0,0,D,7,8,150,12,8,4,0.6363636363636364,0.6666666666666666,0.6,22.70677844642165,13.47750967808533
Southampton,West Ham,2022-10-16,2223,1,1,D,8,7,150,3,7,5,0.6666666666666666,0.6363636363636364,0.6,7.514749030696125,12.423223936377214
Liverpool,Man City,2022-10-16,2223,1,0,H,7,8,55,8,13,5,0.6363636363636364,0.6666666666666666,0.3548387096774194,16.10845762112713,25.21947252675507
Crystal Palace,Wolves,2022-10-18,2223,2,1,H,3,3,150,6,6,6,0.42857142857142855,0.42857142857142855,0.6,11.241625060224816,10.40662486147869
Brighton,Nott'm Forest,2022-10-18,2223,0,0,D,4,3,150,4,1,5,0.5,0.42857142857142855,0.6,12.62815860419888,2.10546875
Bournemouth,Southampton,2022-10-19,2223,0,1,A,4,3,150,9,1,6,0.5,0.42857142857142855,0.6,16.192001861947855,4.757374515348062
Brentford,Chelsea,2022-10-19,2223,0,0,D,5,3,150,7,12,6,0.5555555555555556,0.42857142857142855,0.6,12.514697157388632,22.15739780092254
Liverpool,West Ham,2022-10-19,2223,1,0,H,3,3,150,8,7,6,0.42857142857142855,0.42857142857142855,0.6,16.054228810563565,13.211611968188606
Newcastle,Everton,2022-10-19,2223,1,0,H,3,4,150,9,7,6,0.42857142857142855,0.5,0.6,15.738754839042665,14.56615827550641
Man United,Tottenham,2022-10-19,2223,2,0,H,3,4,300,10,12,5,0.42857142857142855,0.5,0.75,21.353389223210826,22.5593806320622
Fulham,Aston Villa,2022-10-20,2223,3,0,H,5,4,150,4,6,6,0.5555555555555556,0.5,0.6,10.455648326713831,11.207552688681854
Leicester,Leeds,2022-10-20,2223,2,0,H,5,4,150,4,2,6,0.5555555555555556,0.5,0.6,6.451539670708371,5.964277344520306
Chelsea,Man United,2022-10-22,2223,1,1,D,3,3,305,13,10,5,0.42857142857142855,0.42857142857142855,0.7530864197530864,24.07869890046127,20.676694611605413
Man City,Brighton,2022-10-22,2223,3,1,H,6,4,150,10,5,6,0.6,0.5,0.6,22.609736263377535,11.31407930209944
Everton,Crystal Palace,2022-10-22,2223,3,0,H,3,4,150,6,8,6,0.42857142857142855,0.5,0.6,13.283079137753205,13.620812530112408
Nott'm Forest,Liverpool,2022-10-22,2223,1,0,H,4,3,150,2,8,6,0.5,0.42857142857142855,0.6,3.052734375,16.027114405281782
Aston Villa,Brentford,2022-10-23,2223,4,0,H,3,4,150,5,5,6,0.42857142857142855,0.5,0.6,10.603776344340927,11.257348578694316
Leeds,Fulham,2022-10-23,2223,2,3,A,3,3,150,1,7,6,0.42857142857142855,0.42857142857142855,0.6,3.982138672260153,12.227824163356916
Southampton,Arsenal,2022-10-23,2223,1,1,D,4,7,150,4,12,6,0.5,0.6363636363636364,0.6,6.378687257674031,24.118097909738843
Wolves,Leicester,2022-10-23,2223,0,4,A,5,3,150,3,7,6,0.5555555555555556,0.42857142857142855,0.6,8.203312430739345,10.225769835354185
Tottenham,Newcastle,2022-10-23,2223,1,2,A,4,4,150,9,11,6,0.5,0.5,0.6,20.2796903160311,18.86937741952133
West Ham,Bournemouth,2022-10-24,2223,2,0,H,5,5,150,7,6,6,0.5555555555555556,0.5555555555555556,0.6,13.605805984094303,14.096000930973927
Liverpool,Leeds,2022-10-29,2223,1,2,A,7,6,150,7,1,7,0.6363636363636364,0.6,0.6,15.013557202640891,2.991069336130076
Fulham,Everton,2022-10-29,2223,0,0,D,6,7,150,7,6,7,0.6,0.6363636363636364,0.6,13.113912081678457,12.641539568876603
Newcastle,Aston Villa,2022-10-29,2223,4,0,H,6,6,150,13,5,7,0.6,0.6,0.6,22.434688709760664,10.301888172170464
Crystal Palace,Southampton,2022-10-29,2223,1,0,H,7,6,150,7,5,7,0.6363636363636364,0.6,0.6,13.810406265056205,8.189343628837015
Bournemouth,Tottenham,2022-10-29,2223,2,3,A,5,6,150,5,6,7,0.5555555555555556,0.6,0.6,12.048000465486965,16.13984515801555
Brentford,Wolves,2022-10-29,2223,1,1,D,6,6,150,5,3,7,0.6,0.6,0.6,10.628674289347158,7.1016562153696725
Leicester,Man City,2022-10-29,2223,0,1,A,6,7,150,10,12,7,0.6,0.6363636363636364,0.6,15.112884917677093,23.304868131688767
Brighton,Chelsea,2022-10-29,2223,4,1,H,7,7,150,2,11,6,0.6363636363636364,0.6363636363636364,0.6,7.65703965104972,23.039349450230635
Man United,West Ham,2022-10-30,2223,1,0,H,8,6,150,8,10,6,0.6666666666666666,0.6,0.6,18.338347305802706,16.80290299204715
Arsenal,Nott'm Forest,2022-10-30,2223,5,0,H,7,8,150,13,5,6,0.6363636363636364,0.6666666666666666,0.6,25.05904895486942,6.5263671875
Nott'm Forest,Brentford,2022-11-05,2223,2,2,D,6,7,150,5,5,7,0.6,0.6363636363636364,0.6,8.26318359375,10.31433714467358
Everton,Leicester,2022-11-05,2223,0,2,A,7,7,150,4,7,7,0.6363636363636364,0.6363636363636364,0.6,10.320769784438301,14.556442458838546
Leeds,Bournemouth,2022-11-05,2223,4,3,H,7,7,150,3,4,7,0.6363636363636364,0.6363636363636364,0.6,4.495534668065038,10.024000232743482
Man City,Fulham,2022-11-05,2223,2,1,H,7,7,150,12,8,7,0.6363636363636364,0.6363636363636364,0.6,23.652434065844382,14.556956040839228
Wolves,Brighton,2022-11-05,2223,2,3,A,7,7,150,4,4,7,0.6363636363636364,0.6363636363636364,0.6,7.550828107684836,7.82851982552486
Chelsea,Arsenal,2022-11-06,2223,0,1,A,8,7,12,8,13,6,0.6666666666666666,0.6363636363636364,0.10714285714285714,19.519674725115316,25.529524477434713
Aston Villa,Man United,2022-11-06,2223,3,1,H,8,7,150,4,11,7,0.6666666666666666,0.6363636363636364,0.6,9.150944086085232,20.169173652901353
Southampton,Newcastle,2022-11-06,2223,1,4,A,8,8,150,5,13,7,0.6666666666666666,0.6666666666666666,0.6,9.094671814418508,24.217344354880332
West Ham,Crystal Palace,2022-11-06,2223,1,2,A,7,8,150,7,10,7,0.6363636363636364,0.6666666666666666,0.6,15.401451496023576,16.9052031325281
Tottenham,Liverpool,2022-11-06,2223,1,2,A,8,8,295,9,6,7,0.6666666666666666,0.6666666666666666,0.7468354430379747,17.069922579007773,13.506778601320445
Wolves,Arsenal,2022-11-12,2223,0,2,A,7,6,150,4,13,8,0.6363636363636364,0.6,0.6,7.775414053842418,25.764762238717356
Newcastle,Chelsea,2022-11-12,2223,1,0,H,6,6,150,13,5,8,0.6,0.6,0.6,25.108672177440166,14.759837362557658
West Ham,Leicester,2022-11-12,2223,0,2,A,6,7,150,4,10,8,0.6,0.6363636363636364,0.6,11.700725748011788,17.278221229419273
Tottenham,Leeds,2022-11-12,2223,4,3,H,6,7,150,6,6,8,0.6,0.6363636363636364,0.6,14.534961289503887,8.247767334032519
Nott'm Forest,Crystal Palace,2022-11-12,2223,1,0,H,7,6,150,5,10,8,0.6363636363636364,0.6,0.6,9.131591796875,18.45260156626405
Liverpool,Southampton,2022-11-12,2223,3,1,H,6,6,150,9,5,8,0.6,0.6,0.6,15.753389300660222,9.547335907209254
Bournemouth,Everton,2022-11-12,2223,3,0,H,7,7,150,1,4,8,0.6363636363636364,0.6363636363636364,0.6,6.012000116371741,9.16038489221915
Man City,Brentford,2022-11-12,2223,1,2,A,7,7,150,12,6,8,0.6363636363636364,0.6363636363636364,0.6,23.82621703292219,11.15716857233679
Brighton,Aston Villa,2022-11-13,2223,1,2,A,8,7,150,7,6,7,0.6666666666666666,0.6363636363636364,0.6,10.91425991276243,10.575472043042616
Fulham,Man United,2022-11-13,2223,1,2,A,8,7,150,8,8,8,0.6666666666666666,0.6363636363636364,0.6,15.278478020419614,18.084586826450675
Arsenal,West Ham,2022-12-26,2223,3,1,H,21,21,150,13,3,7,0.84,0.84,0.6,25.882381119358676,8.850362874005894
Aston Villa,Liverpool,2022-12-26,2223,1,3,A,21,21,150,9,9,8,0.84,0.84,0.6,14.287736021521308,16.876694650330112
Southampton,Brighton,2022-12-26,2223,1,3,A,21,21,150,4,7,8,0.84,0.84,0.6,8.773667953604626,12.457129956381216
Leicester,Newcastle,2022-12-26,2223,0,3,A,21,21,150,12,15,8,0.84,0.84,0.6,20.639110614709637,27.554336088720085
Everton,Wolves,2022-12-26,2223,1,2,A,21,21,150,4,1,8,0.84,0.84,0.6,8.580192446109574,4.887707026921209
Crystal Palace,Fulham,2022-12-26,2223,0,3,A,21,21,150,9,7,8,0.84,0.84,0.6,18.226300783132025,14.639239010209806
Brentford,Tottenham,2022-12-26,2223,2,2,D,21,21,150,6,6,8,0.84,0.84,0.6,11.578584286168395,13.267480644751943
Chelsea,Bournemouth,2022-12-27,2223,2,0,H,21,21,150,2,3,7,0.84,0.84,0.6,9.379918681278829,6.006000058185871
Man United,Nott'm Forest,2022-12-27,2223,3,0,H,21,21,150,10,8,7,0.84,0.84,0.6,19.042293413225337,12.5657958984375
Leeds,Man City,2022-12-28,2223,1,3,A,21,21,150,6,9,8,0.84,0.84,0.6,10.123883667016258,20.913108516461094
West Ham,Brentford,2022-12-30,2223,0,2,A,4,4,150,3,6,9,0.5,0.5,0.6,7.425181437002947,11.789292143084197
Liverpool,Leicester,2022-12-30,2223,2,1,H,4,4,150,9,9,9,0.5,0.5,0.6,17.438347325165054,19.31955530735482
Brighton,Arsenal,2022-12-31,2223,2,4,A,5,5,150,9,13,8,0.5555555555555556,0.5555555555555556,0.6,15.228564978190608,25.941190559679338
Newcastle,Leeds,2022-12-31,2223,0,0,D,5,3,150,15,6,9,0.5555555555555556,0.42857142857142855,0.6,28.777168044360042,11.06194183350813
Man City,Everton,2022-12-31,2223,1,1,D,3,5,150,12,4,9,0.42857142857142855,0.5555555555555556,0.6,22.456554258230547,8.290096223054787
Wolves,Man United,2022-12-31,2223,0,1,A,5,4,150,4,10,9,0.5555555555555556,0.5,0.6,6.4438535134606045,19.52114670661267
Bournemouth,Crystal Palace,2022-12-31,2223,0,2,A,4,5,150,3,6,9,0.5,0.5555555555555556,0.6,6.003000029092935,15.113150391566013
Fulham,Southampton,2022-12-31,2223,2,1,H,5,5,150,7,1,9,0.5555555555555556,0.5555555555555556,0.6,14.319619505104903,5.386833976802313
Tottenham,Aston Villa,2023-01-01,2223,0,2,A,6,6,150,7,9,9,0.6,0.6,0.6,13.63374032237597,16.143868010760656
Nott'm Forest,Chelsea,2023-01-01,2223,1,1,D,5,5,150,7,4,9,0.5555555555555556,0.5555555555555556,0.6,13.28289794921875,8.689959340639415
Brentford,Liverpool,2023-01-02,2223,3,1,H,3,3,150,9,12,9,0.42857142857142855,0.42857142857142855,0.6,14.894646071542098,20.719173662582527
Leicester,Fulham,2023-01-03,2223,0,1,A,4,3,150,6,7,9,0.5,0.42857142857142855,0.6,15.65977765367741,14.159809752552452
Man United,Bournemouth,2023-01-03,2223,3,0,H,3,3,150,12,3,8,0.42857142857142855,0.42857142857142855,0.6,21.760573353306334,6.001500014546467
Arsenal,Newcastle,2023-01-03,2223,0,0,D,3,3,150,15,13,8,0.42857142857142855,0.42857142857142855,0.6,27.97059527983967,27.38858402218002
Everton,Brighton,2023-01-03,2223,1,4,A,3,3,150,2,9,9,0.42857142857142855,0.42857142857142855,0.6,6.145048111527394,16.614282489095302
Crystal Palace,Tottenham,2023-01-04,2223,0,4,A,4,3,150,9,7,9,0.5,0.42857142857142855,0.6,16.556575195783005,13.816870161187985
Aston Villa,Wolves,2023-01-04,2223,1,1,D,3,4,150,9,4,9,0.42857142857142855,0.5,0.6,17.071934005380328,7.221926756730302
Southampton,Nott'm Forest,2023-01-04,2223,0,1,A,4,3,150,0,5,9,0.5,0.42857142857142855,0.6,2.6934169884011565,11.641448974609375
Leeds,West Ham,2023-01-04,2223,2,2,D,4,5,150,7,0,9,0.5,0.5555555555555556,0.6,12.530970916754065,3.7125907185014735
Chelsea,Man City,2023-01-05,2223,0,1,A,4,5,300,4,10,8,0.5,0.5555555555555556,0.75,8.344979670319708,21.228277129115273
Fulham,Chelsea,2023-01-12,2223,2,1,H,9,7,150,9,4,10,0.6923076923076923,0.6363636363636364,0.6,16.079904876276224,8.172489835159855
Aston Villa,Leeds,2023-01-13,2223,2,1,H,9,9,150,10,5,10,0.6923076923076923,0.6923076923076923,0.6,18.535967002690164,11.265485458377032
Wolves,West Ham,2023-01-14,2223,1,0,H,10,10,150,4,1,10,0.7142857142857143,0.7142857142857143,0.6,7.610963378365151,2.856295359250737
Man United,Man City,2023-01-14,2223,2,1,H,11,9,10,12,10,9,0.7333333333333333,0.6923076923076923,0.09090909090909091,22.880286676653167,20.614138564557635
Brighton,Liverpool,2023-01-14,2223,3,0,H,11,12,150,9,12,9,0.7333333333333333,0.75,0.6,17.30714124454765,22.359586831291264
Everton,Southampton,2023-01-14,2223,1,2,A,11,10,150,1,0,10,0.7333333333333333,0.7142857142857143,0.6,4.072524055763697,1.3467084942005783
Nott'm Forest,Leicester,2023-01-14,2223,2,0,H,10,11,150,8,6,10,0.7142857142857143,0.7333333333333333,0.6,13.820724487304688,13.829888826838705
Brentford,Bournemouth,2023-01-14,2223,2,0,H,12,11,150,11,3,10,0.75,0.7333333333333333,0.6,18.44732303577105,6.000750007273234
Chelsea,Crystal Palace,2023-01-15,2223,1,0,H,3,11,150,4,6,9,0.42857142857142855,0.7333333333333333,0.6,8.086244917579927,14.278287597891502
Newcastle,Fulham,2023-01-15,2223,1,0,H,12,3,150,11,12,10,0.75,0.42857142857142855,0.6,24.69429201109001,20.039952438138112
Tottenham,Arsenal,2023-01-15,2223,0,2,A,11,12,10,7,13,10,0.7333333333333333,0.75,0.09090909090909091,13.908435080593993,26.985297639919835
Crystal Palace,Man United,2023-01-18,2223,1,1,D,3,4,150,3,15,10,0.42857142857142855,0.5,0.6,10.139143798945751,26.440143338326585
Man City,Tottenham,2023-01-19,2223,4,2,H,5,4,295,7,7,10,0.5555555555555556,0.5,0.7468354430379747,17.307069282278817,13.954217540296996
West Ham,Everton,2023-01-21,2223,2,0,H,7,7,150,1,1,10,0.6363636363636364,0.6363636363636364,0.6,2.4281476796253685,3.0362620278818486
Crystal Palace,Newcastle,2023-01-21,2223,0,0,D,3,6,150,4,11,11,0.42857142857142855,0.6,0.6,9.069571899472876,23.347146005545007
Southampton,Aston Villa,2023-01-21,2223,0,1,A,7,8,150,3,10,10,0.6363636363636364,0.6666666666666666,0.6,3.6733542471002893,19.267983501345082
Bournemouth,Nott'm Forest,2023-01-21,2223,1,1,D,7,7,150,3,10,10,0.6363636363636364,0.6363636363636364,0.6,6.000375003636616,16.910362243652344
Liverpool,Chelsea,2023-01-21,2223,0,0,D,7,6,295,9,7,10,0.6363636363636364,0.6,0.7468354430379747,20.179793415645634,11.043122458789963
Leicester,Brighton,2023-01-21,2223,2,2,D,7,7,150,3,9,10,0.6363636363636364,0.6363636363636364,0.6,9.914944413419352,17.653570622273826
Leeds,Brentford,2023-01-22,2223,0,0,D,9,8,150,2,13,10,0.6923076923076923,0.6666666666666666,0.6,7.632742729188516,22.223661517885525
Man City,Wolves,2023-01-22,2223,3,0,H,3,8,150,10,7,11,0.42857142857142855,0.6666666666666666,0.6,18.65353464113941,10.805481689182574
Arsenal,Man United,2023-01-22,2223,3,2,H,7,4,295,13,13,9,0.6363636363636364,0.5,0.7468354430379747,26.492648819959918,26.220071669163293
Fulham,Tottenham,2023-01-23,2223,0,1,A,8,4,150,12,4,11,0.6666666666666666,0.5,0.6,22.019976219069058,10.977108770148497
Chelsea,Fulham,2023-02-03,2223,0,0,D,13,11,150,5,9,10,0.7647058823529411,0.7333333333333333,0.6,10.521561229394981,20.00998810953453
Brentford,Southampton,2023-02-04,2223,3,0,H,13,14,150,11,3,11,0.7647058823529411,0.7777777777777778,0.6,22.111830758942762,4.836677123550144
Newcastle,West Ham,2023-02-04,2223,1,1,D,14,14,150,9,4,11,0.7777777777777778,0.7777777777777778,0.6,20.673573002772503,5.214073839812684
Wolves,Liverpool,2023-02-04,2223,3,0,H,13,14,150,7,7,11,0.7647058823529411,0.7777777777777778,0.6,12.402740844591287,17.089896707822817
Man United,Crystal Palace,2023-02-04,2223,2,1,H,13,14,150,10,5,10,0.7647058823529411,0.7777777777777778,0.6,23.110035834581645,9.534785949736438
Aston Villa,Leicester,2023-02-04,2223,2,4,A,14,14,150,10,1,11,0.7777777777777778,0.7777777777777778,0.6,19.633991750672543,5.957472206709676
Everton,Arsenal,2023-02-04,2223,1,0,H,14,13,150,1,13,11,0.7777777777777778,0.7647058823529411,0.6,2.5181310139409243,26.24632440997996
Brighton,Bournemouth,2023-02-04,2223,1,0,H,14,14,150,10,1,10,0.7777777777777778,0.7777777777777778,0.6,18.826785311136913,4.000187501818308
Tottenham,Man City,2023-02-05,2223,1,0,H,13,14,295,6,10,11,0.7647058823529411,0.7777777777777778,0.7468354430379747,11.488554385074249,19.326767320569704
Nott'm Forest,Leeds,2023-02-05,2223,1,0,H,15,14,150,8,3,11,0.7894736842105263,0.7777777777777778,0.6,16.455181121826172,6.816371364594258
Man United,Leeds,2023-02-08,2223,2,2,D,4,3,150,10,3,11,0.5,0.42857142857142855,0.6,21.555017917290822,6.408185682297129
Leicester,Tottenham,2023-02-11,2223,4,1,H,7,6,150,4,9,11,0.6363636363636364,0.6,0.6,6.978736103354838,14.744277192537124
Southampton,Wolves,2023-02-11,2223,1,2,A,7,7,150,3,7,11,0.6363636363636364,0.6363636363636364,0.6,5.418338561775072,13.201370422295643
Bournemouth,Newcastle,2023-02-11,2223,1,1,D,7,7,150,1,7,11,0.6363636363636364,0.6363636363636364,0.6,3.000093750909154,17.33678650138625
Fulham,Nott'm Forest,2023-02-11,2223,2,0,H,8,6,150,7,11,12,0.6666666666666666,0.6,0.6,17.004994054767266,19.227590560913086
Arsenal,Brentford,2023-02-11,2223,1,1,D,7,7,150,10,13,10,0.6363636363636364,0.6363636363636364,0.6,23.12316220498998,24.05591537947138
West Ham,Chelsea,2023-02-11,2223,1,1,D,7,8,150,5,5,11,0.6363636363636364,0.6666666666666666,0.6,7.607036919906342,10.260780614697492
Crystal Palace,Brighton,2023-02-11,2223,1,1,D,7,7,150,2,10,12,0.6363636363636364,0.6363636363636364,0.6,6.767392974868219,19.413392655568458
Leeds,Man United,2023-02-12,2223,0,2,A,4,4,150,3,8,11,0.5,0.5,0.6,6.204092841148564,18.777508958645413
Man City,Aston Villa,2023-02-12,2223,3,1,H,7,8,150,9,10,12,0.6363636363636364,0.6666666666666666,0.6,18.66338366028485,19.81699587533627
Liverpool,Everton,2023-02-13,2223,2,0,H,9,9,150,4,4,11,0.6923076923076923,0.6923076923076923,0.6,12.544948353911408,5.259065506970462
Arsenal,Man City,2023-02-15,2223,1,3,A,4,3,295,8,9,11,0.5,0.42857142857142855,0.7468354430379747,19.56158110249499,18.331691830142425
Newcastle,Liverpool,2023-02-18,2223,0,2,A,7,5,150,7,4,12,0.6363636363636364,0.5555555555555556,0.6,15.668393250693125,10.272474176955704
Wolves,Bournemouth,2023-02-18,2223,0,1,A,7,7,150,10,2,12,0.6363636363636364,0.6363636363636364,0.6,16.60068521114782,3.500046875454577
Nott'm Forest,Man City,2023-02-18,2223,1,1,D,7,3,150,10,12,12,0.6363636363636364,0.42857142857142855,0.6,19.613795280456543,21.165845915071213
Everton,Leeds,2023-02-18,2223,1,0,H,5,6,150,3,2,12,0.5555555555555556,0.6,0.6,5.629532753485231,5.102046420574283
Chelsea,Southampton,2023-02-18,2223,0,1,A,7,7,150,6,3,11,0.6363636363636364,0.6363636363636364,0.6,11.130390307348746,5.7091692808875365
Brighton,Fulham,2023-02-18,2223,0,1,A,7,7,150,11,7,11,0.6363636363636364,0.6363636363636364,0.6,20.70669632778423,15.502497027383633
Brentford,Crystal Palace,2023-02-18,2223,1,1,D,7,7,150,11,3,12,0.6363636363636364,0.6363636363636364,0.6,23.02795768973569,6.38369648743411
Aston Villa,Arsenal,2023-02-18,2223,2,4,A,6,3,150,7,7,12,0.6,0.42857142857142855,0.6,16.908497937668137,16.780790551247495
Man United,Leicester,2023-02-19,2223,3,0,H,7,8,150,8,7,12,0.6363636363636364,0.6666666666666666,0.6,17.388754479322706,10.489368051677419
Tottenham,West Ham,2023-02-19,2223,2,0,H,8,8,150,6,6,12,0.6666666666666666,0.6666666666666666,0.6,13.372138596268563,9.803518459953171
Fulham,Wolves,2023-02-24,2223,1,1,D,6,6,150,7,9,13,0.6,0.6,0.6,14.751248513691817,17.30034260557391
Crystal Palace,Liverpool,2023-02-25,2223,0,0,D,7,7,150,4,7,13,0.6363636363636364,0.6363636363636364,0.6,7.191848243717055,12.136237088477852
Bournemouth,Man City,2023-02-25,2223,1,4,A,7,7,150,5,10,12,0.6363636363636364,0.6363636363636364,0.6,6.750023437727289,20.582922957535608
West Ham,Nott'm Forest,2023-02-25,2223,4,0,H,6,7,150,5,8,12,0.6,0.6363636363636364,0.6,9.901759229976586,17.80689764022827
Leeds,Southampton,2023-02-25,2223,1,0,H,7,7,150,2,6,12,0.6363636363636364,0.6363636363636364,0.6,4.551023210287141,8.854584640443768
Everton,Aston Villa,2023-02-25,2223,0,2,A,7,7,150,6,6,13,0.6363636363636364,0.6363636363636364,0.6,8.814766376742615,14.454248968834069
Leicester,Arsenal,2023-02-25,2223,0,1,A,6,7,150,7,7,12,0.6,0.6363636363636364,0.6,12.244684025838708,15.390395275623748
Tottenham,Chelsea,2023-02-26,2223,2,0,H,7,8,11,9,6,13,0.6363636363636364,0.6666666666666666,0.0990990990990991,15.686069298134282,11.565195153674374
Arsenal,Everton,2023-03-01,2223,4,0,H,4,4,150,7,6,12,0.5,0.5,0.6,14.695197637811873,10.407383188371307
Liverpool,Wolves,2023-03-01,2223,2,0,H,4,5,150,8,7,12,0.5,0.5555555555555556,0.6,14.068118544238926,15.650171302786955
Brighton,West Ham,2023-03-04,2223,4,0,H,14,7,150,8,8,12,0.7777777777777778,0.6363636363636364,0.6,18.353348163892115,12.950879614988292
Man City,Newcastle,2023-03-04,2223,2,0,H,7,14,150,10,6,13,0.6363636363636364,0.7777777777777778,0.6,20.291461478767804,13.834196625346562
Arsenal,Bournemouth,2023-03-04,2223,3,2,H,3,7,150,10,5,13,0.42857142857142855,0.6363636363636364,0.6,17.347598818905936,8.375011718863645
Aston Villa,Crystal Palace,2023-03-04,2223,1,0,H,7,7,150,6,4,13,0.6363636363636364,0.6363636363636364,0.6,13.227124484417034,7.595924121858527
Chelsea,Leeds,2023-03-04,2223,1,0,H,6,7,150,3,4,12,0.6,0.6363636363636364,0.6,8.782597576837187,6.275511605143571
Wolves,Tottenham,2023-03-04,2223,1,0,H,3,6,150,7,12,13,0.42857142857142855,0.6,0.6,14.825085651393477,19.843034649067143
Southampton,Leicester,2023-03-04,2223,1,0,H,7,7,150,3,7,12,0.6363636363636364,0.6363636363636364,0.6,7.427292320221884,13.122342012919354
Nott'm Forest,Everton,2023-03-05,2223,2,2,D,8,4,150,5,6,13,0.6666666666666666,0.5,0.6,13.903448820114136,11.203691594185653
Liverpool,Man United,2023-03-05,2223,7,0,H,4,14,55,10,10,13,0.5,0.7777777777777778,0.3548387096774194,17.034059272119464,18.694377239661353
Brentford,Fulham,2023-03-06,2223,3,2,H,16,10,150,9,8,13,0.8,0.7142857142857143,0.6,20.513978844867843,15.375624256845908
Tottenham,Nott'm Forest,2023-03-11,2223,3,1,H,7,6,150,9,5,14,0.6363636363636364,0.6,0.6,18.92151732453357,11.951724410057068
Leicester,Chelsea,2023-03-11,2223,1,3,A,7,7,150,6,5,13,0.6363636363636364,0.6363636363636364,0.6,12.561171006459677,9.391298788418593
Crystal Palace,Man City,2023-03-11,2223,0,1,A,7,7,150,3,13,14,0.6363636363636364,0.6363636363636364,0.6,6.7979620609292635,23.1457307393839
Everton,Brentford,2023-03-11,2223,1,0,H,6,5,150,4,9,14,0.6,0.5555555555555556,0.6,9.601845797092826,19.25698942243392
Bournemouth,Liverpool,2023-03-11,2223,1,0,H,7,6,150,4,13,13,0.6363636363636364,0.6,0.6,8.187505859431823,21.517029636059732
Leeds,Brighton,2023-03-11,2223,2,2,D,7,7,150,4,8,13,0.6363636363636364,0.6363636363636364,0.6,7.137755802571785,17.176674081946057
Fulham,Arsenal,2023-03-12,2223,0,3,A,6,8,150,8,12,14,0.6,0.6666666666666666,0.6,15.687812128422955,20.67379940945297
Man United,Southampton,2023-03-12,2223,0,0,D,7,8,150,10,6,13,0.6363636363636364,0.6666666666666666,0.6,19.347188619830675,9.713646160110942
West Ham,Aston Villa,2023-03-12,2223,1,1,D,8,8,150,5,6,13,0.6666666666666666,0.6666666666666666,0.6,11.475439807494146,12.613562242208516
Newcastle,Wolves,2023-03-12,2223,2,1,H,8,8,150,3,7,13,0.6666666666666666,0.6666666666666666,0.6,9.917098312673282,14.41254282569674
Brighton,Crystal Palace,2023-03-15,2223,1,0,H,4,4,150,8,3,13,0.5,0.5,0.6,16.58833704097303,6.398981030464632
Southampton,Brentford,2023-03-15,2223,0,2,A,3,4,150,7,8,13,0.42857142857142855,0.5,0.6,11.85682308005547,17.62849471121696
Nott'm Forest,Newcastle,2023-03-17,2223,1,2,A,6,5,150,2,5,14,0.6,0.5555555555555556,0.6,7.975862205028534,9.958549156336641
Aston Villa,Bournemouth,2023-03-18,2223,3,0,H,6,7,150,7,7,14,0.6,0.6363636363636364,0.6,13.306781121104258,11.093752929715912
Brentford,Leicester,2023-03-18,2223,1,1,D,3,7,150,8,3,14,0.42857142857142855,0.6363636363636364,0.6,16.81424735560848,9.280585503229839
Southampton,Tottenham,2023-03-18,2223,3,3,D,3,7,150,7,9,14,0.42857142857142855,0.6363636363636364,0.6,12.928411540027735,18.460758662266784
Wolves,Leeds,2023-03-18,2223,2,4,A,6,7,150,4,4,14,0.6,0.6363636363636364,0.6,11.20627141284837,7.568877901285893
Chelsea,Everton,2023-03-18,2223,2,2,D,7,7,150,7,7,13,0.6363636363636364,0.6363636363636364,0.6,11.695649394209298,11.800922898546414
Arsenal,Crystal Palace,2023-03-19,2223,4,1,H,7,4,150,15,2,14,0.6363636363636364,0.5,0.6,25.336899704726484,5.199490515232316
Nott'm Forest,Wolves,2023-04-01,2223,1,1,D,15,14,150,2,4,15,0.7894736842105263,0.7777777777777778,0.6,5.987931102514267,9.603135706424185
Crystal Palace,Leicester,2023-04-01,2223,2,1,H,13,14,150,1,1,15,0.7647058823529411,0.7777777777777778,0.6,3.599745257616158,5.640292751614919
Brighton,Brentford,2023-04-01,2223,3,3,D,17,14,150,8,8,14,0.8095238095238095,0.7777777777777778,0.6,16.294168520486515,16.40712367780424
Chelsea,Aston Villa,2023-04-01,2223,0,2,A,14,14,150,7,10,14,0.7777777777777778,0.7777777777777778,0.6,12.847824697104649,16.65339056055213
Arsenal,Leeds,2023-04-01,2223,4,1,H,13,14,150,15,7,15,0.7647058823529411,0.7777777777777778,0.6,27.668449852363242,10.784438950642947
Man City,Liverpool,2023-04-01,2223,4,1,H,21,21,55,13,10,14,0.84,0.84,0.3548387096774194,24.57286536969195,20.758514818029866
Bournemouth,Fulham,2023-04-01,2223,2,1,H,14,20,150,6,7,14,0.7777777777777778,0.8333333333333334,0.6,11.546876464857956,14.843906064211478
West Ham,Southampton,2023-04-02,2223,1,0,H,21,15,150,5,5,14,0.84,0.7894736842105263,0.6,10.737719903747074,11.464205770013868
Newcastle,Man United,2023-04-02,2223,2,0,H,16,21,150,7,8,14,0.8,0.84,0.6,11.97927457816832,17.673594309915337
Everton,Tottenham,2023-04-03,2223,1,1,D,16,16,150,5,10,15,0.8,0.8,0.6,10.900461449273207,19.230379331133392
Bournemouth,Brighton,2023-04-04,2223,0,2,A,3,3,150,6,8,15,0.42857142857142855,0.42857142857142855,0.6,11.773438232428978,16.147084260243258
Leeds,Nott'm Forest,2023-04-04,2223,2,1,H,3,3,150,7,2,14,0.42857142857142855,0.42857142857142855,0.6,12.392219475321474,4.9939655512571335
Leicester,Aston Villa,2023-04-04,2223,1,2,A,3,3,150,1,13,14,0.42857142857142855,0.42857142857142855,0.6,3.8201463758074596,21.326695280276063
Chelsea,Liverpool,2023-04-04,2223,0,0,D,3,3,295,7,7,15,0.42857142857142855,0.42857142857142855,0.7468354430379747,13.423912348552324,17.379257409014933
Man United,Brentford,2023-04-05,2223,1,0,H,3,4,150,7,8,14,0.42857142857142855,0.5,0.6,15.836797154957669,16.203561838902118
West Ham,Newcastle,2023-04-05,2223,1,5,A,3,3,150,7,9,15,0.42857142857142855,0.42857142857142855,0.6,12.368859951873537,14.989637289084161
Southampton,Man City,2023-04-08,2223,1,4,A,6,7,150,5,13,15,0.6,0.6363636363636364,0.6,10.732102885006935,25.286432684845977
Wolves,Chelsea,2023-04-08,2223,1,0,H,7,4,150,4,8,15,0.6363636363636364,0.5,0.6,8.801567853212092,14.711956174276162
Tottenham,Brighton,2023-04-08,2223,2,1,H,5,4,150,8,11,15,0.5555555555555556,0.5,0.6,17.615189665566696,19.07354213012163
Leicester,Bournemouth,2023-04-08,2223,0,1,A,4,4,150,1,6,15,0.5,0.5,0.6,2.9100731879037296,11.88671911621449
Man United,Everton,2023-04-08,2223,2,0,H,3,5,150,7,6,15,0.42857142857142855,0.5555555555555556,0.6,14.918398577478834,11.450230724636604
Brentford,Newcastle,2023-04-08,2223,1,2,A,3,3,150,5,12,15,0.42857142857142855,0.42857142857142855,0.6,13.101780919451059,19.49481864454208
Aston Villa,Nott'm Forest,2023-04-08,2223,2,0,H,4,4,150,13,2,15,0.5,0.5,0.6,23.66334764013803,4.496982775628567
Fulham,West Ham,2023-04-08,2223,0,1,A,7,3,150,4,7,15,0.6363636363636364,0.42857142857142855,0.6,11.421953032105739,13.18442997593677
Leeds,Crystal Palace,2023-04-09,2223,1,5,A,5,8,150,7,3,15,0.5555555555555556,0.6666666666666666,0.6,13.196109737660738,4.799872628808079
Liverpool,Arsenal,2023-04-09,2223,2,2,D,5,8,290,7,15,14,0.5555555555555556,0.6666666666666666,0.7435897435897436,15.689628704507466,28.83422492618162
Wolves,Brentford,2023-04-15,2223,2,0,H,7,7,150,7,5,16,0.6363636363636364,0.6363636363636364,0.6,11.400783926606046,11.55089045972553
Man City,Leicester,2023-04-15,2223,3,1,H,7,7,150,15,1,15,0.6363636363636364,0.6363636363636364,0.6,27.64321634242299,2.455036593951865
Tottenham,Bournemouth,2023-04-15,2223,2,3,A,7,7,150,8,9,16,0.6363636363636364,0.6363636363636364,0.6,16.807594832783348,14.943359558107245
Aston Villa,Newcastle,2023-04-15,2223,3,0,H,7,7,150,13,15,16,0.6363636363636364,0.6363636363636364,0.6,24.831673820069014,24.74740932227104
Everton,Fulham,2023-04-15,2223,1,3,A,7,7,150,6,1,16,0.6363636363636364,0.6363636363636364,0.6,11.725115362318302,6.710976516052869
Southampton,Crystal Palace,2023-04-15,2223,0,2,A,7,6,150,2,6,16,0.6363636363636364,0.6,0.6,7.366051442503467,8.399936314404039
Chelsea,Brighton,2023-04-15,2223,1,2,A,7,7,150,5,8,16,0.6363636363636364,0.6363636363636364,0.6,12.35597808713808,17.536771065060815
West Ham,Arsenal,2023-04-16,2223,2,2,D,8,7,150,7,13,16,0.6666666666666666,0.6363636363636364,0.6,13.592214987968385,27.41711246309081
Nott'm Forest,Man United,2023-04-16,2223,0,2,A,8,8,150,1,7,16,0.6666666666666666,0.6666666666666666,0.6,3.2484913878142834,14.459199288739416
Leeds,Liverpool,2023-04-17,2223,1,6,A,8,8,150,7,5,16,0.6666666666666666,0.6666666666666666,0.6,13.598054868830369,12.844814352253733
Arsenal,Southampton,2023-04-21,2223,3,3,D,5,6,150,11,1,16,0.5555555555555556,0.6,0.6,24.708556231545405,4.683025721251734
Fulham,Leeds,2023-04-22,2223,2,1,H,7,5,150,3,6,16,0.6363636363636364,0.5555555555555556,0.6,6.355488258026435,12.799027434415184
Brentford,Aston Villa,2023-04-22,2223,1,1,D,7,7,150,2,15,16,0.6363636363636364,0.6363636363636364,0.6,7.775445229862765,27.415836910034507
Crystal Palace,Everton,2023-04-22,2223,0,0,D,7,7,150,9,5,16,0.6363636363636364,0.6363636363636364,0.6,13.199968157202019,10.862557681159151
Leicester,Wolves,2023-04-22,2223,2,1,H,7,7,150,1,7,16,0.6363636363636364,0.6363636363636364,0.6,2.2275182969759326,12.700391963303023
Liverpool,Nott'm Forest,2023-04-22,2223,3,2,H,5,6,150,5,1,15,0.5555555555555556,0.6,0.6,11.422407176126868,2.6242456939071417
Bournemouth,West Ham,2023-04-23,2223,0,4,A,8,7,150,9,8,16,0.6666666666666666,0.6363636363636364,0.6,16.471679779053623,14.796107493984191
Newcastle,Tottenham,2023-04-23,2223,6,1,H,8,8,150,12,8,15,0.6666666666666666,0.6666666666666666,0.6,24.37370466113552,16.403797416391676
Wolves,Crystal Palace,2023-04-25,2223,2,0,H,3,3,150,7,10,17,0.42857142857142855,0.42857142857142855,0.6,13.350195981651511,16.59998407860101
Aston Villa,Fulham,2023-04-25,2223,1,0,H,3,3,150,13,6,17,0.42857142857142855,0.42857142857142855,0.6,26.707918455017253,9.177744129013217
Leeds,Leicester,2023-04-25,2223,1,1,D,3,3,150,3,3,17,0.42857142857142855,0.42857142857142855,0.6,9.399513717207592,4.113759148487967
Man City,Arsenal,2023-04-26,2223,4,1,H,11,5,295,15,9,16,0.7333333333333333,0.5555555555555556,0.7468354430379747,28.821608171211494,21.3542781157727
West Ham,Liverpool,2023-04-26,2223,1,2,A,3,4,150,10,8,17,0.42857142857142855,0.5,0.6,17.398053746992098,13.711203588063434
Nott'm Forest,Brighton,2023-04-26,2223,3,1,H,4,11,150,1,10,17,0.5,0.7333333333333333,0.6,2.312122846953571,18.76838553253041
Chelsea,Brentford,2023-04-26,2223,0,2,A,11,4,150,2,2,17,0.7333333333333333,0.5,0.6,8.17798904356904,5.887722614931382
Everton,Newcastle,2023-04-27,2223,1,4,A,5,4,150,3,12,17,0.5555555555555556,0.5,0.6,8.431278840579576,24.18685233056776
Southampton,Bournemouth,2023-04-27,2223,0,1,A,6,4,150,2,9,17,0.6,0.5,0.6,4.341512860625867,17.23583988952681
Tottenham,Man United,2023-04-27,2223,2,2,D,4,11,300,5,10,17,0.5,0.7333333333333333,0.75,13.201898708195838,17.229599644369706
Crystal Palace,West Ham,2023-04-29,2223,4,3,H,4,3,150,10,7,17,0.5,0.42857142857142855,0.6,18.299992039300506,15.699026873496049
Brentford,Nott'm Forest,2023-04-29,2223,2,1,H,3,3,150,4,3,17,0.42857142857142855,0.42857142857142855,0.6,6.943861307465691,4.156061423476785
Brighton,Wolves,2023-04-29,2223,6,0,H,3,4,150,7,10,15,0.42857142857142855,0.5,0.6,16.384192766265205,16.675097990825755
Fulham,Man City,2023-04-30,2223,1,2,A,5,4,150,6,15,17,0.5555555555555556,0.5,0.6,10.588872064506608,29.410804085605747
Liverpool,Tottenham,2023-04-30,2223,4,3,H,4,3,295,11,5,16,0.5,0.42857142857142855,0.7468354430379747,17.855601794031717,11.600949354097919
Newcastle,Southampton,2023-04-30,2223,3,1,H,3,3,150,12,1,16,0.42857142857142855,0.42857142857142855,0.6,24.09342616528388,3.1707564303129336
Bournemouth,Leeds,2023-04-30,2223,4,1,H,3,5,150,9,4,17,0.42857142857142855,0.5555555555555556,0.6,17.617919944763408,8.699756858603795
Man United,Aston Villa,2023-04-30,2223,1,0,H,3,5,150,10,13,16,0.42857142857142855,0.5555555555555556,0.6,18.614799822184853,26.353959227508625
Leicester,Everton,2023-05-01,2223,2,2,D,6,4,150,4,2,17,0.6,0.5,0.6,6.056879574243983,6.215639420289788
Arsenal,Chelsea,2023-05-02,2223,3,1,H,6,6,12,6,1,17,0.6,0.6,0.10714285714285714,16.67713905788635,5.08899452178452
Man City,West Ham,2023-05-03,2223,3,0,H,3,4,150,15,7,17,0.42857142857142855,0.5,0.6,29.705402042802874,14.849513436748024
Liverpool,Fulham,2023-05-03,2223,1,0,H,3,3,150,13,6,17,0.42857142857142855,0.42857142857142855,0.6,21.927800897015857,11.294436032253305
Brighton,Man United,2023-05-04,2223,1,0,H,5,4,150,9,13,16,0.5555555555555556,0.5,0.6,17.1920963831326,22.307399911092425
Wolves,Aston Villa,2023-05-06,2223,1,0,H,7,6,150,9,10,18,0.6363636363636364,0.6,0.6,17.337548995412877,23.176979613754312
Liverpool,Brentford,2023-05-06,2223,1,0,H,3,7,150,15,7,18,0.42857142857142855,0.6363636363636364,0.6,25.96390044850793,10.471930653732846
Tottenham,Crystal Palace,2023-05-06,2223,1,0,H,6,7,150,4,10,18,0.6,0.6363636363636364,0.6,9.80047467704896,19.149996019650253
Bournemouth,Chelsea,2023-05-06,2223,1,3,A,6,4,150,12,1,18,0.6,0.5,0.6,20.808959972381704,3.54449726089226
Man City,Leeds,2023-05-06,2223,2,1,H,3,6,150,15,1,18,0.42857142857142855,0.6,0.6,29.852701021401437,5.3498784293018975
Newcastle,Arsenal,2023-05-07,2223,0,2,A,7,5,150,12,6,17,0.6363636363636364,0.5555555555555556,0.6,24.04671308264194,14.338569528943175
West Ham,Man United,2023-05-07,2223,1,0,H,4,3,150,4,10,18,0.5,0.42857142857142855,0.6,11.424756718374013,21.153699955546212
Fulham,Leicester,2023-05-08,2223,5,3,H,5,7,150,6,5,18,0.5555555555555556,0.6363636363636364,0.6,11.647218016126653,8.028439787121991
Brighton,Everton,2023-05-08,2223,1,5,A,4,7,150,9,2,17,0.5,0.6363636363636364,0.6,17.5960481915663,5.107819710144894
Nott'm Forest,Southampton,2023-05-08,2223,4,3,H,9,8,150,3,1,18,0.6923076923076923,0.6666666666666666,0.6,5.078030711738393,2.585378215156467
Southampton,Fulham,2023-05-13,2223,0,2,A,5,5,150,1,6,18,0.5555555555555556,0.5555555555555556,0.6,2.2926891075782336,11.823609008063325
Man United,Wolves,2023-05-13,2223,2,0,H,6,7,150,7,9,17,0.6,0.6363636363636364,0.6,17.576849977773108,17.668774497706437
Crystal Palace,Bournemouth,2023-05-13,2223,2,0,H,7,7,150,7,9,18,0.6363636363636364,0.6363636363636364,0.6,16.574998009825126,19.40447998619085
Aston Villa,Tottenham,2023-05-13,2223,2,1,H,7,7,150,7,4,18,0.6363636363636364,0.6363636363636364,0.6,18.588489806877156,8.90023733852448
Leeds,Newcastle,2023-05-13,2223,2,2,D,7,6,150,1,9,18,0.6363636363636364,0.6,0.6,3.6749392146509487,21.02335654132097
Chelsea,Nott'm Forest,2023-05-13,2223,2,2,D,7,5,150,3,6,18,0.6363636363636364,0.5555555555555556,0.6,4.77224863044613,8.539015355869196
Brentford,West Ham,2023-05-14,2223,2,0,H,8,7,150,7,6,18,0.6666666666666666,0.6363636363636364,0.6,12.235965326866424,11.712378359187007
Everton,Man City,2023-05-14,2223,0,3,A,6,8,150,5,15,18,0.6,0.6666666666666666,0.6,7.5539098550724475,29.92635051070072
Arsenal,Brighton,2023-05-14,2223,0,3,A,7,6,150,8,9,18,0.6363636363636364,0.6,0.6,15.169284764471588,17.79802409578315
Leicester,Liverpool,2023-05-15,2223,0,3,A,7,9,150,5,15,18,0.6363636363636364,0.6923076923076923,0.6,9.014219893560995,27.981950224253964
Newcastle,Brighton,2023-05-18,2223,4,1,H,5,4,150,10,9,18,0.5555555555555556,0.5,0.6,20.511678270660486,17.899012047891574
Nott'm Forest,Arsenal,2023-05-20,2223,1,0,H,7,6,150,7,7,19,0.6363636363636364,0.6,0.6,11.269507677934598,14.584642382235794
Wolves,Everton,2023-05-20,2223,1,1,D,7,6,150,6,5,19,0.6363636363636364,0.6,0.6,14.834387248853218,8.776954927536224
Liverpool,Aston Villa,2023-05-20,2223,1,1,D,5,7,150,15,7,19,0.5555555555555556,0.6363636363636364,0.6,28.990975112126982,16.294244903438578
Bournemouth,Man United,2023-05-20,2223,0,1,A,7,7,150,6,7,19,0.6363636363636364,0.6363636363636364,0.6,15.702239993095425,15.788424988886554
Tottenham,Brentford,2023-05-20,2223,1,3,A,7,6,150,4,10,19,0.6363636363636364,0.6,0.6,8.45011866926224,16.11798266343321
Fulham,Crystal Palace,2023-05-20,2223,2,2,D,7,7,150,6,7,19,0.6363636363636364,0.6363636363636364,0.6,11.911804504031663,15.287499004912563
West Ham,Leeds,2023-05-21,2223,3,1,H,7,8,150,3,2,19,0.6363636363636364,0.6666666666666666,0.6,8.856189179593503,3.8374696073254744
Brighton,Southampton,2023-05-21,2223,3,1,H,3,8,150,9,1,18,0.42857142857142855,0.6666666666666666,0.6,17.949506023945787,2.146344553789117
Man City,Chelsea,2023-05-21,2223,1,0,H,7,8,300,15,4,19,0.6363636363636364,0.6666666666666666,0.75,29.963175255350357,6.386124315223065
Newcastle,Leicester,2023-05-22,2223,0,0,D,4,7,150,10,5,19,0.5,0.6363636363636364,0.6,20.25583913533024,9.507109946780497
Brighton,Man City,2023-05-24,2223,1,1,D,3,3,150,9,15,19,0.42857142857142855,0.42857142857142855,0.6,17.974753011972894,29.98158762767518
Man United,Chelsea,2023-05-25,2223,4,1,H,5,4,305,9,4,18,0.5555555555555556,0.5,0.7530864197530864,16.894212494443277,7.193062157611532
Leicester,West Ham,2023-05-28,2223,2,1,H,6,7,150,3,6,19,0.6,0.6363636363636364,0.6,7.753554973390249,10.428094589796752
Leeds,Tottenham,2023-05-28,2223,1,4,A,7,8,150,2,4,19,0.6363636363636364,0.6666666666666666,0.6,3.918734803662737,8.22505933463112
Everton,Bournemouth,2023-05-28,2223,1,0,H,8,8,150,5,6,19,0.6666666666666666,0.6666666666666666,0.6,9.388477463768112,13.851119996547713
Crystal Palace,Nott'm Forest,2023-05-28,2223,1,1,D,8,8,150,7,10,19,0.6666666666666666,0.6666666666666666,0.6,14.64374950245628,15.634753838967299
Arsenal,Wolves,2023-05-28,2223,5,0,H,8,8,150,6,7,19,0.6666666666666666,0.6666666666666666,0.6,13.292321191117896,14.41719362442661
Brentford,Man City,2023-05-28,2223,1,0,H,8,4,150,12,13,19,0.6666666666666666,0.5,0.6,20.058991331716605,27.99079381383759
Aston Villa,Brighton,2023-05-28,2223,2,1,H,8,4,150,7,7,19,0.6666666666666666,0.5,0.6,15.147122451719289,15.987376505986447
Man United,Fulham,2023-05-28,2223,2,1,H,3,8,150,9,7,19,0.42857142857142855,0.6666666666666666,0.6,17.44710624722164,12.955902252015832
Chelsea,Newcastle,2023-05-28,2223,1,1,D,3,6,150,4,8,19,0.42857142857142855,0.6,0.6,7.596531078805766,18.12791956766512
Southampton,Liverpool,2023-05-28,2223,4,4,D,7,8,150,0,13,19,0.6363636363636364,0.6666666666666666,0.6,1.0731722768945584,27.49548755606349
